id,date,season,season_type,home,away,home_points,away_points,neutral,note,source,home_name,away_name,home_abbr,away_abbr
cfl-1958-08-14-WPG-EDM,1958-08-14,1958,regular,WPG,EDM,29,21,,,wikipedia-1side,,,,
cfl-1958-08-16-BC-SSK,1958-08-16,1958,regular,BC,SSK,33,49,,,wikipedia-1side,,,,
cfl-1958-08-18-CGY-BC,1958-08-18,1958,regular,CGY,BC,42,0,,,wikipedia,,,,
cfl-1958-08-19-OTR-TOR,1958-08-19,1958,regular,OTR,TOR,44,7,,,wikipedia,,,,
cfl-1958-08-21-SSK-WPG,1958-08-21,1958,regular,SSK,WPG,21,13,,,wikipedia-1side,,,,
cfl-1958-08-22-TOR-MTL,1958-08-22,1958,regular,TOR,MTL,15,14,,,wikipedia-1side,,,,
cfl-1958-08-23-CGY-EDM,1958-08-23,1958,regular,CGY,EDM,35,7,,,wikipedia-1side,,,,
cfl-1958-08-23-HAM-OTR,1958-08-23,1958,regular,HAM,OTR,13,7,,,wikipedia-1side,,,,
cfl-1958-08-25-BC-CGY,1958-08-25,1958,regular,BC,CGY,13,34,,,wikipedia,,,,
cfl-1958-08-25-EDM-WPG,1958-08-25,1958,regular,EDM,WPG,8,15,,,wikipedia-1side,,,,
cfl-1958-08-28-WPG-BC,1958-08-28,1958,regular,WPG,BC,31,1,,,wikipedia,,,,
cfl-1958-08-30-MTL-OTR,1958-08-30,1958,regular,MTL,OTR,11,9,,,wikipedia-1side,,,,
cfl-1958-09-01-CGY-WPG,1958-09-01,1958,regular,CGY,WPG,11,3,,,wikipedia,,,,
cfl-1958-09-01-HAM-TOR,1958-09-01,1958,regular,HAM,TOR,31,24,,,wikipedia-1side,,,,
cfl-1958-09-01-SSK-BC,1958-09-01,1958,regular,SSK,BC,22,14,,,wikipedia-1side,,,,
cfl-1958-09-05-TOR-HAM,1958-09-05,1958,regular,TOR,HAM,17,26,,,wikipedia-1side,,,,
cfl-1958-09-06-BC-EDM,1958-09-06,1958,regular,BC,EDM,7,26,,,wikipedia-1side,,,,
cfl-1958-09-06-OTR-MTL,1958-09-06,1958,regular,OTR,MTL,17,1,,,wikipedia-1side,,,,
cfl-1958-09-06-WPG-SSK,1958-09-06,1958,regular,WPG,SSK,27,6,,,wikipedia-1side,,,,
cfl-1958-09-08-EDM-CGY,1958-09-08,1958,regular,EDM,CGY,32,28,,,wikipedia-1side,,,,
cfl-1958-09-13-CGY-WPG,1958-09-13,1958,regular,CGY,WPG,7,20,,,wikipedia,,,,
cfl-1958-09-13-EDM-BC,1958-09-13,1958,regular,EDM,BC,13,7,,,wikipedia-1side,,,,
cfl-1958-09-13-MTL-TOR,1958-09-13,1958,regular,MTL,TOR,24,21,,,wikipedia-1side,,,,
cfl-1958-09-15-BC-WPG,1958-09-15,1958,regular,BC,WPG,8,19,,,wikipedia,,,,
cfl-1958-09-15-SSK-CGY,1958-09-15,1958,regular,SSK,CGY,30,7,,,wikipedia-1side,,,,
cfl-1958-09-20-TOR-OTR,1958-09-20,1958,regular,TOR,OTR,14,17,,,wikipedia,,,,
cfl-1958-09-20-WPG-CGY,1958-09-20,1958,regular,WPG,CGY,36,9,,,wikipedia,,,,
cfl-1958-09-27-CGY-BC,1958-09-27,1958,regular,CGY,BC,29,15,,,wikipedia,,,,
cfl-1958-09-27-OTR-TOR,1958-09-27,1958,regular,OTR,TOR,28,4,,,wikipedia,,,,
cfl-1958-09-29-BC-SSK,1958-09-29,1958,regular,BC,SSK,6,22,,,wikipedia-1side,,,,
cfl-1958-09-29-WPG-EDM,1958-09-29,1958,regular,WPG,EDM,43,13,,,wikipedia-1side,,,,
cfl-1958-10-04-CGY-SSK,1958-10-04,1958,regular,CGY,SSK,14,22,,,wikipedia-1side,,,,
cfl-1958-10-04-EDM-WPG,1958-10-04,1958,regular,EDM,WPG,15,21,,,wikipedia-1side,,,,
cfl-1958-10-04-OTR-HAM,1958-10-04,1958,regular,OTR,HAM,1,14,,,wikipedia-1side,,,,
cfl-1958-10-04-TOR-MTL,1958-10-04,1958,regular,TOR,MTL,10,14,,,wikipedia-1side,,,,
cfl-1958-10-06-BC-CGY,1958-10-06,1958,regular,BC,CGY,15,14,,,wikipedia,,,,
cfl-1958-10-06-SSK-WPG,1958-10-06,1958,regular,SSK,WPG,13,14,,,wikipedia-1side,,,,
cfl-1958-10-11-EDM-CGY,1958-10-11,1958,regular,EDM,CGY,17,10,,,wikipedia-1side,,,,
cfl-1958-10-11-HAM-TOR,1958-10-11,1958,regular,HAM,TOR,28,15,,,wikipedia-1side,,,,
cfl-1958-10-11-OTR-MTL,1958-10-11,1958,regular,OTR,MTL,41,7,,,wikipedia-1side,,,,
cfl-1958-10-11-WPG-BC,1958-10-11,1958,regular,WPG,BC,8,10,,,wikipedia,,,,
cfl-1958-10-13-CGY-EDM,1958-10-13,1958,regular,CGY,EDM,14,19,,,wikipedia-1side,,,,
cfl-1958-10-13-MTL-OTR,1958-10-13,1958,regular,MTL,OTR,34,13,,,wikipedia-1side,,,,
cfl-1958-10-13-SSK-BC,1958-10-13,1958,regular,SSK,BC,16,34,,,wikipedia-1side,,,,
cfl-1958-10-13-TOR-HAM,1958-10-13,1958,regular,TOR,HAM,37,0,,,wikipedia-1side,,,,
cfl-1958-10-18-BC-EDM,1958-10-18,1958,regular,BC,EDM,22,25,,,wikipedia-1side,,,,
cfl-1958-10-18-OTR-TOR,1958-10-18,1958,regular,OTR,TOR,0,41,,,wikipedia,,,,
cfl-1958-10-18-SSK-CGY,1958-10-18,1958,regular,SSK,CGY,17,21,,,wikipedia-1side,,,,
cfl-1958-10-20-WPG-SSK,1958-10-20,1958,regular,WPG,SSK,21,15,,,wikipedia-1side,,,,
cfl-1958-10-25-CGY-SSK,1958-10-25,1958,regular,CGY,SSK,29,29,,,wikipedia-1side,,,,
cfl-1958-10-25-EDM-BC,1958-10-25,1958,regular,EDM,BC,25,3,,,wikipedia-1side,,,,
cfl-1958-10-25-TOR-OTR,1958-10-25,1958,regular,TOR,OTR,42,24,,,wikipedia,,,,
cfl-1958-10-27-WPG-CGY,1958-10-27,1958,regular,WPG,CGY,37,10,,,wikipedia,,,,
cfl-1958-11-01-BC-WPG,1958-11-01,1958,regular,BC,WPG,14,24,,,wikipedia,,,,
cfl-1958-11-01-OTR-HAM,1958-11-01,1958,regular,OTR,HAM,14,8,,,wikipedia-1side,,,,
cfl-1958-11-01-TOR-MTL,1958-11-01,1958,regular,TOR,MTL,7,44,,,wikipedia-1side,,,,
cfl-1958-11-08-HAM-OTR,1958-11-08,1958,regular,HAM,OTR,23,0,,,wikipedia-1side,,,,
cfl-1958-11-08-MTL-TOR,1958-11-08,1958,regular,MTL,TOR,14,12,,,wikipedia-1side,,,,
cfl-1958-11-12-OTR-MTL,1958-11-12,1958,postseason,OTR,MTL,26,12,,,wikipedia-1side,,,,
cfl-1958-11-15-EDM-WPG,1958-11-15,1958,postseason,EDM,WPG,7,30,,,wikipedia-1side,,,,
cfl-1958-11-15-OTR-HAM,1958-11-15,1958,postseason,OTR,HAM,7,35,,,wikipedia-1side,,,,
cfl-1958-11-19-WPG-EDM,1958-11-19,1958,postseason,WPG,EDM,7,30,,,wikipedia-1side,,,,
cfl-1958-11-22-HAM-OTR,1958-11-22,1958,postseason,HAM,OTR,19,7,,,wikipedia-1side,,,,
cfl-1958-11-22-WPG-EDM,1958-11-22,1958,postseason,WPG,EDM,23,7,,,wikipedia-1side,,,,
cfl-1959-08-13-BC-WPG,1959-08-13,1959,regular,BC,WPG,20,42,,,wikipedia,,,,
cfl-1959-08-17-CGY-WPG,1959-08-17,1959,regular,CGY,WPG,21,22,,,wikipedia-1side,,,,
cfl-1959-08-17-EDM-BC,1959-08-17,1959,regular,EDM,BC,0,12,,,wikipedia-1side,,,,
cfl-1959-08-18-OTR-TOR,1959-08-18,1959,regular,OTR,TOR,20,21,,,wikipedia,,,,
cfl-1959-08-20-BC-SSK,1959-08-20,1959,regular,BC,SSK,36,21,,,wikipedia-1side,,,,
cfl-1959-08-20-WPG-CGY,1959-08-20,1959,regular,WPG,CGY,22,23,,,wikipedia-1side,,,,
cfl-1959-08-21-MTL-OTR,1959-08-21,1959,regular,MTL,OTR,23,8,,,wikipedia-1side,,,,
cfl-1959-08-21-TOR-HAM,1959-08-21,1959,regular,TOR,HAM,7,16,,,wikipedia-1side,,,,
cfl-1959-08-24-CGY-BC,1959-08-24,1959,regular,CGY,BC,29,17,,,wikipedia-1side,,,,
cfl-1959-08-27-WPG-EDM,1959-08-27,1959,regular,WPG,EDM,1,16,,,wikipedia-1side,,,,
cfl-1959-08-28-MTL-TOR,1959-08-28,1959,regular,MTL,TOR,24,6,,,wikipedia-1side,,,,
cfl-1959-08-29-HAM-OTR,1959-08-29,1959,regular,HAM,OTR,34,10,,,wikipedia-1side,,,,
cfl-1959-08-29-SSK-WPG,1959-08-29,1959,regular,SSK,WPG,8,61,,,wikipedia-1side,,,,
cfl-1959-08-31-BC-EDM,1959-08-31,1959,regular,BC,EDM,8,7,,,wikipedia-1side,,,,
cfl-1959-09-03-WPG-BC,1959-09-03,1959,regular,WPG,BC,34,23,,,wikipedia,,,,
cfl-1959-09-05-EDM-WPG,1959-09-05,1959,regular,EDM,WPG,8,16,,,wikipedia-1side,,,,
cfl-1959-09-05-OTR-MTL,1959-09-05,1959,regular,OTR,MTL,7,22,,,wikipedia-1side,,,,
cfl-1959-09-07-HAM-TOR,1959-09-07,1959,regular,HAM,TOR,37,3,,,wikipedia-1side,,,,
cfl-1959-09-07-SSK-BC,1959-09-07,1959,regular,SSK,BC,17,35,,,wikipedia-1side,,,,
cfl-1959-09-12-WPG-SSK,1959-09-12,1959,regular,WPG,SSK,41,14,,,wikipedia-1side,,,,
cfl-1959-09-13-TOR-OTR,1959-09-13,1959,regular,TOR,OTR,19,6,,,wikipedia,,,,
cfl-1959-09-14-BC-CGY,1959-09-14,1959,regular,BC,CGY,14,8,,,wikipedia-1side,,,,
cfl-1959-09-16-OTR-TOR,1959-09-16,1959,regular,OTR,TOR,28,1,,,wikipedia,,,,
cfl-1959-09-19-BC-WPG,1959-09-19,1959,regular,BC,WPG,17,6,,,wikipedia,,,,
cfl-1959-09-19-MTL-OTR,1959-09-19,1959,regular,MTL,OTR,6,43,,,wikipedia-1side,,,,
cfl-1959-09-20-TOR-HAM,1959-09-20,1959,regular,TOR,HAM,17,34,,,wikipedia-1side,,,,
cfl-1959-09-21-CGY-WPG,1959-09-21,1959,regular,CGY,WPG,10,15,,,wikipedia-1side,,,,
cfl-1959-09-21-EDM-BC,1959-09-21,1959,regular,EDM,BC,29,7,,,wikipedia-1side,,,,
cfl-1959-09-26-CGY-BC,1959-09-26,1959,regular,CGY,BC,10,28,,,wikipedia-1side,,,,
cfl-1959-09-26-OTR-HAM,1959-09-26,1959,regular,OTR,HAM,14,23,,,wikipedia-1side,,,,
cfl-1959-09-26-TOR-MTL,1959-09-26,1959,regular,TOR,MTL,39,9,,,wikipedia-1side,,,,
cfl-1959-09-28-WPG-EDM,1959-09-28,1959,regular,WPG,EDM,13,10,,,wikipedia-1side,,,,
cfl-1959-10-03-HAM-OTR,1959-10-03,1959,regular,HAM,OTR,7,9,,,wikipedia-1side,,,,
cfl-1959-10-03-MTL-TOR,1959-10-03,1959,regular,MTL,TOR,14,37,,,wikipedia-1side,,,,
cfl-1959-10-05-BC-SSK,1959-10-05,1959,regular,BC,SSK,14,15,,,wikipedia-1side,,,,
cfl-1959-10-05-WPG-CGY,1959-10-05,1959,regular,WPG,CGY,38,24,,,wikipedia-1side,,,,
cfl-1959-10-10-BC-EDM,1959-10-10,1959,regular,BC,EDM,14,38,,,wikipedia-1side,,,,
cfl-1959-10-10-OTR-MTL,1959-10-10,1959,regular,OTR,MTL,36,8,,,wikipedia-1side,,,,
cfl-1959-10-10-TOR-HAM,1959-10-10,1959,regular,TOR,HAM,7,13,,,wikipedia-1side,,,,
cfl-1959-10-12-HAM-TOR,1959-10-12,1959,regular,HAM,TOR,20,7,,,wikipedia-1side,,,,
cfl-1959-10-12-MTL-OTR,1959-10-12,1959,regular,MTL,OTR,12,28,,,wikipedia-1side,,,,
cfl-1959-10-12-SSK-WPG,1959-10-12,1959,regular,SSK,WPG,14,27,,,wikipedia-1side,,,,
cfl-1959-10-17-OTR-HAM,1959-10-17,1959,regular,OTR,HAM,17,16,,,wikipedia-1side,,,,
cfl-1959-10-17-TOR-MTL,1959-10-17,1959,regular,TOR,MTL,3,4,,,wikipedia-1side,,,,
cfl-1959-10-17-WPG-BC,1959-10-17,1959,regular,WPG,BC,31,6,,,wikipedia,,,,
cfl-1959-10-19-EDM-WPG,1959-10-19,1959,regular,EDM,WPG,21,20,,,wikipedia-1side,,,,
cfl-1959-10-19-SSK-BC,1959-10-19,1959,regular,SSK,BC,6,45,,,wikipedia-1side,,,,
cfl-1959-10-24-BC-CGY,1959-10-24,1959,regular,BC,CGY,10,8,,,wikipedia-1side,,,,
cfl-1959-10-24-OTR-TOR,1959-10-24,1959,regular,OTR,TOR,18,4,,,wikipedia,,,,
cfl-1959-10-26-WPG-SSK,1959-10-26,1959,regular,WPG,SSK,2,0,,,wikipedia-1side,,,,
cfl-1959-10-31-TOR-OTR,1959-10-31,1959,regular,TOR,OTR,21,31,,,wikipedia,,,,
cfl-1959-11-07-OTR-MTL,1959-11-07,1959,postseason,OTR,MTL,43,0,,,wikipedia-1side,,,,
cfl-1959-11-11-EDM-WPG,1959-11-11,1959,postseason,EDM,WPG,11,19,,,wikipedia-1side,,,,
cfl-1959-11-14-OTR-HAM,1959-11-14,1959,postseason,OTR,HAM,17,5,,,wikipedia-1side,,,,
cfl-1959-11-14-WPG-EDM,1959-11-14,1959,postseason,WPG,EDM,16,8,,,wikipedia-1side,,,,
cfl-1959-11-21-HAM-OTR,1959-11-21,1959,postseason,HAM,OTR,21,7,,,wikipedia-1side,,,,
cfl-1960-08-11-BC-WPG,1960-08-11,1960,regular,BC,WPG,21,35,,,wikipedia,,,,
cfl-1960-08-12-SSK-CGY,1960-08-12,1960,regular,SSK,CGY,15,15,,,wikipedia-1side,,,,
cfl-1960-08-15-CGY-WPG,1960-08-15,1960,regular,CGY,WPG,23,38,,,wikipedia,,,,
cfl-1960-08-15-EDM-BC,1960-08-15,1960,regular,EDM,BC,33,14,,,wikipedia,,,,
cfl-1960-08-16-OTR-TOR,1960-08-16,1960,regular,OTR,TOR,7,21,,,wikipedia,,,,
cfl-1960-08-18-WPG-CGY,1960-08-18,1960,regular,WPG,CGY,50,7,,,wikipedia-1side,,,,
cfl-1960-08-19-TOR-MTL,1960-08-19,1960,regular,TOR,MTL,36,14,,,wikipedia-1side,,,,
cfl-1960-08-20-BC-SSK,1960-08-20,1960,regular,BC,SSK,27,12,,,wikipedia,,,,
cfl-1960-08-20-HAM-OTR,1960-08-20,1960,regular,HAM,OTR,6,35,,,wikipedia-1side,,,,
cfl-1960-08-22-CGY-BC,1960-08-22,1960,regular,CGY,BC,19,26,,,wikipedia,,,,
cfl-1960-08-22-EDM-SSK,1960-08-22,1960,regular,EDM,SSK,19,1,,,wikipedia,,,,
cfl-1960-08-25-WPG-EDM,1960-08-25,1960,regular,WPG,EDM,18,14,,,wikipedia-1side,,,,
cfl-1960-08-26-MTL-TOR,1960-08-26,1960,regular,MTL,TOR,28,29,,,wikipedia-1side,,,,
cfl-1960-08-27-SSK-WPG,1960-08-27,1960,regular,SSK,WPG,0,27,,,wikipedia-1side,,,,
cfl-1960-08-29-BC-EDM,1960-08-29,1960,regular,BC,EDM,0,26,,,wikipedia,,,,
cfl-1960-08-29-CGY-SSK,1960-08-29,1960,regular,CGY,SSK,23,15,,,wikipedia,,,,
cfl-1960-08-29-OTR-HAM,1960-08-29,1960,regular,OTR,HAM,29,21,,,wikipedia-1side,,,,
cfl-1960-09-01-WPG-BC,1960-09-01,1960,regular,WPG,BC,19,14,,,wikipedia-1side,,,,
cfl-1960-09-03-EDM-WPG,1960-09-03,1960,regular,EDM,WPG,14,15,,,wikipedia,,,,
cfl-1960-09-03-OTR-MTL,1960-09-03,1960,regular,OTR,MTL,40,16,,,wikipedia-1side,,,,
cfl-1960-09-05-CGY-EDM,1960-09-05,1960,regular,CGY,EDM,28,29,,,wikipedia,,,,
cfl-1960-09-05-HAM-TOR,1960-09-05,1960,regular,HAM,TOR,21,32,,,wikipedia-1side,,,,
cfl-1960-09-05-MTL-OTR,1960-09-05,1960,regular,MTL,OTR,39,22,,,wikipedia-1side,,,,
cfl-1960-09-05-SSK-BC,1960-09-05,1960,regular,SSK,BC,21,31,,,wikipedia-1side,,,,
cfl-1960-09-10-EDM-CGY,1960-09-10,1960,regular,EDM,CGY,41,10,,,wikipedia,,,,
cfl-1960-09-11-TOR-HAM,1960-09-11,1960,regular,TOR,HAM,16,12,,,wikipedia-1side,,,,
cfl-1960-09-12-BC-CGY,1960-09-12,1960,regular,BC,CGY,21,21,,,wikipedia,,,,
cfl-1960-09-12-WPG-SSK,1960-09-12,1960,regular,WPG,SSK,38,11,,,wikipedia-1side,,,,
cfl-1960-09-14-OTR-TOR,1960-09-14,1960,regular,OTR,TOR,21,12,,,wikipedia,,,,
cfl-1960-09-16-SSK-EDM,1960-09-16,1960,regular,SSK,EDM,6,29,,,wikipedia-1side,,,,
cfl-1960-09-17-BC-WPG,1960-09-17,1960,regular,BC,WPG,14,26,,,wikipedia,,,,
cfl-1960-09-18-TOR-OTR,1960-09-18,1960,regular,TOR,OTR,12,26,,,wikipedia,,,,
cfl-1960-09-19-CGY-WPG,1960-09-19,1960,regular,CGY,WPG,17,19,,,wikipedia,,,,
cfl-1960-09-19-EDM-BC,1960-09-19,1960,regular,EDM,BC,18,10,,,wikipedia,,,,
cfl-1960-09-24-CGY-BC,1960-09-24,1960,regular,CGY,BC,28,14,,,wikipedia,,,,
cfl-1960-09-24-HAM-OTR,1960-09-24,1960,regular,HAM,OTR,21,35,,,wikipedia-1side,,,,
cfl-1960-09-24-MTL-TOR,1960-09-24,1960,regular,MTL,TOR,9,21,,,wikipedia-1side,,,,
cfl-1960-09-26-SSK-CGY,1960-09-26,1960,regular,SSK,CGY,45,35,,,wikipedia-1side,,,,
cfl-1960-09-26-WPG-EDM,1960-09-26,1960,regular,WPG,EDM,2,15,,,wikipedia-1side,,,,
cfl-1960-09-30-EDM-SSK,1960-09-30,1960,regular,EDM,SSK,9,2,,,wikipedia,,,,
cfl-1960-10-01-OTR-HAM,1960-10-01,1960,regular,OTR,HAM,18,27,,,wikipedia-1side,,,,
cfl-1960-10-01-TOR-MTL,1960-10-01,1960,regular,TOR,MTL,50,15,,,wikipedia-1side,,,,
cfl-1960-10-01-WPG-CGY,1960-10-01,1960,regular,WPG,CGY,31,21,,,wikipedia-1side,,,,
cfl-1960-10-05-CGY-SSK,1960-10-05,1960,regular,CGY,SSK,39,22,,,wikipedia,,,,
cfl-1960-10-06-BC-EDM,1960-10-06,1960,regular,BC,EDM,21,13,,,wikipedia,,,,
cfl-1960-10-07-TOR-HAM,1960-10-07,1960,regular,TOR,HAM,24,14,,,wikipedia-1side,,,,
cfl-1960-10-08-EDM-CGY,1960-10-08,1960,regular,EDM,CGY,11,31,,,wikipedia,,,,
cfl-1960-10-08-OTR-MTL,1960-10-08,1960,regular,OTR,MTL,41,23,,,wikipedia-1side,,,,
cfl-1960-10-10-HAM-TOR,1960-10-10,1960,regular,HAM,TOR,20,16,,,wikipedia-1side,,,,
cfl-1960-10-10-MTL-OTR,1960-10-10,1960,regular,MTL,OTR,21,51,,,wikipedia-1side,,,,
cfl-1960-10-10-SSK-WPG,1960-10-10,1960,regular,SSK,WPG,7,48,,,wikipedia-1side,,,,
cfl-1960-10-13-WPG-BC,1960-10-13,1960,regular,WPG,BC,49,21,,,wikipedia-1side,,,,
cfl-1960-10-15-CGY-EDM,1960-10-15,1960,regular,CGY,EDM,35,17,,,wikipedia,,,,
cfl-1960-10-15-SSK-BC,1960-10-15,1960,regular,SSK,BC,14,14,,,wikipedia-1side,,,,
cfl-1960-10-16-TOR-OTR,1960-10-16,1960,regular,TOR,OTR,37,13,,,wikipedia,,,,
cfl-1960-10-17-EDM-WPG,1960-10-17,1960,regular,EDM,WPG,17,21,,,wikipedia,,,,
cfl-1960-10-22-BC-CGY,1960-10-22,1960,regular,BC,CGY,10,22,,,wikipedia,,,,
cfl-1960-10-22-OTR-TOR,1960-10-22,1960,regular,OTR,TOR,38,1,,,wikipedia,,,,
cfl-1960-10-22-SSK-EDM,1960-10-22,1960,regular,SSK,EDM,11,13,,,wikipedia-1side,,,,
cfl-1960-10-24-WPG-SSK,1960-10-24,1960,regular,WPG,SSK,17,23,,,wikipedia-1side,,,,
cfl-1960-10-29-BC-SSK,1960-10-29,1960,regular,BC,SSK,38,0,,,wikipedia,,,,
cfl-1960-10-29-HAM-OTR,1960-10-29,1960,regular,HAM,OTR,26,24,,,wikipedia-1side,,,,
cfl-1960-10-30-TOR-MTL,1960-10-30,1960,regular,TOR,MTL,63,27,,,wikipedia-1side,,,,
cfl-1960-11-02-EDM-CGY,1960-11-02,1960,postseason,EDM,CGY,30,7,,,wikipedia,,,,
cfl-1960-11-05-CGY-EDM,1960-11-05,1960,postseason,CGY,EDM,21,40,,,wikipedia,,,,
cfl-1960-11-05-OTR-MTL,1960-11-05,1960,postseason,OTR,MTL,30,14,,,wikipedia-1side,,,,
cfl-1960-11-12-EDM-WPG,1960-11-12,1960,postseason,EDM,WPG,16,22,,,wikipedia,,,,
cfl-1960-11-12-OTR-TOR,1960-11-12,1960,postseason,OTR,TOR,33,21,,,wikipedia,,,,
cfl-1960-11-14-WPG-EDM,1960-11-14,1960,postseason,WPG,EDM,5,10,,,wikipedia-1side,,,,
cfl-1960-11-19-WPG-EDM,1960-11-19,1960,postseason,WPG,EDM,2,4,,,wikipedia-1side,,,,
cfl-1960-11-20-TOR-OTR,1960-11-20,1960,postseason,TOR,OTR,20,21,,,wikipedia,,,,
cfl-1960-11-26-EDM-OTR,1960-11-26,1960,postseason,EDM,OTR,6,16,1,Grey Cup,wikipedia,,,,
cfl-1961-08-07-BC-EDM,1961-08-07,1961,regular,BC,EDM,19,29,,,wikipedia-1side,,,,
cfl-1961-08-07-CGY-WPG,1961-08-07,1961,regular,CGY,WPG,17,18,,,wikipedia-1side,,,,
cfl-1961-08-11-MTL-WPG,1961-08-11,1961,regular,MTL,WPG,15,21,,,wikipedia-1side,,,,
cfl-1961-08-12-OTR-BC,1961-08-12,1961,regular,OTR,BC,41,7,,,wikipedia-1side,,,,
cfl-1961-08-14-TOR-WPG,1961-08-14,1961,regular,TOR,WPG,13,14,,,wikipedia,,,,
cfl-1961-08-15-HAM-BC,1961-08-15,1961,regular,HAM,BC,30,21,,,wikipedia,,,,
cfl-1961-08-17-WPG-OTR,1961-08-17,1961,regular,WPG,OTR,29,19,,,wikipedia-1side,,,,
cfl-1961-08-20-TOR-HAM,1961-08-20,1961,regular,TOR,HAM,24,28,,,wikipedia,,,,
cfl-1961-08-21-BC-MTL,1961-08-21,1961,regular,BC,MTL,7,7,,,wikipedia-1side,,,,
cfl-1961-08-24-SSK-BC,1961-08-24,1961,regular,SSK,BC,25,6,,,wikipedia-1side,,,,
cfl-1961-08-24-WPG-EDM,1961-08-24,1961,regular,WPG,EDM,20,35,,,wikipedia-1side,,,,
cfl-1961-08-25-MTL-TOR,1961-08-25,1961,regular,MTL,TOR,10,15,,,wikipedia-1side,,,,
cfl-1961-08-28-EDM-BC,1961-08-28,1961,regular,EDM,BC,21,20,,,wikipedia-1side,,,,
cfl-1961-08-31-WPG-HAM,1961-08-31,1961,regular,WPG,HAM,9,30,,,wikipedia,,,,
cfl-1961-09-04-HAM-TOR,1961-09-04,1961,regular,HAM,TOR,21,19,,,wikipedia,,,,
cfl-1961-09-04-SSK-WPG,1961-09-04,1961,regular,SSK,WPG,11,17,,,wikipedia-1side,,,,
cfl-1961-09-09-BC-CGY,1961-09-09,1961,regular,BC,CGY,17,35,,,wikipedia-1side,,,,
cfl-1961-09-10-TOR-SSK,1961-09-10,1961,regular,TOR,SSK,27,7,,,wikipedia-1side,,,,
cfl-1961-09-11-HAM-EDM,1961-09-11,1961,regular,HAM,EDM,32,15,,,wikipedia-1side,,,,
cfl-1961-09-14-WPG-BC,1961-09-14,1961,regular,WPG,BC,36,15,,,wikipedia,,,,
cfl-1961-09-16-CGY-HAM,1961-09-16,1961,regular,CGY,HAM,36,37,,,wikipedia-1side,,,,
cfl-1961-09-16-EDM-TOR,1961-09-16,1961,regular,EDM,TOR,8,8,,,wikipedia-1side,,,,
cfl-1961-09-18-BC-TOR,1961-09-18,1961,regular,BC,TOR,7,15,,,wikipedia,,,,
cfl-1961-09-18-SSK-HAM,1961-09-18,1961,regular,SSK,HAM,15,22,,,wikipedia-1side,,,,
cfl-1961-09-23-CGY-BC,1961-09-23,1961,regular,CGY,BC,28,9,,,wikipedia-1side,,,,
cfl-1961-09-23-EDM-WPG,1961-09-23,1961,regular,EDM,WPG,10,33,,,wikipedia-1side,,,,
cfl-1961-09-23-HAM-MTL,1961-09-23,1961,regular,HAM,MTL,7,28,,,wikipedia-1side,,,,
cfl-1961-09-24-TOR-OTR,1961-09-24,1961,regular,TOR,OTR,10,29,,,wikipedia-1side,,,,
cfl-1961-09-29-TOR-CGY,1961-09-29,1961,regular,TOR,CGY,22,19,,,wikipedia-1side,,,,
cfl-1961-09-30-BC-EDM,1961-09-30,1961,regular,BC,EDM,21,9,,,wikipedia-1side,,,,
cfl-1961-09-30-OTR-HAM,1961-09-30,1961,regular,OTR,HAM,47,21,,,wikipedia-1side,,,,
cfl-1961-09-30-WPG-SSK,1961-09-30,1961,regular,WPG,SSK,29,6,,,wikipedia-1side,,,,
cfl-1961-10-07-MTL-TOR,1961-10-07,1961,regular,MTL,TOR,27,33,,,wikipedia-1side,,,,
cfl-1961-10-07-WPG-BC,1961-10-07,1961,regular,WPG,BC,24,20,,,wikipedia,,,,
cfl-1961-10-09-HAM-OTR,1961-10-09,1961,regular,HAM,OTR,10,14,,,wikipedia-1side,,,,
cfl-1961-10-09-SSK-BC,1961-10-09,1961,regular,SSK,BC,17,7,,,wikipedia-1side,,,,
cfl-1961-10-14-CGY-WPG,1961-10-14,1961,regular,CGY,WPG,6,25,,,wikipedia-1side,,,,
cfl-1961-10-15-TOR-HAM,1961-10-15,1961,regular,TOR,HAM,10,37,,,wikipedia,,,,
cfl-1961-10-16-BC-WPG,1961-10-16,1961,regular,BC,WPG,15,16,,,wikipedia,,,,
cfl-1961-10-21-HAM-MTL,1961-10-21,1961,regular,HAM,MTL,15,5,,,wikipedia-1side,,,,
cfl-1961-10-21-OTR-TOR,1961-10-21,1961,regular,OTR,TOR,7,21,,,wikipedia-1side,,,,
cfl-1961-10-23-WPG-CGY,1961-10-23,1961,regular,WPG,CGY,42,7,,,wikipedia-1side,,,,
cfl-1961-10-28-BC-SSK,1961-10-28,1961,regular,BC,SSK,17,17,,,wikipedia-1side,,,,
cfl-1961-10-28-HAM-OTR,1961-10-28,1961,regular,HAM,OTR,44,29,,,wikipedia-1side,,,,
cfl-1961-10-29-TOR-MTL,1961-10-29,1961,regular,TOR,MTL,15,9,,,wikipedia-1side,,,,
cfl-1961-10-30-WPG-SSK,1961-10-30,1961,regular,WPG,SSK,13,19,,,wikipedia-1side,,,,
cfl-1961-11-04-EDM-WPG,1961-11-04,1961,regular,EDM,WPG,13,14,,,wikipedia-1side,,,,
cfl-1961-11-04-MTL-HAM,1961-11-04,1961,regular,MTL,HAM,21,6,,,wikipedia-1side,,,,
cfl-1961-11-04-OTR-TOR,1961-11-04,1961,regular,OTR,TOR,35,23,,,wikipedia-1side,,,,
cfl-1961-11-05-BC-CGY,1961-11-05,1961,regular,BC,CGY,7,43,,,wikipedia-1side,,,,
cfl-1961-11-11-OTR-TOR,1961-11-11,1961,postseason,OTR,TOR,19,43,,,wikipedia-1side,,,,
cfl-1961-11-18-CGY-WPG,1961-11-18,1961,postseason,CGY,WPG,1,14,,,wikipedia-1side,,,,
cfl-1961-11-18-TOR-HAM,1961-11-18,1961,postseason,TOR,HAM,25,7,,,wikipedia,,,,
cfl-1961-11-22-WPG-CGY,1961-11-22,1961,postseason,WPG,CGY,43,14,,,wikipedia-1side,,,,
cfl-1961-11-25-HAM-TOR,1961-11-25,1961,postseason,HAM,TOR,48,2,,,wikipedia,,,,
cfl-1961-12-02-WPG-HAM,1961-12-02,1961,postseason,WPG,HAM,21,14,1,Grey Cup,wikipedia-1side,,,,
cfl-1962-08-09-BC-SSK,1962-08-09,1962,regular,BC,SSK,33,7,,,wikipedia-1side,,,,
cfl-1962-08-09-WPG-EDM,1962-08-09,1962,regular,WPG,EDM,16,20,,,wikipedia-1side,,,,
cfl-1962-08-10-TOR-MTL,1962-08-10,1962,regular,TOR,MTL,15,28,,,wikipedia-1side,,,,
cfl-1962-08-13-CGY-WPG,1962-08-13,1962,regular,CGY,WPG,27,45,,,wikipedia-1side,,,,
cfl-1962-08-16-BC-CGY,1962-08-16,1962,regular,BC,CGY,20,35,,,wikipedia-1side,,,,
cfl-1962-08-18-HAM-TOR,1962-08-18,1962,regular,HAM,TOR,29,23,,,wikipedia-1side,,,,
cfl-1962-08-20-CGY-BC,1962-08-20,1962,regular,CGY,BC,4,12,,,wikipedia-1side,,,,
cfl-1962-08-23-WPG-TOR,1962-08-23,1962,regular,WPG,TOR,33,13,,,wikipedia,,,,
cfl-1962-08-27-BC-OTR,1962-08-27,1962,regular,BC,OTR,7,18,,,wikipedia-1side,,,,
cfl-1962-08-30-WPG-CGY,1962-08-30,1962,regular,WPG,CGY,26,1,,,wikipedia-1side,,,,
cfl-1962-08-31-EDM-BC,1962-08-31,1962,regular,EDM,BC,22,10,,,wikipedia-1side,,,,
cfl-1962-09-01-OTR-TOR,1962-09-01,1962,regular,OTR,TOR,26,8,,,wikipedia-1side,,,,
cfl-1962-09-03-SSK-WPG,1962-09-03,1962,regular,SSK,WPG,7,30,,,wikipedia-1side,,,,
cfl-1962-09-06-MTL-BC,1962-09-06,1962,regular,MTL,BC,21,19,,,wikipedia-1side,,,,
cfl-1962-09-07-OTR-WPG,1962-09-07,1962,regular,OTR,WPG,28,31,,,wikipedia-1side,,,,
cfl-1962-09-09-TOR-BC,1962-09-09,1962,regular,TOR,BC,21,37,,,wikipedia,,,,
cfl-1962-09-10-HAM-WPG,1962-09-10,1962,regular,HAM,WPG,10,16,,,wikipedia-1side,,,,
cfl-1962-09-16-TOR-OTR,1962-09-16,1962,regular,TOR,OTR,16,10,,,wikipedia-1side,,,,
cfl-1962-09-17-BC-HAM,1962-09-17,1962,regular,BC,HAM,6,31,,,wikipedia-1side,,,,
cfl-1962-09-17-WPG-SSK,1962-09-17,1962,regular,WPG,SSK,20,18,,,wikipedia-1side,,,,
cfl-1962-09-22-SSK-BC,1962-09-22,1962,regular,SSK,BC,26,14,,,wikipedia-1side,,,,
cfl-1962-09-24-BC-WPG,1962-09-24,1962,regular,BC,WPG,27,22,,,wikipedia,,,,
cfl-1962-09-24-TOR-EDM,1962-09-24,1962,regular,TOR,EDM,22,31,,,wikipedia-1side,,,,
cfl-1962-09-27-WPG-MTL,1962-09-27,1962,regular,WPG,MTL,31,23,,,wikipedia-1side,,,,
cfl-1962-09-29-EDM-BC,1962-09-29,1962,regular,EDM,BC,24,46,,,wikipedia-1side,,,,
cfl-1962-09-29-SSK-TOR,1962-09-29,1962,regular,SSK,TOR,21,17,,,wikipedia-1side,,,,
cfl-1962-10-01-CGY-TOR,1962-10-01,1962,regular,CGY,TOR,23,38,,,wikipedia-1side,,,,
cfl-1962-10-06-TOR-HAM,1962-10-06,1962,regular,TOR,HAM,10,9,,,wikipedia-1side,,,,
cfl-1962-10-06-WPG-BC,1962-10-06,1962,regular,WPG,BC,6,18,,,wikipedia,,,,
cfl-1962-10-13-BC-EDM,1962-10-13,1962,regular,BC,EDM,7,26,,,wikipedia-1side,,,,
cfl-1962-10-13-WPG-CGY,1962-10-13,1962,regular,WPG,CGY,15,19,,,wikipedia-1side,,,,
cfl-1962-10-14-TOR-MTL,1962-10-14,1962,regular,TOR,MTL,21,50,,,wikipedia-1side,,,,
cfl-1962-10-20-CGY-BC,1962-10-20,1962,regular,CGY,BC,36,28,,,wikipedia-1side,,,,
cfl-1962-10-20-EDM-WPG,1962-10-20,1962,regular,EDM,WPG,20,30,,,wikipedia-1side,,,,
cfl-1962-10-21-HAM-TOR,1962-10-21,1962,regular,HAM,TOR,27,24,,,wikipedia-1side,,,,
cfl-1962-10-22-SSK-WPG,1962-10-22,1962,regular,SSK,WPG,8,17,,,wikipedia-1side,,,,
cfl-1962-10-27-BC-WPG,1962-10-27,1962,regular,BC,WPG,34,35,,,wikipedia,,,,
cfl-1962-10-28-TOR-OTR,1962-10-28,1962,regular,TOR,OTR,23,22,,,wikipedia-1side,,,,
cfl-1962-11-03-MTL-TOR,1962-11-03,1962,regular,MTL,TOR,32,8,,,wikipedia-1side,,,,
cfl-1962-11-03-WPG-EDM,1962-11-03,1962,regular,WPG,EDM,12,18,,,wikipedia-1side,,,,
cfl-1962-11-04-BC-SSK,1962-11-04,1962,regular,BC,SSK,28,8,,,wikipedia-1side,,,,
cfl-1962-11-17-CGY-WPG,1962-11-17,1962,postseason,CGY,WPG,20,14,,,wikipedia-1side,,,,
cfl-1962-11-21-WPG-CGY,1962-11-21,1962,postseason,WPG,CGY,19,11,,,wikipedia-1side,,,,
cfl-1962-11-24-WPG-CGY,1962-11-24,1962,postseason,WPG,CGY,12,7,,,wikipedia-1side,,,,
cfl-1963-08-08-SSK-BC,1963-08-08,1963,regular,SSK,BC,7,16,,,wikipedia-1side,,,,
cfl-1963-08-09-TOR-OTR,1963-08-09,1963,regular,TOR,OTR,8,5,,,wikipedia-1side,,,,
cfl-1963-08-10-HAM-MTL,1963-08-10,1963,regular,HAM,MTL,30,7,,,wikipedia-1side,,,,
cfl-1963-08-12-BC-EDM,1963-08-12,1963,regular,BC,EDM,31,12,,,wikipedia-1side,,,,
cfl-1963-08-15-SSK-HAM,1963-08-15,1963,regular,SSK,HAM,5,3,,,wikipedia-1side,,,,
cfl-1963-08-16-EDM-TOR,1963-08-16,1963,regular,EDM,TOR,17,16,,,wikipedia-1side,,,,
cfl-1963-08-19-BC-TOR,1963-08-19,1963,regular,BC,TOR,22,12,,,wikipedia,,,,
cfl-1963-08-19-CGY-HAM,1963-08-19,1963,regular,CGY,HAM,35,31,,,wikipedia-1side,,,,
cfl-1963-08-23-MTL-TOR,1963-08-23,1963,regular,MTL,TOR,15,8,,,wikipedia-1side,,,,
cfl-1963-08-24-HAM-OTR,1963-08-24,1963,regular,HAM,OTR,20,16,,,wikipedia-1side,,,,
cfl-1963-08-26-CGY-BC,1963-08-26,1963,regular,CGY,BC,19,22,,,wikipedia-1side,,,,
cfl-1963-08-29-WPG-BC,1963-08-29,1963,regular,WPG,BC,16,15,,,wikipedia-1side,,,,
cfl-1963-09-02-HAM-TOR,1963-09-02,1963,regular,HAM,TOR,7,1,,,wikipedia,,,,
cfl-1963-09-06-TOR-WPG,1963-09-06,1963,regular,TOR,WPG,20,25,,,wikipedia-1side,,,,
cfl-1963-09-07-BC-CGY,1963-09-07,1963,regular,BC,CGY,37,21,,,wikipedia-1side,,,,
cfl-1963-09-07-OTR-HAM,1963-09-07,1963,regular,OTR,HAM,28,27,,,wikipedia-1side,,,,
cfl-1963-09-09-SSK-BC,1963-09-09,1963,regular,SSK,BC,2,8,,,wikipedia-1side,,,,
cfl-1963-09-15-TOR-HAM,1963-09-15,1963,regular,TOR,HAM,15,7,,,wikipedia,,,,
cfl-1963-09-16-BC-MTL,1963-09-16,1963,regular,BC,MTL,20,9,,,wikipedia-1side,,,,
cfl-1963-09-21-HAM-BC,1963-09-21,1963,regular,HAM,BC,38,21,,,wikipedia,,,,
cfl-1963-09-22-TOR-CGY,1963-09-22,1963,regular,TOR,CGY,0,50,,,wikipedia-1side,,,,
cfl-1963-09-23-OTR-BC,1963-09-23,1963,regular,OTR,BC,23,17,,,wikipedia-1side,,,,
cfl-1963-09-28-OTR-TOR,1963-09-28,1963,regular,OTR,TOR,30,12,,,wikipedia-1side,,,,
cfl-1963-09-29-HAM-MTL,1963-09-29,1963,regular,HAM,MTL,24,14,,,wikipedia-1side,,,,
cfl-1963-09-30-BC-CGY,1963-09-30,1963,regular,BC,CGY,32,14,,,wikipedia-1side,,,,
cfl-1963-10-04-TOR-MTL,1963-10-04,1963,regular,TOR,MTL,13,29,,,wikipedia-1side,,,,
cfl-1963-10-05-EDM-BC,1963-10-05,1963,regular,EDM,BC,1,40,,,wikipedia-1side,,,,
cfl-1963-10-07-WPG-HAM,1963-10-07,1963,regular,WPG,HAM,14,26,,,wikipedia-1side,,,,
cfl-1963-10-12-BC-SSK,1963-10-12,1963,regular,BC,SSK,26,6,,,wikipedia-1side,,,,
cfl-1963-10-13-MTL-TOR,1963-10-13,1963,regular,MTL,TOR,34,20,,,wikipedia-1side,,,,
cfl-1963-10-14-HAM-EDM,1963-10-14,1963,regular,HAM,EDM,28,17,,,wikipedia-1side,,,,
cfl-1963-10-19-BC-EDM,1963-10-19,1963,regular,BC,EDM,32,6,,,wikipedia-1side,,,,
cfl-1963-10-20-TOR-HAM,1963-10-20,1963,regular,TOR,HAM,10,11,,,wikipedia,,,,
cfl-1963-10-27-TOR-SSK,1963-10-27,1963,regular,TOR,SSK,44,28,,,wikipedia-1side,,,,
cfl-1963-10-27-WPG-BC,1963-10-27,1963,regular,WPG,BC,34,26,,,wikipedia-1side,,,,
cfl-1963-11-02-OTR-TOR,1963-11-02,1963,regular,OTR,TOR,30,21,,,wikipedia-1side,,,,
cfl-1963-11-03-BC-WPG,1963-11-03,1963,regular,BC,WPG,28,10,,,wikipedia-1side,,,,
cfl-1963-11-03-MTL-HAM,1963-11-03,1963,regular,MTL,HAM,21,49,,,wikipedia-1side,,,,
cfl-1963-11-16-OTR-HAM,1963-11-16,1963,regular,OTR,HAM,0,45,,,wikipedia-1side,,,,
cfl-1963-11-24-HAM-OTR,1963-11-24,1963,regular,HAM,OTR,17,35,,,wikipedia-1side,,,,
cfl-1963-11-30-BC-HAM,1963-11-30,1963,postseason,BC,HAM,10,21,1,Grey Cup,wikipedia-1side,,,,
cfl-1964-08-04-WPG-BC,1964-08-04,1964,regular,WPG,BC,10,10,,,wikipedia-1side,,,,
cfl-1964-08-07-TOR-OTR,1964-08-07,1964,regular,TOR,OTR,23,21,,,wikipedia-1side,,,,
cfl-1964-08-10-BC-CGY,1964-08-10,1964,regular,BC,CGY,22,4,,,wikipedia-1side,,,,
cfl-1964-08-14-SSK-BC,1964-08-14,1964,regular,SSK,BC,2,17,,,wikipedia-1side,,,,
cfl-1964-08-15-TOR-MTL,1964-08-15,1964,regular,TOR,MTL,13,21,,,wikipedia-1side,,,,
cfl-1964-08-19-BC-SSK,1964-08-19,1964,regular,BC,SSK,27,16,,,wikipedia-1side,,,,
cfl-1964-08-20-MTL-TOR,1964-08-20,1964,regular,MTL,TOR,16,1,,,wikipedia-1side,,,,
cfl-1964-08-30-BC-WPG,1964-08-30,1964,regular,BC,WPG,21,4,,,wikipedia-1side,,,,
cfl-1964-09-01-OTR-TOR,1964-09-01,1964,regular,OTR,TOR,23,21,,,wikipedia-1side,,,,
cfl-1964-09-07-HAM-TOR,1964-09-07,1964,regular,HAM,TOR,24,8,,,wikipedia-1side,,,,
cfl-1964-09-08-BC-OTR,1964-09-08,1964,regular,BC,OTR,17,17,,,wikipedia-1side,,,,
cfl-1964-09-19-EDM-BC,1964-09-19,1964,regular,EDM,BC,6,49,,,wikipedia-1side,,,,
cfl-1964-09-20-TOR-HAM,1964-09-20,1964,regular,TOR,HAM,14,27,,,wikipedia-1side,,,,
cfl-1964-09-22-CGY-BC,1964-09-22,1964,regular,CGY,BC,7,12,,,wikipedia-1side,,,,
cfl-1964-09-26-BC-HAM,1964-09-26,1964,regular,BC,HAM,16,16,,,wikipedia-1side,,,,
cfl-1964-09-27-WPG-TOR,1964-09-27,1964,regular,WPG,TOR,24,36,,,wikipedia-1side,,,,
cfl-1964-09-29-CGY-TOR,1964-09-29,1964,regular,CGY,TOR,30,25,,,wikipedia-1side,,,,
cfl-1964-10-03-TOR-BC,1964-10-03,1964,regular,TOR,BC,15,20,,,wikipedia,,,,
cfl-1964-10-05-MTL-BC,1964-10-05,1964,regular,MTL,BC,14,7,,,wikipedia-1side,,,,
cfl-1964-10-10-BC-EDM,1964-10-10,1964,regular,BC,EDM,26,6,,,wikipedia-1side,,,,
cfl-1964-10-12-SSK-TOR,1964-10-12,1964,regular,SSK,TOR,31,14,,,wikipedia-1side,,,,
cfl-1964-10-17-EDM-BC,1964-10-17,1964,regular,EDM,BC,14,24,,,wikipedia-1side,,,,
cfl-1964-10-18-TOR-MTL,1964-10-18,1964,regular,TOR,MTL,31,10,,,wikipedia-1side,,,,
cfl-1964-10-24-BC-SSK,1964-10-24,1964,regular,BC,SSK,20,3,,,wikipedia-1side,,,,
cfl-1964-10-24-HAM-TOR,1964-10-24,1964,regular,HAM,TOR,27,7,,,wikipedia-1side,,,,
cfl-1964-10-28-CGY-BC,1964-10-28,1964,regular,CGY,BC,26,14,,,wikipedia-1side,,,,
cfl-1964-10-31-TOR-OTR,1964-10-31,1964,regular,TOR,OTR,0,36,,,wikipedia-1side,,,,
cfl-1964-11-01-BC-WPG,1964-11-01,1964,regular,BC,WPG,26,8,,,wikipedia-1side,,,,
cfl-1965-08-04-WPG-BC,1965-08-04,1965,regular,WPG,BC,23,21,,,wikipedia-1side,,,,
cfl-1965-08-06-TOR-OTR,1965-08-06,1965,regular,TOR,OTR,14,17,,,wikipedia-1side,,,,
cfl-1965-08-07-BC-EDM,1965-08-07,1965,regular,BC,EDM,38,13,,,wikipedia-1side,,,,
cfl-1965-08-07-HAM-MTL,1965-08-07,1965,regular,HAM,MTL,18,9,,,wikipedia-1side,,,,
cfl-1965-08-13-TOR-HAM,1965-08-13,1965,regular,TOR,HAM,7,17,,,wikipedia,,,,
cfl-1965-08-16-BC-WPG,1965-08-16,1965,regular,BC,WPG,6,12,,,wikipedia-1side,,,,
cfl-1965-08-18-MTL-TOR,1965-08-18,1965,regular,MTL,TOR,20,0,,,wikipedia-1side,,,,
cfl-1965-08-20-SSK-BC,1965-08-20,1965,regular,SSK,BC,10,10,,,wikipedia-1side,,,,
cfl-1965-08-21-HAM-OTR,1965-08-21,1965,regular,HAM,OTR,27,1,,,wikipedia-1side,,,,
cfl-1965-08-28-CGY-HAM,1965-08-28,1965,regular,CGY,HAM,18,11,,,wikipedia-1side,,,,
cfl-1965-08-29-BC-TOR,1965-08-29,1965,regular,BC,TOR,36,1,,,wikipedia,,,,
cfl-1965-08-31-EDM-TOR,1965-08-31,1965,regular,EDM,TOR,23,21,,,wikipedia-1side,,,,
cfl-1965-08-31-SSK-HAM,1965-08-31,1965,regular,SSK,HAM,6,30,,,wikipedia-1side,,,,
cfl-1965-09-02-WPG-BC,1965-09-02,1965,regular,WPG,BC,7,14,,,wikipedia-1side,,,,
cfl-1965-09-05-OTR-TOR,1965-09-05,1965,regular,OTR,TOR,41,21,,,wikipedia-1side,,,,
cfl-1965-09-06-HAM-MTL,1965-09-06,1965,regular,HAM,MTL,17,2,,,wikipedia-1side,,,,
cfl-1965-09-10-TOR-SSK,1965-09-10,1965,regular,TOR,SSK,9,28,,,wikipedia-1side,,,,
cfl-1965-09-11-BC-CGY,1965-09-11,1965,regular,BC,CGY,24,10,,,wikipedia-1side,,,,
cfl-1965-09-11-OTR-HAM,1965-09-11,1965,regular,OTR,HAM,22,13,,,wikipedia-1side,,,,
cfl-1965-09-18-BC-MTL,1965-09-18,1965,regular,BC,MTL,6,11,,,wikipedia-1side,,,,
cfl-1965-09-19-TOR-HAM,1965-09-19,1965,regular,TOR,HAM,0,33,,,wikipedia,,,,
cfl-1965-09-25-CGY-BC,1965-09-25,1965,regular,CGY,BC,21,7,,,wikipedia-1side,,,,
cfl-1965-09-26-TOR-WPG,1965-09-26,1965,regular,TOR,WPG,24,22,,,wikipedia-1side,,,,
cfl-1965-09-27-SSK-BC,1965-09-27,1965,regular,SSK,BC,14,26,,,wikipedia-1side,,,,
cfl-1965-09-28-HAM-EDM,1965-09-28,1965,regular,HAM,EDM,3,9,,,wikipedia-1side,,,,
cfl-1965-10-02-BC-EDM,1965-10-02,1965,regular,BC,EDM,41,27,,,wikipedia-1side,,,,
cfl-1965-10-03-MTL-TOR,1965-10-03,1965,regular,MTL,TOR,25,8,,,wikipedia-1side,,,,
cfl-1965-10-03-WPG-HAM,1965-10-03,1965,regular,WPG,HAM,26,21,,,wikipedia-1side,,,,
cfl-1965-10-08-TOR-CGY,1965-10-08,1965,regular,TOR,CGY,26,27,,,wikipedia-1side,,,,
cfl-1965-10-09-EDM-BC,1965-10-09,1965,regular,EDM,BC,14,12,,,wikipedia-1side,,,,
cfl-1965-10-11-HAM-OTR,1965-10-11,1965,regular,HAM,OTR,25,23,,,wikipedia-1side,,,,
cfl-1965-10-16-TOR-MTL,1965-10-16,1965,regular,TOR,MTL,24,21,,,wikipedia-1side,,,,
cfl-1965-10-17-HAM-BC,1965-10-17,1965,regular,HAM,BC,25,7,,,wikipedia,,,,
cfl-1965-10-19-OTR-BC,1965-10-19,1965,regular,OTR,BC,35,14,,,wikipedia-1side,,,,
cfl-1965-10-23-MTL-HAM,1965-10-23,1965,regular,MTL,HAM,2,6,,,wikipedia-1side,,,,
cfl-1965-10-24-BC-SSK,1965-10-24,1965,regular,BC,SSK,14,30,,,wikipedia-1side,,,,
cfl-1965-10-24-OTR-TOR,1965-10-24,1965,regular,OTR,TOR,15,17,,,wikipedia-1side,,,,
cfl-1965-10-31-BC-CGY,1965-10-31,1965,regular,BC,CGY,10,20,,,wikipedia-1side,,,,
cfl-1965-10-31-HAM-TOR,1965-10-31,1965,regular,HAM,TOR,35,21,,,wikipedia,,,,
cfl-1965-11-14-OTR-HAM,1965-11-14,1965,regular,OTR,HAM,13,18,,,wikipedia-1side,,,,
cfl-1965-11-20-HAM-OTR,1965-11-20,1965,regular,HAM,OTR,17,7,,,wikipedia-1side,,,,
cfl-1966-07-29-EDM-SSK,1966-07-29,1966,regular,EDM,SSK,13,40,,,wikipedia-1side,,,,
cfl-1966-08-03-CGY-BC,1966-08-03,1966,regular,CGY,BC,3,21,,,wikipedia-1side,,,,
cfl-1966-08-05-TOR-HAM,1966-08-05,1966,regular,TOR,HAM,8,18,,,wikipedia-1side,,,,
cfl-1966-08-07-SSK-WPG,1966-08-07,1966,regular,SSK,WPG,38,14,,,wikipedia-1side,,,,
cfl-1966-08-08-BC-EDM,1966-08-08,1966,regular,BC,EDM,7,27,,,wikipedia-1side,,,,
cfl-1966-08-12-SSK-BC,1966-08-12,1966,regular,SSK,BC,16,14,,,wikipedia,,,,
cfl-1966-08-12-TOR-MTL,1966-08-12,1966,regular,TOR,MTL,6,17,,,wikipedia-1side,,,,
cfl-1966-08-17-CGY-SSK,1966-08-17,1966,regular,CGY,SSK,26,1,,,wikipedia-1side,,,,
cfl-1966-08-18-BC-WPG,1966-08-18,1966,regular,BC,WPG,7,11,,,wikipedia-1side,,,,
cfl-1966-08-20-HAM-TOR,1966-08-20,1966,regular,HAM,TOR,23,10,,,wikipedia-1side,,,,
cfl-1966-08-22-SSK-EDM,1966-08-22,1966,regular,SSK,EDM,17,18,,,wikipedia-1side,,,,
cfl-1966-08-28-BC-SSK,1966-08-28,1966,regular,BC,SSK,29,30,,,wikipedia,,,,
cfl-1966-08-30-OTR-TOR,1966-08-30,1966,regular,OTR,TOR,24,0,,,wikipedia-1side,,,,
cfl-1966-09-02-EDM-BC,1966-09-02,1966,regular,EDM,BC,13,6,,,wikipedia-1side,,,,
cfl-1966-09-05-CGY-TOR,1966-09-05,1966,regular,CGY,TOR,13,8,,,wikipedia-1side,,,,
cfl-1966-09-05-SSK-MTL,1966-09-05,1966,regular,SSK,MTL,44,0,,,wikipedia-1side,,,,
cfl-1966-09-10-BC-CGY,1966-09-10,1966,regular,BC,CGY,14,3,,,wikipedia-1side,,,,
cfl-1966-09-11-TOR-EDM,1966-09-11,1966,regular,TOR,EDM,34,14,,,wikipedia-1side,,,,
cfl-1966-09-11-WPG-SSK,1966-09-11,1966,regular,WPG,SSK,24,27,,,wikipedia-1side,,,,
cfl-1966-09-17-BC-OTR,1966-09-17,1966,regular,BC,OTR,16,21,,,wikipedia-1side,,,,
cfl-1966-09-18-SSK-TOR,1966-09-18,1966,regular,SSK,TOR,23,7,,,wikipedia,,,,
cfl-1966-09-21-WPG-TOR,1966-09-21,1966,regular,WPG,TOR,43,9,,,wikipedia-1side,,,,
cfl-1966-09-24-HAM-SSK,1966-09-24,1966,regular,HAM,SSK,29,7,,,wikipedia-1side,,,,
cfl-1966-09-25-TOR-BC,1966-09-25,1966,regular,TOR,BC,29,27,,,wikipedia,,,,
cfl-1966-09-26-OTR-SSK,1966-09-26,1966,regular,OTR,SSK,18,8,,,wikipedia-1side,,,,
cfl-1966-09-27-MTL-BC,1966-09-27,1966,regular,MTL,BC,25,23,,,wikipedia-1side,,,,
cfl-1966-10-01-TOR-OTR,1966-10-01,1966,regular,TOR,OTR,8,17,,,wikipedia-1side,,,,
cfl-1966-10-02-SSK-WPG,1966-10-02,1966,regular,SSK,WPG,11,11,,,wikipedia-1side,,,,
cfl-1966-10-03-BC-HAM,1966-10-03,1966,regular,BC,HAM,17,10,,,wikipedia-1side,,,,
cfl-1966-10-08-SSK-CGY,1966-10-08,1966,regular,SSK,CGY,18,35,,,wikipedia-1side,,,,
cfl-1966-10-10-EDM-BC,1966-10-10,1966,regular,EDM,BC,7,10,,,wikipedia-1side,,,,
cfl-1966-10-10-MTL-TOR,1966-10-10,1966,regular,MTL,TOR,8,9,,,wikipedia-1side,,,,
cfl-1966-10-15-BC-SSK,1966-10-15,1966,regular,BC,SSK,21,22,,,wikipedia,,,,
cfl-1966-10-15-TOR-MTL,1966-10-15,1966,regular,TOR,MTL,11,27,,,wikipedia-1side,,,,
cfl-1966-10-17-CGY-BC,1966-10-17,1966,regular,CGY,BC,9,13,,,wikipedia-1side,,,,
cfl-1966-10-22-SSK-EDM,1966-10-22,1966,regular,SSK,EDM,21,33,,,wikipedia-1side,,,,
cfl-1966-10-23-TOR-OTR,1966-10-23,1966,regular,TOR,OTR,35,12,,,wikipedia-1side,,,,
cfl-1966-10-23-WPG-BC,1966-10-23,1966,regular,WPG,BC,16,7,,,wikipedia-1side,,,,
cfl-1966-10-25-CGY-SSK,1966-10-25,1966,regular,CGY,SSK,26,28,,,wikipedia-1side,,,,
cfl-1966-10-29-HAM-TOR,1966-10-29,1966,regular,HAM,TOR,5,8,,,wikipedia-1side,,,,
cfl-1966-10-30-BC-WPG,1966-10-30,1966,regular,BC,WPG,13,27,,,wikipedia-1side,,,,
cfl-1966-11-13-SSK-WPG,1966-11-13,1966,regular,SSK,WPG,14,7,,,wikipedia-1side,,,,
cfl-1966-11-16-WPG-SSK,1966-11-16,1966,regular,WPG,SSK,19,21,,,wikipedia-1side,,,,
cfl-1966-11-26-OTR-SSK,1966-11-26,1966,postseason,OTR,SSK,14,29,1,Grey Cup,wikipedia-1side,,,,
cfl-1967-08-01-CGY-BC,1967-08-01,1967,regular,CGY,BC,20,7,,,wikipedia-1side,,,,
cfl-1967-08-07-BC-SSK,1967-08-07,1967,regular,BC,SSK,16,24,,,wikipedia-1side,,,,
cfl-1967-08-09-OTR-EDM,1967-08-09,1967,regular,OTR,EDM,28,25,,,wikipedia-1side,,,,
cfl-1967-08-11-SSK-BC,1967-08-11,1967,regular,SSK,BC,36,13,,,wikipedia-1side,,,,
cfl-1967-08-11-TOR-MTL,1967-08-11,1967,regular,TOR,MTL,14,7,,,wikipedia-1side,,,,
cfl-1967-08-12-HAM-EDM,1967-08-12,1967,regular,HAM,EDM,14,20,,,wikipedia-1side,,,,
cfl-1967-08-16-BC-TOR,1967-08-16,1967,regular,BC,TOR,17,18,,,wikipedia,,,,
cfl-1967-08-16-WPG-OTR,1967-08-16,1967,regular,WPG,OTR,7,40,,,wikipedia-1side,,,,
cfl-1967-08-17-MTL-HAM,1967-08-17,1967,regular,MTL,HAM,16,17,,,wikipedia-1side,,,,
cfl-1967-08-19-EDM-TOR,1967-08-19,1967,regular,EDM,TOR,31,10,,,wikipedia-1side,,,,
cfl-1967-08-23-HAM-OTR,1967-08-23,1967,regular,HAM,OTR,22,17,,,wikipedia,,,,
cfl-1967-08-26-MTL-TOR,1967-08-26,1967,regular,MTL,TOR,34,22,,,wikipedia-1side,,,,
cfl-1967-08-27-BC-CGY,1967-08-27,1967,regular,BC,CGY,7,16,,,wikipedia-1side,,,,
cfl-1967-08-31-WPG-BC,1967-08-31,1967,regular,WPG,BC,13,22,,,wikipedia-1side,,,,
cfl-1967-09-04-HAM-TOR,1967-09-04,1967,regular,HAM,TOR,12,9,,,wikipedia,,,,
cfl-1967-09-04-OTR-MTL,1967-09-04,1967,regular,OTR,MTL,17,5,,,wikipedia-1side,,,,
cfl-1967-09-09-BC-EDM,1967-09-09,1967,regular,BC,EDM,14,14,,,wikipedia-1side,,,,
cfl-1967-09-10-SSK-OTR,1967-09-10,1967,regular,SSK,OTR,32,23,,,wikipedia-1side,,,,
cfl-1967-09-10-TOR-HAM,1967-09-10,1967,regular,TOR,HAM,15,23,,,wikipedia,,,,
cfl-1967-09-12-CGY-OTR,1967-09-12,1967,regular,CGY,OTR,20,13,,,wikipedia-1side,,,,
cfl-1967-09-17-EDM-BC,1967-09-17,1967,regular,EDM,BC,19,8,,,wikipedia-1side,,,,
cfl-1967-09-17-OTR-HAM,1967-09-17,1967,regular,OTR,HAM,14,16,,,wikipedia,,,,
cfl-1967-09-20-TOR-CGY,1967-09-20,1967,regular,TOR,CGY,22,13,,,wikipedia-1side,,,,
cfl-1967-09-23-HAM-MTL,1967-09-23,1967,regular,HAM,MTL,19,1,,,wikipedia-1side,,,,
cfl-1967-09-24-OTR-TOR,1967-09-24,1967,regular,OTR,TOR,38,3,,,wikipedia,,,,
cfl-1967-09-27-BC-WPG,1967-09-27,1967,regular,BC,WPG,17,1,,,wikipedia-1side,,,,
cfl-1967-09-30-TOR-SSK,1967-09-30,1967,regular,TOR,SSK,15,17,,,wikipedia-1side,,,,
cfl-1967-10-01-HAM-OTR,1967-10-01,1967,regular,HAM,OTR,8,17,,,wikipedia,,,,
cfl-1967-10-01-WPG-BC,1967-10-01,1967,regular,WPG,BC,19,8,,,wikipedia-1side,,,,
cfl-1967-10-07-CGY-HAM,1967-10-07,1967,regular,CGY,HAM,34,10,,,wikipedia-1side,,,,
cfl-1967-10-08-BC-EDM,1967-10-08,1967,regular,BC,EDM,3,19,,,wikipedia-1side,,,,
cfl-1967-10-08-TOR-WPG,1967-10-08,1967,regular,TOR,WPG,53,0,,,wikipedia-1side,,,,
cfl-1967-10-09-OTR-MTL,1967-10-09,1967,regular,OTR,MTL,40,6,,,wikipedia-1side,,,,
cfl-1967-10-09-SSK-HAM,1967-10-09,1967,regular,SSK,HAM,22,21,,,wikipedia-1side,,,,
cfl-1967-10-14-MTL-TOR,1967-10-14,1967,regular,MTL,TOR,9,20,,,wikipedia-1side,,,,
cfl-1967-10-15-HAM-BC,1967-10-15,1967,regular,HAM,BC,22,17,,,wikipedia,,,,
cfl-1967-10-18-OTR-BC,1967-10-18,1967,regular,OTR,BC,19,16,,,wikipedia,,,,
cfl-1967-10-22-TOR-OTR,1967-10-22,1967,regular,TOR,OTR,28,28,,,wikipedia,,,,
cfl-1967-10-22-WPG-HAM,1967-10-22,1967,regular,WPG,HAM,4,31,,,wikipedia-1side,,,,
cfl-1967-10-23-BC-MTL,1967-10-23,1967,regular,BC,MTL,30,20,,,wikipedia-1side,,,,
cfl-1967-10-28-OTR-TOR,1967-10-28,1967,regular,OTR,TOR,28,18,,,wikipedia,,,,
cfl-1967-10-29-HAM-MTL,1967-10-29,1967,regular,HAM,MTL,26,4,,,wikipedia-1side,,,,
cfl-1967-10-29-SSK-BC,1967-10-29,1967,regular,SSK,BC,24,14,,,wikipedia-1side,,,,
cfl-1967-11-04-BC-CGY,1967-11-04,1967,regular,BC,CGY,30,35,,,wikipedia-1side,,,,
cfl-1967-11-04-MTL-OTR,1967-11-04,1967,regular,MTL,OTR,1,15,,,wikipedia-1side,,,,
cfl-1967-11-05-TOR-HAM,1967-11-05,1967,regular,TOR,HAM,5,9,,,wikipedia,,,,
cfl-1967-11-12-OTR-TOR,1967-11-12,1967,postseason,OTR,TOR,38,22,,,wikipedia,,,,
cfl-1967-11-19-OTR-HAM,1967-11-19,1967,postseason,OTR,HAM,3,11,,,wikipedia,,,,
cfl-1967-11-25-HAM-OTR,1967-11-25,1967,postseason,HAM,OTR,26,0,,,wikipedia,,,,
cfl-1968-07-30-WPG-BC,1968-07-30,1968,regular,WPG,BC,16,18,,,wikipedia-1side,,,,
cfl-1968-08-01-OTR-HAM,1968-08-01,1968,regular,OTR,HAM,53,13,,,wikipedia,,,,
cfl-1968-08-02-TOR-EDM,1968-08-02,1968,regular,TOR,EDM,32,4,,,wikipedia-1side,,,,
cfl-1968-08-06-BC-CGY,1968-08-06,1968,regular,BC,CGY,7,41,,,wikipedia-1side,,,,
cfl-1968-08-09-TOR-OTR,1968-08-09,1968,regular,TOR,OTR,14,38,,,wikipedia,,,,
cfl-1968-08-10-HAM-MTL,1968-08-10,1968,regular,HAM,MTL,31,25,,,wikipedia-1side,,,,
cfl-1968-08-14-OTR-SSK,1968-08-14,1968,regular,OTR,SSK,37,23,,,wikipedia-1side,,,,
cfl-1968-08-15-BC-EDM,1968-08-15,1968,regular,BC,EDM,17,18,,,wikipedia-1side,,,,
cfl-1968-08-17-HAM-SSK,1968-08-17,1968,regular,HAM,SSK,9,3,,,wikipedia-1side,,,,
cfl-1968-08-20-EDM-BC,1968-08-20,1968,regular,EDM,BC,4,12,,,wikipedia-1side,,,,
cfl-1968-08-21-CGY-TOR,1968-08-21,1968,regular,CGY,TOR,7,19,,,wikipedia-1side,,,,
cfl-1968-08-22-MTL-OTR,1968-08-22,1968,regular,MTL,OTR,25,24,,,wikipedia-1side,,,,
cfl-1968-08-25-BC-WPG,1968-08-25,1968,regular,BC,WPG,10,17,,,wikipedia-1side,,,,
cfl-1968-08-25-SSK-TOR,1968-08-25,1968,regular,SSK,TOR,32,17,,,wikipedia-1side,,,,
cfl-1968-08-28-MTL-HAM,1968-08-28,1968,regular,MTL,HAM,23,21,,,wikipedia-1side,,,,
cfl-1968-09-02-CGY-BC,1968-09-02,1968,regular,CGY,BC,26,6,,,wikipedia-1side,,,,
cfl-1968-09-02-HAM-TOR,1968-09-02,1968,regular,HAM,TOR,15,18,,,wikipedia,,,,
cfl-1968-09-04-OTR-WPG,1968-09-04,1968,regular,OTR,WPG,24,17,,,wikipedia-1side,,,,
cfl-1968-09-07-BC-SSK,1968-09-07,1968,regular,BC,SSK,8,14,,,wikipedia-1side,,,,
cfl-1968-09-08-TOR-HAM,1968-09-08,1968,regular,TOR,HAM,8,20,,,wikipedia,,,,
cfl-1968-09-11-EDM-OTR,1968-09-11,1968,regular,EDM,OTR,25,20,,,wikipedia-1side,,,,
cfl-1968-09-14-BC-OTR,1968-09-14,1968,regular,BC,OTR,22,22,,,wikipedia,,,,
cfl-1968-09-15-MTL-TOR,1968-09-15,1968,regular,MTL,TOR,8,23,,,wikipedia-1side,,,,
cfl-1968-09-18-HAM-CGY,1968-09-18,1968,regular,HAM,CGY,14,35,,,wikipedia-1side,,,,
cfl-1968-09-21-OTR-CGY,1968-09-21,1968,regular,OTR,CGY,24,27,,,wikipedia-1side,,,,
cfl-1968-09-22-SSK-BC,1968-09-22,1968,regular,SSK,BC,16,12,,,wikipedia-1side,,,,
cfl-1968-09-22-TOR-MTL,1968-09-22,1968,regular,TOR,MTL,37,16,,,wikipedia-1side,,,,
cfl-1968-09-28-EDM-HAM,1968-09-28,1968,regular,EDM,HAM,7,31,,,wikipedia-1side,,,,
cfl-1968-09-28-MTL-OTR,1968-09-28,1968,regular,MTL,OTR,20,30,,,wikipedia-1side,,,,
cfl-1968-09-29-WPG-TOR,1968-09-29,1968,regular,WPG,TOR,9,15,,,wikipedia-1side,,,,
cfl-1968-09-30-BC-HAM,1968-09-30,1968,regular,BC,HAM,13,16,,,wikipedia,,,,
cfl-1968-10-05-EDM-BC,1968-10-05,1968,regular,EDM,BC,13,5,,,wikipedia-1side,,,,
cfl-1968-10-05-HAM-WPG,1968-10-05,1968,regular,HAM,WPG,23,13,,,wikipedia-1side,,,,
cfl-1968-10-06-OTR-TOR,1968-10-06,1968,regular,OTR,TOR,31,10,,,wikipedia,,,,
cfl-1968-10-12-TOR-BC,1968-10-12,1968,regular,TOR,BC,43,29,,,wikipedia,,,,
cfl-1968-10-13-HAM-OTR,1968-10-13,1968,regular,HAM,OTR,23,36,,,wikipedia,,,,
cfl-1968-10-14-MTL-BC,1968-10-14,1968,regular,MTL,BC,4,13,,,wikipedia-1side,,,,
cfl-1968-10-19-BC-WPG,1968-10-19,1968,regular,BC,WPG,16,14,,,wikipedia-1side,,,,
cfl-1968-10-19-OTR-HAM,1968-10-19,1968,regular,OTR,HAM,27,24,,,wikipedia,,,,
cfl-1968-10-20-TOR-MTL,1968-10-20,1968,regular,TOR,MTL,29,25,,,wikipedia-1side,,,,
cfl-1968-10-26-CGY-BC,1968-10-26,1968,regular,CGY,BC,42,23,,,wikipedia-1side,,,,
cfl-1968-10-26-OTR-MTL,1968-10-26,1968,regular,OTR,MTL,19,19,,,wikipedia-1side,,,,
cfl-1968-10-27-HAM-TOR,1968-10-27,1968,regular,HAM,TOR,1,12,,,wikipedia,,,,
cfl-1968-11-02-BC-SSK,1968-11-02,1968,regular,BC,SSK,6,12,,,wikipedia-1side,,,,
cfl-1968-11-02-MTL-HAM,1968-11-02,1968,regular,MTL,HAM,21,21,,,wikipedia-1side,,,,
cfl-1968-11-03-TOR-OTR,1968-11-03,1968,regular,TOR,OTR,9,31,,,wikipedia,,,,
cfl-1968-11-09-TOR-HAM,1968-11-09,1968,postseason,TOR,HAM,33,21,,,wikipedia,,,,
cfl-1968-11-17-TOR-OTR,1968-11-17,1968,postseason,TOR,OTR,13,11,,,wikipedia,,,,
cfl-1968-11-24-OTR-TOR,1968-11-24,1968,postseason,OTR,TOR,36,14,,,wikipedia,,,,
cfl-1969-07-30-BC-CGY,1969-07-30,1969,regular,BC,CGY,7,32,,,wikipedia-1side,,,,
cfl-1969-07-30-OTR-MTL,1969-07-30,1969,regular,OTR,MTL,47,15,,,wikipedia-1side,,,,
cfl-1969-07-31-TOR-HAM,1969-07-31,1969,regular,TOR,HAM,28,34,,,wikipedia,,,,
cfl-1969-08-03-SSK-BC,1969-08-03,1969,regular,SSK,BC,22,20,,,wikipedia-1side,,,,
cfl-1969-08-05-MTL-TOR,1969-08-05,1969,regular,MTL,TOR,26,33,,,wikipedia-1side,,,,
cfl-1969-08-06-CGY-OTR,1969-08-06,1969,regular,CGY,OTR,19,35,,,wikipedia-1side,,,,
cfl-1969-08-09-HAM-MTL,1969-08-09,1969,regular,HAM,MTL,22,22,,,wikipedia-1side,,,,
cfl-1969-08-13-OTR-BC,1969-08-13,1969,regular,OTR,BC,41,24,,,wikipedia,,,,
cfl-1969-08-14-TOR-WPG,1969-08-14,1969,regular,TOR,WPG,29,3,,,wikipedia-1side,,,,
cfl-1969-08-16-HAM-BC,1969-08-16,1969,regular,HAM,BC,25,0,,,wikipedia,,,,
cfl-1969-08-20-MTL-OTR,1969-08-20,1969,regular,MTL,OTR,15,17,,,wikipedia-1side,,,,
cfl-1969-08-23-BC-TOR,1969-08-23,1969,regular,BC,TOR,20,42,,,wikipedia,,,,
cfl-1969-08-25-CGY-HAM,1969-08-25,1969,regular,CGY,HAM,26,27,,,wikipedia-1side,,,,
cfl-1969-08-27-EDM-TOR,1969-08-27,1969,regular,EDM,TOR,12,24,,,wikipedia-1side,,,,
cfl-1969-09-01-HAM-OTR,1969-09-01,1969,regular,HAM,OTR,27,22,,,wikipedia,,,,
cfl-1969-09-01-SSK-BC,1969-09-01,1969,regular,SSK,BC,32,14,,,wikipedia-1side,,,,
cfl-1969-09-06-BC-WPG,1969-09-06,1969,regular,BC,WPG,11,7,,,wikipedia-1side,,,,
cfl-1969-09-06-OTR-MTL,1969-09-06,1969,regular,OTR,MTL,47,22,,,wikipedia-1side,,,,
cfl-1969-09-07-TOR-SSK,1969-09-07,1969,regular,TOR,SSK,34,15,,,wikipedia-1side,,,,
cfl-1969-09-10-WPG-HAM,1969-09-10,1969,regular,WPG,HAM,7,17,,,wikipedia-1side,,,,
cfl-1969-09-13-CGY-BC,1969-09-13,1969,regular,CGY,BC,28,20,,,wikipedia-1side,,,,
cfl-1969-09-13-OTR-TOR,1969-09-13,1969,regular,OTR,TOR,25,23,,,wikipedia,,,,
cfl-1969-09-14-SSK-HAM,1969-09-14,1969,regular,SSK,HAM,29,31,,,wikipedia-1side,,,,
cfl-1969-09-17-BC-EDM,1969-09-17,1969,regular,BC,EDM,5,13,,,wikipedia-1side,,,,
cfl-1969-09-20-TOR-OTR,1969-09-20,1969,regular,TOR,OTR,27,34,,,wikipedia,,,,
cfl-1969-09-21-HAM-MTL,1969-09-21,1969,regular,HAM,MTL,35,41,,,wikipedia-1side,,,,
cfl-1969-09-21-WPG-BC,1969-09-21,1969,regular,WPG,BC,19,17,,,wikipedia-1side,,,,
cfl-1969-09-27-BC-CGY,1969-09-27,1969,regular,BC,CGY,17,22,,,wikipedia-1side,,,,
cfl-1969-09-27-OTR-EDM,1969-09-27,1969,regular,OTR,EDM,17,0,,,wikipedia-1side,,,,
cfl-1969-09-28-MTL-TOR,1969-09-28,1969,regular,MTL,TOR,33,36,,,wikipedia-1side,,,,
cfl-1969-09-30-HAM-EDM,1969-09-30,1969,regular,HAM,EDM,17,12,,,wikipedia-1side,,,,
cfl-1969-10-04-OTR-HAM,1969-10-04,1969,regular,OTR,HAM,28,20,,,wikipedia,,,,
cfl-1969-10-05-EDM-BC,1969-10-05,1969,regular,EDM,BC,5,13,,,wikipedia-1side,,,,
cfl-1969-10-08-TOR-CGY,1969-10-08,1969,regular,TOR,CGY,31,25,,,wikipedia-1side,,,,
cfl-1969-10-11-BC-MTL,1969-10-11,1969,regular,BC,MTL,21,12,,,wikipedia-1side,,,,
cfl-1969-10-12-SSK-OTR,1969-10-12,1969,regular,SSK,OTR,38,21,,,wikipedia-1side,,,,
cfl-1969-10-13-HAM-TOR,1969-10-13,1969,regular,HAM,TOR,7,17,,,wikipedia,,,,
cfl-1969-10-15-WPG-OTR,1969-10-15,1969,regular,WPG,OTR,31,38,,,wikipedia-1side,,,,
cfl-1969-10-18-BC-EDM,1969-10-18,1969,regular,BC,EDM,17,14,,,wikipedia-1side,,,,
cfl-1969-10-19-TOR-HAM,1969-10-19,1969,regular,TOR,HAM,51,8,,,wikipedia,,,,
cfl-1969-10-25-OTR-TOR,1969-10-25,1969,regular,OTR,TOR,20,9,,,wikipedia,,,,
cfl-1969-10-26-MTL-HAM,1969-10-26,1969,regular,MTL,HAM,25,9,,,wikipedia-1side,,,,
cfl-1969-10-26-WPG-BC,1969-10-26,1969,regular,WPG,BC,3,22,,,wikipedia-1side,,,,
cfl-1969-10-30-BC-SSK,1969-10-30,1969,regular,BC,SSK,7,18,,,wikipedia-1side,,,,
cfl-1969-11-01-HAM-OTR,1969-11-01,1969,regular,HAM,OTR,28,7,,,wikipedia,,,,
cfl-1969-11-02-TOR-MTL,1969-11-02,1969,regular,TOR,MTL,22,18,,,wikipedia-1side,,,,
cfl-1969-11-09-TOR-HAM,1969-11-09,1969,postseason,TOR,HAM,15,9,,,wikipedia,,,,
cfl-1969-11-16-TOR-OTR,1969-11-16,1969,postseason,TOR,OTR,22,14,,,wikipedia,,,,
cfl-1969-11-22-OTR-TOR,1969-11-22,1969,postseason,OTR,TOR,32,3,,,wikipedia,,,,
cfl-1969-11-30-OTR-SSK,1969-11-30,1969,postseason,OTR,SSK,29,11,1,Grey Cup,wikipedia-1side,,,,
cfl-1970-07-28-BC-SSK,1970-07-28,1970,regular,BC,SSK,9,42,,,wikipedia,,,,
cfl-1970-07-29-CGY-WPG,1970-07-29,1970,regular,CGY,WPG,34,10,,,wikipedia-1side,,,,
cfl-1970-07-29-OTR-HAM,1970-07-29,1970,regular,OTR,HAM,15,17,,,wikipedia,,,,
cfl-1970-07-31-SSK-EDM,1970-07-31,1970,regular,SSK,EDM,23,11,,,wikipedia-1side,,,,
cfl-1970-08-04-MTL-TOR,1970-08-04,1970,regular,MTL,TOR,34,27,,,wikipedia,,,,
cfl-1970-08-04-WPG-BC,1970-08-04,1970,regular,WPG,BC,21,48,,,wikipedia-1side,,,,
cfl-1970-08-05-EDM-CGY,1970-08-05,1970,regular,EDM,CGY,14,2,,,wikipedia-1side,,,,
cfl-1970-08-08-HAM-SSK,1970-08-08,1970,regular,HAM,SSK,22,23,,,wikipedia,,,,
cfl-1970-08-10-CGY-BC,1970-08-10,1970,regular,CGY,BC,16,9,,,wikipedia,,,,
cfl-1970-08-11-OTR-SSK,1970-08-11,1970,regular,OTR,SSK,1,24,,,wikipedia,,,,
cfl-1970-08-12-WPG-MTL,1970-08-12,1970,regular,WPG,MTL,10,16,,,wikipedia-1side,,,,
cfl-1970-08-13-EDM-BC,1970-08-13,1970,regular,EDM,BC,7,35,,,wikipedia-1side,,,,
cfl-1970-08-13-TOR-HAM,1970-08-13,1970,regular,TOR,HAM,29,3,,,wikipedia,,,,
cfl-1970-08-17-SSK-CGY,1970-08-17,1970,regular,SSK,CGY,0,30,,,wikipedia,,,,
cfl-1970-08-18-MTL-EDM,1970-08-18,1970,regular,MTL,EDM,14,10,,,wikipedia-1side,,,,
cfl-1970-08-20-BC-CGY,1970-08-20,1970,regular,BC,CGY,27,13,,,wikipedia,,,,
cfl-1970-08-20-TOR-EDM,1970-08-20,1970,regular,TOR,EDM,16,14,,,wikipedia-1side,,,,
cfl-1970-08-22-HAM-WPG,1970-08-22,1970,regular,HAM,WPG,27,6,,,wikipedia-1side,,,,
cfl-1970-08-25-EDM-OTR,1970-08-25,1970,regular,EDM,OTR,23,31,,,wikipedia-1side,,,,
cfl-1970-08-26-CGY-SSK,1970-08-26,1970,regular,CGY,SSK,17,21,,,wikipedia,,,,
cfl-1970-08-26-WPG-TOR,1970-08-26,1970,regular,WPG,TOR,28,22,,,wikipedia-1side,,,,
cfl-1970-08-27-BC-OTR,1970-08-27,1970,regular,BC,OTR,32,30,,,wikipedia,,,,
cfl-1970-08-30-SSK-TOR,1970-08-30,1970,regular,SSK,TOR,36,14,,,wikipedia,,,,
cfl-1970-09-01-EDM-BC,1970-09-01,1970,regular,EDM,BC,20,9,,,wikipedia-1side,,,,
cfl-1970-09-02-OTR-MTL,1970-09-02,1970,regular,OTR,MTL,31,7,,,wikipedia,,,,
cfl-1970-09-02-WPG-CGY,1970-09-02,1970,regular,WPG,CGY,18,29,,,wikipedia-1side,,,,
cfl-1970-09-07-CGY-EDM,1970-09-07,1970,regular,CGY,EDM,28,13,,,wikipedia-1side,,,,
cfl-1970-09-07-HAM-MTL,1970-09-07,1970,regular,HAM,MTL,17,12,,,wikipedia,,,,
cfl-1970-09-07-OTR-TOR,1970-09-07,1970,regular,OTR,TOR,21,37,,,wikipedia,,,,
cfl-1970-09-07-SSK-WPG,1970-09-07,1970,regular,SSK,WPG,30,11,,,wikipedia-1side,,,,
cfl-1970-09-12-EDM-SSK,1970-09-12,1970,regular,EDM,SSK,10,6,,,wikipedia-1side,,,,
cfl-1970-09-12-MTL-HAM,1970-09-12,1970,regular,MTL,HAM,38,23,,,wikipedia,,,,
cfl-1970-09-13-BC-WPG,1970-09-13,1970,regular,BC,WPG,16,13,,,wikipedia-1side,,,,
cfl-1970-09-13-TOR-OTR,1970-09-13,1970,regular,TOR,OTR,30,25,,,wikipedia,,,,
cfl-1970-09-16-HAM-CGY,1970-09-16,1970,regular,HAM,CGY,39,18,,,wikipedia,,,,
cfl-1970-09-18-SSK-BC,1970-09-18,1970,regular,SSK,BC,23,22,,,wikipedia,,,,
cfl-1970-09-19-OTR-CGY,1970-09-19,1970,regular,OTR,CGY,9,1,,,wikipedia,,,,
cfl-1970-09-20-TOR-MTL,1970-09-20,1970,regular,TOR,MTL,17,24,,,wikipedia,,,,
cfl-1970-09-23-BC-HAM,1970-09-23,1970,regular,BC,HAM,14,26,,,wikipedia,,,,
cfl-1970-09-26-EDM-HAM,1970-09-26,1970,regular,EDM,HAM,34,13,,,wikipedia-1side,,,,
cfl-1970-09-27-CGY-TOR,1970-09-27,1970,regular,CGY,TOR,27,12,,,wikipedia,,,,
cfl-1970-09-27-MTL-OTR,1970-09-27,1970,regular,MTL,OTR,16,15,,,wikipedia,,,,
cfl-1970-09-27-WPG-SSK,1970-09-27,1970,regular,WPG,SSK,2,5,,,wikipedia-1side,,,,
cfl-1970-10-03-BC-EDM,1970-10-03,1970,regular,BC,EDM,20,32,,,wikipedia-1side,,,,
cfl-1970-10-03-OTR-WPG,1970-10-03,1970,regular,OTR,WPG,0,15,,,wikipedia-1side,,,,
cfl-1970-10-04-HAM-TOR,1970-10-04,1970,regular,HAM,TOR,14,33,,,wikipedia,,,,
cfl-1970-10-04-SSK-MTL,1970-10-04,1970,regular,SSK,MTL,29,10,,,wikipedia,,,,
cfl-1970-10-07-CGY-MTL,1970-10-07,1970,regular,CGY,MTL,11,4,,,wikipedia,,,,
cfl-1970-10-10-TOR-BC,1970-10-10,1970,regular,TOR,BC,50,7,,,wikipedia-1side,,,,
cfl-1970-10-11-SSK-WPG,1970-10-11,1970,regular,SSK,WPG,19,10,,,wikipedia-1side,,,,
cfl-1970-10-12-EDM-CGY,1970-10-12,1970,regular,EDM,CGY,16,13,,,wikipedia-1side,,,,
cfl-1970-10-12-HAM-OTR,1970-10-12,1970,regular,HAM,OTR,24,17,,,wikipedia,,,,
cfl-1970-10-14-MTL-BC,1970-10-14,1970,regular,MTL,BC,28,27,,,wikipedia,,,,
cfl-1970-10-17-OTR-HAM,1970-10-17,1970,regular,OTR,HAM,15,22,,,wikipedia,,,,
cfl-1970-10-18-CGY-SSK,1970-10-18,1970,regular,CGY,SSK,14,29,,,wikipedia,,,,
cfl-1970-10-18-TOR-MTL,1970-10-18,1970,regular,TOR,MTL,16,13,,,wikipedia,,,,
cfl-1970-10-21-BC-WPG,1970-10-21,1970,regular,BC,WPG,7,1,,,wikipedia-1side,,,,
cfl-1970-10-24-MTL-OTR,1970-10-24,1970,regular,MTL,OTR,12,28,,,wikipedia,,,,
cfl-1970-10-25-CGY-BC,1970-10-25,1970,regular,CGY,BC,29,0,,,wikipedia,,,,
cfl-1970-10-25-HAM-TOR,1970-10-25,1970,regular,HAM,TOR,27,7,,,wikipedia,,,,
cfl-1970-10-28-SSK-EDM,1970-10-28,1970,regular,SSK,EDM,34,10,,,wikipedia-1side,,,,
cfl-1970-10-31-TOR-OTR,1970-10-31,1970,regular,TOR,OTR,19,17,,,wikipedia,,,,
cfl-1970-11-01-BC-SSK,1970-11-01,1970,regular,BC,SSK,13,33,,,wikipedia,,,,
cfl-1970-11-01-MTL-HAM,1970-11-01,1970,regular,MTL,HAM,18,18,,,wikipedia,,,,
cfl-1970-11-01-WPG-CGY,1970-11-01,1970,regular,WPG,CGY,6,11,,,wikipedia-1side,,,,
cfl-1970-11-07-TOR-MTL,1970-11-07,1970,postseason,TOR,MTL,7,16,,,wikipedia,,,,
cfl-1970-11-14-SSK-CGY,1970-11-14,1970,regular,SSK,CGY,11,28,,,wikipedia-1side,,,,
cfl-1970-11-15-MTL-HAM,1970-11-15,1970,postseason,MTL,HAM,32,22,,,wikipedia,,,,
cfl-1970-11-18-CGY-SSK,1970-11-18,1970,regular,CGY,SSK,3,11,,,wikipedia-1side,,,,
cfl-1970-11-21-HAM-MTL,1970-11-21,1970,postseason,HAM,MTL,4,11,,,wikipedia,,,,
cfl-1970-11-22-SSK-CGY,1970-11-22,1970,regular,SSK,CGY,14,15,,,wikipedia-1side,,,,
cfl-1970-11-28-MTL-CGY,1970-11-28,1970,postseason,MTL,CGY,23,10,1,Grey Cup,wikipedia-1side,,,,
cfl-1971-07-11-SSK-BC,1971-07-11,1971,regular,SSK,BC,4,28,,,wikipedia-1side,,,,
cfl-1971-07-17-EDM-SSK,1971-07-17,1971,regular,EDM,SSK,52,20,,,wikipedia-1side,,,,
cfl-1971-07-25-SSK-HAM,1971-07-25,1971,regular,SSK,HAM,20,24,,,wikipedia-1side,,,,
cfl-1971-07-27-BC-SSK,1971-07-27,1971,regular,BC,SSK,10,14,,,wikipedia,,,,
cfl-1971-07-27-OTR-EDM,1971-07-27,1971,regular,OTR,EDM,22,11,,,wikipedia-1side,,,,
cfl-1971-07-28-TOR-WPG,1971-07-28,1971,regular,TOR,WPG,21,20,,,wikipedia-1side,,,,
cfl-1971-07-29-HAM-EDM,1971-07-29,1971,regular,HAM,EDM,17,15,,,wikipedia-1side,,,,
cfl-1971-07-30-SSK-CGY,1971-07-30,1971,regular,SSK,CGY,0,21,,,wikipedia-1side,,,,
cfl-1971-07-31-BC-SSK,1971-07-31,1971,regular,BC,SSK,24,15,,,wikipedia-1side,,,,
cfl-1971-08-02-WPG-OTR,1971-08-02,1971,regular,WPG,OTR,22,28,,,wikipedia-1side,,,,
cfl-1971-08-04-CGY-OTR,1971-08-04,1971,regular,CGY,OTR,9,8,,,wikipedia,,,,
cfl-1971-08-04-EDM-BC,1971-08-04,1971,regular,EDM,BC,20,19,,,wikipedia-1side,,,,
cfl-1971-08-06-TOR-SSK,1971-08-06,1971,regular,TOR,SSK,22,17,,,wikipedia-1side,,,,
cfl-1971-08-09-WPG-BC,1971-08-09,1971,regular,WPG,BC,16,29,,,wikipedia-1side,,,,
cfl-1971-08-11-EDM-CGY,1971-08-11,1971,regular,EDM,CGY,1,31,,,wikipedia-1side,,,,
cfl-1971-08-11-OTR-HAM,1971-08-11,1971,regular,OTR,HAM,17,20,,,wikipedia,,,,
cfl-1971-08-12-MTL-TOR,1971-08-12,1971,regular,MTL,TOR,14,26,,,wikipedia-1side,,,,
cfl-1971-08-15-TOR-SSK,1971-08-15,1971,regular,TOR,SSK,21,12,,,wikipedia-1side,,,,
cfl-1971-08-16-CGY-WPG,1971-08-16,1971,regular,CGY,WPG,36,12,,,wikipedia-1side,,,,
cfl-1971-08-18-BC-EDM,1971-08-18,1971,regular,BC,EDM,11,1,,,wikipedia-1side,,,,
cfl-1971-08-19-TOR-OTR,1971-08-19,1971,regular,TOR,OTR,30,28,,,wikipedia,,,,
cfl-1971-08-22-SSK-CGY,1971-08-22,1971,regular,SSK,CGY,5,6,,,wikipedia-1side,,,,
cfl-1971-08-24-CGY-BC,1971-08-24,1971,regular,CGY,BC,32,1,,,wikipedia,,,,
cfl-1971-08-25-HAM-MTL,1971-08-25,1971,regular,HAM,MTL,8,12,,,wikipedia-1side,,,,
cfl-1971-08-27-SSK-OTR,1971-08-27,1971,regular,SSK,OTR,42,21,,,wikipedia-1side,,,,
cfl-1971-08-28-WPG-SSK,1971-08-28,1971,regular,WPG,SSK,30,1,,,wikipedia-1side,,,,
cfl-1971-08-29-BC-TOR,1971-08-29,1971,regular,BC,TOR,27,24,,,wikipedia,,,,
cfl-1971-08-31-MTL-HAM,1971-08-31,1971,regular,MTL,HAM,25,24,,,wikipedia-1side,,,,
cfl-1971-09-01-EDM-TOR,1971-09-01,1971,regular,EDM,TOR,15,16,,,wikipedia-1side,,,,
cfl-1971-09-01-WPG-CGY,1971-09-01,1971,regular,WPG,CGY,31,15,,,wikipedia-1side,,,,
cfl-1971-09-06-CGY-EDM,1971-09-06,1971,regular,CGY,EDM,23,7,,,wikipedia-1side,,,,
cfl-1971-09-06-HAM-TOR,1971-09-06,1971,regular,HAM,TOR,30,17,,,wikipedia,,,,
cfl-1971-09-06-OTR-MTL,1971-09-06,1971,regular,OTR,MTL,40,17,,,wikipedia-1side,,,,
cfl-1971-09-06-SSK-BC,1971-09-06,1971,regular,SSK,BC,35,14,,,wikipedia-1side,,,,
cfl-1971-09-11-MTL-OTR,1971-09-11,1971,regular,MTL,OTR,25,6,,,wikipedia-1side,,,,
cfl-1971-09-12-BC-CGY,1971-09-12,1971,regular,BC,CGY,10,25,,,wikipedia,,,,
cfl-1971-09-12-TOR-HAM,1971-09-12,1971,regular,TOR,HAM,23,14,,,wikipedia,,,,
cfl-1971-09-15-CGY-WPG,1971-09-15,1971,regular,CGY,WPG,20,7,,,wikipedia-1side,,,,
cfl-1971-09-18-HAM-MTL,1971-09-18,1971,regular,HAM,MTL,10,9,,,wikipedia-1side,,,,
cfl-1971-09-19-OTR-TOR,1971-09-19,1971,regular,OTR,TOR,17,26,,,wikipedia,,,,
cfl-1971-09-19-WPG-BC,1971-09-19,1971,regular,WPG,BC,31,31,,,wikipedia-1side,,,,
cfl-1971-09-22-MTL-CGY,1971-09-22,1971,regular,MTL,CGY,26,11,,,wikipedia-1side,,,,
cfl-1971-09-25-BC-WPG,1971-09-25,1971,regular,BC,WPG,25,18,,,wikipedia-1side,,,,
cfl-1971-09-25-TOR-CGY,1971-09-25,1971,regular,TOR,CGY,18,7,,,wikipedia,,,,
cfl-1971-09-26-HAM-OTR,1971-09-26,1971,regular,HAM,OTR,19,7,,,wikipedia,,,,
cfl-1971-10-02-BC-MTL,1971-10-02,1971,regular,BC,MTL,28,0,,,wikipedia-1side,,,,
cfl-1971-10-03-CGY-HAM,1971-10-03,1971,regular,CGY,HAM,17,1,,,wikipedia,,,,
cfl-1971-10-03-OTR-TOR,1971-10-03,1971,regular,OTR,TOR,3,12,,,wikipedia,,,,
cfl-1971-10-06-SSK-HAM,1971-10-06,1971,regular,SSK,HAM,28,20,,,wikipedia-1side,,,,
cfl-1971-10-09-OTR-BC,1971-10-09,1971,regular,OTR,BC,45,21,,,wikipedia,,,,
cfl-1971-10-10-MTL-TOR,1971-10-10,1971,regular,MTL,TOR,5,32,,,wikipedia-1side,,,,
cfl-1971-10-11-CGY-SSK,1971-10-11,1971,regular,CGY,SSK,17,24,,,wikipedia-1side,,,,
cfl-1971-10-11-HAM-BC,1971-10-11,1971,regular,HAM,BC,36,3,,,wikipedia,,,,
cfl-1971-10-16-BC-EDM,1971-10-16,1971,regular,BC,EDM,4,9,,,wikipedia-1side,,,,
cfl-1971-10-17-SSK-CGY,1971-10-17,1971,regular,SSK,CGY,7,7,,,wikipedia,,,,
cfl-1971-10-17-TOR-MTL,1971-10-17,1971,regular,TOR,MTL,7,28,,,wikipedia-1side,,,,
cfl-1971-10-17-WPG-HAM,1971-10-17,1971,regular,WPG,HAM,18,4,,,wikipedia-1side,,,,
cfl-1971-10-23-CGY-EDM,1971-10-23,1971,regular,CGY,EDM,12,34,,,wikipedia-1side,,,,
cfl-1971-10-23-HAM-OTR,1971-10-23,1971,regular,HAM,OTR,16,40,,,wikipedia,,,,
cfl-1971-10-24-SSK-BC,1971-10-24,1971,regular,SSK,BC,50,14,,,wikipedia-1side,,,,
cfl-1971-10-30-BC-CGY,1971-10-30,1971,regular,BC,CGY,31,7,,,wikipedia,,,,
cfl-1971-10-30-OTR-MTL,1971-10-30,1971,regular,OTR,MTL,9,7,,,wikipedia-1side,,,,
cfl-1971-10-31-TOR-HAM,1971-10-31,1971,regular,TOR,HAM,15,23,,,wikipedia,,,,
cfl-1971-11-07-HAM-OTR,1971-11-07,1971,postseason,HAM,OTR,23,4,,,wikipedia,,,,
cfl-1971-11-14-HAM-TOR,1971-11-14,1971,postseason,HAM,TOR,8,23,,,wikipedia,,,,
cfl-1971-11-20-TOR-HAM,1971-11-20,1971,postseason,TOR,HAM,17,17,,,wikipedia,,,,
cfl-1971-11-28-TOR-CGY,1971-11-28,1971,postseason,TOR,CGY,11,14,1,Grey Cup,wikipedia-1side,,,,
cfl-1972-07-11-SSK-BC,1972-07-11,1972,regular,SSK,BC,4,28,,,wikipedia-1side,,,,
cfl-1972-07-17-EDM-SSK,1972-07-17,1972,regular,EDM,SSK,52,20,,,wikipedia-1side,,,,
cfl-1972-07-25-SSK-HAM,1972-07-25,1972,regular,SSK,HAM,20,24,,,wikipedia-1side,,,,
cfl-1972-07-27-BC-SSK,1972-07-27,1972,regular,BC,SSK,0,21,,,wikipedia-1side,,,,
cfl-1972-07-31-BC-SSK,1972-07-31,1972,regular,BC,SSK,24,15,,,wikipedia-1side,,,,
cfl-1972-07-31-HAM-SSK,1972-07-31,1972,regular,HAM,SSK,20,17,,,wikipedia-1side,,,,
cfl-1972-08-01-EDM-BC,1972-08-01,1972,regular,EDM,BC,34,22,,,wikipedia-1side,,,,
cfl-1972-08-02-OTR-SSK,1972-08-02,1972,regular,OTR,SSK,22,7,,,wikipedia-1side,,,,
cfl-1972-08-03-TOR-MTL,1972-08-03,1972,regular,TOR,MTL,8,19,,,wikipedia-1side,,,,
cfl-1972-08-08-BC-HAM,1972-08-08,1972,regular,BC,HAM,19,17,,,wikipedia,,,,
cfl-1972-08-09-SSK-TOR,1972-08-09,1972,regular,SSK,TOR,15,6,,,wikipedia-1side,,,,
cfl-1972-08-10-MTL-OTR,1972-08-10,1972,regular,MTL,OTR,19,28,,,wikipedia-1side,,,,
cfl-1972-08-11-EDM-HAM,1972-08-11,1972,regular,EDM,HAM,30,27,,,wikipedia-1side,,,,
cfl-1972-08-14-CGY-BC,1972-08-14,1972,regular,CGY,BC,19,14,,,wikipedia-1side,,,,
cfl-1972-08-15-TOR-SSK,1972-08-15,1972,regular,TOR,SSK,21,12,,,wikipedia-1side,,,,
cfl-1972-08-16-TOR-OTR,1972-08-16,1972,regular,TOR,OTR,8,14,,,wikipedia,,,,
cfl-1972-08-17-BC-WPG,1972-08-17,1972,regular,BC,WPG,7,39,,,wikipedia-1side,,,,
cfl-1972-08-19-HAM-MTL,1972-08-19,1972,regular,HAM,MTL,23,25,,,wikipedia-1side,,,,
cfl-1972-08-22-SSK-CGY,1972-08-22,1972,regular,SSK,CGY,5,6,,,wikipedia-1side,,,,
cfl-1972-08-23-WPG-TOR,1972-08-23,1972,regular,WPG,TOR,21,19,,,wikipedia-1side,,,,
cfl-1972-08-24-MTL-HAM,1972-08-24,1972,regular,MTL,HAM,12,25,,,wikipedia-1side,,,,
cfl-1972-08-25-EDM-BC,1972-08-25,1972,regular,EDM,BC,29,7,,,wikipedia-1side,,,,
cfl-1972-08-28-WPG-SSK,1972-08-28,1972,regular,WPG,SSK,30,1,,,wikipedia-1side,,,,
cfl-1972-08-30-OTR-TOR,1972-08-30,1972,regular,OTR,TOR,14,13,,,wikipedia,,,,
cfl-1972-09-04-HAM-OTR,1972-09-04,1972,regular,HAM,OTR,17,16,,,wikipedia,,,,
cfl-1972-09-04-MTL-TOR,1972-09-04,1972,regular,MTL,TOR,21,43,,,wikipedia-1side,,,,
cfl-1972-09-07-WPG-BC,1972-09-07,1972,regular,WPG,BC,42,7,,,wikipedia-1side,,,,
cfl-1972-09-09-OTR-MTL,1972-09-09,1972,regular,OTR,MTL,38,23,,,wikipedia-1side,,,,
cfl-1972-09-10-TOR-HAM,1972-09-10,1972,regular,TOR,HAM,18,22,,,wikipedia,,,,
cfl-1972-09-12-BC-SSK,1972-09-12,1972,regular,BC,SSK,13,24,,,wikipedia-1side,,,,
cfl-1972-09-16-OTR-HAM,1972-09-16,1972,regular,OTR,HAM,22,30,,,wikipedia,,,,
cfl-1972-09-17-MTL-BC,1972-09-17,1972,regular,MTL,BC,22,17,,,wikipedia-1side,,,,
cfl-1972-09-20-TOR-BC,1972-09-20,1972,regular,TOR,BC,9,23,,,wikipedia,,,,
cfl-1972-09-23-EDM-OTR,1972-09-23,1972,regular,EDM,OTR,9,10,,,wikipedia-1side,,,,
cfl-1972-09-24-HAM-TOR,1972-09-24,1972,regular,HAM,TOR,41,14,,,wikipedia,,,,
cfl-1972-09-26-BC-OTR,1972-09-26,1972,regular,BC,OTR,17,20,,,wikipedia,,,,
cfl-1972-09-30-TOR-EDM,1972-09-30,1972,regular,TOR,EDM,30,31,,,wikipedia-1side,,,,
cfl-1972-10-01-OTR-HAM,1972-10-01,1972,regular,OTR,HAM,20,25,,,wikipedia,,,,
cfl-1972-10-03-BC-WPG,1972-10-03,1972,regular,BC,WPG,26,24,,,wikipedia-1side,,,,
cfl-1972-10-07-HAM-CGY,1972-10-07,1972,regular,HAM,CGY,50,24,,,wikipedia-1side,,,,
cfl-1972-10-08-SSK-BC,1972-10-08,1972,regular,SSK,BC,24,14,,,wikipedia-1side,,,,
cfl-1972-10-08-TOR-MTL,1972-10-08,1972,regular,TOR,MTL,21,3,,,wikipedia-1side,,,,
cfl-1972-10-09-OTR-CGY,1972-10-09,1972,regular,OTR,CGY,45,30,,,wikipedia-1side,,,,
cfl-1972-10-14-BC-EDM,1972-10-14,1972,regular,BC,EDM,22,16,,,wikipedia-1side,,,,
cfl-1972-10-14-MTL-HAM,1972-10-14,1972,regular,MTL,HAM,26,31,,,wikipedia-1side,,,,
cfl-1972-10-15-CGY-TOR,1972-10-15,1972,regular,CGY,TOR,27,33,,,wikipedia-1side,,,,
cfl-1972-10-17-SSK-CGY,1972-10-17,1972,regular,SSK,CGY,7,7,,,wikipedia-1side,,,,
cfl-1972-10-21-BC-CGY,1972-10-21,1972,regular,BC,CGY,17,19,,,wikipedia-1side,,,,
cfl-1972-10-21-HAM-WPG,1972-10-21,1972,regular,HAM,WPG,18,3,,,wikipedia-1side,,,,
cfl-1972-10-22-MTL-OTR,1972-10-22,1972,regular,MTL,OTR,7,17,,,wikipedia-1side,,,,
cfl-1972-10-28-CGY-BC,1972-10-28,1972,regular,CGY,BC,28,3,,,wikipedia-1side,,,,
cfl-1972-10-28-TOR-OTR,1972-10-28,1972,regular,TOR,OTR,16,21,,,wikipedia,,,,
cfl-1972-11-04-BC-SSK,1972-11-04,1972,regular,BC,SSK,26,14,,,wikipedia-1side,,,,
cfl-1972-11-04-OTR-WPG,1972-11-04,1972,regular,OTR,WPG,11,7,,,wikipedia-1side,,,,
cfl-1972-11-05-HAM-TOR,1972-11-05,1972,regular,HAM,TOR,26,16,,,wikipedia,,,,
cfl-1972-11-11-OTR-MTL,1972-11-11,1972,postseason,OTR,MTL,14,11,,,wikipedia-1side,,,,
cfl-1972-11-18-OTR-HAM,1972-11-18,1972,postseason,OTR,HAM,19,7,,,wikipedia,,,,
cfl-1972-11-26-HAM-OTR,1972-11-26,1972,postseason,HAM,OTR,23,8,,,wikipedia,,,,
cfl-1972-12-03-HAM-SSK,1972-12-03,1972,postseason,HAM,SSK,13,10,1,Grey Cup,wikipedia-1side,,,,
cfl-1973-07-11-SSK-BC,1973-07-11,1973,regular,SSK,BC,4,28,,,wikipedia-1side,,,,
cfl-1973-07-17-EDM-SSK,1973-07-17,1973,regular,EDM,SSK,52,20,,,wikipedia-1side,,,,
cfl-1973-07-25-SSK-HAM,1973-07-25,1973,regular,SSK,HAM,20,24,,,wikipedia-1side,,,,
cfl-1973-07-27-BC-SSK,1973-07-27,1973,regular,BC,SSK,0,21,,,wikipedia-1side,,,,
cfl-1973-07-31-BC-SSK,1973-07-31,1973,regular,BC,SSK,5,21,,,wikipedia,,,,
cfl-1973-07-31-OTR-TOR,1973-07-31,1973,regular,OTR,TOR,9,25,,,wikipedia,,,,
cfl-1973-08-01-HAM-MTL,1973-08-01,1973,regular,HAM,MTL,9,18,,,wikipedia-1side,,,,
cfl-1973-08-08-SSK-BC,1973-08-08,1973,regular,SSK,BC,38,19,,,wikipedia-1side,,,,
cfl-1973-08-08-TOR-OTR,1973-08-08,1973,regular,TOR,OTR,19,6,,,wikipedia,,,,
cfl-1973-08-13-OTR-HAM,1973-08-13,1973,regular,OTR,HAM,16,25,,,wikipedia,,,,
cfl-1973-08-14-BC-EDM,1973-08-14,1973,regular,BC,EDM,30,11,,,wikipedia-1side,,,,
cfl-1973-08-15-TOR-MTL,1973-08-15,1973,regular,TOR,MTL,22,21,,,wikipedia-1side,,,,
cfl-1973-08-15-TOR-SSK,1973-08-15,1973,regular,TOR,SSK,21,12,,,wikipedia-1side,,,,
cfl-1973-08-20-SSK-OTR,1973-08-20,1973,regular,SSK,OTR,18,12,,,wikipedia-1side,,,,
cfl-1973-08-22-HAM-TOR,1973-08-22,1973,regular,HAM,TOR,38,4,,,wikipedia,,,,
cfl-1973-08-22-SSK-CGY,1973-08-22,1973,regular,SSK,CGY,5,6,,,wikipedia-1side,,,,
cfl-1973-08-22-WPG-BC,1973-08-22,1973,regular,WPG,BC,19,23,,,wikipedia-1side,,,,
cfl-1973-08-25-MTL-OTR,1973-08-25,1973,regular,MTL,OTR,3,30,,,wikipedia-1side,,,,
cfl-1973-08-28-BC-CGY,1973-08-28,1973,regular,BC,CGY,9,2,,,wikipedia-1side,,,,
cfl-1973-08-28-WPG-SSK,1973-08-28,1973,regular,WPG,SSK,30,1,,,wikipedia-1side,,,,
cfl-1973-08-29-EDM-TOR,1973-08-29,1973,regular,EDM,TOR,16,24,,,wikipedia-1side,,,,
cfl-1973-09-03-HAM-BC,1973-09-03,1973,regular,HAM,BC,44,24,,,wikipedia,,,,
cfl-1973-09-03-MTL-TOR,1973-09-03,1973,regular,MTL,TOR,23,23,,,wikipedia-1side,,,,
cfl-1973-09-05-OTR-BC,1973-09-05,1973,regular,OTR,BC,26,24,,,wikipedia,,,,
cfl-1973-09-09-TOR-HAM,1973-09-09,1973,regular,TOR,HAM,16,7,,,wikipedia,,,,
cfl-1973-09-11-BC-MTL,1973-09-11,1973,regular,BC,MTL,7,10,,,wikipedia-1side,,,,
cfl-1973-09-12-WPG-OTR,1973-09-12,1973,regular,WPG,OTR,13,24,,,wikipedia-1side,,,,
cfl-1973-09-15-HAM-OTR,1973-09-15,1973,regular,HAM,OTR,19,21,,,wikipedia,,,,
cfl-1973-09-18-BC-WPG,1973-09-18,1973,regular,BC,WPG,13,33,,,wikipedia-1side,,,,
cfl-1973-09-19-TOR-SSK,1973-09-19,1973,regular,TOR,SSK,15,21,,,wikipedia-1side,,,,
cfl-1973-09-22-OTR-EDM,1973-09-22,1973,regular,OTR,EDM,32,20,,,wikipedia-1side,,,,
cfl-1973-09-23-CGY-BC,1973-09-23,1973,regular,CGY,BC,13,12,,,wikipedia-1side,,,,
cfl-1973-09-23-MTL-TOR,1973-09-23,1973,regular,MTL,TOR,19,10,,,wikipedia-1side,,,,
cfl-1973-09-24-HAM-EDM,1973-09-24,1973,regular,HAM,EDM,17,22,,,wikipedia-1side,,,,
cfl-1973-09-29-BC-TOR,1973-09-29,1973,regular,BC,TOR,22,22,,,wikipedia,,,,
cfl-1973-09-30-CGY-HAM,1973-09-30,1973,regular,CGY,HAM,29,31,,,wikipedia-1side,,,,
cfl-1973-09-30-OTR-MTL,1973-09-30,1973,regular,OTR,MTL,15,28,,,wikipedia-1side,,,,
cfl-1973-10-03-WPG-HAM,1973-10-03,1973,regular,WPG,HAM,18,21,,,wikipedia-1side,,,,
cfl-1973-10-06-TOR-CGY,1973-10-06,1973,regular,TOR,CGY,37,10,,,wikipedia-1side,,,,
cfl-1973-10-07-SSK-BC,1973-10-07,1973,regular,SSK,BC,24,9,,,wikipedia-1side,,,,
cfl-1973-10-08-HAM-OTR,1973-10-08,1973,regular,HAM,OTR,13,16,,,wikipedia,,,,
cfl-1973-10-13-BC-EDM,1973-10-13,1973,regular,BC,EDM,13,27,,,wikipedia-1side,,,,
cfl-1973-10-14-CGY-OTR,1973-10-14,1973,regular,CGY,OTR,8,32,,,wikipedia-1side,,,,
cfl-1973-10-14-TOR-HAM,1973-10-14,1973,regular,TOR,HAM,11,16,,,wikipedia,,,,
cfl-1973-10-17-SSK-CGY,1973-10-17,1973,regular,SSK,CGY,7,7,,,wikipedia-1side,,,,
cfl-1973-10-20-EDM-BC,1973-10-20,1973,regular,EDM,BC,14,14,,,wikipedia-1side,,,,
cfl-1973-10-21-OTR-TOR,1973-10-21,1973,regular,OTR,TOR,20,19,,,wikipedia,,,,
cfl-1973-10-28-OTR-MTL,1973-10-28,1973,regular,OTR,MTL,16,0,,,wikipedia-1side,,,,
cfl-1973-10-28-SSK-HAM,1973-10-28,1973,regular,SSK,HAM,34,25,,,wikipedia-1side,,,,
cfl-1973-10-28-WPG-BC,1973-10-28,1973,regular,WPG,BC,17,22,,,wikipedia-1side,,,,
cfl-1973-11-03-BC-CGY,1973-11-03,1973,regular,BC,CGY,15,7,,,wikipedia-1side,,,,
cfl-1973-11-03-TOR-WPG,1973-11-03,1973,regular,TOR,WPG,18,3,,,wikipedia-1side,,,,
cfl-1973-11-04-HAM-MTL,1973-11-04,1973,regular,HAM,MTL,25,13,,,wikipedia-1side,,,,
cfl-1973-11-11-TOR-MTL,1973-11-11,1973,postseason,TOR,MTL,10,32,,,wikipedia-1side,,,,
cfl-1973-11-18-OTR-MTL,1973-11-18,1973,postseason,OTR,MTL,23,14,,,wikipedia-1side,,,,
cfl-1974-07-11-SSK-BC,1974-07-11,1974,regular,SSK,BC,4,28,,,wikipedia-1side,,,,
cfl-1974-07-17-EDM-SSK,1974-07-17,1974,regular,EDM,SSK,52,20,,,wikipedia-1side,,,,
cfl-1974-07-24-MTL-HAM,1974-07-24,1974,regular,MTL,HAM,20,12,,,wikipedia,,,,
cfl-1974-07-25-BC-CGY,1974-07-25,1974,regular,BC,CGY,23,20,,,wikipedia,,,,
cfl-1974-07-25-SSK-HAM,1974-07-25,1974,regular,SSK,HAM,20,24,,,wikipedia-1side,,,,
cfl-1974-07-25-TOR-OTR,1974-07-25,1974,regular,TOR,OTR,19,3,,,wikipedia,,,,
cfl-1974-07-27-BC-SSK,1974-07-27,1974,regular,BC,SSK,0,21,,,wikipedia-1side,,,,
cfl-1974-07-30-HAM-TOR,1974-07-30,1974,regular,HAM,TOR,29,22,,,wikipedia,,,,
cfl-1974-07-31-BC-SSK,1974-07-31,1974,regular,BC,SSK,24,15,,,wikipedia-1side,,,,
cfl-1974-07-31-CGY-SSK,1974-07-31,1974,regular,CGY,SSK,18,24,,,wikipedia-1side,,,,
cfl-1974-07-31-MTL-OTR,1974-07-31,1974,regular,MTL,OTR,20,17,,,wikipedia,,,,
cfl-1974-07-31-WPG-BC,1974-07-31,1974,regular,WPG,BC,22,29,,,wikipedia-1side,,,,
cfl-1974-08-05-EDM-CGY,1974-08-05,1974,regular,EDM,CGY,20,6,,,wikipedia-1side,,,,
cfl-1974-08-06-OTR-HAM,1974-08-06,1974,regular,OTR,HAM,30,25,,,wikipedia,,,,
cfl-1974-08-07-TOR-MTL,1974-08-07,1974,regular,TOR,MTL,25,42,,,wikipedia,,,,
cfl-1974-08-08-BC-WPG,1974-08-08,1974,regular,BC,WPG,26,6,,,wikipedia-1side,,,,
cfl-1974-08-13-OTR-MTL,1974-08-13,1974,regular,OTR,MTL,27,14,,,wikipedia,,,,
cfl-1974-08-14-CGY-BC,1974-08-14,1974,regular,CGY,BC,20,18,,,wikipedia,,,,
cfl-1974-08-14-TOR-HAM,1974-08-14,1974,regular,TOR,HAM,17,6,,,wikipedia,,,,
cfl-1974-08-15-TOR-SSK,1974-08-15,1974,regular,TOR,SSK,21,12,,,wikipedia-1side,,,,
cfl-1974-08-19-EDM-OTR,1974-08-19,1974,regular,EDM,OTR,23,6,,,wikipedia-1side,,,,
cfl-1974-08-20-HAM-MTL,1974-08-20,1974,regular,HAM,MTL,11,7,,,wikipedia,,,,
cfl-1974-08-21-CGY-SSK,1974-08-21,1974,regular,CGY,SSK,8,10,,,wikipedia,,,,
cfl-1974-08-21-WPG-TOR,1974-08-21,1974,regular,WPG,TOR,18,13,,,wikipedia-1side,,,,
cfl-1974-08-22-BC-OTR,1974-08-22,1974,regular,BC,OTR,4,9,,,wikipedia,,,,
cfl-1974-08-25-MTL-HAM,1974-08-25,1974,regular,MTL,HAM,29,10,,,wikipedia,,,,
cfl-1974-08-25-SSK-TOR,1974-08-25,1974,regular,SSK,TOR,13,17,,,wikipedia-1side,,,,
cfl-1974-08-27-EDM-BC,1974-08-27,1974,regular,EDM,BC,15,21,,,wikipedia-1side,,,,
cfl-1974-08-28-WPG-CGY,1974-08-28,1974,regular,WPG,CGY,31,30,,,wikipedia-1side,,,,
cfl-1974-08-28-WPG-SSK,1974-08-28,1974,regular,WPG,SSK,30,1,,,wikipedia-1side,,,,
cfl-1974-09-02-CGY-EDM,1974-09-02,1974,regular,CGY,EDM,16,20,,,wikipedia-1side,,,,
cfl-1974-09-02-HAM-OTR,1974-09-02,1974,regular,HAM,OTR,11,10,,,wikipedia,,,,
cfl-1974-09-03-TOR-MTL,1974-09-03,1974,regular,TOR,MTL,11,12,,,wikipedia,,,,
cfl-1974-09-07-BC-SSK,1974-09-07,1974,regular,BC,SSK,16,38,,,wikipedia-1side,,,,
cfl-1974-09-07-OTR-HAM,1974-09-07,1974,regular,OTR,HAM,10,16,,,wikipedia,,,,
cfl-1974-09-08-MTL-TOR,1974-09-08,1974,regular,MTL,TOR,38,6,,,wikipedia,,,,
cfl-1974-09-11-HAM-CGY,1974-09-11,1974,regular,HAM,CGY,27,0,,,wikipedia,,,,
cfl-1974-09-12-TOR-BC,1974-09-12,1974,regular,TOR,BC,24,26,,,wikipedia,,,,
cfl-1974-09-14-OTR-CGY,1974-09-14,1974,regular,OTR,CGY,9,16,,,wikipedia,,,,
cfl-1974-09-15-MTL-BC,1974-09-15,1974,regular,MTL,BC,31,12,,,wikipedia,,,,
cfl-1974-09-18-HAM-SSK,1974-09-18,1974,regular,HAM,SSK,23,10,,,wikipedia-1side,,,,
cfl-1974-09-19-TOR-OTR,1974-09-19,1974,regular,TOR,OTR,12,29,,,wikipedia,,,,
cfl-1974-09-21-BC-WPG,1974-09-21,1974,regular,BC,WPG,28,10,,,wikipedia-1side,,,,
cfl-1974-09-22-OTR-SSK,1974-09-22,1974,regular,OTR,SSK,24,6,,,wikipedia-1side,,,,
cfl-1974-09-24-CGY-MTL,1974-09-24,1974,regular,CGY,MTL,38,13,,,wikipedia,,,,
cfl-1974-09-25-EDM-HAM,1974-09-25,1974,regular,EDM,HAM,31,29,,,wikipedia-1side,,,,
cfl-1974-09-28-WPG-MTL,1974-09-28,1974,regular,WPG,MTL,24,15,,,wikipedia-1side,,,,
cfl-1974-09-29-BC-HAM,1974-09-29,1974,regular,BC,HAM,32,10,,,wikipedia,,,,
cfl-1974-09-29-OTR-TOR,1974-09-29,1974,regular,OTR,TOR,7,19,,,wikipedia,,,,
cfl-1974-09-29-SSK-CGY,1974-09-29,1974,regular,SSK,CGY,34,10,,,wikipedia-1side,,,,
cfl-1974-10-05-TOR-EDM,1974-10-05,1974,regular,TOR,EDM,22,20,,,wikipedia-1side,,,,
cfl-1974-10-06-CGY-BC,1974-10-06,1974,regular,CGY,BC,7,20,,,wikipedia,,,,
cfl-1974-10-06-HAM-OTR,1974-10-06,1974,regular,HAM,OTR,21,33,,,wikipedia,,,,
cfl-1974-10-08-MTL-EDM,1974-10-08,1974,regular,MTL,EDM,28,28,,,wikipedia-1side,,,,
cfl-1974-10-12-OTR-WPG,1974-10-12,1974,regular,OTR,WPG,27,10,,,wikipedia-1side,,,,
cfl-1974-10-13-MTL-TOR,1974-10-13,1974,regular,MTL,TOR,13,13,,,wikipedia,,,,
cfl-1974-10-13-SSK-BC,1974-10-13,1974,regular,SSK,BC,17,15,,,wikipedia-1side,,,,
cfl-1974-10-14-EDM-CGY,1974-10-14,1974,regular,EDM,CGY,10,24,,,wikipedia-1side,,,,
cfl-1974-10-14-HAM-WPG,1974-10-14,1974,regular,HAM,WPG,12,19,,,wikipedia-1side,,,,
cfl-1974-10-17-SSK-CGY,1974-10-17,1974,regular,SSK,CGY,7,7,,,wikipedia-1side,,,,
cfl-1974-10-19-BC-SSK,1974-10-19,1974,regular,BC,SSK,21,24,,,wikipedia-1side,,,,
cfl-1974-10-20-CGY-TOR,1974-10-20,1974,regular,CGY,TOR,21,18,,,wikipedia-1side,,,,
cfl-1974-10-20-OTR-MTL,1974-10-20,1974,regular,OTR,MTL,0,28,,,wikipedia,,,,
cfl-1974-10-26-EDM-BC,1974-10-26,1974,regular,EDM,BC,31,8,,,wikipedia-1side,,,,
cfl-1974-10-27-CGY-WPG,1974-10-27,1974,regular,CGY,WPG,44,11,,,wikipedia-1side,,,,
cfl-1974-10-27-SSK-MTL,1974-10-27,1974,regular,SSK,MTL,17,2,,,wikipedia-1side,,,,
cfl-1974-10-27-TOR-HAM,1974-10-27,1974,regular,TOR,HAM,19,11,,,wikipedia,,,,
cfl-1974-11-02-BC-EDM,1974-11-02,1974,regular,BC,EDM,7,15,,,wikipedia-1side,,,,
cfl-1974-11-02-MTL-OTR,1974-11-02,1974,regular,MTL,OTR,27,20,,,wikipedia,,,,
cfl-1974-11-03-HAM-TOR,1974-11-03,1974,regular,HAM,TOR,26,24,,,wikipedia,,,,
cfl-1974-11-03-WPG-CGY,1974-11-03,1974,regular,WPG,CGY,19,9,,,wikipedia-1side,,,,
cfl-1974-11-10-OTR-HAM,1974-11-10,1974,postseason,OTR,HAM,21,19,,,wikipedia,,,,
cfl-1974-11-17-MTL-OTR,1974-11-17,1974,postseason,MTL,OTR,14,4,,,wikipedia,,,,
cfl-1974-11-24-MTL-EDM,1974-11-24,1974,postseason,MTL,EDM,20,7,1,Grey Cup,wikipedia-1side,,,,
cfl-1975-07-11-SSK-BC,1975-07-11,1975,regular,SSK,BC,4,28,,,wikipedia-1side,,,,
cfl-1975-07-17-EDM-SSK,1975-07-17,1975,regular,EDM,SSK,52,20,,,wikipedia-1side,,,,
cfl-1975-07-23-HAM-MTL,1975-07-23,1975,regular,HAM,MTL,23,33,,,wikipedia-1side,,,,
cfl-1975-07-24-TOR-OTR,1975-07-24,1975,regular,TOR,OTR,16,18,,,wikipedia,,,,
cfl-1975-07-24-WPG-BC,1975-07-24,1975,regular,WPG,BC,17,9,,,wikipedia-1side,,,,
cfl-1975-07-25-SSK-HAM,1975-07-25,1975,regular,SSK,HAM,20,24,,,wikipedia-1side,,,,
cfl-1975-07-27-BC-SSK,1975-07-27,1975,regular,BC,SSK,0,21,,,wikipedia-1side,,,,
cfl-1975-07-29-EDM-WPG,1975-07-29,1975,regular,EDM,WPG,28,22,,,wikipedia-1side,,,,
cfl-1975-07-30-CGY-BC,1975-07-30,1975,regular,CGY,BC,30,28,,,wikipedia,,,,
cfl-1975-07-30-HAM-OTR,1975-07-30,1975,regular,HAM,OTR,9,31,,,wikipedia,,,,
cfl-1975-07-31-BC-SSK,1975-07-31,1975,regular,BC,SSK,24,15,,,wikipedia-1side,,,,
cfl-1975-08-01-TOR-SSK,1975-08-01,1975,regular,TOR,SSK,12,14,,,wikipedia-1side,,,,
cfl-1975-08-05-BC-CGY,1975-08-05,1975,regular,BC,CGY,13,28,,,wikipedia,,,,
cfl-1975-08-05-MTL-HAM,1975-08-05,1975,regular,MTL,HAM,8,15,,,wikipedia-1side,,,,
cfl-1975-08-06-OTR-TOR,1975-08-06,1975,regular,OTR,TOR,14,16,,,wikipedia,,,,
cfl-1975-08-06-WPG-EDM,1975-08-06,1975,regular,WPG,EDM,17,16,,,wikipedia-1side,,,,
cfl-1975-08-10-SSK-BC,1975-08-10,1975,regular,SSK,BC,27,28,,,wikipedia-1side,,,,
cfl-1975-08-12-CGY-WPG,1975-08-12,1975,regular,CGY,WPG,15,18,,,wikipedia-1side,,,,
cfl-1975-08-12-OTR-MTL,1975-08-12,1975,regular,OTR,MTL,31,34,,,wikipedia-1side,,,,
cfl-1975-08-13-TOR-HAM,1975-08-13,1975,regular,TOR,HAM,27,7,,,wikipedia,,,,
cfl-1975-08-14-BC-EDM,1975-08-14,1975,regular,BC,EDM,24,27,,,wikipedia,,,,
cfl-1975-08-15-TOR-SSK,1975-08-15,1975,regular,TOR,SSK,21,12,,,wikipedia-1side,,,,
cfl-1975-08-19-HAM-MTL,1975-08-19,1975,regular,HAM,MTL,13,35,,,wikipedia-1side,,,,
cfl-1975-08-20-EDM-TOR,1975-08-20,1975,regular,EDM,TOR,28,11,,,wikipedia,,,,
cfl-1975-08-21-CGY-OTR,1975-08-21,1975,regular,CGY,OTR,23,6,,,wikipedia,,,,
cfl-1975-08-22-SSK-CGY,1975-08-22,1975,regular,SSK,CGY,5,6,,,wikipedia-1side,,,,
cfl-1975-08-24-SSK-OTR,1975-08-24,1975,regular,SSK,OTR,16,23,,,wikipedia-1side,,,,
cfl-1975-08-26-WPG-CGY,1975-08-26,1975,regular,WPG,CGY,25,22,,,wikipedia-1side,,,,
cfl-1975-08-27-EDM-BC,1975-08-27,1975,regular,EDM,BC,34,10,,,wikipedia,,,,
cfl-1975-08-27-MTL-TOR,1975-08-27,1975,regular,MTL,TOR,33,17,,,wikipedia-1side,,,,
cfl-1975-08-28-WPG-SSK,1975-08-28,1975,regular,WPG,SSK,30,1,,,wikipedia-1side,,,,
cfl-1975-09-01-CGY-EDM,1975-09-01,1975,regular,CGY,EDM,31,35,,,wikipedia,,,,
cfl-1975-09-01-HAM-TOR,1975-09-01,1975,regular,HAM,TOR,20,11,,,wikipedia,,,,
cfl-1975-09-03-MTL-OTR,1975-09-03,1975,regular,MTL,OTR,11,17,,,wikipedia-1side,,,,
cfl-1975-09-04-BC-WPG,1975-09-04,1975,regular,BC,WPG,29,17,,,wikipedia-1side,,,,
cfl-1975-09-06-EDM-SSK,1975-09-06,1975,regular,EDM,SSK,28,24,,,wikipedia-1side,,,,
cfl-1975-09-07-OTR-HAM,1975-09-07,1975,regular,OTR,HAM,56,31,,,wikipedia,,,,
cfl-1975-09-07-TOR-MTL,1975-09-07,1975,regular,TOR,MTL,20,23,,,wikipedia-1side,,,,
cfl-1975-09-09-WPG-BC,1975-09-09,1975,regular,WPG,BC,1,15,,,wikipedia-1side,,,,
cfl-1975-09-10-SSK-CGY,1975-09-10,1975,regular,SSK,CGY,31,17,,,wikipedia-1side,,,,
cfl-1975-09-13-BC-TOR,1975-09-13,1975,regular,BC,TOR,32,10,,,wikipedia,,,,
cfl-1975-09-13-MTL-OTR,1975-09-13,1975,regular,MTL,OTR,19,13,,,wikipedia-1side,,,,
cfl-1975-09-14-HAM-EDM,1975-09-14,1975,regular,HAM,EDM,3,17,,,wikipedia,,,,
cfl-1975-09-16-CGY-SSK,1975-09-16,1975,regular,CGY,SSK,38,17,,,wikipedia-1side,,,,
cfl-1975-09-17-OTR-EDM,1975-09-17,1975,regular,OTR,EDM,38,25,,,wikipedia,,,,
cfl-1975-09-20-BC-MTL,1975-09-20,1975,regular,BC,MTL,17,20,,,wikipedia-1side,,,,
cfl-1975-09-21-SSK-HAM,1975-09-21,1975,regular,SSK,HAM,28,28,,,wikipedia-1side,,,,
cfl-1975-09-21-TOR-CGY,1975-09-21,1975,regular,TOR,CGY,23,17,,,wikipedia,,,,
cfl-1975-09-23-EDM-MTL,1975-09-23,1975,regular,EDM,MTL,31,29,,,wikipedia-1side,,,,
cfl-1975-09-24-WPG-HAM,1975-09-24,1975,regular,WPG,HAM,34,32,,,wikipedia-1side,,,,
cfl-1975-09-27-OTR-TOR,1975-09-27,1975,regular,OTR,TOR,13,9,,,wikipedia,,,,
cfl-1975-09-28-CGY-EDM,1975-09-28,1975,regular,CGY,EDM,36,38,,,wikipedia,,,,
cfl-1975-09-28-SSK-BC,1975-09-28,1975,regular,SSK,BC,33,6,,,wikipedia-1side,,,,
cfl-1975-10-01-HAM-OTR,1975-10-01,1975,regular,HAM,OTR,11,16,,,wikipedia,,,,
cfl-1975-10-02-TOR-WPG,1975-10-02,1975,regular,TOR,WPG,21,21,,,wikipedia-1side,,,,
cfl-1975-10-04-BC-CGY,1975-10-04,1975,regular,BC,CGY,12,38,,,wikipedia,,,,
cfl-1975-10-05-EDM-SSK,1975-10-05,1975,regular,EDM,SSK,18,28,,,wikipedia-1side,,,,
cfl-1975-10-08-OTR-HAM,1975-10-08,1975,regular,OTR,HAM,31,4,,,wikipedia,,,,
cfl-1975-10-12-EDM-CGY,1975-10-12,1975,regular,EDM,CGY,21,12,,,wikipedia,,,,
cfl-1975-10-12-HAM-BC,1975-10-12,1975,regular,HAM,BC,14,8,,,wikipedia,,,,
cfl-1975-10-13-TOR-MTL,1975-10-13,1975,regular,TOR,MTL,13,24,,,wikipedia-1side,,,,
cfl-1975-10-15-OTR-BC,1975-10-15,1975,regular,OTR,BC,15,25,,,wikipedia-1side,,,,
cfl-1975-10-17-SSK-CGY,1975-10-17,1975,regular,SSK,CGY,7,7,,,wikipedia-1side,,,,
cfl-1975-10-18-CGY-HAM,1975-10-18,1975,regular,CGY,HAM,23,25,,,wikipedia,,,,
cfl-1975-10-19-MTL-TOR,1975-10-19,1975,regular,MTL,TOR,11,18,,,wikipedia-1side,,,,
cfl-1975-10-19-SSK-EDM,1975-10-19,1975,regular,SSK,EDM,36,27,,,wikipedia-1side,,,,
cfl-1975-10-19-WPG-OTR,1975-10-19,1975,regular,WPG,OTR,25,25,,,wikipedia-1side,,,,
cfl-1975-10-25-BC-SSK,1975-10-25,1975,regular,BC,SSK,12,8,,,wikipedia-1side,,,,
cfl-1975-10-25-OTR-BC,1975-10-25,1975,regular,OTR,BC,15,25,,,wikipedia-1side,,,,
cfl-1975-10-25-TOR-HAM,1975-10-25,1975,regular,TOR,HAM,27,23,,,wikipedia,,,,
cfl-1975-10-26-EDM-WPG,1975-10-26,1975,regular,EDM,WPG,48,41,,,wikipedia-1side,,,,
cfl-1975-10-26-MTL-CGY,1975-10-26,1975,regular,MTL,CGY,26,20,,,wikipedia-1side,,,,
cfl-1975-11-01-BC-EDM,1975-11-01,1975,regular,BC,EDM,8,12,,,wikipedia,,,,
cfl-1975-11-01-HAM-TOR,1975-11-01,1975,regular,HAM,TOR,26,10,,,wikipedia,,,,
cfl-1975-11-02-CGY-WPG,1975-11-02,1975,regular,CGY,WPG,35,26,,,wikipedia-1side,,,,
cfl-1975-11-02-OTR-MTL,1975-11-02,1975,regular,OTR,MTL,46,6,,,wikipedia-1side,,,,
cfl-1975-11-16-EDM-SSK,1975-11-16,1975,postseason,EDM,SSK,30,18,,,wikipedia-1side,,,,
cfl-1975-11-17-OTR-MTL,1975-11-17,1975,postseason,OTR,MTL,10,20,,,wikipedia-1side,,,,
cfl-1975-11-23-EDM-MTL,1975-11-23,1975,postseason,EDM,MTL,9,8,1,Grey Cup,wikipedia-1side,,,,
cfl-1976-07-11-SSK-BC,1976-07-11,1976,regular,SSK,BC,4,28,,,wikipedia-1side,,,,
cfl-1976-07-17-EDM-SSK,1976-07-17,1976,regular,EDM,SSK,52,20,,,wikipedia-1side,,,,
cfl-1976-07-21-HAM-OTR,1976-07-21,1976,regular,HAM,OTR,16,42,,,wikipedia,,,,
cfl-1976-07-22-BC-SSK,1976-07-22,1976,regular,BC,SSK,8,35,,,wikipedia-1side,,,,
cfl-1976-07-22-WPG-TOR,1976-07-22,1976,regular,WPG,TOR,16,22,,,wikipedia-1side,,,,
cfl-1976-07-25-SSK-HAM,1976-07-25,1976,regular,SSK,HAM,20,24,,,wikipedia-1side,,,,
cfl-1976-07-27-BC-SSK,1976-07-27,1976,regular,BC,SSK,0,21,,,wikipedia-1side,,,,
cfl-1976-07-27-OTR-WPG,1976-07-27,1976,regular,OTR,WPG,38,27,,,wikipedia-1side,,,,
cfl-1976-07-28-TOR-EDM,1976-07-28,1976,regular,TOR,EDM,20,25,,,wikipedia-1side,,,,
cfl-1976-07-29-BC-HAM,1976-07-29,1976,regular,BC,HAM,39,14,,,wikipedia,,,,
cfl-1976-07-31-BC-SSK,1976-07-31,1976,regular,BC,SSK,24,15,,,wikipedia-1side,,,,
cfl-1976-08-03-OTR-SSK,1976-08-03,1976,regular,OTR,SSK,16,29,,,wikipedia-1side,,,,
cfl-1976-08-04-EDM-BC,1976-08-04,1976,regular,EDM,BC,19,12,,,wikipedia-1side,,,,
cfl-1976-08-04-TOR-MTL,1976-08-04,1976,regular,TOR,MTL,23,10,,,wikipedia-1side,,,,
cfl-1976-08-07-HAM-SSK,1976-08-07,1976,regular,HAM,SSK,8,24,,,wikipedia-1side,,,,
cfl-1976-08-11-CGY-BC,1976-08-11,1976,regular,CGY,BC,9,13,,,wikipedia-1side,,,,
cfl-1976-08-11-TOR-OTR,1976-08-11,1976,regular,TOR,OTR,16,27,,,wikipedia,,,,
cfl-1976-08-12-MTL-HAM,1976-08-12,1976,regular,MTL,HAM,11,12,,,wikipedia-1side,,,,
cfl-1976-08-15-TOR-SSK,1976-08-15,1976,regular,TOR,SSK,21,12,,,wikipedia-1side,,,,
cfl-1976-08-16-OTR-MTL,1976-08-16,1976,regular,OTR,MTL,45,9,,,wikipedia-1side,,,,
cfl-1976-08-17-BC-WPG,1976-08-17,1976,regular,BC,WPG,22,14,,,wikipedia-1side,,,,
cfl-1976-08-18-TOR-HAM,1976-08-18,1976,regular,TOR,HAM,14,11,,,wikipedia,,,,
cfl-1976-08-21-EDM-OTR,1976-08-21,1976,regular,EDM,OTR,18,20,,,wikipedia-1side,,,,
cfl-1976-08-22-SSK-CGY,1976-08-22,1976,regular,SSK,CGY,5,6,,,wikipedia-1side,,,,
cfl-1976-08-23-MTL-TOR,1976-08-23,1976,regular,MTL,TOR,23,3,,,wikipedia-1side,,,,
cfl-1976-08-24-BC-OTR,1976-08-24,1976,regular,BC,OTR,23,11,,,wikipedia,,,,
cfl-1976-08-25-HAM-CGY,1976-08-25,1976,regular,HAM,CGY,18,11,,,wikipedia-1side,,,,
cfl-1976-08-28-WPG-SSK,1976-08-28,1976,regular,WPG,SSK,30,1,,,wikipedia-1side,,,,
cfl-1976-08-30-MTL-BC,1976-08-30,1976,regular,MTL,BC,30,9,,,wikipedia-1side,,,,
cfl-1976-08-31-EDM-HAM,1976-08-31,1976,regular,EDM,HAM,5,1,,,wikipedia-1side,,,,
cfl-1976-09-01-OTR-TOR,1976-09-01,1976,regular,OTR,TOR,40,27,,,wikipedia,,,,
cfl-1976-09-05-MTL-TOR,1976-09-05,1976,regular,MTL,TOR,28,0,,,wikipedia-1side,,,,
cfl-1976-09-06-HAM-WPG,1976-09-06,1976,regular,HAM,WPG,17,15,,,wikipedia-1side,,,,
cfl-1976-09-06-SSK-BC,1976-09-06,1976,regular,SSK,BC,17,14,,,wikipedia-1side,,,,
cfl-1976-09-11-OTR-MTL,1976-09-11,1976,regular,OTR,MTL,21,13,,,wikipedia-1side,,,,
cfl-1976-09-12-BC-CGY,1976-09-12,1976,regular,BC,CGY,30,15,,,wikipedia-1side,,,,
cfl-1976-09-12-TOR-HAM,1976-09-12,1976,regular,TOR,HAM,31,22,,,wikipedia,,,,
cfl-1976-09-18-CGY-TOR,1976-09-18,1976,regular,CGY,TOR,20,28,,,wikipedia-1side,,,,
cfl-1976-09-19-OTR-HAM,1976-09-19,1976,regular,OTR,HAM,21,28,,,wikipedia,,,,
cfl-1976-09-19-WPG-BC,1976-09-19,1976,regular,WPG,BC,22,20,,,wikipedia-1side,,,,
cfl-1976-09-25-HAM-TOR,1976-09-25,1976,regular,HAM,TOR,29,14,,,wikipedia,,,,
cfl-1976-09-26-MTL-OTR,1976-09-26,1976,regular,MTL,OTR,23,2,,,wikipedia-1side,,,,
cfl-1976-10-02-BC-EDM,1976-10-02,1976,regular,BC,EDM,27,27,,,wikipedia-1side,,,,
cfl-1976-10-02-TOR-OTR,1976-10-02,1976,regular,TOR,OTR,20,20,,,wikipedia,,,,
cfl-1976-10-03-MTL-HAM,1976-10-03,1976,regular,MTL,HAM,19,26,,,wikipedia-1side,,,,
cfl-1976-10-10-SSK-TOR,1976-10-10,1976,regular,SSK,TOR,34,3,,,wikipedia-1side,,,,
cfl-1976-10-11-EDM-BC,1976-10-11,1976,regular,EDM,BC,16,12,,,wikipedia-1side,,,,
cfl-1976-10-11-HAM-MTL,1976-10-11,1976,regular,HAM,MTL,9,34,,,wikipedia-1side,,,,
cfl-1976-10-16-OTR-CGY,1976-10-16,1976,regular,OTR,CGY,37,36,,,wikipedia-1side,,,,
cfl-1976-10-17-BC-SSK,1976-10-17,1976,regular,BC,SSK,15,28,,,wikipedia-1side,,,,
cfl-1976-10-17-SSK-CGY,1976-10-17,1976,regular,SSK,CGY,7,7,,,wikipedia-1side,,,,
cfl-1976-10-17-TOR-MTL,1976-10-17,1976,regular,TOR,MTL,29,10,,,wikipedia-1side,,,,
cfl-1976-10-24-CGY-BC,1976-10-24,1976,regular,CGY,BC,31,31,,,wikipedia-1side,,,,
cfl-1976-10-24-HAM-OTR,1976-10-24,1976,regular,HAM,OTR,10,48,,,wikipedia,,,,
cfl-1976-10-30-TOR-BC,1976-10-30,1976,regular,TOR,BC,25,16,,,wikipedia,,,,
cfl-1976-10-31-OTR-HAM,1976-10-31,1976,regular,OTR,HAM,6,25,,,wikipedia,,,,
cfl-1976-11-06-BC-WPG,1976-11-06,1976,regular,BC,WPG,17,23,,,wikipedia-1side,,,,
cfl-1976-11-06-MTL-OTR,1976-11-06,1976,regular,MTL,OTR,26,17,,,wikipedia-1side,,,,
cfl-1976-11-07-HAM-TOR,1976-11-07,1976,regular,HAM,TOR,23,14,,,wikipedia,,,,
cfl-1976-11-13-HAM-MTL,1976-11-13,1976,postseason,HAM,MTL,23,0,,,wikipedia-1side,,,,
cfl-1976-11-21-OTR-HAM,1976-11-21,1976,postseason,OTR,HAM,17,15,,,wikipedia,,,,
cfl-1976-11-28-OTR-SSK,1976-11-28,1976,postseason,OTR,SSK,23,20,1,Grey Cup,wikipedia-1side,,,,
cfl-1977-07-11-SSK-BC,1977-07-11,1977,regular,SSK,BC,4,28,,,wikipedia-1side,,,,
cfl-1977-07-12-BC-CGY,1977-07-12,1977,regular,BC,CGY,14,9,,,wikipedia-1side,,,,
cfl-1977-07-12-HAM-TOR,1977-07-12,1977,regular,HAM,TOR,21,20,,,wikipedia,,,,
cfl-1977-07-13-OTR-MTL,1977-07-13,1977,regular,OTR,MTL,17,27,,,wikipedia,,,,
cfl-1977-07-17-EDM-SSK,1977-07-17,1977,regular,EDM,SSK,52,20,,,wikipedia-1side,,,,
cfl-1977-07-19-CGY-HAM,1977-07-19,1977,regular,CGY,HAM,13,11,,,wikipedia-1side,,,,
cfl-1977-07-20-SSK-BC,1977-07-20,1977,regular,SSK,BC,14,34,,,wikipedia-1side,,,,
cfl-1977-07-20-TOR-MTL,1977-07-20,1977,regular,TOR,MTL,10,16,,,wikipedia,,,,
cfl-1977-07-25-SSK-HAM,1977-07-25,1977,regular,SSK,HAM,20,24,,,wikipedia-1side,,,,
cfl-1977-07-26-BC-SSK,1977-07-26,1977,regular,BC,SSK,5,24,,,wikipedia,,,,
cfl-1977-07-26-MTL-CGY,1977-07-26,1977,regular,MTL,CGY,17,6,,,wikipedia-1side,,,,
cfl-1977-07-27-TOR-OTR,1977-07-27,1977,regular,TOR,OTR,17,1,,,wikipedia,,,,
cfl-1977-07-31-BC-SSK,1977-07-31,1977,regular,BC,SSK,24,15,,,wikipedia-1side,,,,
cfl-1977-08-02-HAM-MTL,1977-08-02,1977,regular,HAM,MTL,11,21,,,wikipedia,,,,
cfl-1977-08-03-CGY-BC,1977-08-03,1977,regular,CGY,BC,26,30,,,wikipedia-1side,,,,
cfl-1977-08-03-OTR-TOR,1977-08-03,1977,regular,OTR,TOR,41,11,,,wikipedia,,,,
cfl-1977-08-09-BC-EDM,1977-08-09,1977,regular,BC,EDM,18,24,,,wikipedia-1side,,,,
cfl-1977-08-09-SSK-OTR,1977-08-09,1977,regular,SSK,OTR,27,17,,,wikipedia-1side,,,,
cfl-1977-08-10-TOR-HAM,1977-08-10,1977,regular,TOR,HAM,22,1,,,wikipedia,,,,
cfl-1977-08-11-MTL-WPG,1977-08-11,1977,regular,MTL,WPG,27,10,,,wikipedia-1side,,,,
cfl-1977-08-15-TOR-SSK,1977-08-15,1977,regular,TOR,SSK,21,12,,,wikipedia-1side,,,,
cfl-1977-08-16-OTR-HAM,1977-08-16,1977,regular,OTR,HAM,31,17,,,wikipedia,,,,
cfl-1977-08-17-TOR-SSK,1977-08-17,1977,regular,TOR,SSK,26,27,,,wikipedia-1side,,,,
cfl-1977-08-17-WPG-BC,1977-08-17,1977,regular,WPG,BC,17,25,,,wikipedia-1side,,,,
cfl-1977-08-22-SSK-CGY,1977-08-22,1977,regular,SSK,CGY,5,6,,,wikipedia-1side,,,,
cfl-1977-08-23-BC-TOR,1977-08-23,1977,regular,BC,TOR,30,0,,,wikipedia,,,,
cfl-1977-08-23-MTL-OTR,1977-08-23,1977,regular,MTL,OTR,27,20,,,wikipedia,,,,
cfl-1977-08-24-HAM-EDM,1977-08-24,1977,regular,HAM,EDM,27,22,,,wikipedia-1side,,,,
cfl-1977-08-28-WPG-SSK,1977-08-28,1977,regular,WPG,SSK,30,1,,,wikipedia-1side,,,,
cfl-1977-08-30-EDM-MTL,1977-08-30,1977,regular,EDM,MTL,20,25,,,wikipedia-1side,,,,
cfl-1977-08-30-WPG-HAM,1977-08-30,1977,regular,WPG,HAM,20,19,,,wikipedia-1side,,,,
cfl-1977-08-31-OTR-BC,1977-08-31,1977,regular,OTR,BC,24,27,,,wikipedia,,,,
cfl-1977-09-05-HAM-OTR,1977-09-05,1977,regular,HAM,OTR,18,33,,,wikipedia,,,,
cfl-1977-09-06-MTL-TOR,1977-09-06,1977,regular,MTL,TOR,14,20,,,wikipedia,,,,
cfl-1977-09-10-BC-CGY,1977-09-10,1977,regular,BC,CGY,33,21,,,wikipedia-1side,,,,
cfl-1977-09-10-TOR-HAM,1977-09-10,1977,regular,TOR,HAM,12,25,,,wikipedia,,,,
cfl-1977-09-11-OTR-MTL,1977-09-11,1977,regular,OTR,MTL,11,16,,,wikipedia,,,,
cfl-1977-09-17-EDM-BC,1977-09-17,1977,regular,EDM,BC,18,20,,,wikipedia-1side,,,,
cfl-1977-09-18-SSK-HAM,1977-09-18,1977,regular,SSK,HAM,38,17,,,wikipedia-1side,,,,
cfl-1977-09-18-TOR-MTL,1977-09-18,1977,regular,TOR,MTL,19,13,,,wikipedia,,,,
cfl-1977-09-24-BC-EDM,1977-09-24,1977,regular,BC,EDM,30,13,,,wikipedia-1side,,,,
cfl-1977-09-24-WPG-OTR,1977-09-24,1977,regular,WPG,OTR,36,24,,,wikipedia-1side,,,,
cfl-1977-09-25-HAM-MTL,1977-09-25,1977,regular,HAM,MTL,20,19,,,wikipedia,,,,
cfl-1977-10-01-OTR-EDM,1977-10-01,1977,regular,OTR,EDM,34,17,,,wikipedia-1side,,,,
cfl-1977-10-02-MTL-TOR,1977-10-02,1977,regular,MTL,TOR,6,18,,,wikipedia,,,,
cfl-1977-10-02-WPG-BC,1977-10-02,1977,regular,WPG,BC,19,15,,,wikipedia-1side,,,,
cfl-1977-10-08-CGY-OTR,1977-10-08,1977,regular,CGY,OTR,17,27,,,wikipedia-1side,,,,
cfl-1977-10-09-MTL-SSK,1977-10-09,1977,regular,MTL,SSK,20,18,,,wikipedia-1side,,,,
cfl-1977-10-10-HAM-TOR,1977-10-10,1977,regular,HAM,TOR,2,43,,,wikipedia,,,,
cfl-1977-10-15-BC-MTL,1977-10-15,1977,regular,BC,MTL,18,17,,,wikipedia,,,,
cfl-1977-10-15-OTR-HAM,1977-10-15,1977,regular,OTR,HAM,36,28,,,wikipedia,,,,
cfl-1977-10-16-TOR-WPG,1977-10-16,1977,regular,TOR,WPG,10,29,,,wikipedia-1side,,,,
cfl-1977-10-17-SSK-CGY,1977-10-17,1977,regular,SSK,CGY,7,7,,,wikipedia-1side,,,,
cfl-1977-10-22-MTL-OTR,1977-10-22,1977,regular,MTL,OTR,28,16,,,wikipedia,,,,
cfl-1977-10-23-EDM-TOR,1977-10-23,1977,regular,EDM,TOR,16,12,,,wikipedia-1side,,,,
cfl-1977-10-23-HAM-BC,1977-10-23,1977,regular,HAM,BC,31,21,,,wikipedia,,,,
cfl-1977-10-29-MTL-HAM,1977-10-29,1977,regular,MTL,HAM,18,11,,,wikipedia,,,,
cfl-1977-10-30-OTR-TOR,1977-10-30,1977,regular,OTR,TOR,14,4,,,wikipedia,,,,
cfl-1977-10-30-SSK-BC,1977-10-30,1977,regular,SSK,BC,38,28,,,wikipedia-1side,,,,
cfl-1977-11-05-BC-WPG,1977-11-05,1977,regular,BC,WPG,21,31,,,wikipedia-1side,,,,
cfl-1977-11-05-TOR-CGY,1977-11-05,1977,regular,TOR,CGY,7,10,,,wikipedia-1side,,,,
cfl-1977-11-06-HAM-OTR,1977-11-06,1977,regular,HAM,OTR,24,25,,,wikipedia,,,,
cfl-1977-11-13-OTR-TOR,1977-11-13,1977,postseason,OTR,TOR,21,16,,,wikipedia,,,,
cfl-1977-11-19-MTL-OTR,1977-11-19,1977,postseason,MTL,OTR,21,18,,,wikipedia,,,,
cfl-1977-11-27-MTL-EDM,1977-11-27,1977,postseason,MTL,EDM,41,6,1,Grey Cup,wikipedia-1side,,,,
cfl-1978-07-11-BC-WPG,1978-07-11,1978,regular,BC,WPG,30,14,,,wikipedia,,,,
cfl-1978-07-11-OTR-MTL,1978-07-11,1978,regular,OTR,MTL,17,10,,,wikipedia,,,,
cfl-1978-07-11-SSK-BC,1978-07-11,1978,regular,SSK,BC,4,28,,,wikipedia-1side,,,,
cfl-1978-07-12-TOR-HAM,1978-07-12,1978,regular,TOR,HAM,34,22,,,wikipedia,,,,
cfl-1978-07-13-EDM-CGY,1978-07-13,1978,regular,EDM,CGY,33,17,,,wikipedia-1side,,,,
cfl-1978-07-17-EDM-SSK,1978-07-17,1978,regular,EDM,SSK,52,20,,,wikipedia-1side,,,,
cfl-1978-07-18-MTL-TOR,1978-07-18,1978,regular,MTL,TOR,30,23,,,wikipedia,,,,
cfl-1978-07-18-WPG-EDM,1978-07-18,1978,regular,WPG,EDM,28,29,,,wikipedia,,,,
cfl-1978-07-19-CGY-BC,1978-07-19,1978,regular,CGY,BC,23,21,,,wikipedia-1side,,,,
cfl-1978-07-19-HAM-SSK,1978-07-19,1978,regular,HAM,SSK,27,23,,,wikipedia-1side,,,,
cfl-1978-07-25-BC-CGY,1978-07-25,1978,regular,BC,CGY,19,19,,,wikipedia-1side,,,,
cfl-1978-07-25-MTL-HAM,1978-07-25,1978,regular,MTL,HAM,24,12,,,wikipedia,,,,
cfl-1978-07-25-SSK-HAM,1978-07-25,1978,regular,SSK,HAM,20,24,,,wikipedia-1side,,,,
cfl-1978-07-26-SSK-EDM,1978-07-26,1978,regular,SSK,EDM,11,46,,,wikipedia-1side,,,,
cfl-1978-07-26-TOR-OTR,1978-07-26,1978,regular,TOR,OTR,20,16,,,wikipedia,,,,
cfl-1978-07-27-BC-SSK,1978-07-27,1978,regular,BC,SSK,0,21,,,wikipedia-1side,,,,
cfl-1978-07-31-BC-SSK,1978-07-31,1978,regular,BC,SSK,24,15,,,wikipedia-1side,,,,
cfl-1978-08-01-BC-HAM,1978-08-01,1978,regular,BC,HAM,22,22,,,wikipedia,,,,
cfl-1978-08-01-EDM-OTR,1978-08-01,1978,regular,EDM,OTR,23,24,,,wikipedia,,,,
cfl-1978-08-02-TOR-MTL,1978-08-02,1978,regular,TOR,MTL,16,11,,,wikipedia,,,,
cfl-1978-08-02-WPG-SSK,1978-08-02,1978,regular,WPG,SSK,23,13,,,wikipedia-1side,,,,
cfl-1978-08-08-OTR-TOR,1978-08-08,1978,regular,OTR,TOR,37,18,,,wikipedia,,,,
cfl-1978-08-08-SSK-BC,1978-08-08,1978,regular,SSK,BC,14,43,,,wikipedia-1side,,,,
cfl-1978-08-09-CGY-MTL,1978-08-09,1978,regular,CGY,MTL,14,28,,,wikipedia-1side,,,,
cfl-1978-08-09-HAM-WPG,1978-08-09,1978,regular,HAM,WPG,7,29,,,wikipedia,,,,
cfl-1978-08-15-BC-SSK,1978-08-15,1978,regular,BC,SSK,24,23,,,wikipedia-1side,,,,
cfl-1978-08-15-OTR-HAM,1978-08-15,1978,regular,OTR,HAM,32,6,,,wikipedia,,,,
cfl-1978-08-15-TOR-SSK,1978-08-15,1978,regular,TOR,SSK,21,12,,,wikipedia-1side,,,,
cfl-1978-08-16-TOR-EDM,1978-08-16,1978,regular,TOR,EDM,3,40,,,wikipedia,,,,
cfl-1978-08-16-WPG-CGY,1978-08-16,1978,regular,WPG,CGY,21,29,,,wikipedia-1side,,,,
cfl-1978-08-22-MTL-BC,1978-08-22,1978,regular,MTL,BC,30,26,,,wikipedia,,,,
cfl-1978-08-22-SSK-CGY,1978-08-22,1978,regular,SSK,CGY,5,6,,,wikipedia-1side,,,,
cfl-1978-08-23-EDM-WPG,1978-08-23,1978,regular,EDM,WPG,14,8,,,wikipedia,,,,
cfl-1978-08-23-HAM-OTR,1978-08-23,1978,regular,HAM,OTR,8,36,,,wikipedia,,,,
cfl-1978-08-27-SSK-TOR,1978-08-27,1978,regular,SSK,TOR,31,10,,,wikipedia-1side,,,,
cfl-1978-08-28-WPG-SSK,1978-08-28,1978,regular,WPG,SSK,30,1,,,wikipedia-1side,,,,
cfl-1978-08-29-WPG-MTL,1978-08-29,1978,regular,WPG,MTL,36,10,,,wikipedia,,,,
cfl-1978-08-30-EDM-BC,1978-08-30,1978,regular,EDM,BC,18,10,,,wikipedia,,,,
cfl-1978-08-30-OTR-CGY,1978-08-30,1978,regular,OTR,CGY,27,16,,,wikipedia-1side,,,,
cfl-1978-09-04-CGY-EDM,1978-09-04,1978,regular,CGY,EDM,28,28,,,wikipedia-1side,,,,
cfl-1978-09-04-HAM-TOR,1978-09-04,1978,regular,HAM,TOR,19,16,,,wikipedia,,,,
cfl-1978-09-04-SSK-WPG,1978-09-04,1978,regular,SSK,WPG,29,31,,,wikipedia-1side,,,,
cfl-1978-09-05-MTL-OTR,1978-09-05,1978,regular,MTL,OTR,18,23,,,wikipedia,,,,
cfl-1978-09-09-BC-SSK,1978-09-09,1978,regular,BC,SSK,9,15,,,wikipedia-1side,,,,
cfl-1978-09-09-OTR-WPG,1978-09-09,1978,regular,OTR,WPG,29,31,,,wikipedia,,,,
cfl-1978-09-10-EDM-HAM,1978-09-10,1978,regular,EDM,HAM,56,16,,,wikipedia,,,,
cfl-1978-09-10-TOR-MTL,1978-09-10,1978,regular,TOR,MTL,11,16,,,wikipedia,,,,
cfl-1978-09-16-WPG-TOR,1978-09-16,1978,regular,WPG,TOR,19,14,,,wikipedia,,,,
cfl-1978-09-17-CGY-BC,1978-09-17,1978,regular,CGY,BC,14,4,,,wikipedia-1side,,,,
cfl-1978-09-17-MTL-HAM,1978-09-17,1978,regular,MTL,HAM,14,4,,,wikipedia,,,,
cfl-1978-09-17-SSK-EDM,1978-09-17,1978,regular,SSK,EDM,20,25,,,wikipedia-1side,,,,
cfl-1978-09-23-HAM-MTL,1978-09-23,1978,regular,HAM,MTL,17,6,,,wikipedia,,,,
cfl-1978-09-24-EDM-CGY,1978-09-24,1978,regular,EDM,CGY,20,20,,,wikipedia-1side,,,,
cfl-1978-09-24-OTR-SSK,1978-09-24,1978,regular,OTR,SSK,53,18,,,wikipedia-1side,,,,
cfl-1978-09-24-WPG-BC,1978-09-24,1978,regular,WPG,BC,32,25,,,wikipedia,,,,
cfl-1978-09-30-BC-WPG,1978-09-30,1978,regular,BC,WPG,27,38,,,wikipedia,,,,
cfl-1978-09-30-TOR-OTR,1978-09-30,1978,regular,TOR,OTR,3,24,,,wikipedia,,,,
cfl-1978-10-01-MTL-EDM,1978-10-01,1978,regular,MTL,EDM,22,42,,,wikipedia,,,,
cfl-1978-10-07-CGY-TOR,1978-10-07,1978,regular,CGY,TOR,22,16,,,wikipedia-1side,,,,
cfl-1978-10-08-SSK-MTL,1978-10-08,1978,regular,SSK,MTL,35,35,,,wikipedia-1side,,,,
cfl-1978-10-09-EDM-BC,1978-10-09,1978,regular,EDM,BC,3,15,,,wikipedia,,,,
cfl-1978-10-09-HAM-OTR,1978-10-09,1978,regular,HAM,OTR,25,5,,,wikipedia,,,,
cfl-1978-10-14-TOR-HAM,1978-10-14,1978,regular,TOR,HAM,21,7,,,wikipedia,,,,
cfl-1978-10-15-OTR-MTL,1978-10-15,1978,regular,OTR,MTL,13,10,,,wikipedia,,,,
cfl-1978-10-15-WPG-EDM,1978-10-15,1978,regular,WPG,EDM,10,38,,,wikipedia,,,,
cfl-1978-10-17-SSK-CGY,1978-10-17,1978,regular,SSK,CGY,7,7,,,wikipedia-1side,,,,
cfl-1978-10-21-BC-OTR,1978-10-21,1978,regular,BC,OTR,20,17,,,wikipedia,,,,
cfl-1978-10-21-MTL-TOR,1978-10-21,1978,regular,MTL,TOR,30,7,,,wikipedia,,,,
cfl-1978-10-22-HAM-CGY,1978-10-22,1978,regular,HAM,CGY,1,35,,,wikipedia-1side,,,,
cfl-1978-10-22-SSK-WPG,1978-10-22,1978,regular,SSK,WPG,7,13,,,wikipedia-1side,,,,
cfl-1978-10-28-OTR-HAM,1978-10-28,1978,regular,OTR,HAM,34,9,,,wikipedia,,,,
cfl-1978-10-29-EDM-SSK,1978-10-29,1978,regular,EDM,SSK,26,36,,,wikipedia-1side,,,,
cfl-1978-10-29-TOR-BC,1978-10-29,1978,regular,TOR,BC,15,31,,,wikipedia,,,,
cfl-1978-10-29-WPG-CGY,1978-10-29,1978,regular,WPG,CGY,24,28,,,wikipedia-1side,,,,
cfl-1978-11-04-BC-EDM,1978-11-04,1978,regular,BC,EDM,33,11,,,wikipedia,,,,
cfl-1978-11-04-MTL-OTR,1978-11-04,1978,regular,MTL,OTR,26,8,,,wikipedia,,,,
cfl-1978-11-05-CGY-WPG,1978-11-05,1978,regular,CGY,WPG,22,14,,,wikipedia-1side,,,,
cfl-1978-11-05-HAM-TOR,1978-11-05,1978,regular,HAM,TOR,23,16,,,wikipedia,,,,
cfl-1978-11-11-MTL-HAM,1978-11-11,1978,postseason,MTL,HAM,35,20,,,wikipedia,,,,
cfl-1978-11-18-EDM-CGY,1978-11-18,1978,postseason,EDM,CGY,26,13,,,wikipedia-1side,,,,
cfl-1978-11-19-OTR-MTL,1978-11-19,1978,postseason,OTR,MTL,16,21,,,wikipedia,,,,
cfl-1978-11-26-EDM-MTL,1978-11-26,1978,postseason,EDM,MTL,20,13,1,Grey Cup,wikipedia,,,,
cfl-1979-07-10-TOR-MTL,1979-07-10,1979,regular,TOR,MTL,9,11,,,wikipedia,,,,
cfl-1979-07-10-WPG-EDM,1979-07-10,1979,regular,WPG,EDM,10,28,,,wikipedia,,,,
cfl-1979-07-11-OTR-HAM,1979-07-11,1979,regular,OTR,HAM,30,19,,,wikipedia,,,,
cfl-1979-07-11-SSK-BC,1979-07-11,1979,regular,SSK,BC,4,28,,,wikipedia,,,,
cfl-1979-07-17-BC-MTL,1979-07-17,1979,regular,BC,MTL,25,10,,,wikipedia,,,,
cfl-1979-07-17-EDM-SSK,1979-07-17,1979,regular,EDM,SSK,52,20,,,wikipedia,,,,
cfl-1979-07-18-CGY-WPG,1979-07-18,1979,regular,CGY,WPG,35,7,,,wikipedia,,,,
cfl-1979-07-18-HAM-TOR,1979-07-18,1979,regular,HAM,TOR,11,18,,,wikipedia,,,,
cfl-1979-07-24-TOR-OTR,1979-07-24,1979,regular,TOR,OTR,2,31,,,wikipedia,,,,
cfl-1979-07-24-WPG-BC,1979-07-24,1979,regular,WPG,BC,18,19,,,wikipedia,,,,
cfl-1979-07-25-MTL-CGY,1979-07-25,1979,regular,MTL,CGY,7,19,,,wikipedia,,,,
cfl-1979-07-25-MTL-HAM,1979-07-25,1979,regular,MTL,HAM,20,24,,,wikipedia-1side,,,,
cfl-1979-07-25-SSK-HAM,1979-07-25,1979,regular,SSK,HAM,20,24,,,wikipedia-1side,,,,
cfl-1979-07-27-BC-SSK,1979-07-27,1979,regular,BC,SSK,0,21,,,wikipedia-1side,,,,
cfl-1979-07-31-BC-SSK,1979-07-31,1979,regular,BC,SSK,24,15,,,wikipedia,,,,
cfl-1979-07-31-EDM-CGY,1979-07-31,1979,regular,EDM,CGY,44,9,,,wikipedia,,,,
cfl-1979-07-31-OTR-TOR,1979-07-31,1979,regular,OTR,TOR,16,18,,,wikipedia,,,,
cfl-1979-08-01-HAM-MTL,1979-08-01,1979,regular,HAM,MTL,8,21,,,wikipedia-1side,,,,
cfl-1979-08-01-HAM-SSK,1979-08-01,1979,regular,HAM,SSK,8,21,,,wikipedia-1side,,,,
cfl-1979-08-07-BC-EDM,1979-08-07,1979,regular,BC,EDM,14,14,,,wikipedia,,,,
cfl-1979-08-07-MTL-WPG,1979-08-07,1979,regular,MTL,WPG,25,10,,,wikipedia,,,,
cfl-1979-08-08-CGY-OTR,1979-08-08,1979,regular,CGY,OTR,27,17,,,wikipedia,,,,
cfl-1979-08-08-TOR-HAM,1979-08-08,1979,regular,TOR,HAM,25,0,,,wikipedia,,,,
cfl-1979-08-14-OTR-EDM,1979-08-14,1979,regular,OTR,EDM,24,24,,,wikipedia,,,,
cfl-1979-08-14-WPG-HAM,1979-08-14,1979,regular,WPG,HAM,27,21,,,wikipedia,,,,
cfl-1979-08-15-CGY-BC,1979-08-15,1979,regular,CGY,BC,22,10,,,wikipedia,,,,
cfl-1979-08-15-TOR-SSK,1979-08-15,1979,regular,TOR,SSK,21,12,,,wikipedia,,,,
cfl-1979-08-20-MTL-OTR,1979-08-20,1979,regular,MTL,OTR,32,14,,,wikipedia,,,,
cfl-1979-08-21-EDM-WPG,1979-08-21,1979,regular,EDM,WPG,41,13,,,wikipedia,,,,
cfl-1979-08-21-HAM-BC,1979-08-21,1979,regular,HAM,BC,16,22,,,wikipedia,,,,
cfl-1979-08-22-SSK-CGY,1979-08-22,1979,regular,SSK,CGY,5,6,,,wikipedia,,,,
cfl-1979-08-28-BC-CGY,1979-08-28,1979,regular,BC,CGY,18,17,,,wikipedia,,,,
cfl-1979-08-28-EDM-TOR,1979-08-28,1979,regular,EDM,TOR,28,13,,,wikipedia,,,,
cfl-1979-08-28-WPG-SSK,1979-08-28,1979,regular,WPG,SSK,30,1,,,wikipedia,,,,
cfl-1979-08-29-OTR-MTL,1979-08-29,1979,regular,OTR,MTL,31,29,,,wikipedia,,,,
cfl-1979-09-03-CGY-EDM,1979-09-03,1979,regular,CGY,EDM,26,19,,,wikipedia,,,,
cfl-1979-09-03-HAM-OTR,1979-09-03,1979,regular,HAM,OTR,16,9,,,wikipedia,,,,
cfl-1979-09-03-SSK-WPG,1979-09-03,1979,regular,SSK,WPG,11,28,,,wikipedia-1side,,,,
cfl-1979-09-04-TOR-MTL,1979-09-04,1979,regular,TOR,MTL,25,28,,,wikipedia,,,,
cfl-1979-09-08-OTR-HAM,1979-09-08,1979,regular,OTR,HAM,44,4,,,wikipedia,,,,
cfl-1979-09-09-EDM-SSK,1979-09-09,1979,regular,EDM,SSK,40,0,,,wikipedia-1side,,,,
cfl-1979-09-09-MTL-TOR,1979-09-09,1979,regular,MTL,TOR,31,11,,,wikipedia,,,,
cfl-1979-09-09-WPG-BC,1979-09-09,1979,regular,WPG,BC,15,17,,,wikipedia,,,,
cfl-1979-09-15-WPG-OTR,1979-09-15,1979,regular,WPG,OTR,19,22,,,wikipedia,,,,
cfl-1979-09-16-EDM-BC,1979-09-16,1979,regular,EDM,BC,40,8,,,wikipedia,,,,
cfl-1979-09-16-HAM-MTL,1979-09-16,1979,regular,HAM,MTL,14,21,,,wikipedia,,,,
cfl-1979-09-16-SSK-CGY,1979-09-16,1979,regular,SSK,CGY,5,6,,,wikipedia-1side,,,,
cfl-1979-09-22-BC-TOR,1979-09-22,1979,regular,BC,TOR,34,25,,,wikipedia,,,,
cfl-1979-09-23-CGY-WPG,1979-09-23,1979,regular,CGY,WPG,28,23,,,wikipedia,,,,
cfl-1979-09-23-HAM-EDM,1979-09-23,1979,regular,HAM,EDM,21,22,,,wikipedia,,,,
cfl-1979-09-23-MTL-SSK,1979-09-23,1979,regular,MTL,SSK,11,3,,,wikipedia-1side,,,,
cfl-1979-09-29-BC-WPG,1979-09-29,1979,regular,BC,WPG,22,21,,,wikipedia,,,,
cfl-1979-09-29-TOR-HAM,1979-09-29,1979,regular,TOR,HAM,16,17,,,wikipedia,,,,
cfl-1979-09-30-CGY-EDM,1979-09-30,1979,regular,CGY,EDM,1,27,,,wikipedia,,,,
cfl-1979-09-30-OTR-MTL,1979-09-30,1979,regular,OTR,MTL,29,29,,,wikipedia,,,,
cfl-1979-10-07-SSK-OTR,1979-10-07,1979,regular,SSK,OTR,19,20,,,wikipedia-1side,,,,
cfl-1979-10-08-EDM-MTL,1979-10-08,1979,regular,EDM,MTL,47,6,,,wikipedia,,,,
cfl-1979-10-08-HAM-TOR,1979-10-08,1979,regular,HAM,TOR,42,3,,,wikipedia,,,,
cfl-1979-10-08-WPG-CGY,1979-10-08,1979,regular,WPG,CGY,13,18,,,wikipedia,,,,
cfl-1979-10-13-TOR-WPG,1979-10-13,1979,regular,TOR,WPG,19,15,,,wikipedia,,,,
cfl-1979-10-14-CGY-HAM,1979-10-14,1979,regular,CGY,HAM,16,26,,,wikipedia,,,,
cfl-1979-10-14-OTR-BC,1979-10-14,1979,regular,OTR,BC,28,26,,,wikipedia,,,,
cfl-1979-10-14-SSK-EDM,1979-10-14,1979,regular,SSK,EDM,26,25,,,wikipedia-1side,,,,
cfl-1979-10-17-SSK-CGY,1979-10-17,1979,regular,SSK,CGY,7,7,,,wikipedia-1side,,,,
cfl-1979-10-20-BC-CGY,1979-10-20,1979,regular,BC,CGY,32,37,,,wikipedia,,,,
cfl-1979-10-20-MTL-TOR,1979-10-20,1979,regular,MTL,TOR,25,11,,,wikipedia,,,,
cfl-1979-10-21-HAM-OTR,1979-10-21,1979,regular,HAM,OTR,21,3,,,wikipedia,,,,
cfl-1979-10-21-WPG-SSK,1979-10-21,1979,regular,WPG,SSK,23,14,,,wikipedia-1side,,,,
cfl-1979-10-27-MTL-OTR,1979-10-27,1979,regular,MTL,OTR,24,8,,,wikipedia,,,,
cfl-1979-10-28-EDM-WPG,1979-10-28,1979,regular,EDM,WPG,19,11,,,wikipedia,,,,
cfl-1979-10-28-SSK-BC,1979-10-28,1979,regular,SSK,BC,26,12,,,wikipedia-1side,,,,
cfl-1979-10-28-TOR-CGY,1979-10-28,1979,regular,TOR,CGY,12,28,,,wikipedia,,,,
cfl-1979-11-03-BC-EDM,1979-11-03,1979,regular,BC,EDM,17,25,,,wikipedia,,,,
cfl-1979-11-03-OTR-TOR,1979-11-03,1979,regular,OTR,TOR,23,6,,,wikipedia,,,,
cfl-1979-11-04-CGY-SSK,1979-11-04,1979,regular,CGY,SSK,41,8,,,wikipedia-1side,,,,
cfl-1979-11-05-MTL-HAM,1979-11-05,1979,regular,MTL,HAM,41,20,,,wikipedia,,,,
cfl-1979-11-10-CGY-BC,1979-11-10,1979,postseason,CGY,BC,37,2,,,wikipedia-1side,,,,
cfl-1979-11-11-OTR-HAM,1979-11-11,1979,postseason,OTR,HAM,29,26,,,wikipedia,,,,
cfl-1979-11-17-MTL-OTR,1979-11-17,1979,postseason,MTL,OTR,17,6,,,wikipedia,,,,
cfl-1979-11-18-EDM-CGY,1979-11-18,1979,postseason,EDM,CGY,19,7,,,wikipedia-1side,,,,
cfl-1979-11-25-MTL-EDM,1979-11-25,1979,postseason,MTL,EDM,9,17,1,Grey Cup,wikipedia,,,,
cfl-1980-07-08-BC-SSK,1980-07-08,1980,regular,BC,SSK,39,24,,,wikipedia-1side,,,,
cfl-1980-07-08-OTR-CGY,1980-07-08,1980,regular,OTR,CGY,26,20,,,wikipedia,,,,
cfl-1980-07-09-EDM-WPG,1980-07-09,1980,regular,EDM,WPG,36,13,,,wikipedia,,,,
cfl-1980-07-09-TOR-MTL,1980-07-09,1980,regular,TOR,MTL,18,11,,,wikipedia,,,,
cfl-1980-07-15-CGY-MTL,1980-07-15,1980,regular,CGY,MTL,19,8,,,wikipedia,,,,
cfl-1980-07-15-HAM-OTR,1980-07-15,1980,regular,HAM,OTR,41,23,,,wikipedia,,,,
cfl-1980-07-16-SSK-EDM,1980-07-16,1980,regular,SSK,EDM,6,21,,,wikipedia-1side,,,,
cfl-1980-07-16-WPG-TOR,1980-07-16,1980,regular,WPG,TOR,17,20,,,wikipedia,,,,
cfl-1980-07-22-BC-WPG,1980-07-22,1980,regular,BC,WPG,26,6,,,wikipedia,,,,
cfl-1980-07-22-MTL-HAM,1980-07-22,1980,regular,MTL,HAM,17,14,,,wikipedia,,,,
cfl-1980-07-23-CGY-SSK,1980-07-23,1980,regular,CGY,SSK,40,24,,,wikipedia-1side,,,,
cfl-1980-07-23-TOR-OTR,1980-07-23,1980,regular,TOR,OTR,16,20,,,wikipedia,,,,
cfl-1980-07-29-OTR-TOR,1980-07-29,1980,regular,OTR,TOR,10,18,,,wikipedia,,,,
cfl-1980-07-29-WPG-CGY,1980-07-29,1980,regular,WPG,CGY,35,18,,,wikipedia,,,,
cfl-1980-07-30-EDM-BC,1980-07-30,1980,regular,EDM,BC,33,21,,,wikipedia,,,,
cfl-1980-07-30-HAM-SSK,1980-07-30,1980,regular,HAM,SSK,18,19,,,wikipedia-1side,,,,
cfl-1980-08-05-BC-CGY,1980-08-05,1980,regular,BC,CGY,31,23,,,wikipedia,,,,
cfl-1980-08-05-OTR-HAM,1980-08-05,1980,regular,OTR,HAM,3,13,,,wikipedia,,,,
cfl-1980-08-06-SSK-MTL,1980-08-06,1980,regular,SSK,MTL,10,18,,,wikipedia-1side,,,,
cfl-1980-08-06-TOR-EDM,1980-08-06,1980,regular,TOR,EDM,3,23,,,wikipedia,,,,
cfl-1980-08-12-CGY-BC,1980-08-12,1980,regular,CGY,BC,24,17,,,wikipedia,,,,
cfl-1980-08-12-MTL-OTR,1980-08-12,1980,regular,MTL,OTR,17,27,,,wikipedia,,,,
cfl-1980-08-13-TOR-HAM,1980-08-13,1980,regular,TOR,HAM,16,18,,,wikipedia,,,,
cfl-1980-08-13-WPG-EDM,1980-08-13,1980,regular,WPG,EDM,17,30,,,wikipedia,,,,
cfl-1980-08-18-OTR-MTL,1980-08-18,1980,regular,OTR,MTL,33,11,,,wikipedia,,,,
cfl-1980-08-19-EDM-CGY,1980-08-19,1980,regular,EDM,CGY,15,16,,,wikipedia,,,,
cfl-1980-08-20-HAM-WPG,1980-08-20,1980,regular,HAM,WPG,22,30,,,wikipedia,,,,
cfl-1980-08-20-SSK-BC,1980-08-20,1980,regular,SSK,BC,21,31,,,wikipedia-1side,,,,
cfl-1980-08-26-BC-HAM,1980-08-26,1980,regular,BC,HAM,17,17,,,wikipedia,,,,
cfl-1980-08-26-EDM-OTR,1980-08-26,1980,regular,EDM,OTR,45,20,,,wikipedia,,,,
cfl-1980-08-26-MTL-TOR,1980-08-26,1980,regular,MTL,TOR,43,33,,,wikipedia,,,,
cfl-1980-08-27-WPG-SSK,1980-08-27,1980,regular,WPG,SSK,32,29,,,wikipedia-1side,,,,
cfl-1980-09-01-CGY-EDM,1980-09-01,1980,regular,CGY,EDM,23,38,,,wikipedia,,,,
cfl-1980-09-01-HAM-TOR,1980-09-01,1980,regular,HAM,TOR,23,2,,,wikipedia,,,,
cfl-1980-09-01-MTL-BC,1980-09-01,1980,regular,MTL,BC,6,14,,,wikipedia-1side,,,,
cfl-1980-09-01-WPG-SSK,1980-09-01,1980,regular,WPG,SSK,32,29,,,wikipedia-1side,,,,
cfl-1980-09-06-TOR-MTL,1980-09-06,1980,regular,TOR,MTL,24,35,,,wikipedia-1side,,,,
cfl-1980-09-07-EDM-HAM,1980-09-07,1980,regular,EDM,HAM,53,18,,,wikipedia,,,,
cfl-1980-09-07-OTR-SSK,1980-09-07,1980,regular,OTR,SSK,31,21,,,wikipedia-1side,,,,
cfl-1980-09-07-WPG-CGY,1980-09-07,1980,regular,WPG,CGY,30,29,,,wikipedia,,,,
cfl-1980-09-13-BC-EDM,1980-09-13,1980,regular,BC,EDM,14,42,,,wikipedia,,,,
cfl-1980-09-13-HAM-MTL,1980-09-13,1980,regular,HAM,MTL,14,25,,,wikipedia,,,,
cfl-1980-09-14-OTR-WPG,1980-09-14,1980,regular,OTR,WPG,19,20,,,wikipedia,,,,
cfl-1980-09-14-SSK-TOR,1980-09-14,1980,regular,SSK,TOR,17,28,,,wikipedia-1side,,,,
cfl-1980-09-20-CGY-BC,1980-09-20,1980,regular,CGY,BC,24,16,,,wikipedia,,,,
cfl-1980-09-21-EDM-SSK,1980-09-21,1980,regular,EDM,SSK,24,17,,,wikipedia-1side,,,,
cfl-1980-09-21-MTL-HAM,1980-09-21,1980,regular,MTL,HAM,49,10,,,wikipedia,,,,
cfl-1980-09-21-TOR-OTR,1980-09-21,1980,regular,TOR,OTR,41,17,,,wikipedia,,,,
cfl-1980-09-27-MTL-TOR,1980-09-27,1980,regular,MTL,TOR,29,23,,,wikipedia,,,,
cfl-1980-09-28-HAM-OTR,1980-09-28,1980,regular,HAM,OTR,29,24,,,wikipedia,,,,
cfl-1980-09-28-SSK-CGY,1980-09-28,1980,regular,SSK,CGY,18,14,,,wikipedia-1side,,,,
cfl-1980-09-28-WPG-BC,1980-09-28,1980,regular,WPG,BC,28,22,,,wikipedia,,,,
cfl-1980-10-04-BC-SSK,1980-10-04,1980,regular,BC,SSK,44,8,,,wikipedia-1side,,,,
cfl-1980-10-05-CGY-TOR,1980-10-05,1980,regular,CGY,TOR,27,14,,,wikipedia,,,,
cfl-1980-10-05-OTR-MTL,1980-10-05,1980,regular,OTR,MTL,49,14,,,wikipedia,,,,
cfl-1980-10-05-WPG-EDM,1980-10-05,1980,regular,WPG,EDM,28,14,,,wikipedia,,,,
cfl-1980-10-12-MTL-OTR,1980-10-12,1980,regular,MTL,OTR,34,17,,,wikipedia,,,,
cfl-1980-10-12-SSK-WPG,1980-10-12,1980,regular,SSK,WPG,16,39,,,wikipedia-1side,,,,
cfl-1980-10-13-EDM-BC,1980-10-13,1980,regular,EDM,BC,33,9,,,wikipedia,,,,
cfl-1980-10-13-HAM-CGY,1980-10-13,1980,regular,HAM,CGY,30,28,,,wikipedia,,,,
cfl-1980-10-18-BC-OTR,1980-10-18,1980,regular,BC,OTR,27,7,,,wikipedia,,,,
cfl-1980-10-19-CGY-WPG,1980-10-19,1980,regular,CGY,WPG,31,28,,,wikipedia,,,,
cfl-1980-10-19-SSK-EDM,1980-10-19,1980,regular,SSK,EDM,28,29,,,wikipedia-1side,,,,
cfl-1980-10-19-TOR-HAM,1980-10-19,1980,regular,TOR,HAM,24,25,,,wikipedia,,,,
cfl-1980-10-25-OTR-HAM,1980-10-25,1980,regular,OTR,HAM,27,26,,,wikipedia,,,,
cfl-1980-10-26-EDM-CGY,1980-10-26,1980,regular,EDM,CGY,28,34,,,wikipedia,,,,
cfl-1980-10-26-TOR-BC,1980-10-26,1980,regular,TOR,BC,38,20,,,wikipedia,,,,
cfl-1980-10-26-WPG-MTL,1980-10-26,1980,regular,WPG,MTL,26,25,,,wikipedia,,,,
cfl-1980-11-01-MTL-EDM,1980-11-01,1980,regular,MTL,EDM,14,44,,,wikipedia,,,,
cfl-1980-11-02-BC-WPG,1980-11-02,1980,regular,BC,WPG,43,17,,,wikipedia,,,,
cfl-1980-11-02-CGY-SSK,1980-11-02,1980,regular,CGY,SSK,37,10,,,wikipedia-1side,,,,
cfl-1980-11-02-HAM-TOR,1980-11-02,1980,regular,HAM,TOR,23,16,,,wikipedia,,,,
cfl-1980-11-08-OTR-MTL,1980-11-08,1980,postseason,OTR,MTL,21,25,,,wikipedia,,,,
cfl-1980-11-15-EDM-WPG,1980-11-15,1980,postseason,EDM,WPG,34,24,,,wikipedia-1side,,,,
cfl-1980-11-16-HAM-MTL,1980-11-16,1980,postseason,HAM,MTL,24,13,,,wikipedia,,,,
cfl-1980-11-23-EDM-HAM,1980-11-23,1980,postseason,EDM,HAM,48,10,1,Grey Cup,wikipedia,,,,
cfl-1981-07-02-TOR-SSK,1981-07-02,1981,regular,TOR,SSK,18,19,,,wikipedia-1side,,,,
cfl-1981-07-03-OTR-EDM,1981-07-03,1981,regular,OTR,EDM,21,47,,,wikipedia,,,,
cfl-1981-07-04-BC-MTL,1981-07-04,1981,regular,BC,MTL,48,8,,,wikipedia,,,,
cfl-1981-07-05-WPG-HAM,1981-07-05,1981,regular,WPG,HAM,23,33,,,wikipedia,,,,
cfl-1981-07-05-WPG-HAM,1981-07-05,1981,regular,WPG,HAM,23,33,,,wikipedia-1side,,,,
cfl-1981-07-10-MTL-TOR,1981-07-10,1981,regular,MTL,TOR,23,22,,,wikipedia,,,,
cfl-1981-07-11-EDM-CGY,1981-07-11,1981,regular,EDM,CGY,30,10,,,wikipedia,,,,
cfl-1981-07-11-HAM-OTR,1981-07-11,1981,regular,HAM,OTR,47,10,,,wikipedia,,,,
cfl-1981-07-11-HAM-OTR,1981-07-11,1981,regular,HAM,OTR,47,10,,,wikipedia-1side,,,,
cfl-1981-07-12-SSK-WPG,1981-07-12,1981,regular,SSK,WPG,20,22,,,wikipedia-1side,,,,
cfl-1981-07-16-TOR-BC,1981-07-16,1981,regular,TOR,BC,28,32,,,wikipedia,,,,
cfl-1981-07-17-CGY-HAM,1981-07-17,1981,regular,CGY,HAM,26,6,,,wikipedia,,,,
cfl-1981-07-17-CGY-HAM,1981-07-17,1981,regular,CGY,HAM,26,6,,,wikipedia-1side,,,,
cfl-1981-07-17-OTR-MTL,1981-07-17,1981,regular,OTR,MTL,33,31,,,wikipedia,,,,
cfl-1981-07-19-WPG-EDM,1981-07-19,1981,regular,WPG,EDM,38,28,,,wikipedia,,,,
cfl-1981-07-24-SSK-CGY,1981-07-24,1981,regular,SSK,CGY,16,25,,,wikipedia-1side,,,,
cfl-1981-07-25-BC-OTR,1981-07-25,1981,regular,BC,OTR,31,17,,,wikipedia,,,,
cfl-1981-07-25-HAM-TOR,1981-07-25,1981,regular,HAM,TOR,57,13,,,wikipedia,,,,
cfl-1981-07-25-HAM-TOR,1981-07-25,1981,regular,HAM,TOR,57,13,,,wikipedia-1side,,,,
cfl-1981-07-26-MTL-EDM,1981-07-26,1981,regular,MTL,EDM,17,33,,,wikipedia,,,,
cfl-1981-07-30-TOR-WPG,1981-07-30,1981,regular,TOR,WPG,18,21,,,wikipedia,,,,
cfl-1981-07-31-CGY-BC,1981-07-31,1981,regular,CGY,BC,29,52,,,wikipedia,,,,
cfl-1981-08-01-EDM-HAM,1981-08-01,1981,regular,EDM,HAM,41,5,,,wikipedia,,,,
cfl-1981-08-01-EDM-HAM,1981-08-01,1981,regular,EDM,HAM,41,5,,,wikipedia-1side,,,,
cfl-1981-08-02-MTL-SSK,1981-08-02,1981,regular,MTL,SSK,23,43,,,wikipedia-1side,,,,
cfl-1981-08-07-OTR-TOR,1981-08-07,1981,regular,OTR,TOR,38,11,,,wikipedia,,,,
cfl-1981-08-08-HAM-CGY,1981-08-08,1981,regular,HAM,CGY,28,16,,,wikipedia,,,,
cfl-1981-08-08-HAM-CGY,1981-08-08,1981,regular,HAM,CGY,28,16,,,wikipedia-1side,,,,
cfl-1981-08-08-WPG-MTL,1981-08-08,1981,regular,WPG,MTL,58,2,,,wikipedia,,,,
cfl-1981-08-09-SSK-BC,1981-08-09,1981,regular,SSK,BC,24,28,,,wikipedia-1side,,,,
cfl-1981-08-13-TOR-EDM,1981-08-13,1981,regular,TOR,EDM,12,22,,,wikipedia,,,,
cfl-1981-08-14-CGY-WPG,1981-08-14,1981,regular,CGY,WPG,18,17,,,wikipedia,,,,
cfl-1981-08-15-OTR-SSK,1981-08-15,1981,regular,OTR,SSK,16,32,,,wikipedia-1side,,,,
cfl-1981-08-16-BC-HAM,1981-08-16,1981,regular,BC,HAM,23,37,,,wikipedia,,,,
cfl-1981-08-16-BC-HAM,1981-08-16,1981,regular,BC,HAM,23,37,,,wikipedia-1side,,,,
cfl-1981-08-21-CGY-OTR,1981-08-21,1981,regular,CGY,OTR,30,18,,,wikipedia,,,,
cfl-1981-08-22-EDM-WPG,1981-08-22,1981,regular,EDM,WPG,28,10,,,wikipedia,,,,
cfl-1981-08-23-MTL-BC,1981-08-23,1981,regular,MTL,BC,14,29,,,wikipedia,,,,
cfl-1981-08-23-SSK-TOR,1981-08-23,1981,regular,SSK,TOR,38,14,,,wikipedia-1side,,,,
cfl-1981-08-28-WPG-OTR,1981-08-28,1981,regular,WPG,OTR,31,8,,,wikipedia,,,,
cfl-1981-08-29-BC-CGY,1981-08-29,1981,regular,BC,CGY,31,21,,,wikipedia,,,,
cfl-1981-08-29-HAM-MTL,1981-08-29,1981,regular,HAM,MTL,16,11,,,wikipedia,,,,
cfl-1981-08-29-HAM-MTL,1981-08-29,1981,regular,HAM,MTL,16,11,,,wikipedia-1side,,,,
cfl-1981-08-30-EDM-SSK,1981-08-30,1981,regular,EDM,SSK,44,34,,,wikipedia-1side,,,,
cfl-1981-09-04-OTR-BC,1981-09-04,1981,regular,OTR,BC,17,7,,,wikipedia,,,,
cfl-1981-09-06-SSK-MTL,1981-09-06,1981,regular,SSK,MTL,35,26,,,wikipedia-1side,,,,
cfl-1981-09-07-CGY-TOR,1981-09-07,1981,regular,CGY,TOR,23,5,,,wikipedia,,,,
cfl-1981-09-07-HAM-EDM,1981-09-07,1981,regular,HAM,EDM,34,34,,,wikipedia,,,,
cfl-1981-09-07-HAM-EDM,1981-09-07,1981,regular,HAM,EDM,34,34,,,wikipedia-1side,,,,
cfl-1981-09-12-MTL-HAM,1981-09-12,1981,regular,MTL,HAM,10,26,,,wikipedia,,,,
cfl-1981-09-12-MTL-HAM,1981-09-12,1981,regular,MTL,HAM,10,26,,,wikipedia-1side,,,,
cfl-1981-09-12-WPG-SSK,1981-09-12,1981,regular,WPG,SSK,25,32,,,wikipedia-1side,,,,
cfl-1981-09-13-EDM-BC,1981-09-13,1981,regular,EDM,BC,38,21,,,wikipedia,,,,
cfl-1981-09-13-TOR-OTR,1981-09-13,1981,regular,TOR,OTR,6,23,,,wikipedia,,,,
cfl-1981-09-19-BC-TOR,1981-09-19,1981,regular,BC,TOR,45,14,,,wikipedia,,,,
cfl-1981-09-19-CGY-EDM,1981-09-19,1981,regular,CGY,EDM,10,23,,,wikipedia,,,,
cfl-1981-09-20-HAM-WPG,1981-09-20,1981,regular,HAM,WPG,25,13,,,wikipedia,,,,
cfl-1981-09-20-HAM-WPG,1981-09-20,1981,regular,HAM,WPG,25,13,,,wikipedia-1side,,,,
cfl-1981-09-20-SSK-OTR,1981-09-20,1981,regular,SSK,OTR,26,23,,,wikipedia-1side,,,,
cfl-1981-09-26-EDM-MTL,1981-09-26,1981,regular,EDM,MTL,62,11,,,wikipedia,,,,
cfl-1981-09-26-OTR-HAM,1981-09-26,1981,regular,OTR,HAM,16,30,,,wikipedia,,,,
cfl-1981-09-26-OTR-HAM,1981-09-26,1981,regular,OTR,HAM,16,30,,,wikipedia-1side,,,,
cfl-1981-09-27-TOR-CGY,1981-09-27,1981,regular,TOR,CGY,29,26,,,wikipedia,,,,
cfl-1981-09-27-WPG-BC,1981-09-27,1981,regular,WPG,BC,46,10,,,wikipedia,,,,
cfl-1981-10-03-BC-EDM,1981-10-03,1981,regular,BC,EDM,12,22,,,wikipedia,,,,
cfl-1981-10-03-OTR-WPG,1981-10-03,1981,regular,OTR,WPG,24,44,,,wikipedia,,,,
cfl-1981-10-04-MTL-CGY,1981-10-04,1981,regular,MTL,CGY,22,16,,,wikipedia,,,,
cfl-1981-10-04-SSK-HAM,1981-10-04,1981,regular,SSK,HAM,26,30,,,wikipedia-1side,,,,
cfl-1981-10-04-SSK-HAM,1981-10-04,1981,regular,SSK,HAM,26,30,,,wikipedia-1side,,,,
cfl-1981-10-10-CGY-MTL,1981-10-10,1981,regular,CGY,MTL,29,3,,,wikipedia,,,,
cfl-1981-10-11-WPG-TOR,1981-10-11,1981,regular,WPG,TOR,43,12,,,wikipedia,,,,
cfl-1981-10-12-EDM-OTR,1981-10-12,1981,regular,EDM,OTR,24,6,,,wikipedia,,,,
cfl-1981-10-12-HAM-SSK,1981-10-12,1981,regular,HAM,SSK,12,28,,,wikipedia-1side,,,,
cfl-1981-10-12-HAM-SSK,1981-10-12,1981,regular,HAM,SSK,12,28,,,wikipedia-1side,,,,
cfl-1981-10-17-BC-WPG,1981-10-17,1981,regular,BC,WPG,22,49,,,wikipedia,,,,
cfl-1981-10-17-TOR-MTL,1981-10-17,1981,regular,TOR,MTL,20,14,,,wikipedia,,,,
cfl-1981-10-18-OTR-CGY,1981-10-18,1981,regular,OTR,CGY,21,10,,,wikipedia,,,,
cfl-1981-10-18-SSK-EDM,1981-10-18,1981,regular,SSK,EDM,29,41,,,wikipedia-1side,,,,
cfl-1981-10-24-EDM-TOR,1981-10-24,1981,regular,EDM,TOR,61,7,,,wikipedia,,,,
cfl-1981-10-24-MTL-WPG,1981-10-24,1981,regular,MTL,WPG,13,33,,,wikipedia,,,,
cfl-1981-10-25-CGY-SSK,1981-10-25,1981,regular,CGY,SSK,11,24,,,wikipedia-1side,,,,
cfl-1981-10-25-HAM-BC,1981-10-25,1981,regular,HAM,BC,7,34,,,wikipedia,,,,
cfl-1981-10-25-HAM-BC,1981-10-25,1981,regular,HAM,BC,7,34,,,wikipedia-1side,,,,
cfl-1981-10-31-BC-SSK,1981-10-31,1981,regular,BC,SSK,13,5,,,wikipedia-1side,,,,
cfl-1981-10-31-TOR-HAM,1981-10-31,1981,regular,TOR,HAM,11,21,,,wikipedia,,,,
cfl-1981-10-31-TOR-HAM,1981-10-31,1981,regular,TOR,HAM,11,21,,,wikipedia-1side,,,,
cfl-1981-11-01-MTL-OTR,1981-11-01,1981,regular,MTL,OTR,39,15,,,wikipedia,,,,
cfl-1981-11-01-WPG-CGY,1981-11-01,1981,regular,WPG,CGY,44,6,,,wikipedia,,,,
cfl-1981-11-08-OTR-MTL,1981-11-08,1981,postseason,OTR,MTL,20,16,,,wikipedia-1side,,,,
cfl-1981-11-15-HAM-OTR,1981-11-15,1981,regular,HAM,OTR,13,17,,,wikipedia-1side,,,,
cfl-1981-11-15-HAM-OTR,1981-11-15,1981,regular,HAM,OTR,13,17,,,wikipedia-1side,,,,
cfl-1981-11-15-EDM-BC,1981-11-15,1981,postseason,EDM,BC,22,16,,,wikipedia-1side,,,,
cfl-1981-11-22-EDM-OTR,1981-11-22,1981,postseason,EDM,OTR,26,23,1,Grey Cup,wikipedia-1side,,,,
cfl-1982-07-08-TOR-CGY,1982-07-08,1982,regular,TOR,CGY,24,24,,,wikipedia,,,,
cfl-1982-07-09-WPG-SSK,1982-07-09,1982,regular,WPG,SSK,31,21,,,wikipedia-1side,,,,
cfl-1982-07-10-BC-HAM,1982-07-10,1982,regular,BC,HAM,51,34,,,wikipedia,,,,
cfl-1982-07-11-OTR-EDM,1982-07-11,1982,regular,OTR,EDM,7,55,,,wikipedia,,,,
cfl-1982-07-16-MTL-WPG,1982-07-16,1982,regular,MTL,WPG,0,36,,,wikipedia,,,,
cfl-1982-07-17-EDM-TOR,1982-07-17,1982,regular,EDM,TOR,31,12,,,wikipedia,,,,
cfl-1982-07-17-HAM-OTR,1982-07-17,1982,regular,HAM,OTR,20,14,,,wikipedia,,,,
cfl-1982-07-18-SSK-BC,1982-07-18,1982,regular,SSK,BC,24,26,,,wikipedia-1side,,,,
cfl-1982-07-23-TOR-MTL,1982-07-23,1982,regular,TOR,MTL,16,13,,,wikipedia,,,,
cfl-1982-07-24-CGY-SSK,1982-07-24,1982,regular,CGY,SSK,19,25,,,wikipedia-1side,,,,
cfl-1982-07-24-WPG-HAM,1982-07-24,1982,regular,WPG,HAM,25,36,,,wikipedia,,,,
cfl-1982-07-25-BC-EDM,1982-07-25,1982,regular,BC,EDM,38,28,,,wikipedia,,,,
cfl-1982-07-29-OTR-MTL,1982-07-29,1982,regular,OTR,MTL,55,5,,,wikipedia,,,,
cfl-1982-07-30-SSK-TOR,1982-07-30,1982,regular,SSK,TOR,22,44,,,wikipedia-1side,,,,
cfl-1982-07-31-HAM-CGY,1982-07-31,1982,regular,HAM,CGY,12,30,,,wikipedia,,,,
cfl-1982-08-01-EDM-WPG,1982-08-01,1982,regular,EDM,WPG,26,32,,,wikipedia,,,,
cfl-1982-08-06-CGY-OTR,1982-08-06,1982,regular,CGY,OTR,30,19,,,wikipedia,,,,
cfl-1982-08-06-MTL-HAM,1982-08-06,1982,regular,MTL,HAM,21,10,,,wikipedia,,,,
cfl-1982-08-07-TOR-EDM,1982-08-07,1982,regular,TOR,EDM,30,22,,,wikipedia,,,,
cfl-1982-08-08-WPG-BC,1982-08-08,1982,regular,WPG,BC,29,16,,,wikipedia,,,,
cfl-1982-08-12-OTR-SSK,1982-08-12,1982,regular,OTR,SSK,19,26,,,wikipedia-1side,,,,
cfl-1982-08-13-HAM-TOR,1982-08-13,1982,regular,HAM,TOR,37,27,,,wikipedia,,,,
cfl-1982-08-14-BC-CGY,1982-08-14,1982,regular,BC,CGY,8,30,,,wikipedia,,,,
cfl-1982-08-15-EDM-MTL,1982-08-15,1982,regular,EDM,MTL,46,8,,,wikipedia,,,,
cfl-1982-08-19-TOR-OTR,1982-08-19,1982,regular,TOR,OTR,35,25,,,wikipedia,,,,
cfl-1982-08-20-CGY-WPG,1982-08-20,1982,regular,CGY,WPG,4,35,,,wikipedia,,,,
cfl-1982-08-21-SSK-HAM,1982-08-21,1982,regular,SSK,HAM,18,15,,,wikipedia-1side,,,,
cfl-1982-08-22-MTL-BC,1982-08-22,1982,regular,MTL,BC,9,45,,,wikipedia,,,,
cfl-1982-08-27-MTL-CGY,1982-08-27,1982,regular,MTL,CGY,30,31,,,wikipedia,,,,
cfl-1982-08-28-BC-TOR,1982-08-28,1982,regular,BC,TOR,19,20,,,wikipedia-1side,,,,
cfl-1982-08-28-WPG-OTR,1982-08-28,1982,regular,WPG,OTR,27,20,,,wikipedia,,,,
cfl-1982-08-29-EDM-SSK,1982-08-29,1982,regular,EDM,SSK,25,32,,,wikipedia-1side,,,,
cfl-1982-09-03-OTR-BC,1982-09-03,1982,regular,OTR,BC,13,45,,,wikipedia,,,,
cfl-1982-09-05-SSK-WPG,1982-09-05,1982,regular,SSK,WPG,35,36,,,wikipedia-1side,,,,
cfl-1982-09-06-CGY-EDM,1982-09-06,1982,regular,CGY,EDM,32,20,,,wikipedia,,,,
cfl-1982-09-06-HAM-MTL,1982-09-06,1982,regular,HAM,MTL,28,9,,,wikipedia,,,,
cfl-1982-09-10-TOR-HAM,1982-09-10,1982,regular,TOR,HAM,25,30,,,wikipedia,,,,
cfl-1982-09-11-WPG-CGY,1982-09-11,1982,regular,WPG,CGY,11,15,,,wikipedia,,,,
cfl-1982-09-12-EDM-OTR,1982-09-12,1982,regular,EDM,OTR,47,11,,,wikipedia,,,,
cfl-1982-09-12-MTL-SSK,1982-09-12,1982,regular,MTL,SSK,16,13,,,wikipedia-1side,,,,
cfl-1982-09-17-CGY-TOR,1982-09-17,1982,regular,CGY,TOR,30,34,,,wikipedia,,,,
cfl-1982-09-18-BC-SSK,1982-09-18,1982,regular,BC,SSK,36,32,,,wikipedia-1side,,,,
cfl-1982-09-18-OTR-WPG,1982-09-18,1982,regular,OTR,WPG,38,28,,,wikipedia,,,,
cfl-1982-09-19-HAM-EDM,1982-09-19,1982,regular,HAM,EDM,14,32,,,wikipedia,,,,
cfl-1982-09-24-SSK-OTR,1982-09-24,1982,regular,SSK,OTR,19,30,,,wikipedia-1side,,,,
cfl-1982-09-25-WPG-MTL,1982-09-25,1982,regular,WPG,MTL,19,16,,,wikipedia,,,,
cfl-1982-09-26-EDM-CGY,1982-09-26,1982,regular,EDM,CGY,36,17,,,wikipedia,,,,
cfl-1982-09-26-TOR-BC,1982-09-26,1982,regular,TOR,BC,14,46,,,wikipedia,,,,
cfl-1982-10-02-BC-WPG,1982-10-02,1982,regular,BC,WPG,19,29,,,wikipedia,,,,
cfl-1982-10-02-MTL-TOR,1982-10-02,1982,regular,MTL,TOR,9,25,,,wikipedia,,,,
cfl-1982-10-03-OTR-HAM,1982-10-03,1982,regular,OTR,HAM,13,18,,,wikipedia,,,,
cfl-1982-10-03-SSK-CGY,1982-10-03,1982,regular,SSK,CGY,53,8,,,wikipedia-1side,,,,
cfl-1982-10-09-CGY-MTL,1982-10-09,1982,regular,CGY,MTL,34,24,,,wikipedia,,,,
cfl-1982-10-10-EDM-BC,1982-10-10,1982,regular,EDM,BC,30,1,,,wikipedia,,,,
cfl-1982-10-11-HAM-SSK,1982-10-11,1982,regular,HAM,SSK,24,24,,,wikipedia-1side,,,,
cfl-1982-10-11-WPG-TOR,1982-10-11,1982,regular,WPG,TOR,39,35,,,wikipedia,,,,
cfl-1982-10-16-BC-OTR,1982-10-16,1982,regular,BC,OTR,28,22,,,wikipedia,,,,
cfl-1982-10-16-MTL-EDM,1982-10-16,1982,regular,MTL,EDM,39,53,,,wikipedia,,,,
cfl-1982-10-17-CGY-HAM,1982-10-17,1982,regular,CGY,HAM,55,48,,,wikipedia,,,,
cfl-1982-10-17-TOR-WPG,1982-10-17,1982,regular,TOR,WPG,16,29,,,wikipedia,,,,
cfl-1982-10-23-OTR-CGY,1982-10-23,1982,regular,OTR,CGY,42,19,,,wikipedia,,,,
cfl-1982-10-23-WPG-EDM,1982-10-23,1982,regular,WPG,EDM,17,33,,,wikipedia,,,,
cfl-1982-10-24-HAM-BC,1982-10-24,1982,regular,HAM,BC,35,22,,,wikipedia,,,,
cfl-1982-10-24-SSK-MTL,1982-10-24,1982,regular,SSK,MTL,25,20,,,wikipedia-1side,,,,
cfl-1982-10-30-EDM-HAM,1982-10-30,1982,regular,EDM,HAM,14,11,,,wikipedia,,,,
cfl-1982-10-30-TOR-SSK,1982-10-30,1982,regular,TOR,SSK,41,36,,,wikipedia-1side,,,,
cfl-1982-10-31-CGY-BC,1982-10-31,1982,regular,CGY,BC,25,19,,,wikipedia,,,,
cfl-1982-10-31-MTL-OTR,1982-10-31,1982,regular,MTL,OTR,32,34,,,wikipedia,,,,
cfl-1982-11-06-BC-MTL,1982-11-06,1982,regular,BC,MTL,32,16,,,wikipedia,,,,
cfl-1982-11-06-OTR-TOR,1982-11-06,1982,regular,OTR,TOR,14,28,,,wikipedia,,,,
cfl-1982-11-07-HAM-WPG,1982-11-07,1982,regular,HAM,WPG,24,21,,,wikipedia,,,,
cfl-1982-11-07-SSK-EDM,1982-11-07,1982,regular,SSK,EDM,22,46,,,wikipedia-1side,,,,
cfl-1982-11-14-HAM-OTR,1982-11-14,1982,postseason,HAM,OTR,20,30,,,wikipedia,,,,
cfl-1982-11-14-WPG-CGY,1982-11-14,1982,postseason,WPG,CGY,24,3,,,wikipedia-1side,,,,
cfl-1982-11-21-EDM-WPG,1982-11-21,1982,postseason,EDM,WPG,24,21,,,wikipedia-1side,,,,
cfl-1982-11-21-TOR-OTR,1982-11-21,1982,postseason,TOR,OTR,44,7,,,wikipedia,,,,
cfl-1982-11-28-TOR-EDM,1982-11-28,1982,postseason,TOR,EDM,16,32,1,Grey Cup,wikipedia,,,,
cfl-1983-07-07-CGY-TOR,1983-07-07,1983,regular,CGY,TOR,30,45,,,wikipedia,,,,
cfl-1983-07-07-MTL-SSK,1983-07-07,1983,regular,MTL,SSK,14,21,,,wikipedia-1side,,,,
cfl-1983-07-08-WPG-OTR,1983-07-08,1983,regular,WPG,OTR,25,26,,,wikipedia,,,,
cfl-1983-07-09-HAM-EDM,1983-07-09,1983,regular,HAM,EDM,32,35,,,wikipedia-1side,,,,
cfl-1983-07-14-TOR-BC,1983-07-14,1983,regular,TOR,BC,17,14,,,wikipedia,,,,
cfl-1983-07-15-EDM-WPG,1983-07-15,1983,regular,EDM,WPG,18,20,,,wikipedia-1side,,,,
cfl-1983-07-16-MTL-OTR,1983-07-16,1983,regular,MTL,OTR,36,28,,,wikipedia,,,,
cfl-1983-07-16-SSK-HAM,1983-07-16,1983,regular,SSK,HAM,19,50,,,wikipedia-1side,,,,
cfl-1983-07-21-OTR-CGY,1983-07-21,1983,regular,OTR,CGY,13,27,,,wikipedia,,,,
cfl-1983-07-22-WPG-HAM,1983-07-22,1983,regular,WPG,HAM,29,18,,,wikipedia,,,,
cfl-1983-07-23-MTL-TOR,1983-07-23,1983,regular,MTL,TOR,13,28,,,wikipedia,,,,
cfl-1983-07-24-BC-SSK,1983-07-24,1983,regular,BC,SSK,44,28,,,wikipedia-1side,,,,
cfl-1983-07-28-OTR-EDM,1983-07-28,1983,regular,OTR,EDM,4,44,,,wikipedia-1side,,,,
cfl-1983-07-29-SSK-TOR,1983-07-29,1983,regular,SSK,TOR,21,40,,,wikipedia-1side,,,,
cfl-1983-07-30-HAM-BC,1983-07-30,1983,regular,HAM,BC,28,34,,,wikipedia,,,,
cfl-1983-07-31-CGY-MTL,1983-07-31,1983,regular,CGY,MTL,42,10,,,wikipedia,,,,
cfl-1983-08-06-TOR-HAM,1983-08-06,1983,regular,TOR,HAM,18,31,,,wikipedia,,,,
cfl-1983-08-07-BC-CGY,1983-08-07,1983,regular,BC,CGY,32,16,,,wikipedia,,,,
cfl-1983-08-07-MTL-WPG,1983-08-07,1983,regular,MTL,WPG,25,30,,,wikipedia,,,,
cfl-1983-08-12-EDM-BC,1983-08-12,1983,regular,EDM,BC,13,43,,,wikipedia-1side,,,,
cfl-1983-08-13-HAM-OTR,1983-08-13,1983,regular,HAM,OTR,24,22,,,wikipedia,,,,
cfl-1983-08-13-WPG-TOR,1983-08-13,1983,regular,WPG,TOR,32,16,,,wikipedia,,,,
cfl-1983-08-14-SSK-CGY,1983-08-14,1983,regular,SSK,CGY,28,36,,,wikipedia-1side,,,,
cfl-1983-08-19-OTR-TOR,1983-08-19,1983,regular,OTR,TOR,17,27,,,wikipedia,,,,
cfl-1983-08-20-BC-WPG,1983-08-20,1983,regular,BC,WPG,44,6,,,wikipedia,,,,
cfl-1983-08-20-MTL-EDM,1983-08-20,1983,regular,MTL,EDM,15,28,,,wikipedia-1side,,,,
cfl-1983-08-21-CGY-HAM,1983-08-21,1983,regular,CGY,HAM,26,15,,,wikipedia,,,,
cfl-1983-08-26-EDM-OTR,1983-08-26,1983,regular,EDM,OTR,14,17,,,wikipedia-1side,,,,
cfl-1983-08-26-TOR-SSK,1983-08-26,1983,regular,TOR,SSK,36,15,,,wikipedia-1side,,,,
cfl-1983-08-27-BC-MTL,1983-08-27,1983,regular,BC,MTL,28,6,,,wikipedia,,,,
cfl-1983-08-28-WPG-CGY,1983-08-28,1983,regular,WPG,CGY,36,21,,,wikipedia,,,,
cfl-1983-09-02-OTR-BC,1983-09-02,1983,regular,OTR,BC,49,19,,,wikipedia,,,,
cfl-1983-09-04-SSK-WPG,1983-09-04,1983,regular,SSK,WPG,32,30,,,wikipedia-1side,,,,
cfl-1983-09-05-CGY-EDM,1983-09-05,1983,regular,CGY,EDM,18,15,,,wikipedia-1side,,,,
cfl-1983-09-05-HAM-MTL,1983-09-05,1983,regular,HAM,MTL,35,30,,,wikipedia,,,,
cfl-1983-09-09-OTR-SSK,1983-09-09,1983,regular,OTR,SSK,28,29,,,wikipedia-1side,,,,
cfl-1983-09-10-BC-TOR,1983-09-10,1983,regular,BC,TOR,14,32,,,wikipedia,,,,
cfl-1983-09-10-WPG-MTL,1983-09-10,1983,regular,WPG,MTL,18,30,,,wikipedia,,,,
cfl-1983-09-11-EDM-HAM,1983-09-11,1983,regular,EDM,HAM,50,21,,,wikipedia-1side,,,,
cfl-1983-09-16-CGY-WPG,1983-09-16,1983,regular,CGY,WPG,14,19,,,wikipedia,,,,
cfl-1983-09-17-MTL-BC,1983-09-17,1983,regular,MTL,BC,26,42,,,wikipedia,,,,
cfl-1983-09-18-HAM-TOR,1983-09-18,1983,regular,HAM,TOR,16,50,,,wikipedia,,,,
cfl-1983-09-24-TOR-CGY,1983-09-24,1983,regular,TOR,CGY,20,49,,,wikipedia,,,,
cfl-1983-09-24-WPG-SSK,1983-09-24,1983,regular,WPG,SSK,50,19,,,wikipedia-1side,,,,
cfl-1983-09-25-BC-EDM,1983-09-25,1983,regular,BC,EDM,31,30,,,wikipedia-1side,,,,
cfl-1983-09-25-OTR-HAM,1983-09-25,1983,regular,OTR,HAM,29,25,,,wikipedia,,,,
cfl-1983-10-01-HAM-WPG,1983-10-01,1983,regular,HAM,WPG,19,34,,,wikipedia,,,,
cfl-1983-10-01-SSK-OTR,1983-10-01,1983,regular,SSK,OTR,23,24,,,wikipedia-1side,,,,
cfl-1983-10-02-EDM-CGY,1983-10-02,1983,regular,EDM,CGY,31,28,,,wikipedia-1side,,,,
cfl-1983-10-02-MTL-TOR,1983-10-02,1983,regular,MTL,TOR,17,30,,,wikipedia,,,,
cfl-1983-10-08-CGY-OTR,1983-10-08,1983,regular,CGY,OTR,24,29,,,wikipedia,,,,
cfl-1983-10-09-SSK-MTL,1983-10-09,1983,regular,SSK,MTL,23,40,,,wikipedia-1side,,,,
cfl-1983-10-09-TOR-EDM,1983-10-09,1983,regular,TOR,EDM,19,15,,,wikipedia-1side,,,,
cfl-1983-10-10-WPG-BC,1983-10-10,1983,regular,WPG,BC,18,30,,,wikipedia,,,,
cfl-1983-10-15-EDM-MTL,1983-10-15,1983,regular,EDM,MTL,45,32,,,wikipedia-1side,,,,
cfl-1983-10-15-HAM-SSK,1983-10-15,1983,regular,HAM,SSK,34,22,,,wikipedia-1side,,,,
cfl-1983-10-16-CGY-BC,1983-10-16,1983,regular,CGY,BC,25,16,,,wikipedia,,,,
cfl-1983-10-16-OTR-WPG,1983-10-16,1983,regular,OTR,WPG,42,23,,,wikipedia,,,,
cfl-1983-10-22-BC-HAM,1983-10-22,1983,regular,BC,HAM,41,16,,,wikipedia,,,,
cfl-1983-10-22-MTL-CGY,1983-10-22,1983,regular,MTL,CGY,27,8,,,wikipedia,,,,
cfl-1983-10-23-TOR-OTR,1983-10-23,1983,regular,TOR,OTR,19,20,,,wikipedia,,,,
cfl-1983-10-23-WPG-EDM,1983-10-23,1983,regular,WPG,EDM,33,15,,,wikipedia-1side,,,,
cfl-1983-10-29-EDM-TOR,1983-10-29,1983,regular,EDM,TOR,15,22,,,wikipedia-1side,,,,
cfl-1983-10-29-OTR-MTL,1983-10-29,1983,regular,OTR,MTL,20,25,,,wikipedia,,,,
cfl-1983-10-30-SSK-BC,1983-10-30,1983,regular,SSK,BC,11,5,,,wikipedia-1side,,,,
cfl-1983-10-31-HAM-CGY,1983-10-31,1983,regular,HAM,CGY,12,35,,,wikipedia,,,,
cfl-1983-11-05-BC-OTR,1983-11-05,1983,regular,BC,OTR,40,13,,,wikipedia,,,,
cfl-1983-11-05-TOR-WPG,1983-11-05,1983,regular,TOR,WPG,33,9,,,wikipedia,,,,
cfl-1983-11-06-CGY-SSK,1983-11-06,1983,regular,CGY,SSK,23,27,,,wikipedia-1side,,,,
cfl-1983-11-06-MTL-HAM,1983-11-06,1983,regular,MTL,HAM,21,21,,,wikipedia,,,,
cfl-1983-11-13-OTR-HAM,1983-11-13,1983,postseason,OTR,HAM,31,33,,,wikipedia,,,,
cfl-1983-11-20-TOR-HAM,1983-11-20,1983,postseason,TOR,HAM,41,36,,,wikipedia,,,,
cfl-1983-11-27-BC-TOR,1983-11-27,1983,postseason,BC,TOR,17,18,1,Grey Cup,wikipedia-1side,,,,
cfl-1984-06-29-CGY-WPG,1984-06-29,1984,regular,CGY,WPG,24,17,,,wikipedia,,,,
cfl-1984-06-30-EDM-OTR,1984-06-30,1984,regular,EDM,OTR,32,31,,,wikipedia-1side,,,,
cfl-1984-06-30-MTL-HAM,1984-06-30,1984,regular,MTL,HAM,31,49,,,wikipedia,,,,
cfl-1984-07-01-SSK-TOR,1984-07-01,1984,regular,SSK,TOR,10,25,,,wikipedia-1side,,,,
cfl-1984-07-06-BC-EDM,1984-07-06,1984,regular,BC,EDM,44,10,,,wikipedia-1side,,,,
cfl-1984-07-07-OTR-CGY,1984-07-07,1984,regular,OTR,CGY,17,16,,,wikipedia,,,,
cfl-1984-07-08-HAM-SSK,1984-07-08,1984,regular,HAM,SSK,27,27,,,wikipedia-1side,,,,
cfl-1984-07-08-WPG-TOR,1984-07-08,1984,regular,WPG,TOR,28,26,,,wikipedia,,,,
cfl-1984-07-13-EDM-CGY,1984-07-13,1984,regular,EDM,CGY,40,13,,,wikipedia-1side,,,,
cfl-1984-07-14-OTR-HAM,1984-07-14,1984,regular,OTR,HAM,31,9,,,wikipedia,,,,
cfl-1984-07-15-MTL-SSK,1984-07-15,1984,regular,MTL,SSK,32,16,,,wikipedia-1side,,,,
cfl-1984-07-15-TOR-BC,1984-07-15,1984,regular,TOR,BC,29,39,,,wikipedia,,,,
cfl-1984-07-20-CGY-HAM,1984-07-20,1984,regular,CGY,HAM,23,18,,,wikipedia,,,,
cfl-1984-07-21-MTL-OTR,1984-07-21,1984,regular,MTL,OTR,28,31,,,wikipedia,,,,
cfl-1984-07-22-TOR-EDM,1984-07-22,1984,regular,TOR,EDM,43,26,,,wikipedia-1side,,,,
cfl-1984-07-22-WPG-BC,1984-07-22,1984,regular,WPG,BC,25,3,,,wikipedia,,,,
cfl-1984-07-27-CGY-TOR,1984-07-27,1984,regular,CGY,TOR,17,43,,,wikipedia,,,,
cfl-1984-07-28-BC-MTL,1984-07-28,1984,regular,BC,MTL,22,7,,,wikipedia,,,,
cfl-1984-07-28-HAM-WPG,1984-07-28,1984,regular,HAM,WPG,20,42,,,wikipedia,,,,
cfl-1984-07-29-OTR-SSK,1984-07-29,1984,regular,OTR,SSK,24,46,,,wikipedia-1side,,,,
cfl-1984-08-03-EDM-WPG,1984-08-03,1984,regular,EDM,WPG,21,22,,,wikipedia-1side,,,,
cfl-1984-08-04-MTL-CGY,1984-08-04,1984,regular,MTL,CGY,28,14,,,wikipedia,,,,
cfl-1984-08-05-SSK-BC,1984-08-05,1984,regular,SSK,BC,27,29,,,wikipedia-1side,,,,
cfl-1984-08-05-TOR-OTR,1984-08-05,1984,regular,TOR,OTR,49,14,,,wikipedia,,,,
cfl-1984-08-10-WPG-MTL,1984-08-10,1984,regular,WPG,MTL,45,15,,,wikipedia,,,,
cfl-1984-08-11-BC-OTR,1984-08-11,1984,regular,BC,OTR,46,34,,,wikipedia,,,,
cfl-1984-08-12-HAM-TOR,1984-08-12,1984,regular,HAM,TOR,22,30,,,wikipedia,,,,
cfl-1984-08-17-OTR-WPG,1984-08-17,1984,regular,OTR,WPG,17,46,,,wikipedia,,,,
cfl-1984-08-18-MTL-EDM,1984-08-18,1984,regular,MTL,EDM,44,24,,,wikipedia-1side,,,,
cfl-1984-08-19-CGY-SSK,1984-08-19,1984,regular,CGY,SSK,32,11,,,wikipedia-1side,,,,
cfl-1984-08-19-HAM-BC,1984-08-19,1984,regular,HAM,BC,11,19,,,wikipedia,,,,
cfl-1984-08-24-EDM-HAM,1984-08-24,1984,regular,EDM,HAM,35,14,,,wikipedia-1side,,,,
cfl-1984-08-25-BC-CGY,1984-08-25,1984,regular,BC,CGY,15,4,,,wikipedia,,,,
cfl-1984-08-26-TOR-MTL,1984-08-26,1984,regular,TOR,MTL,29,23,,,wikipedia,,,,
cfl-1984-08-26-WPG-SSK,1984-08-26,1984,regular,WPG,SSK,48,28,,,wikipedia-1side,,,,
cfl-1984-08-31-OTR-TOR,1984-08-31,1984,regular,OTR,TOR,20,23,,,wikipedia,,,,
cfl-1984-09-02-SSK-WPG,1984-09-02,1984,regular,SSK,WPG,30,25,,,wikipedia-1side,,,,
cfl-1984-09-03-CGY-EDM,1984-09-03,1984,regular,CGY,EDM,28,30,,,wikipedia-1side,,,,
cfl-1984-09-03-HAM-MTL,1984-09-03,1984,regular,HAM,MTL,30,11,,,wikipedia,,,,
cfl-1984-09-07-WPG-OTR,1984-09-07,1984,regular,WPG,OTR,65,25,,,wikipedia,,,,
cfl-1984-09-08-EDM-TOR,1984-09-08,1984,regular,EDM,TOR,34,33,,,wikipedia-1side,,,,
cfl-1984-09-09-BC-HAM,1984-09-09,1984,regular,BC,HAM,46,11,,,wikipedia,,,,
cfl-1984-09-09-SSK-CGY,1984-09-09,1984,regular,SSK,CGY,18,32,,,wikipedia-1side,,,,
cfl-1984-09-14-CGY-OTR,1984-09-14,1984,regular,CGY,OTR,23,21,,,wikipedia,,,,
cfl-1984-09-15-MTL-BC,1984-09-15,1984,regular,MTL,BC,33,17,,,wikipedia,,,,
cfl-1984-09-15-WPG-HAM,1984-09-15,1984,regular,WPG,HAM,48,16,,,wikipedia,,,,
cfl-1984-09-16-TOR-SSK,1984-09-16,1984,regular,TOR,SSK,18,21,,,wikipedia-1side,,,,
cfl-1984-09-21-OTR-EDM,1984-09-21,1984,regular,OTR,EDM,32,23,,,wikipedia-1side,,,,
cfl-1984-09-22-BC-SSK,1984-09-22,1984,regular,BC,SSK,28,37,,,wikipedia-1side,,,,
cfl-1984-09-22-MTL-WPG,1984-09-22,1984,regular,MTL,WPG,14,14,,,wikipedia,,,,
cfl-1984-09-23-HAM-CGY,1984-09-23,1984,regular,HAM,CGY,29,26,,,wikipedia,,,,
cfl-1984-09-28-EDM-BC,1984-09-28,1984,regular,EDM,BC,32,34,,,wikipedia-1side,,,,
cfl-1984-09-29-CGY-MTL,1984-09-29,1984,regular,CGY,MTL,13,27,,,wikipedia,,,,
cfl-1984-09-30-SSK-OTR,1984-09-30,1984,regular,SSK,OTR,31,15,,,wikipedia-1side,,,,
cfl-1984-09-30-TOR-WPG,1984-09-30,1984,regular,TOR,WPG,31,19,,,wikipedia,,,,
cfl-1984-10-06-BC-TOR,1984-10-06,1984,regular,BC,TOR,21,21,,,wikipedia,,,,
cfl-1984-10-06-MTL-SSK,1984-10-06,1984,regular,MTL,SSK,24,30,,,wikipedia-1side,,,,
cfl-1984-10-07-HAM-EDM,1984-10-07,1984,regular,HAM,EDM,21,28,,,wikipedia-1side,,,,
cfl-1984-10-08-WPG-CGY,1984-10-08,1984,regular,WPG,CGY,46,8,,,wikipedia,,,,
cfl-1984-10-13-EDM-MTL,1984-10-13,1984,regular,EDM,MTL,29,26,,,wikipedia-1side,,,,
cfl-1984-10-13-OTR-BC,1984-10-13,1984,regular,OTR,BC,33,40,,,wikipedia,,,,
cfl-1984-10-14-SSK-HAM,1984-10-14,1984,regular,SSK,HAM,8,31,,,wikipedia-1side,,,,
cfl-1984-10-14-TOR-CGY,1984-10-14,1984,regular,TOR,CGY,24,28,,,wikipedia,,,,
cfl-1984-10-20-CGY-BC,1984-10-20,1984,regular,CGY,BC,13,41,,,wikipedia,,,,
cfl-1984-10-20-HAM-OTR,1984-10-20,1984,regular,HAM,OTR,20,14,,,wikipedia,,,,
cfl-1984-10-21-MTL-TOR,1984-10-21,1984,regular,MTL,TOR,14,17,,,wikipedia,,,,
cfl-1984-10-21-WPG-EDM,1984-10-21,1984,regular,WPG,EDM,30,11,,,wikipedia-1side,,,,
cfl-1984-10-27-BC-WPG,1984-10-27,1984,regular,BC,WPG,20,3,,,wikipedia,,,,
cfl-1984-10-27-TOR-HAM,1984-10-27,1984,regular,TOR,HAM,20,25,,,wikipedia,,,,
cfl-1984-10-28-OTR-MTL,1984-10-28,1984,regular,OTR,MTL,24,29,,,wikipedia,,,,
cfl-1984-11-04-HAM-MTL,1984-11-04,1984,postseason,HAM,MTL,17,11,,,wikipedia,,,,
cfl-1984-11-11-TOR-HAM,1984-11-11,1984,postseason,TOR,HAM,13,14,,,wikipedia,,,,
cfl-1985-07-04-MTL-WPG,1985-07-04,1985,regular,MTL,WPG,34,18,,,wikipedia,,,,
cfl-1985-07-05-EDM-TOR,1985-07-05,1985,regular,EDM,TOR,25,23,,,wikipedia-1side,,,,
cfl-1985-07-06-HAM-BC,1985-07-06,1985,regular,HAM,BC,8,42,,,wikipedia,,,,
cfl-1985-07-10-MTL-CGY,1985-07-10,1985,regular,MTL,CGY,22,18,,,wikipedia,,,,
cfl-1985-07-11-WPG-HAM,1985-07-11,1985,regular,WPG,HAM,16,11,,,wikipedia,,,,
cfl-1985-07-12-TOR-SSK,1985-07-12,1985,regular,TOR,SSK,29,25,,,wikipedia-1side,,,,
cfl-1985-07-13-BC-EDM,1985-07-13,1985,regular,BC,EDM,25,10,,,wikipedia-1side,,,,
cfl-1985-07-19-SSK-MTL,1985-07-19,1985,regular,SSK,MTL,12,21,,,wikipedia-1side,,,,
cfl-1985-07-20-WPG-TOR,1985-07-20,1985,regular,WPG,TOR,28,27,,,wikipedia,,,,
cfl-1985-07-21-CGY-BC,1985-07-21,1985,regular,CGY,BC,14,39,,,wikipedia,,,,
cfl-1985-07-25-EDM-WPG,1985-07-25,1985,regular,EDM,WPG,25,23,,,wikipedia-1side,,,,
cfl-1985-07-26-HAM-TOR,1985-07-26,1985,regular,HAM,TOR,10,35,,,wikipedia,,,,
cfl-1985-07-27-BC-MTL,1985-07-27,1985,regular,BC,MTL,28,15,,,wikipedia,,,,
cfl-1985-07-28-OTR-CGY,1985-07-28,1985,regular,OTR,CGY,14,12,,,wikipedia-1side,,,,
cfl-1985-08-01-TOR-BC,1985-08-01,1985,regular,TOR,BC,18,43,,,wikipedia,,,,
cfl-1985-08-02-MTL-HAM,1985-08-02,1985,regular,MTL,HAM,11,39,,,wikipedia,,,,
cfl-1985-08-03-CGY-SSK,1985-08-03,1985,regular,CGY,SSK,17,30,,,wikipedia-1side,,,,
cfl-1985-08-08-WPG-OTR,1985-08-08,1985,regular,WPG,OTR,58,15,,,wikipedia-1side,,,,
cfl-1985-08-09-TOR-EDM,1985-08-09,1985,regular,TOR,EDM,43,23,,,wikipedia-1side,,,,
cfl-1985-08-10-SSK-HAM,1985-08-10,1985,regular,SSK,HAM,33,29,,,wikipedia-1side,,,,
cfl-1985-08-11-CGY-MTL,1985-08-11,1985,regular,CGY,MTL,6,29,,,wikipedia,,,,
cfl-1985-08-16-MTL-TOR,1985-08-16,1985,regular,MTL,TOR,28,10,,,wikipedia,,,,
cfl-1985-08-17-BC-CGY,1985-08-17,1985,regular,BC,CGY,32,35,,,wikipedia,,,,
cfl-1985-08-18-HAM-WPG,1985-08-18,1985,regular,HAM,WPG,10,28,,,wikipedia,,,,
cfl-1985-08-22-TOR-OTR,1985-08-22,1985,regular,TOR,OTR,8,18,,,wikipedia-1side,,,,
cfl-1985-08-24-BC-HAM,1985-08-24,1985,regular,BC,HAM,21,11,,,wikipedia,,,,
cfl-1985-08-25-WPG-CGY,1985-08-25,1985,regular,WPG,CGY,43,6,,,wikipedia,,,,
cfl-1985-08-30-OTR-BC,1985-08-30,1985,regular,OTR,BC,13,18,,,wikipedia-1side,,,,
cfl-1985-09-01-SSK-WPG,1985-09-01,1985,regular,SSK,WPG,10,18,,,wikipedia-1side,,,,
cfl-1985-09-02-CGY-EDM,1985-09-02,1985,regular,CGY,EDM,28,34,,,wikipedia-1side,,,,
cfl-1985-09-02-HAM-MTL,1985-09-02,1985,regular,HAM,MTL,19,16,,,wikipedia,,,,
cfl-1985-09-06-BC-TOR,1985-09-06,1985,regular,BC,TOR,32,23,,,wikipedia,,,,
cfl-1985-09-07-OTR-WPG,1985-09-07,1985,regular,OTR,WPG,14,42,,,wikipedia-1side,,,,
cfl-1985-09-08-EDM-HAM,1985-09-08,1985,regular,EDM,HAM,27,17,,,wikipedia-1side,,,,
cfl-1985-09-08-MTL-SSK,1985-09-08,1985,regular,MTL,SSK,33,12,,,wikipedia-1side,,,,
cfl-1985-09-13-WPG-MTL,1985-09-13,1985,regular,WPG,MTL,24,0,,,wikipedia,,,,
cfl-1985-09-14-CGY-OTR,1985-09-14,1985,regular,CGY,OTR,32,7,,,wikipedia-1side,,,,
cfl-1985-09-15-TOR-HAM,1985-09-15,1985,regular,TOR,HAM,10,41,,,wikipedia,,,,
cfl-1985-09-20-MTL-BC,1985-09-20,1985,regular,MTL,BC,20,31,,,wikipedia,,,,
cfl-1985-09-21-EDM-CGY,1985-09-21,1985,regular,EDM,CGY,17,6,,,wikipedia-1side,,,,
cfl-1985-09-22-HAM-OTR,1985-09-22,1985,regular,HAM,OTR,32,11,,,wikipedia-1side,,,,
cfl-1985-09-22-WPG-SSK,1985-09-22,1985,regular,WPG,SSK,49,3,,,wikipedia-1side,,,,
cfl-1985-09-27-TOR-WPG,1985-09-27,1985,regular,TOR,WPG,27,24,,,wikipedia,,,,
cfl-1985-09-28-BC-SSK,1985-09-28,1985,regular,BC,SSK,33,9,,,wikipedia-1side,,,,
cfl-1985-09-29-CGY-HAM,1985-09-29,1985,regular,CGY,HAM,13,30,,,wikipedia,,,,
cfl-1985-09-29-OTR-MTL,1985-09-29,1985,regular,OTR,MTL,23,7,,,wikipedia-1side,,,,
cfl-1985-10-04-SSK-CGY,1985-10-04,1985,regular,SSK,CGY,21,10,,,wikipedia-1side,,,,
cfl-1985-10-05-HAM-EDM,1985-10-05,1985,regular,HAM,EDM,12,17,,,wikipedia-1side,,,,
cfl-1985-10-06-OTR-TOR,1985-10-06,1985,regular,OTR,TOR,19,15,,,wikipedia-1side,,,,
cfl-1985-10-06-WPG-BC,1985-10-06,1985,regular,WPG,BC,33,26,,,wikipedia,,,,
cfl-1985-10-11-BC-WPG,1985-10-11,1985,regular,BC,WPG,10,31,,,wikipedia,,,,
cfl-1985-10-12-EDM-MTL,1985-10-12,1985,regular,EDM,MTL,39,1,,,wikipedia-1side,,,,
cfl-1985-10-14-CGY-TOR,1985-10-14,1985,regular,CGY,TOR,28,17,,,wikipedia,,,,
cfl-1985-10-14-HAM-SSK,1985-10-14,1985,regular,HAM,SSK,51,14,,,wikipedia-1side,,,,
cfl-1985-10-18-WPG-EDM,1985-10-18,1985,regular,WPG,EDM,18,37,,,wikipedia-1side,,,,
cfl-1985-10-19-MTL-OTR,1985-10-19,1985,regular,MTL,OTR,7,30,,,wikipedia-1side,,,,
cfl-1985-10-20-SSK-BC,1985-10-20,1985,regular,SSK,BC,18,42,,,wikipedia-1side,,,,
cfl-1985-10-20-TOR-CGY,1985-10-20,1985,regular,TOR,CGY,26,10,,,wikipedia,,,,
cfl-1985-10-25-CGY-WPG,1985-10-25,1985,regular,CGY,WPG,4,47,,,wikipedia,,,,
cfl-1985-10-26-OTR-HAM,1985-10-26,1985,regular,OTR,HAM,4,36,,,wikipedia-1side,,,,
cfl-1985-10-27-EDM-BC,1985-10-27,1985,regular,EDM,BC,29,42,,,wikipedia-1side,,,,
cfl-1985-10-27-TOR-MTL,1985-10-27,1985,regular,TOR,MTL,3,17,,,wikipedia,,,,
cfl-1985-11-01-BC-OTR,1985-11-01,1985,regular,BC,OTR,17,10,,,wikipedia-1side,,,,
cfl-1985-11-02-HAM-CGY,1985-11-02,1985,regular,HAM,CGY,21,17,,,wikipedia,,,,
cfl-1985-11-03-MTL-EDM,1985-11-03,1985,regular,MTL,EDM,23,20,,,wikipedia-1side,,,,
cfl-1985-11-03-SSK-TOR,1985-11-03,1985,regular,SSK,TOR,26,30,,,wikipedia-1side,,,,
cfl-1985-11-10-MTL-OTR,1985-11-10,1985,postseason,MTL,OTR,30,20,,,wikipedia-1side,,,,
cfl-1985-11-17-BC-WPG,1985-11-17,1985,postseason,BC,WPG,42,22,,,wikipedia-1side,,,,
cfl-1985-11-17-HAM-MTL,1985-11-17,1985,postseason,HAM,MTL,50,26,,,wikipedia,,,,
cfl-1985-11-24-BC-HAM,1985-11-24,1985,postseason,BC,HAM,37,24,1,Grey Cup,wikipedia,,,,
cfl-1986-06-24-CGY-EDM,1986-06-24,1986,regular,CGY,EDM,20,21,,,wikipedia-1side,,,,
cfl-1986-06-26-BC-WPG,1986-06-26,1986,regular,BC,WPG,28,17,,,wikipedia,,,,
cfl-1986-06-26-TOR-HAM,1986-06-26,1986,regular,TOR,HAM,21,20,,,wikipedia,,,,
cfl-1986-06-27-OTR-MTL,1986-06-27,1986,regular,OTR,MTL,20,11,,,wikipedia-1side,,,,
cfl-1986-06-29-SSK-CGY,1986-06-29,1986,regular,SSK,CGY,28,14,,,wikipedia-1side,,,,
cfl-1986-07-03-EDM-BC,1986-07-03,1986,regular,EDM,BC,36,13,,,wikipedia-1side,,,,
cfl-1986-07-03-HAM-OTR,1986-07-03,1986,regular,HAM,OTR,2,18,,,wikipedia-1side,,,,
cfl-1986-07-04-MTL-TOR,1986-07-04,1986,regular,MTL,TOR,12,20,,,wikipedia,,,,
cfl-1986-07-05-WPG-SSK,1986-07-05,1986,regular,WPG,SSK,56,0,,,wikipedia-1side,,,,
cfl-1986-07-10-OTR-CGY,1986-07-10,1986,regular,OTR,CGY,15,31,,,wikipedia-1side,,,,
cfl-1986-07-11-BC-TOR,1986-07-11,1986,regular,BC,TOR,28,17,,,wikipedia,,,,
cfl-1986-07-12-HAM-WPG,1986-07-12,1986,regular,HAM,WPG,28,11,,,wikipedia,,,,
cfl-1986-07-12-SSK-EDM,1986-07-12,1986,regular,SSK,EDM,19,31,,,wikipedia-1side,,,,
cfl-1986-07-17-TOR-SSK,1986-07-17,1986,regular,TOR,SSK,14,21,,,wikipedia-1side,,,,
cfl-1986-07-18-CGY-HAM,1986-07-18,1986,regular,CGY,HAM,23,21,,,wikipedia-1side,,,,
cfl-1986-07-19-BC-MTL,1986-07-19,1986,regular,BC,MTL,27,20,,,wikipedia,,,,
cfl-1986-07-24-OTR-MTL,1986-07-24,1986,regular,OTR,MTL,28,29,,,wikipedia-1side,,,,
cfl-1986-07-24-WPG-CGY,1986-07-24,1986,regular,WPG,CGY,25,20,,,wikipedia,,,,
cfl-1986-07-25-HAM-BC,1986-07-25,1986,regular,HAM,BC,21,36,,,wikipedia,,,,
cfl-1986-07-26-SSK-TOR,1986-07-26,1986,regular,SSK,TOR,17,27,,,wikipedia-1side,,,,
cfl-1986-07-31-CGY-BC,1986-07-31,1986,regular,CGY,BC,17,18,,,wikipedia-1side,,,,
cfl-1986-08-01-EDM-TOR,1986-08-01,1986,regular,EDM,TOR,34,35,,,wikipedia-1side,,,,
cfl-1986-08-01-MTL-WPG,1986-08-01,1986,regular,MTL,WPG,10,37,,,wikipedia,,,,
cfl-1986-08-07-MTL-EDM,1986-08-07,1986,regular,MTL,EDM,17,6,,,wikipedia,,,,
cfl-1986-08-07-WPG-HAM,1986-08-07,1986,regular,WPG,HAM,36,30,,,wikipedia,,,,
cfl-1986-08-08-TOR-CGY,1986-08-08,1986,regular,TOR,CGY,26,31,,,wikipedia,,,,
cfl-1986-08-09-BC-SSK,1986-08-09,1986,regular,BC,SSK,39,24,,,wikipedia-1side,,,,
cfl-1986-08-14-CGY-MTL,1986-08-14,1986,regular,CGY,MTL,21,10,,,wikipedia-1side,,,,
cfl-1986-08-15-EDM-WPG,1986-08-15,1986,regular,EDM,WPG,33,5,,,wikipedia-1side,,,,
cfl-1986-08-15-OTR-BC,1986-08-15,1986,regular,OTR,BC,19,25,,,wikipedia-1side,,,,
cfl-1986-08-16-HAM-SSK,1986-08-16,1986,regular,HAM,SSK,23,21,,,wikipedia-1side,,,,
cfl-1986-08-21-BC-CGY,1986-08-21,1986,regular,BC,CGY,14,30,,,wikipedia,,,,
cfl-1986-08-21-MTL-HAM,1986-08-21,1986,regular,MTL,HAM,23,28,,,wikipedia,,,,
cfl-1986-08-22-WPG-OTR,1986-08-22,1986,regular,WPG,OTR,46,14,,,wikipedia-1side,,,,
cfl-1986-08-23-TOR-EDM,1986-08-23,1986,regular,TOR,EDM,26,20,,,wikipedia,,,,
cfl-1986-08-29-OTR-TOR,1986-08-29,1986,regular,OTR,TOR,12,25,,,wikipedia-1side,,,,
cfl-1986-08-31-SSK-WPG,1986-08-31,1986,regular,SSK,WPG,34,30,,,wikipedia-1side,,,,
cfl-1986-09-01-CGY-EDM,1986-09-01,1986,regular,CGY,EDM,19,42,,,wikipedia-1side,,,,
cfl-1986-09-01-HAM-MTL,1986-09-01,1986,regular,HAM,MTL,42,7,,,wikipedia,,,,
cfl-1986-09-04-BC-OTR,1986-09-04,1986,regular,BC,OTR,40,10,,,wikipedia-1side,,,,
cfl-1986-09-05-WPG-SSK,1986-09-05,1986,regular,WPG,SSK,38,14,,,wikipedia-1side,,,,
cfl-1986-09-07-EDM-MTL,1986-09-07,1986,regular,EDM,MTL,37,22,,,wikipedia-1side,,,,
cfl-1986-09-07-TOR-HAM,1986-09-07,1986,regular,TOR,HAM,25,23,,,wikipedia,,,,
cfl-1986-09-11-CGY-WPG,1986-09-11,1986,regular,CGY,WPG,38,27,,,wikipedia-1side,,,,
cfl-1986-09-12-MTL-OTR,1986-09-12,1986,regular,MTL,OTR,28,29,,,wikipedia-1side,,,,
cfl-1986-09-14-SSK-HAM,1986-09-14,1986,regular,SSK,HAM,21,21,,,wikipedia-1side,,,,
cfl-1986-09-14-TOR-BC,1986-09-14,1986,regular,TOR,BC,24,34,,,wikipedia,,,,
cfl-1986-09-18-MTL-WPG,1986-09-18,1986,regular,MTL,WPG,14,39,,,wikipedia,,,,
cfl-1986-09-19-BC-EDM,1986-09-19,1986,regular,BC,EDM,3,32,,,wikipedia,,,,
cfl-1986-09-21-HAM-CGY,1986-09-21,1986,regular,HAM,CGY,20,15,,,wikipedia,,,,
cfl-1986-09-26-EDM-BC,1986-09-26,1986,regular,EDM,BC,31,13,,,wikipedia-1side,,,,
cfl-1986-09-27-OTR-HAM,1986-09-27,1986,regular,OTR,HAM,11,31,,,wikipedia-1side,,,,
cfl-1986-09-28-SSK-CGY,1986-09-28,1986,regular,SSK,CGY,24,39,,,wikipedia-1side,,,,
cfl-1986-09-28-TOR-WPG,1986-09-28,1986,regular,TOR,WPG,16,26,,,wikipedia,,,,
cfl-1986-10-04-HAM-EDM,1986-10-04,1986,regular,HAM,EDM,23,24,,,wikipedia,,,,
cfl-1986-10-05-MTL-BC,1986-10-05,1986,regular,MTL,BC,28,15,,,wikipedia-1side,,,,
cfl-1986-10-05-WPG-TOR,1986-10-05,1986,regular,WPG,TOR,48,20,,,wikipedia,,,,
cfl-1986-10-10-EDM-HAM,1986-10-10,1986,regular,EDM,HAM,30,3,,,wikipedia-1side,,,,
cfl-1986-10-12-SSK-MTL,1986-10-12,1986,regular,SSK,MTL,29,11,,,wikipedia-1side,,,,
cfl-1986-10-13-CGY-TOR,1986-10-13,1986,regular,CGY,TOR,37,14,,,wikipedia-1side,,,,
cfl-1986-10-13-OTR-WPG,1986-10-13,1986,regular,OTR,WPG,16,18,,,wikipedia-1side,,,,
cfl-1986-10-17-MTL-SSK,1986-10-17,1986,regular,MTL,SSK,29,28,,,wikipedia-1side,,,,
cfl-1986-10-18-BC-HAM,1986-10-18,1986,regular,BC,HAM,17,23,,,wikipedia,,,,
cfl-1986-10-19-EDM-CGY,1986-10-19,1986,regular,EDM,CGY,38,13,,,wikipedia-1side,,,,
cfl-1986-10-19-TOR-OTR,1986-10-19,1986,regular,TOR,OTR,35,21,,,wikipedia-1side,,,,
cfl-1986-10-24-MTL-CGY,1986-10-24,1986,regular,MTL,CGY,12,32,,,wikipedia,,,,
cfl-1986-10-25-WPG-EDM,1986-10-25,1986,regular,WPG,EDM,42,20,,,wikipedia,,,,
cfl-1986-10-26-HAM-TOR,1986-10-26,1986,regular,HAM,TOR,20,10,,,wikipedia,,,,
cfl-1986-10-26-SSK-BC,1986-10-26,1986,regular,SSK,BC,17,29,,,wikipedia-1side,,,,
cfl-1986-11-01-OTR-EDM,1986-11-01,1986,regular,OTR,EDM,16,16,,,wikipedia-1side,,,,
cfl-1986-11-02-TOR-MTL,1986-11-02,1986,regular,TOR,MTL,25,21,,,wikipedia,,,,
cfl-1986-11-02-WPG-BC,1986-11-02,1986,regular,WPG,BC,20,26,,,wikipedia,,,,
cfl-1986-11-07-HAM-OTR,1986-11-07,1986,regular,HAM,OTR,20,19,,,wikipedia-1side,,,,
cfl-1986-11-08-BC-WPG,1986-11-08,1986,regular,BC,WPG,36,24,,,wikipedia,,,,
cfl-1986-11-09-MTL-TOR,1986-11-09,1986,regular,MTL,TOR,16,37,,,wikipedia,,,,
cfl-1986-11-16-EDM-CGY,1986-11-16,1986,postseason,EDM,CGY,27,18,,,wikipedia-1side,,,,
cfl-1986-11-16-HAM-TOR,1986-11-16,1986,postseason,HAM,TOR,17,31,,,wikipedia,,,,
cfl-1986-11-23-EDM-BC,1986-11-23,1986,postseason,EDM,BC,41,5,,,wikipedia-1side,,,,
cfl-1986-11-23-TOR-HAM,1986-11-23,1986,postseason,TOR,HAM,25,42,,,wikipedia,,,,
cfl-1986-11-30-EDM-HAM,1986-11-30,1986,postseason,EDM,HAM,15,39,1,,wikipedia,,,,
cfl-1987-06-25-TOR-WPG,1987-06-25,1987,regular,TOR,WPG,30,38,,,wikipedia,,,,
cfl-1987-06-26-OTR-HAM,1987-06-26,1987,regular,OTR,HAM,36,32,,,wikipedia-1side,,,,
cfl-1987-06-27-EDM-CGY,1987-06-27,1987,regular,EDM,CGY,54,16,,,wikipedia-1side,,,,
cfl-1987-06-28-BC-SSK,1987-06-28,1987,regular,BC,SSK,44,1,,,wikipedia-1side,,,,
cfl-1987-07-01-CGY-BC,1987-07-01,1987,regular,CGY,BC,15,40,,,wikipedia-1side,,,,
cfl-1987-07-03-WPG-OTR,1987-07-03,1987,regular,WPG,OTR,51,24,,,wikipedia-1side,,,,
cfl-1987-07-04-SSK-TOR,1987-07-04,1987,regular,SSK,TOR,33,33,,,wikipedia-1side,,,,
cfl-1987-07-05-HAM-EDM,1987-07-05,1987,regular,HAM,EDM,33,36,,,wikipedia,,,,
cfl-1987-07-10-WPG-CGY,1987-07-10,1987,regular,WPG,CGY,38,22,,,wikipedia-1side,,,,
cfl-1987-07-11-OTR-TOR,1987-07-11,1987,regular,OTR,TOR,34,27,,,wikipedia-1side,,,,
cfl-1987-07-12-EDM-HAM,1987-07-12,1987,regular,EDM,HAM,30,40,,,wikipedia,,,,
cfl-1987-07-16-CGY-WPG,1987-07-16,1987,regular,CGY,WPG,14,21,,,wikipedia-1side,,,,
cfl-1987-07-17-HAM-TOR,1987-07-17,1987,regular,HAM,TOR,27,30,,,wikipedia,,,,
cfl-1987-07-18-BC-EDM,1987-07-18,1987,regular,BC,EDM,26,18,,,wikipedia,,,,
cfl-1987-07-22-TOR-CGY,1987-07-22,1987,regular,TOR,CGY,26,16,,,wikipedia-1side,,,,
cfl-1987-07-24-WPG-EDM,1987-07-24,1987,regular,WPG,EDM,28,42,,,wikipedia,,,,
cfl-1987-07-25-BC-OTR,1987-07-25,1987,regular,BC,OTR,21,1,,,wikipedia-1side,,,,
cfl-1987-07-26-SSK-HAM,1987-07-26,1987,regular,SSK,HAM,25,28,,,wikipedia-1side,,,,
cfl-1987-07-31-HAM-BC,1987-07-31,1987,regular,HAM,BC,21,20,,,wikipedia,,,,
cfl-1987-08-01-EDM-SSK,1987-08-01,1987,regular,EDM,SSK,38,28,,,wikipedia-1side,,,,
cfl-1987-08-02-CGY-TOR,1987-08-02,1987,regular,CGY,TOR,13,32,,,wikipedia-1side,,,,
cfl-1987-08-07-TOR-EDM,1987-08-07,1987,regular,TOR,EDM,23,20,,,wikipedia,,,,
cfl-1987-08-08-WPG-BC,1987-08-08,1987,regular,WPG,BC,30,22,,,wikipedia,,,,
cfl-1987-08-13-BC-TOR,1987-08-13,1987,regular,BC,TOR,30,23,,,wikipedia,,,,
cfl-1987-08-14-HAM-WPG,1987-08-14,1987,regular,HAM,WPG,26,14,,,wikipedia,,,,
cfl-1987-08-20-CGY-BC,1987-08-20,1987,regular,CGY,BC,31,26,,,wikipedia-1side,,,,
cfl-1987-08-21-TOR-HAM,1987-08-21,1987,regular,TOR,HAM,25,28,,,wikipedia,,,,
cfl-1987-08-22-WPG-SSK,1987-08-22,1987,regular,WPG,SSK,35,6,,,wikipedia-1side,,,,
cfl-1987-08-23-EDM-OTR,1987-08-23,1987,regular,EDM,OTR,45,24,,,wikipedia-1side,,,,
cfl-1987-08-28-SSK-EDM,1987-08-28,1987,regular,SSK,EDM,13,39,,,wikipedia-1side,,,,
cfl-1987-08-29-HAM-OTR,1987-08-29,1987,regular,HAM,OTR,28,23,,,wikipedia-1side,,,,
cfl-1987-08-30-BC-WPG,1987-08-30,1987,regular,BC,WPG,24,23,,,wikipedia,,,,
cfl-1987-09-06-SSK-WPG,1987-09-06,1987,regular,SSK,WPG,25,29,,,wikipedia-1side,,,,
cfl-1987-09-07-CGY-EDM,1987-09-07,1987,regular,CGY,EDM,29,20,,,wikipedia-1side,,,,
cfl-1987-09-07-HAM-TOR,1987-09-07,1987,regular,HAM,TOR,19,25,,,wikipedia,,,,
cfl-1987-09-11-OTR-BC,1987-09-11,1987,regular,OTR,BC,16,55,,,wikipedia-1side,,,,
cfl-1987-09-12-EDM-TOR,1987-09-12,1987,regular,EDM,TOR,42,20,,,wikipedia,,,,
cfl-1987-09-13-WPG-CGY,1987-09-13,1987,regular,WPG,CGY,40,5,,,wikipedia-1side,,,,
cfl-1987-09-19-EDM-SSK,1987-09-19,1987,regular,EDM,SSK,34,13,,,wikipedia-1side,,,,
cfl-1987-09-20-BC-WPG,1987-09-20,1987,regular,BC,WPG,30,20,,,wikipedia,,,,
cfl-1987-09-20-TOR-HAM,1987-09-20,1987,regular,TOR,HAM,39,29,,,wikipedia,,,,
cfl-1987-09-26-OTR-WPG,1987-09-26,1987,regular,OTR,WPG,13,36,,,wikipedia-1side,,,,
cfl-1987-09-27-HAM-CGY,1987-09-27,1987,regular,HAM,CGY,17,33,,,wikipedia-1side,,,,
cfl-1987-09-27-SSK-BC,1987-09-27,1987,regular,SSK,BC,35,20,,,wikipedia-1side,,,,
cfl-1987-10-02-EDM-OTR,1987-10-02,1987,regular,EDM,OTR,34,19,,,wikipedia-1side,,,,
cfl-1987-10-04-TOR-BC,1987-10-04,1987,regular,TOR,BC,33,14,,,wikipedia,,,,
cfl-1987-10-04-WPG-HAM,1987-10-04,1987,regular,WPG,HAM,47,14,,,wikipedia,,,,
cfl-1987-10-09-OTR-TOR,1987-10-09,1987,regular,OTR,TOR,22,30,,,wikipedia-1side,,,,
cfl-1987-10-11-BC-CGY,1987-10-11,1987,regular,BC,CGY,6,34,,,wikipedia-1side,,,,
cfl-1987-10-11-HAM-SSK,1987-10-11,1987,regular,HAM,SSK,20,23,,,wikipedia-1side,,,,
cfl-1987-10-12-WPG-EDM,1987-10-12,1987,regular,WPG,EDM,38,20,,,wikipedia,,,,
cfl-1987-10-16-TOR-OTR,1987-10-16,1987,regular,TOR,OTR,20,17,,,wikipedia-1side,,,,
cfl-1987-10-17-BC-HAM,1987-10-17,1987,regular,BC,HAM,25,11,,,wikipedia,,,,
cfl-1987-10-18-SSK-EDM,1987-10-18,1987,regular,SSK,EDM,34,25,,,wikipedia-1side,,,,
cfl-1987-10-23-TOR-SSK,1987-10-23,1987,regular,TOR,SSK,25,3,,,wikipedia-1side,,,,
cfl-1987-10-24-OTR-HAM,1987-10-24,1987,regular,OTR,HAM,2,28,,,wikipedia-1side,,,,
cfl-1987-10-25-CGY-BC,1987-10-25,1987,regular,CGY,BC,12,32,,,wikipedia-1side,,,,
cfl-1987-10-25-EDM-WPG,1987-10-25,1987,regular,EDM,WPG,39,24,,,wikipedia,,,,
cfl-1987-11-01-EDM-BC,1987-11-01,1987,regular,EDM,BC,32,33,,,wikipedia,,,,
cfl-1987-11-01-HAM-CGY,1987-11-01,1987,regular,HAM,CGY,33,34,,,wikipedia-1side,,,,
cfl-1987-11-01-WPG-TOR,1987-11-01,1987,regular,WPG,TOR,24,23,,,wikipedia,,,,
cfl-1987-11-06-CGY-HAM,1987-11-06,1987,regular,CGY,HAM,42,36,,,wikipedia-1side,,,,
cfl-1987-11-07-OTR-EDM,1987-11-07,1987,regular,OTR,EDM,21,39,,,wikipedia-1side,,,,
cfl-1987-11-08-BC-SSK,1987-11-08,1987,regular,BC,SSK,34,14,,,wikipedia-1side,,,,
cfl-1987-11-08-TOR-WPG,1987-11-08,1987,regular,TOR,WPG,20,18,,,wikipedia,,,,
cfl-1987-11-15-EDM-CGY,1987-11-15,1987,postseason,EDM,CGY,30,16,,,wikipedia-1side,,,,
cfl-1987-11-15-TOR-HAM,1987-11-15,1987,postseason,TOR,HAM,29,13,,,wikipedia,,,,
cfl-1987-11-22-BC-EDM,1987-11-22,1987,postseason,BC,EDM,7,31,,,wikipedia-1side,,,,
cfl-1987-11-22-WPG-TOR,1987-11-22,1987,postseason,WPG,TOR,3,19,,,wikipedia-1side,,,,
cfl-1987-11-29-EDM-TOR,1987-11-29,1987,postseason,EDM,TOR,38,36,1,Grey Cup,wikipedia,,,,
cfl-1988-07-12-BC-WPG,1988-07-12,1988,regular,BC,WPG,36,3,,,wikipedia,,,,
cfl-1988-07-14-EDM-CGY,1988-07-14,1988,regular,EDM,CGY,33,0,,,wikipedia,,,,
cfl-1988-07-15-OTR-SSK,1988-07-15,1988,regular,OTR,SSK,21,48,,,wikipedia,,,,
cfl-1988-07-16-HAM-TOR,1988-07-16,1988,regular,HAM,TOR,29,24,,,wikipedia,,,,
cfl-1988-07-20-TOR-OTR,1988-07-20,1988,regular,TOR,OTR,34,11,,,wikipedia,,,,
cfl-1988-07-21-WPG-HAM,1988-07-21,1988,regular,WPG,HAM,21,9,,,wikipedia,,,,
cfl-1988-07-22-BC-CGY,1988-07-22,1988,regular,BC,CGY,44,31,,,wikipedia,,,,
cfl-1988-07-23-SSK-EDM,1988-07-23,1988,regular,SSK,EDM,26,15,,,wikipedia,,,,
cfl-1988-07-27-OTR-EDM,1988-07-27,1988,regular,OTR,EDM,28,35,,,wikipedia,,,,
cfl-1988-07-28-TOR-BC,1988-07-28,1988,regular,TOR,BC,26,21,,,wikipedia,,,,
cfl-1988-07-29-SSK-WPG,1988-07-29,1988,regular,SSK,WPG,46,18,,,wikipedia,,,,
cfl-1988-07-30-CGY-HAM,1988-07-30,1988,regular,CGY,HAM,20,45,,,wikipedia,,,,
cfl-1988-08-02-OTR-TOR,1988-08-02,1988,regular,OTR,TOR,7,41,,,wikipedia,,,,
cfl-1988-08-04-EDM-SSK,1988-08-04,1988,regular,EDM,SSK,43,27,,,wikipedia,,,,
cfl-1988-08-05-HAM-CGY,1988-08-05,1988,regular,HAM,CGY,14,38,,,wikipedia,,,,
cfl-1988-08-06-WPG-BC,1988-08-06,1988,regular,WPG,BC,38,21,,,wikipedia,,,,
cfl-1988-08-10-CGY-SSK,1988-08-10,1988,regular,CGY,SSK,48,10,,,wikipedia,,,,
cfl-1988-08-11-BC-TOR,1988-08-11,1988,regular,BC,TOR,12,24,,,wikipedia,,,,
cfl-1988-08-12-HAM-EDM,1988-08-12,1988,regular,HAM,EDM,22,14,,,wikipedia,,,,
cfl-1988-08-13-WPG-OTR,1988-08-13,1988,regular,WPG,OTR,17,28,,,wikipedia,,,,
cfl-1988-08-16-TOR-HAM,1988-08-16,1988,regular,TOR,HAM,19,5,,,wikipedia,,,,
cfl-1988-08-18-OTR-BC,1988-08-18,1988,regular,OTR,BC,20,27,,,wikipedia,,,,
cfl-1988-08-19-EDM-WPG,1988-08-19,1988,regular,EDM,WPG,46,21,,,wikipedia,,,,
cfl-1988-08-20-SSK-CGY,1988-08-20,1988,regular,SSK,CGY,24,21,,,wikipedia,,,,
cfl-1988-08-24-CGY-WPG,1988-08-24,1988,regular,CGY,WPG,11,12,,,wikipedia,,,,
cfl-1988-08-25-BC-EDM,1988-08-25,1988,regular,BC,EDM,28,10,,,wikipedia,,,,
cfl-1988-08-26-SSK-TOR,1988-08-26,1988,regular,SSK,TOR,21,23,,,wikipedia,,,,
cfl-1988-08-27-HAM-OTR,1988-08-27,1988,regular,HAM,OTR,51,24,,,wikipedia,,,,
cfl-1988-08-31-TOR-CGY,1988-08-31,1988,regular,TOR,CGY,33,17,,,wikipedia,,,,
cfl-1988-08-31-WPG-SSK,1988-08-31,1988,regular,WPG,SSK,38,35,,,wikipedia,,,,
cfl-1988-09-01-EDM-BC,1988-09-01,1988,regular,EDM,BC,17,9,,,wikipedia,,,,
cfl-1988-09-01-OTR-HAM,1988-09-01,1988,regular,OTR,HAM,20,46,,,wikipedia,,,,
cfl-1988-09-04-SSK-WPG,1988-09-04,1988,regular,SSK,WPG,29,19,,,wikipedia,,,,
cfl-1988-09-05-CGY-EDM,1988-09-05,1988,regular,CGY,EDM,11,27,,,wikipedia,,,,
cfl-1988-09-05-HAM-TOR,1988-09-05,1988,regular,HAM,TOR,56,28,,,wikipedia,,,,
cfl-1988-09-06-BC-OTR,1988-09-06,1988,regular,BC,OTR,24,11,,,wikipedia,,,,
cfl-1988-09-09-TOR-SSK,1988-09-09,1988,regular,TOR,SSK,13,14,,,wikipedia,,,,
cfl-1988-09-10-CGY-OTR,1988-09-10,1988,regular,CGY,OTR,17,16,,,wikipedia,,,,
cfl-1988-09-11-EDM-HAM,1988-09-11,1988,regular,EDM,HAM,37,13,,,wikipedia,,,,
cfl-1988-09-11-WPG-BC,1988-09-11,1988,regular,WPG,BC,34,8,,,wikipedia,,,,
cfl-1988-09-16-BC-SSK,1988-09-16,1988,regular,BC,SSK,32,36,,,wikipedia,,,,
cfl-1988-09-17-WPG-CGY,1988-09-17,1988,regular,WPG,CGY,14,20,,,wikipedia,,,,
cfl-1988-09-18-EDM-TOR,1988-09-18,1988,regular,EDM,TOR,38,21,,,wikipedia,,,,
cfl-1988-09-18-HAM-OTR,1988-09-18,1988,regular,HAM,OTR,35,25,,,wikipedia,,,,
cfl-1988-09-23-CGY-BC,1988-09-23,1988,regular,CGY,BC,40,22,,,wikipedia,,,,
cfl-1988-09-24-OTR-WPG,1988-09-24,1988,regular,OTR,WPG,0,31,,,wikipedia,,,,
cfl-1988-09-25-SSK-HAM,1988-09-25,1988,regular,SSK,HAM,26,24,,,wikipedia,,,,
cfl-1988-09-25-TOR-EDM,1988-09-25,1988,regular,TOR,EDM,35,22,,,wikipedia,,,,
cfl-1988-09-30-CGY-TOR,1988-09-30,1988,regular,CGY,TOR,25,42,,,wikipedia,,,,
cfl-1988-10-01-HAM-BC,1988-10-01,1988,regular,HAM,BC,23,24,,,wikipedia,,,,
cfl-1988-10-02-EDM-OTR,1988-10-02,1988,regular,EDM,OTR,40,12,,,wikipedia,,,,
cfl-1988-10-02-WPG-SSK,1988-10-02,1988,regular,WPG,SSK,32,20,,,wikipedia,,,,
cfl-1988-10-07-BC-HAM,1988-10-07,1988,regular,BC,HAM,25,21,,,wikipedia,,,,
cfl-1988-10-08-OTR-TOR,1988-10-08,1988,regular,OTR,TOR,3,52,,,wikipedia,,,,
cfl-1988-10-09-SSK-CGY,1988-10-09,1988,regular,SSK,CGY,47,17,,,wikipedia,,,,
cfl-1988-10-10-WPG-EDM,1988-10-10,1988,regular,WPG,EDM,21,17,,,wikipedia,,,,
cfl-1988-10-14-TOR-OTR,1988-10-14,1988,regular,TOR,OTR,49,7,,,wikipedia,,,,
cfl-1988-10-16-CGY-EDM,1988-10-16,1988,regular,CGY,EDM,29,32,,,wikipedia,,,,
cfl-1988-10-16-HAM-WPG,1988-10-16,1988,regular,HAM,WPG,29,35,,,wikipedia,,,,
cfl-1988-10-16-SSK-BC,1988-10-16,1988,regular,SSK,BC,28,25,,,wikipedia,,,,
cfl-1988-10-21-HAM-SSK,1988-10-21,1988,regular,HAM,SSK,24,21,,,wikipedia,,,,
cfl-1988-10-22-OTR-CGY,1988-10-22,1988,regular,OTR,CGY,19,3,,,wikipedia,,,,
cfl-1988-10-23-EDM-BC,1988-10-23,1988,regular,EDM,BC,15,35,,,wikipedia,,,,
cfl-1988-10-23-TOR-WPG,1988-10-23,1988,regular,TOR,WPG,36,13,,,wikipedia,,,,
cfl-1988-10-29-BC-EDM,1988-10-29,1988,regular,BC,EDM,51,16,,,wikipedia,,,,
cfl-1988-10-29-OTR-HAM,1988-10-29,1988,regular,OTR,HAM,15,23,,,wikipedia,,,,
cfl-1988-10-30-CGY-SSK,1988-10-30,1988,regular,CGY,SSK,28,22,,,wikipedia,,,,
cfl-1988-10-30-WPG-TOR,1988-10-30,1988,regular,WPG,TOR,16,22,,,wikipedia,,,,
cfl-1988-11-05-BC-WPG,1988-11-05,1988,regular,BC,WPG,45,24,,,wikipedia,,,,
cfl-1988-11-06-EDM-CGY,1988-11-06,1988,regular,EDM,CGY,20,19,,,wikipedia,,,,
cfl-1988-11-06-SSK-OTR,1988-11-06,1988,regular,SSK,OTR,45,11,,,wikipedia,,,,
cfl-1988-11-06-TOR-HAM,1988-11-06,1988,regular,TOR,HAM,49,9,,,wikipedia-1side,,,,
cfl-1988-11-13-SSK-BC,1988-11-13,1988,postseason,SSK,BC,18,42,,,wikipedia-1side,,,,
cfl-1988-11-13-WPG-HAM,1988-11-13,1988,postseason,WPG,HAM,35,28,,,wikipedia-1side,,,,
cfl-1988-11-20-EDM-BC,1988-11-20,1988,postseason,EDM,BC,19,37,,,wikipedia-1side,,,,
cfl-1988-11-20-TOR-WPG,1988-11-20,1988,postseason,TOR,WPG,11,27,,,wikipedia-1side,,,,
cfl-1989-07-12-SSK-CGY,1989-07-12,1989,regular,SSK,CGY,32,29,,,wikipedia,,,,
cfl-1989-07-12-TOR-HAM,1989-07-12,1989,regular,TOR,HAM,15,24,,,wikipedia,,,,
cfl-1989-07-13-EDM-BC,1989-07-13,1989,regular,EDM,BC,20,15,,,wikipedia,,,,
cfl-1989-07-14-WPG-OTR,1989-07-14,1989,regular,WPG,OTR,29,24,,,wikipedia,,,,
cfl-1989-07-18-BC-SSK,1989-07-18,1989,regular,BC,SSK,37,42,,,wikipedia,,,,
cfl-1989-07-19-OTR-TOR,1989-07-19,1989,regular,OTR,TOR,17,21,,,wikipedia,,,,
cfl-1989-07-20-HAM-WPG,1989-07-20,1989,regular,HAM,WPG,28,22,,,wikipedia,,,,
cfl-1989-07-21-CGY-EDM,1989-07-21,1989,regular,CGY,EDM,4,54,,,wikipedia,,,,
cfl-1989-07-25-OTR-WPG,1989-07-25,1989,regular,OTR,WPG,32,43,,,wikipedia,,,,
cfl-1989-07-26-BC-CGY,1989-07-26,1989,regular,BC,CGY,26,28,,,wikipedia,,,,
cfl-1989-07-27-TOR-EDM,1989-07-27,1989,regular,TOR,EDM,21,17,,,wikipedia,,,,
cfl-1989-07-28-SSK-HAM,1989-07-28,1989,regular,SSK,HAM,17,34,,,wikipedia,,,,
cfl-1989-08-01-CGY-OTR,1989-08-01,1989,regular,CGY,OTR,35,29,,,wikipedia,,,,
cfl-1989-08-02-WPG-SSK,1989-08-02,1989,regular,WPG,SSK,27,29,,,wikipedia,,,,
cfl-1989-08-03-EDM-TOR,1989-08-03,1989,regular,EDM,TOR,22,21,,,wikipedia,,,,
cfl-1989-08-04-HAM-BC,1989-08-04,1989,regular,HAM,BC,44,38,,,wikipedia,,,,
cfl-1989-08-07-SSK-OTR,1989-08-07,1989,regular,SSK,OTR,58,22,,,wikipedia,,,,
cfl-1989-08-09-BC-EDM,1989-08-09,1989,regular,BC,EDM,13,33,,,wikipedia,,,,
cfl-1989-08-10-CGY-HAM,1989-08-10,1989,regular,CGY,HAM,40,8,,,wikipedia,,,,
cfl-1989-08-10-TOR-WPG,1989-08-10,1989,regular,TOR,WPG,20,12,,,wikipedia,,,,
cfl-1989-08-15-BC-TOR,1989-08-15,1989,regular,BC,TOR,16,11,,,wikipedia,,,,
cfl-1989-08-16-WPG-CGY,1989-08-16,1989,regular,WPG,CGY,27,24,,,wikipedia,,,,
cfl-1989-08-17-OTR-EDM,1989-08-17,1989,regular,OTR,EDM,4,39,,,wikipedia,,,,
cfl-1989-08-18-HAM-SSK,1989-08-18,1989,regular,HAM,SSK,46,40,,,wikipedia,,,,
cfl-1989-08-21-TOR-OTR,1989-08-21,1989,regular,TOR,OTR,22,17,,,wikipedia,,,,
cfl-1989-08-22-CGY-WPG,1989-08-22,1989,regular,CGY,WPG,31,10,,,wikipedia,,,,
cfl-1989-08-23-EDM-HAM,1989-08-23,1989,regular,EDM,HAM,37,14,,,wikipedia,,,,
cfl-1989-08-24-SSK-BC,1989-08-24,1989,regular,SSK,BC,25,37,,,wikipedia,,,,
cfl-1989-08-28-HAM-CGY,1989-08-28,1989,regular,HAM,CGY,22,34,,,wikipedia,,,,
cfl-1989-08-29-WPG-TOR,1989-08-29,1989,regular,WPG,TOR,34,6,,,wikipedia,,,,
cfl-1989-08-30-EDM-SSK,1989-08-30,1989,regular,EDM,SSK,45,19,,,wikipedia,,,,
cfl-1989-08-31-OTR-BC,1989-08-31,1989,regular,OTR,BC,30,39,,,wikipedia,,,,
cfl-1989-09-03-SSK-WPG,1989-09-03,1989,regular,SSK,WPG,20,28,,,wikipedia,,,,
cfl-1989-09-04-CGY-EDM,1989-09-04,1989,regular,CGY,EDM,14,31,,,wikipedia,,,,
cfl-1989-09-04-HAM-TOR,1989-09-04,1989,regular,HAM,TOR,23,18,,,wikipedia,,,,
cfl-1989-09-05-BC-OTR,1989-09-05,1989,regular,BC,OTR,49,32,,,wikipedia,,,,
cfl-1989-09-08-EDM-CGY,1989-09-08,1989,regular,EDM,CGY,38,27,,,wikipedia,,,,
cfl-1989-09-09-TOR-SSK,1989-09-09,1989,regular,TOR,SSK,24,29,,,wikipedia,,,,
cfl-1989-09-10-OTR-HAM,1989-09-10,1989,regular,OTR,HAM,40,23,,,wikipedia,,,,
cfl-1989-09-10-WPG-BC,1989-09-10,1989,regular,WPG,BC,53,34,,,wikipedia,,,,
cfl-1989-09-15-CGY-TOR,1989-09-15,1989,regular,CGY,TOR,36,16,,,wikipedia,,,,
cfl-1989-09-16-BC-WPG,1989-09-16,1989,regular,BC,WPG,20,24,,,wikipedia,,,,
cfl-1989-09-17-HAM-OTR,1989-09-17,1989,regular,HAM,OTR,52,34,,,wikipedia,,,,
cfl-1989-09-17-SSK-EDM,1989-09-17,1989,regular,SSK,EDM,48,35,,,wikipedia,,,,
cfl-1989-09-22-WPG-HAM,1989-09-22,1989,regular,WPG,HAM,19,20,,,wikipedia,,,,
cfl-1989-09-23-TOR-CGY,1989-09-23,1989,regular,TOR,CGY,12,20,,,wikipedia,,,,
cfl-1989-09-24-EDM-BC,1989-09-24,1989,regular,EDM,BC,32,25,,,wikipedia,,,,
cfl-1989-09-24-OTR-SSK,1989-09-24,1989,regular,OTR,SSK,36,27,,,wikipedia,,,,
cfl-1989-09-29-HAM-EDM,1989-09-29,1989,regular,HAM,EDM,12,33,,,wikipedia,,,,
cfl-1989-09-30-SSK-BC,1989-09-30,1989,regular,SSK,BC,30,32,,,wikipedia,,,,
cfl-1989-10-01-OTR-CGY,1989-10-01,1989,regular,OTR,CGY,13,33,,,wikipedia,,,,
cfl-1989-10-01-WPG-TOR,1989-10-01,1989,regular,WPG,TOR,17,24,,,wikipedia,,,,
cfl-1989-10-06-BC-HAM,1989-10-06,1989,regular,BC,HAM,46,27,,,wikipedia,,,,
cfl-1989-10-08-CGY-SSK,1989-10-08,1989,regular,CGY,SSK,26,39,,,wikipedia,,,,
cfl-1989-10-09-EDM-WPG,1989-10-09,1989,regular,EDM,WPG,45,7,,,wikipedia,,,,
cfl-1989-10-09-TOR-OTR,1989-10-09,1989,regular,TOR,OTR,49,21,,,wikipedia,,,,
cfl-1989-10-14-CGY-BC,1989-10-14,1989,regular,CGY,BC,51,11,,,wikipedia,,,,
cfl-1989-10-15-EDM-OTR,1989-10-15,1989,regular,EDM,OTR,55,11,,,wikipedia,,,,
cfl-1989-10-15-HAM-WPG,1989-10-15,1989,regular,HAM,WPG,29,21,,,wikipedia,,,,
cfl-1989-10-15-SSK-TOR,1989-10-15,1989,regular,SSK,TOR,24,18,,,wikipedia,,,,
cfl-1989-10-21-TOR-BC,1989-10-21,1989,regular,TOR,BC,29,18,,,wikipedia,,,,
cfl-1989-10-22-OTR-HAM,1989-10-22,1989,regular,OTR,HAM,22,32,,,wikipedia,,,,
cfl-1989-10-22-SSK-CGY,1989-10-22,1989,regular,SSK,CGY,17,23,,,wikipedia,,,,
cfl-1989-10-22-WPG-EDM,1989-10-22,1989,regular,WPG,EDM,11,34,,,wikipedia,,,,
cfl-1989-10-28-BC-EDM,1989-10-28,1989,regular,BC,EDM,19,25,,,wikipedia,,,,
cfl-1989-10-29-CGY-SSK,1989-10-29,1989,regular,CGY,SSK,19,34,,,wikipedia,,,,
cfl-1989-10-29-HAM-TOR,1989-10-29,1989,regular,HAM,TOR,45,14,,,wikipedia,,,,
cfl-1989-10-29-WPG-OTR,1989-10-29,1989,regular,WPG,OTR,14,18,,,wikipedia,,,,
cfl-1989-11-04-BC-CGY,1989-11-04,1989,regular,BC,CGY,46,21,,,wikipedia,,,,
cfl-1989-11-04-TOR-HAM,1989-11-04,1989,regular,TOR,HAM,27,36,,,wikipedia,,,,
cfl-1989-11-05-EDM-SSK,1989-11-05,1989,regular,EDM,SSK,49,17,,,wikipedia,,,,
cfl-1989-11-05-OTR-WPG,1989-11-05,1989,regular,OTR,WPG,24,10,,,wikipedia,,,,
cfl-1989-11-12-CGY-SSK,1989-11-12,1989,postseason,CGY,SSK,26,33,,,wikipedia-1side,,,,
cfl-1989-11-12-TOR-WPG,1989-11-12,1989,postseason,TOR,WPG,7,30,,,wikipedia-1side,,,,
cfl-1989-11-19-HAM-WPG,1989-11-19,1989,regular,HAM,WPG,14,10,,,wikipedia-1side,,,,
cfl-1989-11-19-EDM-SSK,1989-11-19,1989,postseason,EDM,SSK,21,32,,,wikipedia,,,,
cfl-1989-11-26-HAM-SSK,1989-11-26,1989,postseason,HAM,SSK,40,43,1,Grey Cup,wikipedia,,,,
cfl-1990-07-12-OTR-WPG,1990-07-12,1990,regular,OTR,WPG,26,31,,,wikipedia,,,,
cfl-1990-07-12-SSK-HAM,1990-07-12,1990,regular,SSK,HAM,38,35,,,wikipedia,,,,
cfl-1990-07-13-BC-CGY,1990-07-13,1990,regular,BC,CGY,38,38,,,wikipedia,,,,
cfl-1990-07-14-TOR-EDM,1990-07-14,1990,regular,TOR,EDM,34,40,,,wikipedia,,,,
cfl-1990-07-18-EDM-BC,1990-07-18,1990,regular,EDM,BC,41,23,,,wikipedia,,,,
cfl-1990-07-19-CGY-SSK,1990-07-19,1990,regular,CGY,SSK,30,25,,,wikipedia,,,,
cfl-1990-07-19-HAM-OTR,1990-07-19,1990,regular,HAM,OTR,29,26,,,wikipedia,,,,
cfl-1990-07-20-WPG-TOR,1990-07-20,1990,regular,WPG,TOR,34,17,,,wikipedia,,,,
cfl-1990-07-26-OTR-EDM,1990-07-26,1990,regular,OTR,EDM,50,46,,,wikipedia,,,,
cfl-1990-07-27-BC-WPG,1990-07-27,1990,regular,BC,WPG,24,23,,,wikipedia,,,,
cfl-1990-07-27-SSK-CGY,1990-07-27,1990,regular,SSK,CGY,16,54,,,wikipedia,,,,
cfl-1990-07-28-HAM-TOR,1990-07-28,1990,regular,HAM,TOR,29,41,,,wikipedia,,,,
cfl-1990-08-02-BC-SSK,1990-08-02,1990,regular,BC,SSK,25,36,,,wikipedia,,,,
cfl-1990-08-02-WPG-EDM,1990-08-02,1990,regular,WPG,EDM,23,20,,,wikipedia,,,,
cfl-1990-08-03-CGY-HAM,1990-08-03,1990,regular,CGY,HAM,40,35,,,wikipedia,,,,
cfl-1990-08-04-TOR-OTR,1990-08-04,1990,regular,TOR,OTR,30,26,,,wikipedia,,,,
cfl-1990-08-07-EDM-SSK,1990-08-07,1990,regular,EDM,SSK,57,31,,,wikipedia,,,,
cfl-1990-08-08-WPG-BC,1990-08-08,1990,regular,WPG,BC,28,14,,,wikipedia,,,,
cfl-1990-08-09-CGY-TOR,1990-08-09,1990,regular,CGY,TOR,42,17,,,wikipedia,,,,
cfl-1990-08-09-OTR-HAM,1990-08-09,1990,regular,OTR,HAM,30,31,,,wikipedia,,,,
cfl-1990-08-14-EDM-CGY,1990-08-14,1990,regular,EDM,CGY,46,20,,,wikipedia,,,,
cfl-1990-08-14-SSK-BC,1990-08-14,1990,regular,SSK,BC,30,32,,,wikipedia,,,,
cfl-1990-08-15-HAM-WPG,1990-08-15,1990,regular,HAM,WPG,20,10,,,wikipedia,,,,
cfl-1990-08-16-OTR-TOR,1990-08-16,1990,regular,OTR,TOR,25,41,,,wikipedia,,,,
cfl-1990-08-19-SSK-EDM,1990-08-19,1990,regular,SSK,EDM,49,24,,,wikipedia,,,,
cfl-1990-08-20-BC-HAM,1990-08-20,1990,regular,BC,HAM,34,36,,,wikipedia,,,,
cfl-1990-08-22-CGY-OTR,1990-08-22,1990,regular,CGY,OTR,34,31,,,wikipedia,,,,
cfl-1990-08-22-TOR-WPG,1990-08-22,1990,regular,TOR,WPG,23,27,,,wikipedia,,,,
cfl-1990-08-25-HAM-SSK,1990-08-25,1990,regular,HAM,SSK,33,46,,,wikipedia,,,,
cfl-1990-08-27-EDM-TOR,1990-08-27,1990,regular,EDM,TOR,56,36,,,wikipedia,,,,
cfl-1990-08-28-OTR-BC,1990-08-28,1990,regular,OTR,BC,41,34,,,wikipedia,,,,
cfl-1990-08-28-WPG-CGY,1990-08-28,1990,regular,WPG,CGY,39,37,,,wikipedia,,,,
cfl-1990-09-01-TOR-BC,1990-09-01,1990,regular,TOR,BC,68,43,,,wikipedia,,,,
cfl-1990-09-02-SSK-WPG,1990-09-02,1990,regular,SSK,WPG,55,11,,,wikipedia,,,,
cfl-1990-09-03-CGY-EDM,1990-09-03,1990,regular,CGY,EDM,4,38,,,wikipedia,,,,
cfl-1990-09-03-HAM-OTR,1990-09-03,1990,regular,HAM,OTR,17,40,,,wikipedia,,,,
cfl-1990-09-06-BC-TOR,1990-09-06,1990,regular,BC,TOR,19,49,,,wikipedia,,,,
cfl-1990-09-07-EDM-CGY,1990-09-07,1990,regular,EDM,CGY,34,17,,,wikipedia,,,,
cfl-1990-09-09-OTR-SSK,1990-09-09,1990,regular,OTR,SSK,30,21,,,wikipedia,,,,
cfl-1990-09-09-WPG-HAM,1990-09-09,1990,regular,WPG,HAM,29,18,,,wikipedia,,,,
cfl-1990-09-13-BC-EDM,1990-09-13,1990,regular,BC,EDM,13,32,,,wikipedia,,,,
cfl-1990-09-14-CGY-WPG,1990-09-14,1990,regular,CGY,WPG,18,17,,,wikipedia,,,,
cfl-1990-09-15-HAM-TOR,1990-09-15,1990,regular,HAM,TOR,16,39,,,wikipedia,,,,
cfl-1990-09-16-SSK-OTR,1990-09-16,1990,regular,SSK,OTR,45,19,,,wikipedia,,,,
cfl-1990-09-20-TOR-CGY,1990-09-20,1990,regular,TOR,CGY,70,18,,,wikipedia,,,,
cfl-1990-09-21-EDM-OTR,1990-09-21,1990,regular,EDM,OTR,41,29,,,wikipedia,,,,
cfl-1990-09-22-HAM-BC,1990-09-22,1990,regular,HAM,BC,4,34,,,wikipedia,,,,
cfl-1990-09-23-WPG-SSK,1990-09-23,1990,regular,WPG,SSK,36,7,,,wikipedia,,,,
cfl-1990-09-28-EDM-WPG,1990-09-28,1990,regular,EDM,WPG,25,48,,,wikipedia,,,,
cfl-1990-09-29-TOR-HAM,1990-09-29,1990,regular,TOR,HAM,60,39,,,wikipedia,,,,
cfl-1990-09-30-OTR-CGY,1990-09-30,1990,regular,OTR,CGY,8,52,,,wikipedia,,,,
cfl-1990-09-30-SSK-BC,1990-09-30,1990,regular,SSK,BC,37,34,,,wikipedia,,,,
cfl-1990-10-05-WPG-TOR,1990-10-05,1990,regular,WPG,TOR,25,9,,,wikipedia,,,,
cfl-1990-10-06-BC-OTR,1990-10-06,1990,regular,BC,OTR,26,42,,,wikipedia,,,,
cfl-1990-10-07-CGY-SSK,1990-10-07,1990,regular,CGY,SSK,23,16,,,wikipedia,,,,
cfl-1990-10-08-HAM-EDM,1990-10-08,1990,regular,HAM,EDM,25,23,,,wikipedia,,,,
cfl-1990-10-13-TOR-WPG,1990-10-13,1990,regular,TOR,WPG,16,21,,,wikipedia,,,,
cfl-1990-10-14-CGY-BC,1990-10-14,1990,regular,CGY,BC,25,33,,,wikipedia,,,,
cfl-1990-10-14-OTR-HAM,1990-10-14,1990,regular,OTR,HAM,33,37,,,wikipedia,,,,
cfl-1990-10-14-SSK-EDM,1990-10-14,1990,regular,SSK,EDM,29,24,,,wikipedia,,,,
cfl-1990-10-20-TOR-SSK,1990-10-20,1990,regular,TOR,SSK,59,15,,,wikipedia,,,,
cfl-1990-10-21-EDM-BC,1990-10-21,1990,regular,EDM,BC,8,30,,,wikipedia,,,,
cfl-1990-10-21-HAM-CGY,1990-10-21,1990,regular,HAM,CGY,42,48,,,wikipedia,,,,
cfl-1990-10-21-WPG-OTR,1990-10-21,1990,regular,WPG,OTR,20,26,,,wikipedia,,,,
cfl-1990-10-27-BC-CGY,1990-10-27,1990,regular,BC,CGY,29,54,,,wikipedia,,,,
cfl-1990-10-28-EDM-HAM,1990-10-28,1990,regular,EDM,HAM,25,15,,,wikipedia,,,,
cfl-1990-10-28-OTR-WPG,1990-10-28,1990,regular,OTR,WPG,27,18,,,wikipedia,,,,
cfl-1990-10-28-SSK-TOR,1990-10-28,1990,regular,SSK,TOR,33,31,,,wikipedia,,,,
cfl-1990-11-03-BC-SSK,1990-11-03,1990,regular,BC,SSK,35,28,,,wikipedia,,,,
cfl-1990-11-03-TOR-OTR,1990-11-03,1990,regular,TOR,OTR,49,30,,,wikipedia,,,,
cfl-1990-11-04-CGY-EDM,1990-11-04,1990,regular,CGY,EDM,34,32,,,wikipedia,,,,
cfl-1990-11-04-WPG-HAM,1990-11-04,1990,regular,WPG,HAM,32,15,,,wikipedia,,,,
cfl-1990-11-11-EDM-SSK,1990-11-11,1990,postseason,EDM,SSK,43,27,,,wikipedia,,,,
cfl-1990-11-11-TOR-OTR,1990-11-11,1990,postseason,TOR,OTR,34,25,,,wikipedia-1side,,,,
cfl-1990-11-18-CGY-EDM,1990-11-18,1990,regular,CGY,EDM,23,43,,,wikipedia-1side,,,,
cfl-1990-11-18-WPG-TOR,1990-11-18,1990,postseason,WPG,TOR,20,17,,,wikipedia,,,,
cfl-1990-11-25-EDM-WPG,1990-11-25,1990,postseason,EDM,WPG,11,50,1,Grey Cup,wikipedia-1side,,,,
cfl-1991-07-11-BC-CGY,1991-07-11,1991,regular,BC,CGY,34,39,,,wikipedia,,,,
cfl-1991-07-11-OTR-TOR,1991-07-11,1991,regular,OTR,TOR,18,35,,,wikipedia,,,,
cfl-1991-07-12-SSK-EDM,1991-07-12,1991,regular,SSK,EDM,25,34,,,wikipedia,,,,
cfl-1991-07-13-HAM-WPG,1991-07-13,1991,regular,HAM,WPG,9,23,,,wikipedia,,,,
cfl-1991-07-17-EDM-OTR,1991-07-17,1991,regular,EDM,OTR,40,33,,,wikipedia,,,,
cfl-1991-07-18-CGY-SSK,1991-07-18,1991,regular,CGY,SSK,48,28,,,wikipedia,,,,
cfl-1991-07-18-TOR-HAM,1991-07-18,1991,regular,TOR,HAM,41,18,,,wikipedia-1side,,,,
cfl-1991-07-19-WPG-BC,1991-07-19,1991,regular,WPG,BC,23,26,,,wikipedia,,,,
cfl-1991-07-24-OTR-CGY,1991-07-24,1991,regular,OTR,CGY,28,42,,,wikipedia,,,,
cfl-1991-07-25-BC-EDM,1991-07-25,1991,regular,BC,EDM,37,36,,,wikipedia,,,,
cfl-1991-07-25-TOR-WPG,1991-07-25,1991,regular,TOR,WPG,30,16,,,wikipedia-1side,,,,
cfl-1991-07-26-SSK-HAM,1991-07-26,1991,regular,SSK,HAM,52,16,,,wikipedia,,,,
cfl-1991-07-31-EDM-SSK,1991-07-31,1991,regular,EDM,SSK,54,24,,,wikipedia,,,,
cfl-1991-08-01-BC-TOR,1991-08-01,1991,regular,BC,TOR,52,41,,,wikipedia,,,,
cfl-1991-08-02-HAM-CGY,1991-08-02,1991,regular,HAM,CGY,11,21,,,wikipedia,,,,
cfl-1991-08-02-WPG-OTR,1991-08-02,1991,regular,WPG,OTR,26,19,,,wikipedia,,,,
cfl-1991-08-08-CGY-BC,1991-08-08,1991,regular,CGY,BC,34,30,,,wikipedia,,,,
cfl-1991-08-08-OTR-WPG,1991-08-08,1991,regular,OTR,WPG,41,31,,,wikipedia,,,,
cfl-1991-08-09-SSK-TOR,1991-08-09,1991,regular,SSK,TOR,35,37,,,wikipedia,,,,
cfl-1991-08-10-HAM-EDM,1991-08-10,1991,regular,HAM,EDM,13,38,,,wikipedia,,,,
cfl-1991-08-15-BC-CGY,1991-08-15,1991,regular,BC,CGY,28,37,,,wikipedia,,,,
cfl-1991-08-15-OTR-EDM,1991-08-15,1991,regular,OTR,EDM,36,35,,,wikipedia,,,,
cfl-1991-08-15-TOR-SSK,1991-08-15,1991,regular,TOR,SSK,62,10,,,wikipedia-1side,,,,
cfl-1991-08-16-WPG-HAM,1991-08-16,1991,regular,WPG,HAM,25,24,,,wikipedia,,,,
cfl-1991-08-21-EDM-TOR,1991-08-21,1991,regular,EDM,TOR,53,39,,,wikipedia,,,,
cfl-1991-08-21-SSK-BC,1991-08-21,1991,regular,SSK,BC,47,50,,,wikipedia,,,,
cfl-1991-08-22-CGY-WPG,1991-08-22,1991,regular,CGY,WPG,26,39,,,wikipedia,,,,
cfl-1991-08-24-HAM-OTR,1991-08-24,1991,regular,HAM,OTR,19,24,,,wikipedia,,,,
cfl-1991-08-27-TOR-BC,1991-08-27,1991,regular,TOR,BC,34,25,,,wikipedia-1side,,,,
cfl-1991-08-27-WPG-CGY,1991-08-27,1991,regular,WPG,CGY,28,15,,,wikipedia,,,,
cfl-1991-08-28-EDM-SSK,1991-08-28,1991,regular,EDM,SSK,41,44,,,wikipedia,,,,
cfl-1991-08-29-OTR-HAM,1991-08-29,1991,regular,OTR,HAM,38,14,,,wikipedia,,,,
cfl-1991-09-01-SSK-WPG,1991-09-01,1991,regular,SSK,WPG,56,23,,,wikipedia,,,,
cfl-1991-09-02-CGY-EDM,1991-09-02,1991,regular,CGY,EDM,48,36,,,wikipedia,,,,
cfl-1991-09-02-HAM-TOR,1991-09-02,1991,regular,HAM,TOR,48,24,,,wikipedia,,,,
cfl-1991-09-04-BC-OTR,1991-09-04,1991,regular,BC,OTR,24,20,,,wikipedia,,,,
cfl-1991-09-06-EDM-CGY,1991-09-06,1991,regular,EDM,CGY,51,37,,,wikipedia,,,,
cfl-1991-09-07-TOR-HAM,1991-09-07,1991,regular,TOR,HAM,52,25,,,wikipedia-1side,,,,
cfl-1991-09-08-OTR-BC,1991-09-08,1991,regular,OTR,BC,29,56,,,wikipedia,,,,
cfl-1991-09-08-WPG-SSK,1991-09-08,1991,regular,WPG,SSK,49,41,,,wikipedia,,,,
cfl-1991-09-14-BC-WPG,1991-09-14,1991,regular,BC,WPG,36,23,,,wikipedia,,,,
cfl-1991-09-14-HAM-OTR,1991-09-14,1991,regular,HAM,OTR,26,33,,,wikipedia,,,,
cfl-1991-09-15-CGY-TOR,1991-09-15,1991,regular,CGY,TOR,33,24,,,wikipedia,,,,
cfl-1991-09-15-SSK-EDM,1991-09-15,1991,regular,SSK,EDM,36,41,,,wikipedia,,,,
cfl-1991-09-21-BC-SSK,1991-09-21,1991,regular,BC,SSK,47,49,,,wikipedia,,,,
cfl-1991-09-21-TOR-EDM,1991-09-21,1991,regular,TOR,EDM,47,28,,,wikipedia-1side,,,,
cfl-1991-09-22-CGY-HAM,1991-09-22,1991,regular,CGY,HAM,28,17,,,wikipedia,,,,
cfl-1991-09-22-WPG-OTR,1991-09-22,1991,regular,WPG,OTR,40,8,,,wikipedia,,,,
cfl-1991-09-27-EDM-WPG,1991-09-27,1991,regular,EDM,WPG,31,15,,,wikipedia,,,,
cfl-1991-09-28-HAM-BC,1991-09-28,1991,regular,HAM,BC,27,37,,,wikipedia,,,,
cfl-1991-09-29-OTR-TOR,1991-09-29,1991,regular,OTR,TOR,24,25,,,wikipedia,,,,
cfl-1991-09-29-SSK-CGY,1991-09-29,1991,regular,SSK,CGY,40,21,,,wikipedia,,,,
cfl-1991-10-04-EDM-HAM,1991-10-04,1991,regular,EDM,HAM,18,17,,,wikipedia,,,,
cfl-1991-10-05-TOR-WPG,1991-10-05,1991,regular,TOR,WPG,22,21,,,wikipedia-1side,,,,
cfl-1991-10-06-CGY-BC,1991-10-06,1991,regular,CGY,BC,34,49,,,wikipedia,,,,
cfl-1991-10-06-OTR-SSK,1991-10-06,1991,regular,OTR,SSK,42,25,,,wikipedia,,,,
cfl-1991-10-11-WPG-TOR,1991-10-11,1991,regular,WPG,TOR,28,27,,,wikipedia,,,,
cfl-1991-10-12-BC-EDM,1991-10-12,1991,regular,BC,EDM,38,45,,,wikipedia,,,,
cfl-1991-10-13-CGY-OTR,1991-10-13,1991,regular,CGY,OTR,44,24,,,wikipedia,,,,
cfl-1991-10-14-HAM-SSK,1991-10-14,1991,regular,HAM,SSK,42,21,,,wikipedia,,,,
cfl-1991-10-19-WPG-HAM,1991-10-19,1991,regular,WPG,HAM,68,14,,,wikipedia,,,,
cfl-1991-10-20-EDM-BC,1991-10-20,1991,regular,EDM,BC,38,39,,,wikipedia,,,,
cfl-1991-10-20-SSK-OTR,1991-10-20,1991,regular,SSK,OTR,41,28,,,wikipedia,,,,
cfl-1991-10-20-TOR-CGY,1991-10-20,1991,regular,TOR,CGY,34,27,,,wikipedia-1side,,,,
cfl-1991-10-26-OTR-WPG,1991-10-26,1991,regular,OTR,WPG,46,20,,,wikipedia,,,,
cfl-1991-10-27-EDM-CGY,1991-10-27,1991,regular,EDM,CGY,24,23,,,wikipedia,,,,
cfl-1991-10-27-HAM-TOR,1991-10-27,1991,regular,HAM,TOR,34,39,,,wikipedia,,,,
cfl-1991-10-27-SSK-BC,1991-10-27,1991,regular,SSK,BC,5,36,,,wikipedia,,,,
cfl-1991-11-02-BC-HAM,1991-11-02,1991,regular,BC,HAM,17,26,,,wikipedia,,,,
cfl-1991-11-03-CGY-SSK,1991-11-03,1991,regular,CGY,SSK,39,27,,,wikipedia,,,,
cfl-1991-11-03-TOR-OTR,1991-11-03,1991,regular,TOR,OTR,34,31,,,wikipedia-1side,,,,
cfl-1991-11-03-WPG-EDM,1991-11-03,1991,regular,WPG,EDM,18,28,,,wikipedia,,,,
cfl-1991-11-10-WPG-OTR,1991-11-10,1991,postseason,WPG,OTR,26,8,,,wikipedia-1side,,,,
cfl-1991-11-17-EDM-CGY,1991-11-17,1991,regular,EDM,CGY,36,38,,,wikipedia-1side,,,,
cfl-1991-11-17-TOR-WPG,1991-11-17,1991,postseason,TOR,WPG,42,3,,,wikipedia-1side,,,,
cfl-1991-11-24-TOR-CGY,1991-11-24,1991,postseason,TOR,CGY,36,21,1,Grey Cup,wikipedia-1side,,,,
cfl-1992-07-08-SSK-CGY,1992-07-08,1992,regular,SSK,CGY,26,44,,,wikipedia,,,,
cfl-1992-07-09-BC-EDM,1992-07-09,1992,regular,BC,EDM,26,37,,,wikipedia,,,,
cfl-1992-07-09-HAM-WPG,1992-07-09,1992,regular,HAM,WPG,33,36,,,wikipedia,,,,
cfl-1992-07-09-OTR-TOR,1992-07-09,1992,regular,OTR,TOR,53,42,,,wikipedia,,,,
cfl-1992-07-15-EDM-SSK,1992-07-15,1992,regular,EDM,SSK,34,31,,,wikipedia-1side,,,,
cfl-1992-07-16-CGY-HAM,1992-07-16,1992,regular,CGY,HAM,34,22,,,wikipedia,,,,
cfl-1992-07-16-OTR-WPG,1992-07-16,1992,regular,OTR,WPG,29,14,,,wikipedia,,,,
cfl-1992-07-16-TOR-BC,1992-07-16,1992,regular,TOR,BC,61,20,,,wikipedia,,,,
cfl-1992-07-22-WPG-EDM,1992-07-22,1992,regular,WPG,EDM,51,32,,,wikipedia,,,,
cfl-1992-07-23-BC-CGY,1992-07-23,1992,regular,BC,CGY,19,37,,,wikipedia,,,,
cfl-1992-07-23-TOR-HAM,1992-07-23,1992,regular,TOR,HAM,30,39,,,wikipedia,,,,
cfl-1992-07-24-SSK-OTR,1992-07-24,1992,regular,SSK,OTR,23,13,,,wikipedia,,,,
cfl-1992-07-30-CGY-TOR,1992-07-30,1992,regular,CGY,TOR,28,26,,,wikipedia,,,,
cfl-1992-07-30-HAM-SSK,1992-07-30,1992,regular,HAM,SSK,38,24,,,wikipedia,,,,
cfl-1992-07-30-OTR-EDM,1992-07-30,1992,regular,OTR,EDM,25,30,,,wikipedia,,,,
cfl-1992-07-30-WPG-BC,1992-07-30,1992,regular,WPG,BC,41,15,,,wikipedia,,,,
cfl-1992-08-06-BC-HAM,1992-08-06,1992,regular,BC,HAM,25,27,,,wikipedia-1side,,,,
cfl-1992-08-06-EDM-OTR,1992-08-06,1992,regular,EDM,OTR,29,14,,,wikipedia,,,,
cfl-1992-08-06-TOR-WPG,1992-08-06,1992,regular,TOR,WPG,32,6,,,wikipedia,,,,
cfl-1992-08-07-SSK-CGY,1992-08-07,1992,regular,SSK,CGY,30,21,,,wikipedia,,,,
cfl-1992-08-12-HAM-EDM,1992-08-12,1992,regular,HAM,EDM,28,30,,,wikipedia,,,,
cfl-1992-08-13-BC-SSK,1992-08-13,1992,regular,BC,SSK,43,46,,,wikipedia,,,,
cfl-1992-08-13-OTR-CGY,1992-08-13,1992,regular,OTR,CGY,32,11,,,wikipedia,,,,
cfl-1992-08-13-WPG-TOR,1992-08-13,1992,regular,WPG,TOR,32,17,,,wikipedia,,,,
cfl-1992-08-19-HAM-WPG,1992-08-19,1992,regular,HAM,WPG,21,20,,,wikipedia,,,,
cfl-1992-08-20-EDM-TOR,1992-08-20,1992,regular,EDM,TOR,39,16,,,wikipedia,,,,
cfl-1992-08-20-OTR-SSK,1992-08-20,1992,regular,OTR,SSK,20,9,,,wikipedia,,,,
cfl-1992-08-21-CGY-BC,1992-08-21,1992,regular,CGY,BC,44,23,,,wikipedia,,,,
cfl-1992-08-26-TOR-OTR,1992-08-26,1992,regular,TOR,OTR,24,16,,,wikipedia,,,,
cfl-1992-08-27-WPG-HAM,1992-08-27,1992,regular,WPG,HAM,35,37,,,wikipedia,,,,
cfl-1992-08-28-EDM-CGY,1992-08-28,1992,regular,EDM,CGY,38,45,,,wikipedia,,,,
cfl-1992-08-29-SSK-BC,1992-08-29,1992,regular,SSK,BC,47,36,,,wikipedia,,,,
cfl-1992-09-03-BC-OTR,1992-09-03,1992,regular,BC,OTR,33,27,,,wikipedia,,,,
cfl-1992-09-06-SSK-WPG,1992-09-06,1992,regular,SSK,WPG,32,20,,,wikipedia,,,,
cfl-1992-09-07-CGY-EDM,1992-09-07,1992,regular,CGY,EDM,21,34,,,wikipedia,,,,
cfl-1992-09-07-HAM-TOR,1992-09-07,1992,regular,HAM,TOR,27,24,,,wikipedia,,,,
cfl-1992-09-11-EDM-BC,1992-09-11,1992,regular,EDM,BC,20,34,,,wikipedia,,,,
cfl-1992-09-13-OTR-HAM,1992-09-13,1992,regular,OTR,HAM,44,31,,,wikipedia,,,,
cfl-1992-09-13-TOR-CGY,1992-09-13,1992,regular,TOR,CGY,0,31,,,wikipedia,,,,
cfl-1992-09-13-WPG-SSK,1992-09-13,1992,regular,WPG,SSK,37,16,,,wikipedia,,,,
cfl-1992-09-19-BC-TOR,1992-09-19,1992,regular,BC,TOR,36,29,,,wikipedia,,,,
cfl-1992-09-19-HAM-OTR,1992-09-19,1992,regular,HAM,OTR,25,54,,,wikipedia,,,,
cfl-1992-09-20-CGY-WPG,1992-09-20,1992,regular,CGY,WPG,57,29,,,wikipedia,,,,
cfl-1992-09-20-SSK-EDM,1992-09-20,1992,regular,SSK,EDM,22,18,,,wikipedia,,,,
cfl-1992-09-25-EDM-HAM,1992-09-25,1992,regular,EDM,HAM,25,26,,,wikipedia,,,,
cfl-1992-09-26-TOR-SSK,1992-09-26,1992,regular,TOR,SSK,39,32,,,wikipedia,,,,
cfl-1992-09-27-OTR-BC,1992-09-27,1992,regular,OTR,BC,27,23,,,wikipedia,,,,
cfl-1992-09-27-WPG-CGY,1992-09-27,1992,regular,WPG,CGY,17,16,,,wikipedia,,,,
cfl-1992-10-02-EDM-WPG,1992-10-02,1992,regular,EDM,WPG,45,25,,,wikipedia,,,,
cfl-1992-10-03-HAM-BC,1992-10-03,1992,regular,HAM,BC,34,20,,,wikipedia,,,,
cfl-1992-10-04-CGY-OTR,1992-10-04,1992,regular,CGY,OTR,47,11,,,wikipedia,,,,
cfl-1992-10-04-SSK-TOR,1992-10-04,1992,regular,SSK,TOR,43,18,,,wikipedia,,,,
cfl-1992-10-10-BC-CGY,1992-10-10,1992,regular,BC,CGY,21,40,,,wikipedia,,,,
cfl-1992-10-10-TOR-EDM,1992-10-10,1992,regular,TOR,EDM,31,14,,,wikipedia,,,,
cfl-1992-10-11-SSK-HAM,1992-10-11,1992,regular,SSK,HAM,6,44,,,wikipedia,,,,
cfl-1992-10-12-OTR-WPG,1992-10-12,1992,regular,OTR,WPG,47,49,,,wikipedia,,,,
cfl-1992-10-16-EDM-BC,1992-10-16,1992,regular,EDM,BC,43,17,,,wikipedia,,,,
cfl-1992-10-18-CGY-SSK,1992-10-18,1992,regular,CGY,SSK,34,30,,,wikipedia,,,,
cfl-1992-10-18-TOR-OTR,1992-10-18,1992,regular,TOR,OTR,10,4,,,wikipedia,,,,
cfl-1992-10-18-WPG-HAM,1992-10-18,1992,regular,WPG,HAM,24,15,,,wikipedia,,,,
cfl-1992-10-24-CGY-EDM,1992-10-24,1992,regular,CGY,EDM,40,23,,,wikipedia,,,,
cfl-1992-10-25-HAM-OTR,1992-10-25,1992,regular,HAM,OTR,9,31,,,wikipedia,,,,
cfl-1992-10-25-SSK-BC,1992-10-25,1992,regular,SSK,BC,41,22,,,wikipedia,,,,
cfl-1992-10-25-WPG-TOR,1992-10-25,1992,regular,WPG,TOR,24,23,,,wikipedia,,,,
cfl-1992-10-31-BC-WPG,1992-10-31,1992,regular,BC,WPG,26,29,,,wikipedia,,,,
cfl-1992-10-31-OTR-TOR,1992-10-31,1992,regular,OTR,TOR,31,12,,,wikipedia,,,,
cfl-1992-11-01-EDM-SSK,1992-11-01,1992,regular,EDM,SSK,24,30,,,wikipedia,,,,
cfl-1992-11-01-HAM-CGY,1992-11-01,1992,regular,HAM,CGY,32,17,,,wikipedia,,,,
cfl-1992-11-07-BC-EDM,1992-11-07,1992,regular,BC,EDM,33,37,,,wikipedia,,,,
cfl-1992-11-08-CGY-SSK,1992-11-08,1992,regular,CGY,SSK,40,17,,,wikipedia,,,,
cfl-1992-11-08-TOR-HAM,1992-11-08,1992,regular,TOR,HAM,35,48,,,wikipedia,,,,
cfl-1992-11-08-WPG-OTR,1992-11-08,1992,regular,WPG,OTR,18,6,,,wikipedia,,,,
cfl-1992-11-15-EDM-SSK,1992-11-15,1992,postseason,EDM,SSK,22,20,,,wikipedia,,,,
cfl-1992-11-15-HAM-OTR,1992-11-15,1992,postseason,HAM,OTR,29,28,,,wikipedia-1side,,,,
cfl-1992-11-22-CGY-EDM,1992-11-22,1992,postseason,CGY,EDM,23,22,,,wikipedia-1side,,,,
cfl-1992-11-22-WPG-HAM,1992-11-22,1992,postseason,WPG,HAM,59,11,,,wikipedia-1side,,,,
cfl-1993-07-06-CGY-WPG,1993-07-06,1993,regular,CGY,WPG,54,34,,,wikipedia,,,,
cfl-1993-07-07-OTR-SAC,1993-07-07,1993,regular,OTR,SAC,32,23,,,wikipedia,,,,
cfl-1993-07-09-SSK-BC,1993-07-09,1993,regular,SSK,BC,26,33,,,wikipedia,,,,
cfl-1993-07-10-EDM-TOR,1993-07-10,1993,regular,EDM,TOR,38,8,,,wikipedia,,,,
cfl-1993-07-10-HAM-SAC,1993-07-10,1993,regular,HAM,SAC,30,14,,,wikipedia,,,,
cfl-1993-07-14-TOR-BC,1993-07-14,1993,regular,TOR,BC,27,40,,,wikipedia,,,,
cfl-1993-07-15-SSK-EDM,1993-07-15,1993,regular,SSK,EDM,23,22,,,wikipedia,,,,
cfl-1993-07-16-OTR-HAM,1993-07-16,1993,regular,OTR,HAM,20,21,,,wikipedia,,,,
cfl-1993-07-17-SAC-CGY,1993-07-17,1993,regular,SAC,CGY,36,38,,,wikipedia,,,,
cfl-1993-07-17-WPG-BC,1993-07-17,1993,regular,WPG,BC,36,14,,,wikipedia,,,,
cfl-1993-07-21-EDM-SSK,1993-07-21,1993,regular,EDM,SSK,35,3,,,wikipedia,,,,
cfl-1993-07-22-TOR-HAM,1993-07-22,1993,regular,TOR,HAM,9,25,,,wikipedia,,,,
cfl-1993-07-23-WPG-OTR,1993-07-23,1993,regular,WPG,OTR,21,18,,,wikipedia,,,,
cfl-1993-07-24-BC-CGY,1993-07-24,1993,regular,BC,CGY,20,34,,,wikipedia,,,,
cfl-1993-07-24-SAC-SSK,1993-07-24,1993,regular,SAC,SSK,37,26,,,wikipedia,,,,
cfl-1993-07-28-CGY-TOR,1993-07-28,1993,regular,CGY,TOR,39,36,,,wikipedia,,,,
cfl-1993-07-29-HAM-WPG,1993-07-29,1993,regular,HAM,WPG,11,40,,,wikipedia,,,,
cfl-1993-07-30-BC-OTR,1993-07-30,1993,regular,BC,OTR,28,24,,,wikipedia,,,,
cfl-1993-07-31-SAC-EDM,1993-07-31,1993,regular,SAC,EDM,11,43,,,wikipedia,,,,
cfl-1993-07-31-SSK-TOR,1993-07-31,1993,regular,SSK,TOR,36,17,,,wikipedia,,,,
cfl-1993-08-03-WPG-CGY,1993-08-03,1993,regular,WPG,CGY,35,40,,,wikipedia,,,,
cfl-1993-08-05-TOR-SAC,1993-08-05,1993,regular,TOR,SAC,37,35,,,wikipedia,,,,
cfl-1993-08-06-HAM-SSK,1993-08-06,1993,regular,HAM,SSK,10,37,,,wikipedia,,,,
cfl-1993-08-06-OTR-CGY,1993-08-06,1993,regular,OTR,CGY,22,47,,,wikipedia,,,,
cfl-1993-08-07-EDM-BC,1993-08-07,1993,regular,EDM,BC,23,39,,,wikipedia,,,,
cfl-1993-08-11-SSK-OTR,1993-08-11,1993,regular,SSK,OTR,45,28,,,wikipedia,,,,
cfl-1993-08-12-BC-TOR,1993-08-12,1993,regular,BC,TOR,55,38,,,wikipedia,,,,
cfl-1993-08-13-WPG-EDM,1993-08-13,1993,regular,WPG,EDM,53,11,,,wikipedia,,,,
cfl-1993-08-14-CGY-OTR,1993-08-14,1993,regular,CGY,OTR,21,7,,,wikipedia,,,,
cfl-1993-08-14-SAC-HAM,1993-08-14,1993,regular,SAC,HAM,46,10,,,wikipedia,,,,
cfl-1993-08-18-BC-WPG,1993-08-18,1993,regular,BC,WPG,48,28,,,wikipedia,,,,
cfl-1993-08-18-TOR-EDM,1993-08-18,1993,regular,TOR,EDM,14,45,,,wikipedia,,,,
cfl-1993-08-19-OTR-SSK,1993-08-19,1993,regular,OTR,SSK,26,27,,,wikipedia,,,,
cfl-1993-08-20-HAM-CGY,1993-08-20,1993,regular,HAM,CGY,12,31,,,wikipedia,,,,
cfl-1993-08-21-SAC-WPG,1993-08-21,1993,regular,SAC,WPG,18,30,,,wikipedia,,,,
cfl-1993-08-25-EDM-HAM,1993-08-25,1993,regular,EDM,HAM,46,8,,,wikipedia,,,,
cfl-1993-08-25-TOR-OTR,1993-08-25,1993,regular,TOR,OTR,25,26,,,wikipedia,,,,
cfl-1993-08-27-CGY-BC,1993-08-27,1993,regular,CGY,BC,35,30,,,wikipedia,,,,
cfl-1993-08-27-SSK-SAC,1993-08-27,1993,regular,SSK,SAC,26,23,,,wikipedia,,,,
cfl-1993-08-28-WPG-HAM,1993-08-28,1993,regular,WPG,HAM,35,11,,,wikipedia,,,,
cfl-1993-09-02-EDM-SAC,1993-09-02,1993,regular,EDM,SAC,13,12,,,wikipedia,,,,
cfl-1993-09-04-OTR-BC,1993-09-04,1993,regular,OTR,BC,24,25,,,wikipedia,,,,
cfl-1993-09-05-SSK-WPG,1993-09-05,1993,regular,SSK,WPG,24,25,,,wikipedia,,,,
cfl-1993-09-06-CGY-EDM,1993-09-06,1993,regular,CGY,EDM,33,13,,,wikipedia,,,,
cfl-1993-09-06-HAM-TOR,1993-09-06,1993,regular,HAM,TOR,23,21,,,wikipedia,,,,
cfl-1993-09-10-EDM-CGY,1993-09-10,1993,regular,EDM,CGY,29,16,,,wikipedia,,,,
cfl-1993-09-11-BC-HAM,1993-09-11,1993,regular,BC,HAM,55,25,,,wikipedia,,,,
cfl-1993-09-11-SAC-OTR,1993-09-11,1993,regular,SAC,OTR,47,15,,,wikipedia,,,,
cfl-1993-09-12-WPG-SSK,1993-09-12,1993,regular,WPG,SSK,41,23,,,wikipedia,,,,
cfl-1993-09-17-HAM-EDM,1993-09-17,1993,regular,HAM,EDM,34,10,,,wikipedia,,,,
cfl-1993-09-18-CGY-BC,1993-09-18,1993,regular,CGY,BC,40,21,,,wikipedia,,,,
cfl-1993-09-19-SSK-SAC,1993-09-19,1993,regular,SSK,SAC,27,20,,,wikipedia,,,,
cfl-1993-09-19-TOR-WPG,1993-09-19,1993,regular,TOR,WPG,35,26,,,wikipedia,,,,
cfl-1993-09-24-CGY-HAM,1993-09-24,1993,regular,CGY,HAM,26,3,,,wikipedia,,,,
cfl-1993-09-25-BC-SSK,1993-09-25,1993,regular,BC,SSK,16,31,,,wikipedia,,,,
cfl-1993-09-25-OTR-TOR,1993-09-25,1993,regular,OTR,TOR,30,22,,,wikipedia,,,,
cfl-1993-09-26-EDM-WPG,1993-09-26,1993,regular,EDM,WPG,14,52,,,wikipedia,,,,
cfl-1993-10-01-SSK-BC,1993-10-01,1993,regular,SSK,BC,28,50,,,wikipedia,,,,
cfl-1993-10-02-SAC-EDM,1993-10-02,1993,regular,SAC,EDM,13,34,,,wikipedia,,,,
cfl-1993-10-02-WPG-HAM,1993-10-02,1993,regular,WPG,HAM,61,10,,,wikipedia,,,,
cfl-1993-10-03-TOR-OTR,1993-10-03,1993,regular,TOR,OTR,17,16,,,wikipedia,,,,
cfl-1993-10-08-BC-SAC,1993-10-08,1993,regular,BC,SAC,23,27,,,wikipedia,,,,
cfl-1993-10-09-OTR-WPG,1993-10-09,1993,regular,OTR,WPG,38,48,,,wikipedia,,,,
cfl-1993-10-10-CGY-SSK,1993-10-10,1993,regular,CGY,SSK,34,18,,,wikipedia,,,,
cfl-1993-10-11-HAM-TOR,1993-10-11,1993,regular,HAM,TOR,28,20,,,wikipedia,,,,
cfl-1993-10-15-WPG-SAC,1993-10-15,1993,regular,WPG,SAC,33,26,,,wikipedia,,,,
cfl-1993-10-16-EDM-OTR,1993-10-16,1993,regular,EDM,OTR,19,1,,,wikipedia,,,,
cfl-1993-10-17-SSK-HAM,1993-10-17,1993,regular,SSK,HAM,33,10,,,wikipedia,,,,
cfl-1993-10-17-TOR-CGY,1993-10-17,1993,regular,TOR,CGY,7,51,,,wikipedia,,,,
cfl-1993-10-22-OTR-EDM,1993-10-22,1993,regular,OTR,EDM,17,19,,,wikipedia,,,,
cfl-1993-10-23-SAC-TOR,1993-10-23,1993,regular,SAC,TOR,38,24,,,wikipedia,,,,
cfl-1993-10-23-SSK-CGY,1993-10-23,1993,regular,SSK,CGY,48,45,,,wikipedia,,,,
cfl-1993-10-24-HAM-BC,1993-10-24,1993,regular,HAM,BC,19,26,,,wikipedia,,,,
cfl-1993-10-29-BC-EDM,1993-10-29,1993,regular,BC,EDM,14,54,,,wikipedia,,,,
cfl-1993-10-30-CGY-SAC,1993-10-30,1993,regular,CGY,SAC,41,8,,,wikipedia,,,,
cfl-1993-10-30-OTR-WPG,1993-10-30,1993,regular,OTR,WPG,16,36,,,wikipedia,,,,
cfl-1993-10-31-TOR-SSK,1993-10-31,1993,regular,TOR,SSK,23,30,,,wikipedia,,,,
cfl-1993-11-05-EDM-SSK,1993-11-05,1993,postseason,EDM,SSK,51,13,,,wikipedia-1side,,,,
cfl-1993-11-06-SAC-BC,1993-11-06,1993,regular,SAC,BC,64,27,,,wikipedia,,,,
cfl-1993-11-07-EDM-CGY,1993-11-07,1993,regular,EDM,CGY,39,21,,,wikipedia,,,,
cfl-1993-11-07-HAM-OTR,1993-11-07,1993,regular,HAM,OTR,26,27,,,wikipedia,,,,
cfl-1993-11-07-WPG-TOR,1993-11-07,1993,regular,WPG,TOR,12,10,,,wikipedia,,,,
cfl-1993-11-12-CGY-EDM,1993-11-12,1993,postseason,CGY,EDM,15,29,,,wikipedia-1side,,,,
cfl-1993-11-14-EDM-SSK,1993-11-14,1993,postseason,EDM,SSK,51,13,,,wikipedia-1side,,,,
cfl-1993-11-14-HAM-OTR,1993-11-14,1993,postseason,HAM,OTR,21,10,,,wikipedia,,,,
cfl-1993-11-19-EDM-WPG,1993-11-19,1993,postseason,EDM,WPG,33,23,1,Grey Cup,wikipedia-1side,,,,
cfl-1993-11-21-WPG-HAM,1993-11-21,1993,postseason,WPG,HAM,20,19,,,wikipedia-1side,,,,
cfl-1994-07-06-OTR-SHR,1994-07-06,1994,regular,OTR,SHR,40,10,,,wikipedia,,,,
cfl-1994-07-07-TOR-BAL,1994-07-07,1994,regular,TOR,BAL,20,28,,,wikipedia-1side,,,,
cfl-1994-07-08-BC-WPG,1994-07-08,1994,regular,BC,WPG,24,20,,,wikipedia,,,,
cfl-1994-07-08-SAC-LV,1994-07-08,1994,regular,SAC,LV,26,32,,,wikipedia,,,,
cfl-1994-07-08-SSK-CGY,1994-07-08,1994,regular,SSK,CGY,22,21,,,wikipedia,,,,
cfl-1994-07-09-EDM-HAM,1994-07-09,1994,regular,EDM,HAM,26,11,,,wikipedia,,,,
cfl-1994-07-13-WPG-EDM,1994-07-13,1994,regular,WPG,EDM,50,35,,,wikipedia,,,,
cfl-1994-07-14-HAM-SAC,1994-07-14,1994,regular,HAM,SAC,22,25,,,wikipedia,,,,
cfl-1994-07-15-OTR-BC,1994-07-15,1994,regular,OTR,BC,18,57,,,wikipedia,,,,
cfl-1994-07-16-BAL-CGY,1994-07-16,1994,regular,BAL,CGY,16,42,,,wikipedia-1side,,,,
cfl-1994-07-16-LV-SSK,1994-07-16,1994,regular,LV,SSK,32,22,,,wikipedia,,,,
cfl-1994-07-16-SHR-TOR,1994-07-16,1994,regular,SHR,TOR,34,35,,,wikipedia,,,,
cfl-1994-07-20-EDM-OTR,1994-07-20,1994,regular,EDM,OTR,23,21,,,wikipedia,,,,
cfl-1994-07-21-BC-HAM,1994-07-21,1994,regular,BC,HAM,42,25,,,wikipedia,,,,
cfl-1994-07-22-SSK-TOR,1994-07-22,1994,regular,SSK,TOR,35,24,,,wikipedia,,,,
cfl-1994-07-23-BAL-SHR,1994-07-23,1994,regular,BAL,SHR,40,24,,,wikipedia-1side,,,,
cfl-1994-07-23-CGY-WPG,1994-07-23,1994,regular,CGY,WPG,58,19,,,wikipedia-1side,,,,
cfl-1994-07-23-LV-SAC,1994-07-23,1994,regular,LV,SAC,20,22,,,wikipedia,,,,
cfl-1994-07-28-HAM-OTR,1994-07-28,1994,regular,HAM,OTR,25,53,,,wikipedia,,,,
cfl-1994-07-28-WPG-BAL,1994-07-28,1994,regular,WPG,BAL,39,32,,,wikipedia-1side,,,,
cfl-1994-07-29-CGY-BC,1994-07-29,1994,regular,CGY,BC,62,21,,,wikipedia,,,,
cfl-1994-07-29-TOR-LV,1994-07-29,1994,regular,TOR,LV,39,20,,,wikipedia,,,,
cfl-1994-07-30-SAC-SSK,1994-07-30,1994,regular,SAC,SSK,30,27,,,wikipedia,,,,
cfl-1994-07-30-SHR-EDM,1994-07-30,1994,regular,SHR,EDM,10,24,,,wikipedia,,,,
cfl-1994-08-03-OTR-CGY,1994-08-03,1994,regular,OTR,CGY,27,30,,,wikipedia,,,,
cfl-1994-08-04-BC-SAC,1994-08-04,1994,regular,BC,SAC,46,10,,,wikipedia,,,,
cfl-1994-08-04-EDM-SSK,1994-08-04,1994,regular,EDM,SSK,42,23,,,wikipedia,,,,
cfl-1994-08-04-TOR-WPG,1994-08-04,1994,regular,TOR,WPG,34,54,,,wikipedia,,,,
cfl-1994-08-05-HAM-SHR,1994-08-05,1994,regular,HAM,SHR,38,15,,,wikipedia,,,,
cfl-1994-08-06-LV-BAL,1994-08-06,1994,regular,LV,BAL,33,38,,,wikipedia-1side,,,,
cfl-1994-08-10-BAL-HAM,1994-08-10,1994,regular,BAL,HAM,30,15,,,wikipedia-1side,,,,
cfl-1994-08-10-CGY-SAC,1994-08-10,1994,regular,CGY,SAC,25,11,,,wikipedia,,,,
cfl-1994-08-11-BC-TOR,1994-08-11,1994,regular,BC,TOR,54,39,,,wikipedia,,,,
cfl-1994-08-11-OTR-WPG,1994-08-11,1994,regular,OTR,WPG,41,59,,,wikipedia,,,,
cfl-1994-08-12-SSK-EDM,1994-08-12,1994,regular,SSK,EDM,20,7,,,wikipedia,,,,
cfl-1994-08-13-SHR-LV,1994-08-13,1994,regular,SHR,LV,13,49,,,wikipedia,,,,
cfl-1994-08-17-WPG-OTR,1994-08-17,1994,regular,WPG,OTR,46,1,,,wikipedia,,,,
cfl-1994-08-18-SAC-EDM,1994-08-18,1994,regular,SAC,EDM,15,44,,,wikipedia,,,,
cfl-1994-08-19-CGY-SSK,1994-08-19,1994,regular,CGY,SSK,54,15,,,wikipedia,,,,
cfl-1994-08-20-BAL-TOR,1994-08-20,1994,regular,BAL,TOR,24,31,,,wikipedia-1side,,,,
cfl-1994-08-20-LV-BC,1994-08-20,1994,regular,LV,BC,16,39,,,wikipedia,,,,
cfl-1994-08-20-SHR-HAM,1994-08-20,1994,regular,SHR,HAM,26,30,,,wikipedia,,,,
cfl-1994-08-24-WPG-SAC,1994-08-24,1994,regular,WPG,SAC,31,28,,,wikipedia,,,,
cfl-1994-08-25-EDM-LV,1994-08-25,1994,regular,EDM,LV,44,17,,,wikipedia,,,,
cfl-1994-08-25-TOR-CGY,1994-08-25,1994,regular,TOR,CGY,3,52,,,wikipedia,,,,
cfl-1994-08-26-SSK-OTR,1994-08-26,1994,regular,SSK,OTR,35,19,,,wikipedia,,,,
cfl-1994-08-27-BC-SHR,1994-08-27,1994,regular,BC,SHR,67,15,,,wikipedia,,,,
cfl-1994-08-27-HAM-BAL,1994-08-27,1994,regular,HAM,BAL,17,28,,,wikipedia-1side,,,,
cfl-1994-09-02-SAC-BC,1994-09-02,1994,regular,SAC,BC,15,15,,,wikipedia,,,,
cfl-1994-09-03-OTR-LV,1994-09-03,1994,regular,OTR,LV,54,50,,,wikipedia,,,,
cfl-1994-09-03-SHR-BAL,1994-09-03,1994,regular,SHR,BAL,16,28,,,wikipedia-1side,,,,
cfl-1994-09-04-SSK-WPG,1994-09-04,1994,regular,SSK,WPG,42,31,,,wikipedia,,,,
cfl-1994-09-05-CGY-EDM,1994-09-05,1994,regular,CGY,EDM,48,15,,,wikipedia,,,,
cfl-1994-09-05-HAM-TOR,1994-09-05,1994,regular,HAM,TOR,19,31,,,wikipedia,,,,
cfl-1994-09-09-EDM-CGY,1994-09-09,1994,regular,EDM,CGY,38,12,,,wikipedia,,,,
cfl-1994-09-10-BAL-SAC,1994-09-10,1994,regular,BAL,SAC,29,30,,,wikipedia-1side,,,,
cfl-1994-09-10-LV-SHR,1994-09-10,1994,regular,LV,SHR,34,21,,,wikipedia,,,,
cfl-1994-09-10-OTR-HAM,1994-09-10,1994,regular,OTR,HAM,18,28,,,wikipedia,,,,
cfl-1994-09-11-TOR-BC,1994-09-11,1994,regular,TOR,BC,18,28,,,wikipedia,,,,
cfl-1994-09-11-WPG-SSK,1994-09-11,1994,regular,WPG,SSK,18,49,,,wikipedia,,,,
cfl-1994-09-16-CGY-LV,1994-09-16,1994,regular,CGY,LV,35,25,,,wikipedia,,,,
cfl-1994-09-17-BC-EDM,1994-09-17,1994,regular,BC,EDM,18,25,,,wikipedia,,,,
cfl-1994-09-17-HAM-WPG,1994-09-17,1994,regular,HAM,WPG,21,38,,,wikipedia,,,,
cfl-1994-09-17-SAC-SHR,1994-09-17,1994,regular,SAC,SHR,56,3,,,wikipedia,,,,
cfl-1994-09-18-SSK-BAL,1994-09-18,1994,regular,SSK,BAL,18,35,,,wikipedia-1side,,,,
cfl-1994-09-18-TOR-OTR,1994-09-18,1994,regular,TOR,OTR,32,40,,,wikipedia,,,,
cfl-1994-09-23-WPG-BC,1994-09-23,1994,regular,WPG,BC,30,18,,,wikipedia,,,,
cfl-1994-09-24-LV-HAM,1994-09-24,1994,regular,LV,HAM,25,21,,,wikipedia,,,,
cfl-1994-09-24-SAC-CGY,1994-09-24,1994,regular,SAC,CGY,25,39,,,wikipedia,,,,
cfl-1994-09-24-SHR-SSK,1994-09-24,1994,regular,SHR,SSK,11,29,,,wikipedia,,,,
cfl-1994-09-25-EDM-TOR,1994-09-25,1994,regular,EDM,TOR,28,25,,,wikipedia,,,,
cfl-1994-09-25-OTR-BAL,1994-09-25,1994,regular,OTR,BAL,27,42,,,wikipedia-1side,,,,
cfl-1994-09-30-EDM-BC,1994-09-30,1994,regular,EDM,BC,24,26,,,wikipedia,,,,
cfl-1994-09-30-SSK-SAC,1994-09-30,1994,regular,SSK,SAC,16,19,,,wikipedia,,,,
cfl-1994-10-01-BAL-OTR,1994-10-01,1994,regular,BAL,OTR,40,13,,,wikipedia-1side,,,,
cfl-1994-10-01-WPG-SHR,1994-10-01,1994,regular,WPG,SHR,39,21,,,wikipedia,,,,
cfl-1994-10-02-LV-CGY,1994-10-02,1994,regular,LV,CGY,26,45,,,wikipedia,,,,
cfl-1994-10-02-TOR-HAM,1994-10-02,1994,regular,TOR,HAM,39,36,,,wikipedia,,,,
cfl-1994-10-07-BAL-LV,1994-10-07,1994,regular,BAL,LV,22,16,,,wikipedia-1side,,,,
cfl-1994-10-08-BC-SSK,1994-10-08,1994,regular,BC,SSK,23,22,,,wikipedia,,,,
cfl-1994-10-08-SAC-TOR,1994-10-08,1994,regular,SAC,TOR,34,32,,,wikipedia,,,,
cfl-1994-10-08-SHR-WPG,1994-10-08,1994,regular,SHR,WPG,22,38,,,wikipedia,,,,
cfl-1994-10-09-HAM-EDM,1994-10-09,1994,regular,HAM,EDM,32,33,,,wikipedia,,,,
cfl-1994-10-10-CGY-OTR,1994-10-10,1994,regular,CGY,OTR,28,24,,,wikipedia,,,,
cfl-1994-10-15-LV-WPG,1994-10-15,1994,regular,LV,WPG,17,48,,,wikipedia,,,,
cfl-1994-10-15-SSK-BC,1994-10-15,1994,regular,SSK,BC,39,27,,,wikipedia,,,,
cfl-1994-10-16-EDM-BAL,1994-10-16,1994,regular,EDM,BAL,31,24,,,wikipedia-1side,,,,
cfl-1994-10-16-HAM-CGY,1994-10-16,1994,regular,HAM,CGY,27,24,,,wikipedia,,,,
cfl-1994-10-16-OTR-TOR,1994-10-16,1994,regular,OTR,TOR,22,24,,,wikipedia,,,,
cfl-1994-10-16-SHR-SAC,1994-10-16,1994,regular,SHR,SAC,24,12,,,wikipedia,,,,
cfl-1994-10-21-CGY-SHR,1994-10-21,1994,regular,CGY,SHR,52,8,,,wikipedia,,,,
cfl-1994-10-22-BAL-BC,1994-10-22,1994,regular,BAL,BC,48,31,,,wikipedia-1side,,,,
cfl-1994-10-22-SAC-OTR,1994-10-22,1994,regular,SAC,OTR,44,9,,,wikipedia,,,,
cfl-1994-10-22-WPG-HAM,1994-10-22,1994,regular,WPG,HAM,46,44,,,wikipedia,,,,
cfl-1994-10-23-SSK-LV,1994-10-23,1994,regular,SSK,LV,37,18,,,wikipedia,,,,
cfl-1994-10-23-TOR-EDM,1994-10-23,1994,regular,TOR,EDM,23,6,,,wikipedia,,,,
cfl-1994-10-28-TOR-SHR,1994-10-28,1994,regular,TOR,SHR,27,29,,,wikipedia,,,,
cfl-1994-10-29-BAL-WPG,1994-10-29,1994,regular,BAL,WPG,57,10,,,wikipedia-1side,,,,
cfl-1994-10-29-BC-LV,1994-10-29,1994,regular,BC,LV,45,7,,,wikipedia,,,,
cfl-1994-10-29-EDM-SAC,1994-10-29,1994,regular,EDM,SAC,22,16,,,wikipedia,,,,
cfl-1994-10-29-OTR-SSK,1994-10-29,1994,regular,OTR,SSK,29,46,,,wikipedia,,,,
cfl-1994-10-30-CGY-HAM,1994-10-30,1994,regular,CGY,HAM,47,10,,,wikipedia,,,,
cfl-1994-11-04-SHR-OTR,1994-11-04,1994,regular,SHR,OTR,28,24,,,wikipedia,,,,
cfl-1994-11-05-BC-CGY,1994-11-05,1994,regular,BC,CGY,23,24,,,wikipedia,,,,
cfl-1994-11-05-EDM-LV,1994-11-05,1994,regular,EDM,LV,51,10,,,wikipedia,,,,
cfl-1994-11-05-SAC-BAL,1994-11-05,1994,regular,SAC,BAL,18,0,,,wikipedia-1side,,,,
cfl-1994-11-06-HAM-SSK,1994-11-06,1994,regular,HAM,SSK,14,16,,,wikipedia,,,,
cfl-1994-11-06-WPG-TOR,1994-11-06,1994,regular,WPG,TOR,35,28,,,wikipedia,,,,
cfl-1994-11-12-BAL-TOR,1994-11-12,1994,postseason,BAL,TOR,34,15,,,wikipedia-1side,,,,
cfl-1994-11-13-CGY-SSK,1994-11-13,1994,postseason,CGY,SSK,36,3,,,wikipedia-1side,,,,
cfl-1994-11-13-WPG-OTR,1994-11-13,1994,postseason,WPG,OTR,26,16,,,wikipedia-1side,,,,
cfl-1995-06-28-OTR-WPG,1995-06-28,1995,regular,OTR,WPG,25,15,,,wikipedia,,,,
cfl-1995-06-29-CGY-MEM,1995-06-29,1995,regular,CGY,MEM,24,18,,,wikipedia,,,,
cfl-1995-06-30-SSK-HAM,1995-06-30,1995,regular,SSK,HAM,16,37,,,wikipedia,,,,
cfl-1995-07-01-EDM-TOR,1995-07-01,1995,regular,EDM,TOR,45,23,,,wikipedia,,,,
cfl-1995-07-01-SHR-SAC,1995-07-01,1995,regular,SHR,SAC,24,47,,,wikipedia-1side,,,,
cfl-1995-07-04-WPG-BIR,1995-07-04,1995,regular,WPG,BIR,10,38,,,wikipedia,,,,
cfl-1995-07-06-TOR-OTR,1995-07-06,1995,regular,TOR,OTR,37,24,,,wikipedia,,,,
cfl-1995-07-07-MEM-BC,1995-07-07,1995,regular,MEM,BC,13,31,,,wikipedia-1side,,,,
cfl-1995-07-07-SSK-EDM,1995-07-07,1995,regular,SSK,EDM,19,26,,,wikipedia,,,,
cfl-1995-07-08-BC-SAC,1995-07-08,1995,regular,BC,SAC,50,24,,,wikipedia-1side,,,,
cfl-1995-07-08-HAM-BIR,1995-07-08,1995,regular,HAM,BIR,31,13,,,wikipedia,,,,
cfl-1995-07-08-SHR-CGY,1995-07-08,1995,regular,SHR,CGY,17,48,,,wikipedia-1side,,,,
cfl-1995-07-13-BC-TOR,1995-07-13,1995,regular,BC,TOR,35,34,,,wikipedia,,,,
cfl-1995-07-13-OTR-CGY,1995-07-13,1995,regular,OTR,CGY,7,57,,,wikipedia,,,,
cfl-1995-07-13-WPG-SHR,1995-07-13,1995,regular,WPG,SHR,37,29,,,wikipedia,,,,
cfl-1995-07-14-MEM-SSK,1995-07-14,1995,regular,MEM,SSK,11,5,,,wikipedia-1side,,,,
cfl-1995-07-15-BIR-HAM,1995-07-15,1995,regular,BIR,HAM,51,28,,,wikipedia-1side,,,,
cfl-1995-07-15-SAC-BC,1995-07-15,1995,regular,SAC,BC,23,28,,,wikipedia,,,,
cfl-1995-07-17-EDM-SHR,1995-07-17,1995,regular,EDM,SHR,7,37,,,wikipedia,,,,
cfl-1995-07-19-OTR-MEM,1995-07-19,1995,regular,OTR,MEM,20,23,,,wikipedia,,,,
cfl-1995-07-21-CGY-BC,1995-07-21,1995,regular,CGY,BC,46,24,,,wikipedia,,,,
cfl-1995-07-22-BC-WPG,1995-07-22,1995,regular,BC,WPG,43,7,,,wikipedia-1side,,,,
cfl-1995-07-22-BIR-SSK,1995-07-22,1995,regular,BIR,SSK,24,14,,,wikipedia-1side,,,,
cfl-1995-07-22-SAC-EDM,1995-07-22,1995,regular,SAC,EDM,32,27,,,wikipedia,,,,
cfl-1995-07-22-SHR-TOR,1995-07-22,1995,regular,SHR,TOR,11,10,,,wikipedia-1side,,,,
cfl-1995-07-24-HAM-MEM,1995-07-24,1995,regular,HAM,MEM,21,23,,,wikipedia,,,,
cfl-1995-07-26-WPG-SAC,1995-07-26,1995,regular,WPG,SAC,20,17,,,wikipedia,,,,
cfl-1995-07-27-BC-OTR,1995-07-27,1995,regular,BC,OTR,48,11,,,wikipedia,,,,
cfl-1995-07-28-CGY-SHR,1995-07-28,1995,regular,CGY,SHR,27,19,,,wikipedia,,,,
cfl-1995-07-28-HAM-EDM,1995-07-28,1995,regular,HAM,EDM,18,26,,,wikipedia,,,,
cfl-1995-07-29-BIR-BC,1995-07-29,1995,regular,BIR,BC,8,36,,,wikipedia-1side,,,,
cfl-1995-07-29-MEM-TOR,1995-07-29,1995,regular,MEM,TOR,7,10,,,wikipedia-1side,,,,
cfl-1995-07-30-SSK-SAC,1995-07-30,1995,regular,SSK,SAC,15,36,,,wikipedia,,,,
cfl-1995-08-02-EDM-BC,1995-08-02,1995,regular,EDM,BC,12,19,,,wikipedia,,,,
cfl-1995-08-03-BC-BIR,1995-08-03,1995,regular,BC,BIR,30,23,,,wikipedia,,,,
cfl-1995-08-03-TOR-HAM,1995-08-03,1995,regular,TOR,HAM,16,20,,,wikipedia,,,,
cfl-1995-08-04-OTR-SSK,1995-08-04,1995,regular,OTR,SSK,20,31,,,wikipedia,,,,
cfl-1995-08-05-SAC-MEM,1995-08-05,1995,regular,SAC,MEM,24,9,,,wikipedia,,,,
cfl-1995-08-05-SHR-WPG,1995-08-05,1995,regular,SHR,WPG,65,17,,,wikipedia-1side,,,,
cfl-1995-08-06-CGY-BC,1995-08-06,1995,regular,CGY,BC,29,15,,,wikipedia,,,,
cfl-1995-08-09-SSK-BC,1995-08-09,1995,regular,SSK,BC,25,43,,,wikipedia,,,,
cfl-1995-08-09-TOR-EDM,1995-08-09,1995,regular,TOR,EDM,10,31,,,wikipedia,,,,
cfl-1995-08-11-HAM-SHR,1995-08-11,1995,regular,HAM,SHR,30,20,,,wikipedia,,,,
cfl-1995-08-12-BC-MEM,1995-08-12,1995,regular,BC,MEM,15,25,,,wikipedia-1side,,,,
cfl-1995-08-12-BIR-WPG,1995-08-12,1995,regular,BIR,WPG,50,24,,,wikipedia-1side,,,,
cfl-1995-08-12-SAC-CGY,1995-08-12,1995,regular,SAC,CGY,32,38,,,wikipedia,,,,
cfl-1995-08-13-OTR-EDM,1995-08-13,1995,regular,OTR,EDM,18,17,,,wikipedia,,,,
cfl-1995-08-14-TOR-BC,1995-08-14,1995,regular,TOR,BC,6,19,,,wikipedia,,,,
cfl-1995-08-18-CGY-BIR,1995-08-18,1995,regular,CGY,BIR,28,31,,,wikipedia,,,,
cfl-1995-08-18-EDM-SSK,1995-08-18,1995,regular,EDM,SSK,32,13,,,wikipedia,,,,
cfl-1995-08-18-SHR-OTR,1995-08-18,1995,regular,SHR,OTR,61,11,,,wikipedia-1side,,,,
cfl-1995-08-18-WPG-BC,1995-08-18,1995,regular,WPG,BC,11,6,,,wikipedia,,,,
cfl-1995-08-19-HAM-SAC,1995-08-19,1995,regular,HAM,SAC,35,31,,,wikipedia,,,,
cfl-1995-08-19-MEM-BC,1995-08-19,1995,regular,MEM,BC,13,16,,,wikipedia-1side,,,,
cfl-1995-08-23-SSK-OTR,1995-08-23,1995,regular,SSK,OTR,31,16,,,wikipedia,,,,
cfl-1995-08-25-WPG-HAM,1995-08-25,1995,regular,WPG,HAM,33,36,,,wikipedia,,,,
cfl-1995-08-26-BC-SHR,1995-08-26,1995,regular,BC,SHR,19,20,,,wikipedia,,,,
cfl-1995-08-26-BC-TOR,1995-08-26,1995,regular,BC,TOR,41,14,,,wikipedia-1side,,,,
cfl-1995-08-26-BIR-CGY,1995-08-26,1995,regular,BIR,CGY,14,37,,,wikipedia-1side,,,,
cfl-1995-08-26-MEM-SAC,1995-08-26,1995,regular,MEM,SAC,6,26,,,wikipedia-1side,,,,
cfl-1995-08-27-EDM-OTR,1995-08-27,1995,regular,EDM,OTR,63,3,,,wikipedia,,,,
cfl-1995-09-01-OTR-BIR,1995-09-01,1995,regular,OTR,BIR,46,56,,,wikipedia,,,,
cfl-1995-09-02-HAM-BC,1995-09-02,1995,regular,HAM,BC,14,41,,,wikipedia,,,,
cfl-1995-09-03-SHR-MEM,1995-09-03,1995,regular,SHR,MEM,22,31,,,wikipedia-1side,,,,
cfl-1995-09-03-SSK-WPG,1995-09-03,1995,regular,SSK,WPG,56,4,,,wikipedia,,,,
cfl-1995-09-04-CGY-EDM,1995-09-04,1995,regular,CGY,EDM,51,26,,,wikipedia,,,,
cfl-1995-09-04-SAC-TOR,1995-09-04,1995,regular,SAC,TOR,47,28,,,wikipedia,,,,
cfl-1995-09-08-EDM-CGY,1995-09-08,1995,regular,EDM,CGY,17,33,,,wikipedia,,,,
cfl-1995-09-09-BC-BIR,1995-09-09,1995,regular,BC,BIR,28,20,,,wikipedia-1side,,,,
cfl-1995-09-09-HAM-TOR,1995-09-09,1995,regular,HAM,TOR,33,27,,,wikipedia,,,,
cfl-1995-09-09-OTR-BC,1995-09-09,1995,regular,OTR,BC,24,43,,,wikipedia,,,,
cfl-1995-09-10-MEM-SHR,1995-09-10,1995,regular,MEM,SHR,22,21,,,wikipedia-1side,,,,
cfl-1995-09-10-WPG-SSK,1995-09-10,1995,regular,WPG,SSK,25,24,,,wikipedia,,,,
cfl-1995-09-15-EDM-WPG,1995-09-15,1995,regular,EDM,WPG,64,10,,,wikipedia,,,,
cfl-1995-09-15-SHR-BC,1995-09-15,1995,regular,SHR,BC,17,24,,,wikipedia-1side,,,,
cfl-1995-09-16-BC-HAM,1995-09-16,1995,regular,BC,HAM,49,14,,,wikipedia,,,,
cfl-1995-09-16-TOR-SAC,1995-09-16,1995,regular,TOR,SAC,21,42,,,wikipedia,,,,
cfl-1995-09-17-BIR-OTR,1995-09-17,1995,regular,BIR,OTR,40,9,,,wikipedia-1side,,,,
cfl-1995-09-17-SSK-MEM,1995-09-17,1995,regular,SSK,MEM,34,32,,,wikipedia,,,,
cfl-1995-09-19-CGY-WPG,1995-09-19,1995,regular,CGY,WPG,43,28,,,wikipedia,,,,
cfl-1995-09-22-BC-EDM,1995-09-22,1995,regular,BC,EDM,18,33,,,wikipedia,,,,
cfl-1995-09-23-BC-SHR,1995-09-23,1995,regular,BC,SHR,42,32,,,wikipedia-1side,,,,
cfl-1995-09-23-SAC-HAM,1995-09-23,1995,regular,SAC,HAM,45,7,,,wikipedia,,,,
cfl-1995-09-23-TOR-SSK,1995-09-23,1995,regular,TOR,SSK,23,30,,,wikipedia-1side,,,,
cfl-1995-09-24-MEM-BIR,1995-09-24,1995,regular,MEM,BIR,28,19,,,wikipedia-1side,,,,
cfl-1995-09-24-WPG-CGY,1995-09-24,1995,regular,WPG,CGY,39,43,,,wikipedia,,,,
cfl-1995-09-29-HAM-WPG,1995-09-29,1995,regular,HAM,WPG,20,24,,,wikipedia,,,,
cfl-1995-09-30-CGY-TOR,1995-09-30,1995,regular,CGY,TOR,26,19,,,wikipedia,,,,
cfl-1995-09-30-OTR-SAC,1995-09-30,1995,regular,OTR,SAC,14,49,,,wikipedia,,,,
cfl-1995-10-01-BIR-SHR,1995-10-01,1995,regular,BIR,SHR,34,20,,,wikipedia-1side,,,,
cfl-1995-10-01-EDM-BC,1995-10-01,1995,regular,EDM,BC,39,36,,,wikipedia,,,,
cfl-1995-10-01-SSK-BC,1995-10-01,1995,regular,SSK,BC,24,28,,,wikipedia,,,,
cfl-1995-10-07-BC-SSK,1995-10-07,1995,regular,BC,SSK,29,27,,,wikipedia-1side,,,,
cfl-1995-10-07-SHR-HAM,1995-10-07,1995,regular,SHR,HAM,26,14,,,wikipedia-1side,,,,
cfl-1995-10-08-BIR-SAC,1995-10-08,1995,regular,BIR,SAC,38,28,,,wikipedia-1side,,,,
cfl-1995-10-08-MEM-OTR,1995-10-08,1995,regular,MEM,OTR,26,7,,,wikipedia-1side,,,,
cfl-1995-10-09-BC-CGY,1995-10-09,1995,regular,BC,CGY,27,41,,,wikipedia,,,,
cfl-1995-10-09-TOR-WPG,1995-10-09,1995,regular,TOR,WPG,31,20,,,wikipedia-1side,,,,
cfl-1995-10-12-SAC-OTR,1995-10-12,1995,regular,SAC,OTR,43,30,,,wikipedia,,,,
cfl-1995-10-13-EDM-MEM,1995-10-13,1995,regular,EDM,MEM,34,17,,,wikipedia,,,,
cfl-1995-10-13-SHR-BIR,1995-10-13,1995,regular,SHR,BIR,28,29,,,wikipedia-1side,,,,
cfl-1995-10-14-SSK-CGY,1995-10-14,1995,regular,SSK,CGY,25,20,,,wikipedia,,,,
cfl-1995-10-14-WPG-TOR,1995-10-14,1995,regular,WPG,TOR,44,30,,,wikipedia,,,,
cfl-1995-10-15-HAM-BC,1995-10-15,1995,regular,HAM,BC,43,13,,,wikipedia,,,,
cfl-1995-10-19-BIR-EDM,1995-10-19,1995,regular,BIR,EDM,18,45,,,wikipedia-1side,,,,
cfl-1995-10-19-SAC-SHR,1995-10-19,1995,regular,SAC,SHR,35,26,,,wikipedia,,,,
cfl-1995-10-20-TOR-MEM,1995-10-20,1995,regular,TOR,MEM,10,28,,,wikipedia,,,,
cfl-1995-10-21-OTR-HAM,1995-10-21,1995,regular,OTR,HAM,30,9,,,wikipedia,,,,
cfl-1995-10-22-CGY-SSK,1995-10-22,1995,regular,CGY,SSK,18,15,,,wikipedia,,,,
cfl-1995-10-26-MEM-EDM,1995-10-26,1995,regular,MEM,EDM,14,25,,,wikipedia-1side,,,,
cfl-1995-10-27-TOR-CGY,1995-10-27,1995,regular,TOR,CGY,31,22,,,wikipedia,,,,
cfl-1995-10-28-BC-SSK,1995-10-28,1995,regular,BC,SSK,30,25,,,wikipedia,,,,
cfl-1995-10-29-BC-HAM,1995-10-29,1995,regular,BC,HAM,24,17,,,wikipedia-1side,,,,
cfl-1995-10-29-SAC-BIR,1995-10-29,1995,regular,SAC,BIR,48,42,,,wikipedia,,,,
cfl-1995-10-29-WPG-OTR,1995-10-29,1995,regular,WPG,OTR,36,33,,,wikipedia,,,,
cfl-1995-11-04-CGY-HAM,1995-11-04,1995,postseason,CGY,HAM,31,13,,,wikipedia-1side,,,,
cfl-1995-11-05-EDM-BC,1995-11-05,1995,postseason,EDM,BC,26,15,,,wikipedia-1side,,,,
cfl-1995-11-05-SAC-BIR,1995-11-05,1995,postseason,SAC,BIR,51,9,,,wikipedia-1side,,,,
cfl-1995-11-12-BC-SAC,1995-11-12,1995,postseason,BC,SAC,21,11,,,wikipedia-1side,,,,
cfl-1995-11-12-CGY-EDM,1995-11-12,1995,postseason,CGY,EDM,37,4,,,wikipedia-1side,,,,
cfl-1996-06-23-SSK-CGY,1996-06-23,1996,regular,SSK,CGY,13,33,,,wikipedia,,,,
cfl-1996-06-27-BC-EDM,1996-06-27,1996,regular,BC,EDM,14,28,,,wikipedia,,,,
cfl-1996-06-27-MTL-TOR,1996-06-27,1996,regular,MTL,TOR,24,27,,,wikipedia,,,,
cfl-1996-06-28-HAM-OTR,1996-06-28,1996,regular,HAM,OTR,35,23,,,wikipedia-1side,,,,
cfl-1996-06-29-CGY-WPG,1996-06-29,1996,regular,CGY,WPG,39,12,,,wikipedia,,,,
cfl-1996-07-03-OTR-SSK,1996-07-03,1996,regular,OTR,SSK,14,29,,,wikipedia,,,,
cfl-1996-07-04-TOR-HAM,1996-07-04,1996,regular,TOR,HAM,36,38,,,wikipedia,,,,
cfl-1996-07-05-EDM-MTL,1996-07-05,1996,regular,EDM,MTL,16,13,,,wikipedia,,,,
cfl-1996-07-06-WPG-BC,1996-07-06,1996,regular,WPG,BC,25,22,,,wikipedia,,,,
cfl-1996-07-10-MTL-CGY,1996-07-10,1996,regular,MTL,CGY,22,62,,,wikipedia,,,,
cfl-1996-07-10-SSK-EDM,1996-07-10,1996,regular,SSK,EDM,27,24,,,wikipedia,,,,
cfl-1996-07-11-WPG-TOR,1996-07-11,1996,regular,WPG,TOR,14,35,,,wikipedia,,,,
cfl-1996-07-12-OTR-BC,1996-07-12,1996,regular,OTR,BC,32,31,,,wikipedia,,,,
cfl-1996-07-14-HAM-SSK,1996-07-14,1996,regular,HAM,SSK,27,24,,,wikipedia,,,,
cfl-1996-07-17-EDM-WPG,1996-07-17,1996,regular,EDM,WPG,16,27,,,wikipedia,,,,
cfl-1996-07-17-TOR-OTR,1996-07-17,1996,regular,TOR,OTR,34,4,,,wikipedia,,,,
cfl-1996-07-19-BC-MTL,1996-07-19,1996,regular,BC,MTL,24,44,,,wikipedia,,,,
cfl-1996-07-20-CGY-HAM,1996-07-20,1996,regular,CGY,HAM,40,22,,,wikipedia,,,,
cfl-1996-07-24-MTL-WPG,1996-07-24,1996,regular,MTL,WPG,36,10,,,wikipedia,,,,
cfl-1996-07-25-OTR-EDM,1996-07-25,1996,regular,OTR,EDM,18,34,,,wikipedia,,,,
cfl-1996-07-26-SSK-TOR,1996-07-26,1996,regular,SSK,TOR,16,40,,,wikipedia,,,,
cfl-1996-07-27-BC-HAM,1996-07-27,1996,regular,BC,HAM,24,28,,,wikipedia,,,,
cfl-1996-07-27-WPG-CGY,1996-07-27,1996,regular,WPG,CGY,38,36,,,wikipedia-1side,,,,
cfl-1996-07-29-WPG-CGY,1996-07-29,1996,regular,WPG,CGY,38,36,,,wikipedia-1side,,,,
cfl-1996-08-01-TOR-MTL,1996-08-01,1996,regular,TOR,MTL,40,31,,,wikipedia,,,,
cfl-1996-08-02-HAM-BC,1996-08-02,1996,regular,HAM,BC,25,30,,,wikipedia,,,,
cfl-1996-08-03-EDM-OTR,1996-08-03,1996,regular,EDM,OTR,20,2,,,wikipedia,,,,
cfl-1996-08-05-CGY-SSK,1996-08-05,1996,regular,CGY,SSK,38,11,,,wikipedia,,,,
cfl-1996-08-07-MTL-HAM,1996-08-07,1996,regular,MTL,HAM,29,22,,,wikipedia,,,,
cfl-1996-08-08-TOR-EDM,1996-08-08,1996,regular,TOR,EDM,24,21,,,wikipedia,,,,
cfl-1996-08-09-WPG-OTR,1996-08-09,1996,regular,WPG,OTR,31,27,,,wikipedia,,,,
cfl-1996-08-10-BC-CGY,1996-08-10,1996,regular,BC,CGY,7,32,,,wikipedia,,,,
cfl-1996-08-11-SSK-MTL,1996-08-11,1996,regular,SSK,MTL,20,32,,,wikipedia,,,,
cfl-1996-08-15-BC-WPG,1996-08-15,1996,regular,BC,WPG,13,38,,,wikipedia,,,,
cfl-1996-08-15-OTR-TOR,1996-08-15,1996,regular,OTR,TOR,19,42,,,wikipedia,,,,
cfl-1996-08-16-HAM-CGY,1996-08-16,1996,regular,HAM,CGY,10,47,,,wikipedia,,,,
cfl-1996-08-17-EDM-SSK,1996-08-17,1996,regular,EDM,SSK,25,8,,,wikipedia,,,,
cfl-1996-08-21-CGY-BC,1996-08-21,1996,regular,CGY,BC,23,21,,,wikipedia,,,,
cfl-1996-08-23-EDM-HAM,1996-08-23,1996,regular,EDM,HAM,35,8,,,wikipedia,,,,
cfl-1996-08-23-MTL-SSK,1996-08-23,1996,regular,MTL,SSK,23,16,,,wikipedia,,,,
cfl-1996-08-24-TOR-OTR,1996-08-24,1996,regular,TOR,OTR,28,21,,,wikipedia,,,,
cfl-1996-08-26-WPG-BC,1996-08-26,1996,regular,WPG,BC,20,22,,,wikipedia,,,,
cfl-1996-08-30-OTR-MTL,1996-08-30,1996,regular,OTR,MTL,17,6,,,wikipedia,,,,
cfl-1996-09-01-SSK-WPG,1996-09-01,1996,regular,SSK,WPG,41,23,,,wikipedia,,,,
cfl-1996-09-02-CGY-EDM,1996-09-02,1996,regular,CGY,EDM,31,13,,,wikipedia,,,,
cfl-1996-09-02-HAM-TOR,1996-09-02,1996,regular,HAM,TOR,7,38,,,wikipedia,,,,
cfl-1996-09-06-EDM-CGY,1996-09-06,1996,regular,EDM,CGY,20,19,,,wikipedia,,,,
cfl-1996-09-07-MTL-BC,1996-09-07,1996,regular,MTL,BC,28,27,,,wikipedia,,,,
cfl-1996-09-08-TOR-SSK,1996-09-08,1996,regular,TOR,SSK,31,13,,,wikipedia,,,,
cfl-1996-09-08-WPG-HAM,1996-09-08,1996,regular,WPG,HAM,33,15,,,wikipedia,,,,
cfl-1996-09-13-CGY-MTL,1996-09-13,1996,regular,CGY,MTL,23,25,,,wikipedia,,,,
cfl-1996-09-14-BC-TOR,1996-09-14,1996,regular,BC,TOR,35,11,,,wikipedia,,,,
cfl-1996-09-15-HAM-EDM,1996-09-15,1996,regular,HAM,EDM,20,14,,,wikipedia,,,,
cfl-1996-09-15-SSK-OTR,1996-09-15,1996,regular,SSK,OTR,16,18,,,wikipedia,,,,
cfl-1996-09-20-WPG-EDM,1996-09-20,1996,regular,WPG,EDM,12,41,,,wikipedia,,,,
cfl-1996-09-21-BC-SSK,1996-09-21,1996,regular,BC,SSK,22,10,,,wikipedia,,,,
cfl-1996-09-21-TOR-CGY,1996-09-21,1996,regular,TOR,CGY,23,22,,,wikipedia,,,,
cfl-1996-09-22-OTR-HAM,1996-09-22,1996,regular,OTR,HAM,21,24,,,wikipedia,,,,
cfl-1996-09-27-CGY-OTR,1996-09-27,1996,regular,CGY,OTR,24,17,,,wikipedia,,,,
cfl-1996-09-28-SSK-WPG,1996-09-28,1996,regular,SSK,WPG,15,37,,,wikipedia,,,,
cfl-1996-09-29-EDM-BC,1996-09-29,1996,regular,EDM,BC,32,12,,,wikipedia,,,,
cfl-1996-09-29-HAM-MTL,1996-09-29,1996,regular,HAM,MTL,39,38,,,wikipedia,,,,
cfl-1996-10-04-MTL-EDM,1996-10-04,1996,regular,MTL,EDM,32,18,,,wikipedia,,,,
cfl-1996-10-05-OTR-CGY,1996-10-05,1996,regular,OTR,CGY,24,31,,,wikipedia,,,,
cfl-1996-10-05-TOR-WPG,1996-10-05,1996,regular,TOR,WPG,28,12,,,wikipedia,,,,
cfl-1996-10-06-SSK-HAM,1996-10-06,1996,regular,SSK,HAM,37,26,,,wikipedia,,,,
cfl-1996-10-12-BC-EDM,1996-10-12,1996,regular,BC,EDM,31,34,,,wikipedia,,,,
cfl-1996-10-13-WPG-SSK,1996-10-13,1996,regular,WPG,SSK,20,14,,,wikipedia,,,,
cfl-1996-10-14-CGY-TOR,1996-10-14,1996,regular,CGY,TOR,30,23,,,wikipedia,,,,
cfl-1996-10-14-OTR-MTL,1996-10-14,1996,regular,OTR,MTL,18,25,,,wikipedia,,,,
cfl-1996-10-18-HAM-WPG,1996-10-18,1996,regular,HAM,WPG,25,15,,,wikipedia,,,,
cfl-1996-10-19-MTL-OTR,1996-10-19,1996,regular,MTL,OTR,28,21,,,wikipedia,,,,
cfl-1996-10-19-SSK-BC,1996-10-19,1996,regular,SSK,BC,29,27,,,wikipedia,,,,
cfl-1996-10-20-EDM-TOR,1996-10-20,1996,regular,EDM,TOR,17,24,,,wikipedia,,,,
cfl-1996-10-25-MTL-HAM,1996-10-25,1996,regular,MTL,HAM,45,41,,,wikipedia,,,,
cfl-1996-10-26-OTR-WPG,1996-10-26,1996,regular,OTR,WPG,29,30,,,wikipedia,,,,
cfl-1996-10-27-EDM-CGY,1996-10-27,1996,regular,EDM,CGY,41,32,,,wikipedia,,,,
cfl-1996-10-27-TOR-BC,1996-10-27,1996,regular,TOR,BC,25,21,,,wikipedia,,,,
cfl-1996-11-01-WPG-MTL,1996-11-01,1996,regular,WPG,MTL,24,42,,,wikipedia,,,,
cfl-1996-11-02-BC-OTR,1996-11-02,1996,regular,BC,OTR,35,24,,,wikipedia,,,,
cfl-1996-11-02-HAM-TOR,1996-11-02,1996,regular,HAM,TOR,14,47,,,wikipedia,,,,
cfl-1996-11-03-CGY-SSK,1996-11-03,1996,regular,CGY,SSK,46,23,,,wikipedia,,,,
cfl-1996-11-10-MTL-HAM,1996-11-10,1996,postseason,MTL,HAM,22,11,,,wikipedia-1side,,,,
cfl-1996-11-17-TOR-MTL,1996-11-17,1996,postseason,TOR,MTL,43,7,,,wikipedia-1side,,,,
cfl-1996-11-24-TOR-EDM,1996-11-24,1996,postseason,TOR,EDM,43,37,1,Grey Cup,wikipedia-1side,,,,
cfl-1997-06-25-CGY-EDM,1997-06-25,1997,regular,CGY,EDM,22,23,,,wikipedia-1side,,,,
cfl-1997-06-26-BC-SSK,1997-06-26,1997,regular,BC,SSK,23,24,,,wikipedia,,,,
cfl-1997-06-27-MTL-HAM,1997-06-27,1997,regular,MTL,HAM,27,17,,,wikipedia,,,,
cfl-1997-06-27-TOR-WPG,1997-06-27,1997,regular,TOR,WPG,38,23,,,wikipedia,,,,
cfl-1997-07-03-BC-CGY,1997-07-03,1997,regular,BC,CGY,17,16,,,wikipedia,,,,
cfl-1997-07-03-WPG-MTL,1997-07-03,1997,regular,WPG,MTL,24,27,,,wikipedia,,,,
cfl-1997-07-04-SSK-EDM,1997-07-04,1997,regular,SSK,EDM,18,24,,,wikipedia-1side,,,,
cfl-1997-07-06-HAM-TOR,1997-07-06,1997,regular,HAM,TOR,15,20,,,wikipedia,,,,
cfl-1997-07-09-MTL-CGY,1997-07-09,1997,regular,MTL,CGY,34,28,,,wikipedia,,,,
cfl-1997-07-10-EDM-BC,1997-07-10,1997,regular,EDM,BC,31,41,,,wikipedia-1side,,,,
cfl-1997-07-11-HAM-WPG,1997-07-11,1997,regular,HAM,WPG,18,33,,,wikipedia,,,,
cfl-1997-07-12-SSK-TOR,1997-07-12,1997,regular,SSK,TOR,27,23,,,wikipedia,,,,
cfl-1997-07-17-EDM-MTL,1997-07-17,1997,regular,EDM,MTL,32,0,,,wikipedia-1side,,,,
cfl-1997-07-17-TOR-HAM,1997-07-17,1997,regular,TOR,HAM,27,20,,,wikipedia,,,,
cfl-1997-07-18-CGY-SSK,1997-07-18,1997,regular,CGY,SSK,22,13,,,wikipedia,,,,
cfl-1997-07-19-BC-WPG,1997-07-19,1997,regular,BC,WPG,21,17,,,wikipedia,,,,
cfl-1997-07-24-BC-TOR,1997-07-24,1997,regular,BC,TOR,20,34,,,wikipedia,,,,
cfl-1997-07-25-WPG-HAM,1997-07-25,1997,regular,WPG,HAM,21,36,,,wikipedia,,,,
cfl-1997-07-26-SSK-CGY,1997-07-26,1997,regular,SSK,CGY,21,19,,,wikipedia,,,,
cfl-1997-07-31-EDM-SSK,1997-07-31,1997,regular,EDM,SSK,37,34,,,wikipedia-1side,,,,
cfl-1997-07-31-TOR-MTL,1997-07-31,1997,regular,TOR,MTL,46,8,,,wikipedia,,,,
cfl-1997-08-01-CGY-WPG,1997-08-01,1997,regular,CGY,WPG,43,22,,,wikipedia,,,,
cfl-1997-08-02-HAM-BC,1997-08-02,1997,regular,HAM,BC,24,42,,,wikipedia,,,,
cfl-1997-08-07-CGY-TOR,1997-08-07,1997,regular,CGY,TOR,45,35,,,wikipedia,,,,
cfl-1997-08-07-EDM-WPG,1997-08-07,1997,regular,EDM,WPG,45,11,,,wikipedia-1side,,,,
cfl-1997-08-08-HAM-SSK,1997-08-08,1997,regular,HAM,SSK,20,30,,,wikipedia,,,,
cfl-1997-08-09-BC-MTL,1997-08-09,1997,regular,BC,MTL,31,45,,,wikipedia,,,,
cfl-1997-08-14-TOR-EDM,1997-08-14,1997,regular,TOR,EDM,38,14,,,wikipedia-1side,,,,
cfl-1997-08-14-WPG-CGY,1997-08-14,1997,regular,WPG,CGY,24,35,,,wikipedia,,,,
cfl-1997-08-15-SSK-BC,1997-08-15,1997,regular,SSK,BC,26,39,,,wikipedia,,,,
cfl-1997-08-16-MTL-HAM,1997-08-16,1997,regular,MTL,HAM,36,26,,,wikipedia,,,,
cfl-1997-08-21-EDM-HAM,1997-08-21,1997,regular,EDM,HAM,28,24,,,wikipedia-1side,,,,
cfl-1997-08-21-TOR-SSK,1997-08-21,1997,regular,TOR,SSK,27,1,,,wikipedia-1side,,,,
cfl-1997-08-22-BC-CGY,1997-08-22,1997,regular,BC,CGY,37,23,,,wikipedia,,,,
cfl-1997-08-22-WPG-MTL,1997-08-22,1997,regular,WPG,MTL,21,26,,,wikipedia,,,,
cfl-1997-08-30-MTL-BC,1997-08-30,1997,regular,MTL,BC,33,24,,,wikipedia,,,,
cfl-1997-08-31-SSK-WPG,1997-08-31,1997,regular,SSK,WPG,12,43,,,wikipedia,,,,
cfl-1997-09-01-CGY-EDM,1997-09-01,1997,regular,CGY,EDM,27,14,,,wikipedia-1side,,,,
cfl-1997-09-01-HAM-TOR,1997-09-01,1997,regular,HAM,TOR,3,46,,,wikipedia,,,,
cfl-1997-09-05-EDM-CGY,1997-09-05,1997,regular,EDM,CGY,24,20,,,wikipedia-1side,,,,
cfl-1997-09-06-HAM-MTL,1997-09-06,1997,regular,HAM,MTL,18,38,,,wikipedia,,,,
cfl-1997-09-07-SSK-BC,1997-09-07,1997,regular,SSK,BC,46,12,,,wikipedia,,,,
cfl-1997-09-07-WPG-TOR,1997-09-07,1997,regular,WPG,TOR,25,66,,,wikipedia,,,,
cfl-1997-09-12-MTL-WPG,1997-09-12,1997,regular,MTL,WPG,29,28,,,wikipedia,,,,
cfl-1997-09-13-BC-EDM,1997-09-13,1997,regular,BC,EDM,27,1,,,wikipedia-1side,,,,
cfl-1997-09-14-CGY-SSK,1997-09-14,1997,regular,CGY,SSK,28,24,,,wikipedia,,,,
cfl-1997-09-14-TOR-HAM,1997-09-14,1997,regular,TOR,HAM,34,9,,,wikipedia,,,,
cfl-1997-09-19-WPG-BC,1997-09-19,1997,regular,WPG,BC,26,14,,,wikipedia,,,,
cfl-1997-09-20-EDM-TOR,1997-09-20,1997,regular,EDM,TOR,24,25,,,wikipedia-1side,,,,
cfl-1997-09-21-HAM-CGY,1997-09-21,1997,regular,HAM,CGY,21,25,,,wikipedia,,,,
cfl-1997-09-21-SSK-MTL,1997-09-21,1997,regular,SSK,MTL,22,24,,,wikipedia,,,,
cfl-1997-09-26-BC-HAM,1997-09-26,1997,regular,BC,HAM,34,33,,,wikipedia,,,,
cfl-1997-09-28-CGY-MTL,1997-09-28,1997,regular,CGY,MTL,43,22,,,wikipedia,,,,
cfl-1997-09-28-SSK-EDM,1997-09-28,1997,regular,SSK,EDM,29,5,,,wikipedia-1side,,,,
cfl-1997-09-28-WPG-TOR,1997-09-28,1997,regular,WPG,TOR,9,41,,,wikipedia,,,,
cfl-1997-10-03-MTL-SSK,1997-10-03,1997,regular,MTL,SSK,30,29,,,wikipedia,,,,
cfl-1997-10-04-TOR-BC,1997-10-04,1997,regular,TOR,BC,46,3,,,wikipedia,,,,
cfl-1997-10-05-EDM-CGY,1997-10-05,1997,regular,EDM,CGY,42,32,,,wikipedia-1side,,,,
cfl-1997-10-05-HAM-WPG,1997-10-05,1997,regular,HAM,WPG,27,25,,,wikipedia,,,,
cfl-1997-10-10-BC-SSK,1997-10-10,1997,regular,BC,SSK,19,26,,,wikipedia,,,,
cfl-1997-10-11-TOR-MTL,1997-10-11,1997,regular,TOR,MTL,28,21,,,wikipedia,,,,
cfl-1997-10-12-WPG-EDM,1997-10-12,1997,regular,WPG,EDM,2,20,,,wikipedia-1side,,,,
cfl-1997-10-13-CGY-HAM,1997-10-13,1997,regular,CGY,HAM,31,13,,,wikipedia,,,,
cfl-1997-10-18-TOR-CGY,1997-10-18,1997,regular,TOR,CGY,48,17,,,wikipedia,,,,
cfl-1997-10-19-EDM-BC,1997-10-19,1997,regular,EDM,BC,41,7,,,wikipedia-1side,,,,
cfl-1997-10-19-MTL-WPG,1997-10-19,1997,regular,MTL,WPG,41,34,,,wikipedia,,,,
cfl-1997-10-19-SSK-HAM,1997-10-19,1997,regular,SSK,HAM,22,19,,,wikipedia,,,,
cfl-1997-10-24-WPG-SSK,1997-10-24,1997,regular,WPG,SSK,55,9,,,wikipedia,,,,
cfl-1997-10-25-HAM-EDM,1997-10-25,1997,regular,HAM,EDM,19,30,,,wikipedia-1side,,,,
cfl-1997-10-26-CGY-BC,1997-10-26,1997,regular,CGY,BC,43,9,,,wikipedia,,,,
cfl-1997-10-26-TOR-MTL,1997-10-26,1997,regular,TOR,MTL,38,43,,,wikipedia,,,,
cfl-1997-11-09-TOR-MTL,1997-11-09,1997,postseason,TOR,MTL,37,30,,,wikipedia-1side,,,,
cfl-1997-11-16-TOR-SSK,1997-11-16,1997,postseason,TOR,SSK,47,23,1,Grey Cup,wikipedia-1side,,,,
cfl-1998-07-01-CGY-HAM,1998-07-01,1998,regular,CGY,HAM,21,20,,,wikipedia,,,,
cfl-1998-07-01-WPG-MTL,1998-07-01,1998,regular,WPG,MTL,24,27,,,wikipedia,,,,
cfl-1998-07-02-BC-EDM,1998-07-02,1998,regular,BC,EDM,12,20,,,wikipedia-1side,,,,
cfl-1998-07-03-SSK-TOR,1998-07-03,1998,regular,SSK,TOR,19,10,,,wikipedia,,,,
cfl-1998-07-08-HAM-WPG,1998-07-08,1998,regular,HAM,WPG,33,13,,,wikipedia,,,,
cfl-1998-07-09-MTL-SSK,1998-07-09,1998,regular,MTL,SSK,30,24,,,wikipedia,,,,
cfl-1998-07-09-TOR-CGY,1998-07-09,1998,regular,TOR,CGY,19,22,,,wikipedia,,,,
cfl-1998-07-10-EDM-BC,1998-07-10,1998,regular,EDM,BC,15,10,,,wikipedia-1side,,,,
cfl-1998-07-16-BC-TOR,1998-07-16,1998,regular,BC,TOR,15,30,,,wikipedia,,,,
cfl-1998-07-16-CGY-MTL,1998-07-16,1998,regular,CGY,MTL,26,29,,,wikipedia,,,,
cfl-1998-07-16-SSK-EDM,1998-07-16,1998,regular,SSK,EDM,28,14,,,wikipedia-1side,,,,
cfl-1998-07-17-WPG-HAM,1998-07-17,1998,regular,WPG,HAM,7,29,,,wikipedia,,,,
cfl-1998-07-23-MTL-HAM,1998-07-23,1998,regular,MTL,HAM,21,23,,,wikipedia,,,,
cfl-1998-07-23-TOR-EDM,1998-07-23,1998,regular,TOR,EDM,27,30,,,wikipedia-1side,,,,
cfl-1998-07-24-SSK-BC,1998-07-24,1998,regular,SSK,BC,20,25,,,wikipedia,,,,
cfl-1998-07-24-WPG-CGY,1998-07-24,1998,regular,WPG,CGY,25,44,,,wikipedia,,,,
cfl-1998-07-30-BC-WPG,1998-07-30,1998,regular,BC,WPG,20,13,,,wikipedia,,,,
cfl-1998-07-30-CGY-TOR,1998-07-30,1998,regular,CGY,TOR,14,15,,,wikipedia,,,,
cfl-1998-07-30-HAM-SSK,1998-07-30,1998,regular,HAM,SSK,26,8,,,wikipedia,,,,
cfl-1998-07-31-EDM-MTL,1998-07-31,1998,regular,EDM,MTL,22,10,,,wikipedia-1side,,,,
cfl-1998-08-06-MTL-BC,1998-08-06,1998,regular,MTL,BC,22,16,,,wikipedia,,,,
cfl-1998-08-06-TOR-WPG,1998-08-06,1998,regular,TOR,WPG,29,14,,,wikipedia,,,,
cfl-1998-08-07-EDM-HAM,1998-08-07,1998,regular,EDM,HAM,10,39,,,wikipedia-1side,,,,
cfl-1998-08-07-SSK-CGY,1998-08-07,1998,regular,SSK,CGY,27,46,,,wikipedia,,,,
cfl-1998-08-13-CGY-SSK,1998-08-13,1998,regular,CGY,SSK,47,24,,,wikipedia,,,,
cfl-1998-08-13-HAM-EDM,1998-08-13,1998,regular,HAM,EDM,48,23,,,wikipedia-1side,,,,
cfl-1998-08-13-MTL-TOR,1998-08-13,1998,regular,MTL,TOR,24,20,,,wikipedia,,,,
cfl-1998-08-14-WPG-BC,1998-08-14,1998,regular,WPG,BC,22,24,,,wikipedia,,,,
cfl-1998-08-20-BC-CGY,1998-08-20,1998,regular,BC,CGY,9,55,,,wikipedia,,,,
cfl-1998-08-20-TOR-HAM,1998-08-20,1998,regular,TOR,HAM,42,6,,,wikipedia,,,,
cfl-1998-08-21-EDM-WPG,1998-08-21,1998,regular,EDM,WPG,25,16,,,wikipedia-1side,,,,
cfl-1998-08-21-SSK-MTL,1998-08-21,1998,regular,SSK,MTL,12,13,,,wikipedia,,,,
cfl-1998-08-27-EDM-SSK,1998-08-27,1998,regular,EDM,SSK,35,13,,,wikipedia-1side,,,,
cfl-1998-08-27-HAM-BC,1998-08-27,1998,regular,HAM,BC,18,8,,,wikipedia,,,,
cfl-1998-08-27-WPG-TOR,1998-08-27,1998,regular,WPG,TOR,16,37,,,wikipedia,,,,
cfl-1998-08-28-MTL-CGY,1998-08-28,1998,regular,MTL,CGY,40,32,,,wikipedia,,,,
cfl-1998-09-05-BC-MTL,1998-09-05,1998,regular,BC,MTL,15,26,,,wikipedia,,,,
cfl-1998-09-06-SSK-WPG,1998-09-06,1998,regular,SSK,WPG,32,18,,,wikipedia,,,,
cfl-1998-09-07-CGY-EDM,1998-09-07,1998,regular,CGY,EDM,26,8,,,wikipedia-1side,,,,
cfl-1998-09-07-HAM-TOR,1998-09-07,1998,regular,HAM,TOR,26,7,,,wikipedia,,,,
cfl-1998-09-11-EDM-CGY,1998-09-11,1998,regular,EDM,CGY,23,30,,,wikipedia-1side,,,,
cfl-1998-09-12-TOR-BC,1998-09-12,1998,regular,TOR,BC,37,28,,,wikipedia,,,,
cfl-1998-09-13-MTL-HAM,1998-09-13,1998,regular,MTL,HAM,9,30,,,wikipedia,,,,
cfl-1998-09-13-WPG-SSK,1998-09-13,1998,regular,WPG,SSK,36,35,,,wikipedia,,,,
cfl-1998-09-18-CGY-SSK,1998-09-18,1998,regular,CGY,SSK,35,18,,,wikipedia,,,,
cfl-1998-09-19-BC-EDM,1998-09-19,1998,regular,BC,EDM,21,27,,,wikipedia-1side,,,,
cfl-1998-09-19-TOR-WPG,1998-09-19,1998,regular,TOR,WPG,46,22,,,wikipedia-1side,,,,
cfl-1998-09-20-HAM-MTL,1998-09-20,1998,regular,HAM,MTL,31,31,,,wikipedia,,,,
cfl-1998-09-25-WPG-MTL,1998-09-25,1998,regular,WPG,MTL,34,23,,,wikipedia,,,,
cfl-1998-09-26-BC-HAM,1998-09-26,1998,regular,BC,HAM,34,31,,,wikipedia,,,,
cfl-1998-09-26-EDM-TOR,1998-09-26,1998,regular,EDM,TOR,29,30,,,wikipedia-1side,,,,
cfl-1998-09-27-SSK-CGY,1998-09-27,1998,regular,SSK,CGY,27,22,,,wikipedia,,,,
cfl-1998-10-03-TOR-SSK,1998-10-03,1998,regular,TOR,SSK,15,18,,,wikipedia-1side,,,,
cfl-1998-10-04-CGY-BC,1998-10-04,1998,regular,CGY,BC,11,22,,,wikipedia,,,,
cfl-1998-10-04-HAM-WPG,1998-10-04,1998,regular,HAM,WPG,35,21,,,wikipedia,,,,
cfl-1998-10-04-MTL-EDM,1998-10-04,1998,regular,MTL,EDM,34,3,,,wikipedia-1side,,,,
cfl-1998-10-09-BC-SSK,1998-10-09,1998,regular,BC,SSK,31,14,,,wikipedia,,,,
cfl-1998-10-11-HAM-CGY,1998-10-11,1998,regular,HAM,CGY,18,35,,,wikipedia,,,,
cfl-1998-10-12-MTL-TOR,1998-10-12,1998,regular,MTL,TOR,13,40,,,wikipedia,,,,
cfl-1998-10-12-WPG-EDM,1998-10-12,1998,regular,WPG,EDM,20,40,,,wikipedia-1side,,,,
cfl-1998-10-16-SSK-HAM,1998-10-16,1998,regular,SSK,HAM,31,34,,,wikipedia,,,,
cfl-1998-10-17-TOR-MTL,1998-10-17,1998,regular,TOR,MTL,28,38,,,wikipedia,,,,
cfl-1998-10-18-CGY-WPG,1998-10-18,1998,regular,CGY,WPG,39,23,,,wikipedia,,,,
cfl-1998-10-18-EDM-BC,1998-10-18,1998,regular,EDM,BC,7,31,,,wikipedia-1side,,,,
cfl-1998-10-23-TOR-HAM,1998-10-23,1998,regular,TOR,HAM,8,45,,,wikipedia,,,,
cfl-1998-10-25-CGY-EDM,1998-10-25,1998,regular,CGY,EDM,31,19,,,wikipedia-1side,,,,
cfl-1998-10-25-MTL-WPG,1998-10-25,1998,regular,MTL,WPG,58,44,,,wikipedia,,,,
cfl-1998-10-25-SSK-BC,1998-10-25,1998,regular,SSK,BC,37,42,,,wikipedia,,,,
cfl-1998-10-30-WPG-TOR,1998-10-30,1998,regular,WPG,TOR,31,12,,,wikipedia,,,,
cfl-1998-10-31-BC-CGY,1998-10-31,1998,regular,BC,CGY,31,22,,,wikipedia,,,,
cfl-1998-11-01-EDM-SSK,1998-11-01,1998,regular,EDM,SSK,46,24,,,wikipedia-1side,,,,
cfl-1998-11-01-HAM-MTL,1998-11-01,1998,regular,HAM,MTL,11,22,,,wikipedia,,,,
cfl-1998-11-08-MTL-TOR,1998-11-08,1998,postseason,MTL,TOR,41,28,,,wikipedia-1side,,,,
cfl-1998-11-15-CGY-EDM,1998-11-15,1998,regular,CGY,EDM,33,10,,,wikipedia-1side,,,,
cfl-1998-11-15-HAM-MTL,1998-11-15,1998,postseason,HAM,MTL,22,20,,,wikipedia-1side,,,,
cfl-1998-11-22-HAM-CGY,1998-11-22,1998,postseason,HAM,CGY,24,26,1,Grey Cup,wikipedia-1side,,,,
cfl-1999-07-07-CGY-SSK,1999-07-07,1999,regular,CGY,SSK,28,18,,,wikipedia,,,,
cfl-1999-07-08-WPG-HAM,1999-07-08,1999,regular,WPG,HAM,9,39,,,wikipedia,,,,
cfl-1999-07-09-EDM-BC,1999-07-09,1999,regular,EDM,BC,13,25,,,wikipedia-1side,,,,
cfl-1999-07-10-TOR-MTL,1999-07-10,1999,regular,TOR,MTL,12,15,,,wikipedia,,,,
cfl-1999-07-15-BC-CGY,1999-07-15,1999,regular,BC,CGY,37,27,,,wikipedia,,,,
cfl-1999-07-15-WPG-TOR,1999-07-15,1999,regular,WPG,TOR,47,27,,,wikipedia,,,,
cfl-1999-07-16-EDM-SSK,1999-07-16,1999,regular,EDM,SSK,39,6,,,wikipedia-1side,,,,
cfl-1999-07-16-HAM-MTL,1999-07-16,1999,regular,HAM,MTL,16,22,,,wikipedia,,,,
cfl-1999-07-22-CGY-EDM,1999-07-22,1999,regular,CGY,EDM,41,37,,,wikipedia-1side,,,,
cfl-1999-07-22-MTL-WPG,1999-07-22,1999,regular,MTL,WPG,30,18,,,wikipedia,,,,
cfl-1999-07-23-SSK-BC,1999-07-23,1999,regular,SSK,BC,21,32,,,wikipedia,,,,
cfl-1999-07-23-TOR-HAM,1999-07-23,1999,regular,TOR,HAM,24,21,,,wikipedia-1side,,,,
cfl-1999-07-29-BC-WPG,1999-07-29,1999,regular,BC,WPG,18,30,,,wikipedia,,,,
cfl-1999-07-29-HAM-EDM,1999-07-29,1999,regular,HAM,EDM,54,8,,,wikipedia-1side,,,,
cfl-1999-07-29-MTL-CGY,1999-07-29,1999,regular,MTL,CGY,17,38,,,wikipedia,,,,
cfl-1999-07-30-SSK-TOR,1999-07-30,1999,regular,SSK,TOR,20,15,,,wikipedia,,,,
cfl-1999-08-05-CGY-BC,1999-08-05,1999,regular,CGY,BC,9,13,,,wikipedia,,,,
cfl-1999-08-05-HAM-SSK,1999-08-05,1999,regular,HAM,SSK,63,17,,,wikipedia,,,,
cfl-1999-08-06-EDM-MTL,1999-08-06,1999,regular,EDM,MTL,13,20,,,wikipedia-1side,,,,
cfl-1999-08-06-TOR-WPG,1999-08-06,1999,regular,TOR,WPG,40,7,,,wikipedia,,,,
cfl-1999-08-12-BC-TOR,1999-08-12,1999,regular,BC,TOR,26,28,,,wikipedia,,,,
cfl-1999-08-12-MTL-HAM,1999-08-12,1999,regular,MTL,HAM,24,17,,,wikipedia,,,,
cfl-1999-08-13-SSK-CGY,1999-08-13,1999,regular,SSK,CGY,22,37,,,wikipedia,,,,
cfl-1999-08-13-WPG-EDM,1999-08-13,1999,regular,WPG,EDM,26,56,,,wikipedia-1side,,,,
cfl-1999-08-19-CGY-WPG,1999-08-19,1999,regular,CGY,WPG,29,18,,,wikipedia,,,,
cfl-1999-08-19-HAM-BC,1999-08-19,1999,regular,HAM,BC,33,38,,,wikipedia,,,,
cfl-1999-08-20-SSK-EDM,1999-08-20,1999,regular,SSK,EDM,29,27,,,wikipedia-1side,,,,
cfl-1999-08-20-TOR-MTL,1999-08-20,1999,regular,TOR,MTL,23,20,,,wikipedia,,,,
cfl-1999-08-26-BC-SSK,1999-08-26,1999,regular,BC,SSK,28,21,,,wikipedia,,,,
cfl-1999-08-26-WPG-CGY,1999-08-26,1999,regular,WPG,CGY,11,36,,,wikipedia,,,,
cfl-1999-08-27-EDM-HAM,1999-08-27,1999,regular,EDM,HAM,23,30,,,wikipedia-1side,,,,
cfl-1999-08-27-MTL-TOR,1999-08-27,1999,regular,MTL,TOR,20,5,,,wikipedia,,,,
cfl-1999-09-02-BC-MTL,1999-09-02,1999,regular,BC,MTL,44,23,,,wikipedia,,,,
cfl-1999-09-05-SSK-WPG,1999-09-05,1999,regular,SSK,WPG,42,17,,,wikipedia,,,,
cfl-1999-09-06-HAM-TOR,1999-09-06,1999,regular,HAM,TOR,35,28,,,wikipedia,,,,
cfl-1999-09-10-EDM-CGY,1999-09-10,1999,regular,EDM,CGY,13,38,,,wikipedia-1side,,,,
cfl-1999-09-11-TOR-SSK,1999-09-11,1999,regular,TOR,SSK,28,3,,,wikipedia,,,,
cfl-1999-09-12-MTL-HAM,1999-09-12,1999,regular,MTL,HAM,52,19,,,wikipedia,,,,
cfl-1999-09-12-WPG-BC,1999-09-12,1999,regular,WPG,BC,16,20,,,wikipedia,,,,
cfl-1999-09-17-SSK-EDM,1999-09-17,1999,regular,SSK,EDM,38,41,,,wikipedia-1side,,,,
cfl-1999-09-18-CGY-TOR,1999-09-18,1999,regular,CGY,TOR,29,26,,,wikipedia,,,,
cfl-1999-09-18-HAM-WPG,1999-09-18,1999,regular,HAM,WPG,65,15,,,wikipedia,,,,
cfl-1999-09-19-MTL-BC,1999-09-19,1999,regular,MTL,BC,21,12,,,wikipedia,,,,
cfl-1999-09-24-WPG-SSK,1999-09-24,1999,regular,WPG,SSK,24,18,,,wikipedia,,,,
cfl-1999-09-25-BC-CGY,1999-09-25,1999,regular,BC,CGY,21,20,,,wikipedia,,,,
cfl-1999-09-25-HAM-MTL,1999-09-25,1999,regular,HAM,MTL,39,13,,,wikipedia-1side,,,,
cfl-1999-09-26-EDM-TOR,1999-09-26,1999,regular,EDM,TOR,16,20,,,wikipedia-1side,,,,
cfl-1999-09-27-HAM-MTL,1999-09-27,1999,regular,HAM,MTL,39,13,,,wikipedia-1side,,,,
cfl-1999-10-01-CGY-HAM,1999-10-01,1999,regular,CGY,HAM,21,17,,,wikipedia,,,,
cfl-1999-10-02-TOR-BC,1999-10-02,1999,regular,TOR,BC,19,28,,,wikipedia,,,,
cfl-1999-10-03-EDM-WPG,1999-10-03,1999,regular,EDM,WPG,19,27,,,wikipedia-1side,,,,
cfl-1999-10-03-SSK-MTL,1999-10-03,1999,regular,SSK,MTL,26,41,,,wikipedia,,,,
cfl-1999-10-09-TOR-CGY,1999-10-09,1999,regular,TOR,CGY,24,13,,,wikipedia,,,,
cfl-1999-10-10-WPG-HAM,1999-10-10,1999,regular,WPG,HAM,16,43,,,wikipedia,,,,
cfl-1999-10-11-BC-EDM,1999-10-11,1999,regular,BC,EDM,20,26,,,wikipedia-1side,,,,
cfl-1999-10-11-MTL-SSK,1999-10-11,1999,regular,MTL,SSK,43,7,,,wikipedia,,,,
cfl-1999-10-16-HAM-TOR,1999-10-16,1999,regular,HAM,TOR,18,2,,,wikipedia,,,,
cfl-1999-10-17-EDM-BC,1999-10-17,1999,regular,EDM,BC,13,21,,,wikipedia-1side,,,,
cfl-1999-10-17-SSK-CGY,1999-10-17,1999,regular,SSK,CGY,31,34,,,wikipedia,,,,
cfl-1999-10-17-WPG-MTL,1999-10-17,1999,regular,WPG,MTL,32,29,,,wikipedia,,,,
cfl-1999-10-22-TOR-WPG,1999-10-22,1999,regular,TOR,WPG,32,22,,,wikipedia,,,,
cfl-1999-10-23-MTL-EDM,1999-10-23,1999,regular,MTL,EDM,36,33,,,wikipedia-1side,,,,
cfl-1999-10-24-CGY-BC,1999-10-24,1999,regular,CGY,BC,14,1,,,wikipedia,,,,
cfl-1999-10-24-SSK-HAM,1999-10-24,1999,regular,SSK,HAM,12,42,,,wikipedia,,,,
cfl-1999-10-29-WPG-TOR,1999-10-29,1999,regular,WPG,TOR,18,13,,,wikipedia,,,,
cfl-1999-10-30-BC-HAM,1999-10-30,1999,regular,BC,HAM,26,21,,,wikipedia,,,,
cfl-1999-10-30-EDM-SSK,1999-10-30,1999,regular,EDM,SSK,34,21,,,wikipedia-1side,,,,
cfl-1999-10-31-CGY-MTL,1999-10-31,1999,regular,CGY,MTL,31,24,,,wikipedia,,,,
cfl-1999-11-05-BC-SSK,1999-11-05,1999,regular,BC,SSK,19,18,,,wikipedia,,,,
cfl-1999-11-06-HAM-CGY,1999-11-06,1999,regular,HAM,CGY,31,28,,,wikipedia,,,,
cfl-1999-11-06-TOR-EDM,1999-11-06,1999,regular,TOR,EDM,20,15,,,wikipedia-1side,,,,
cfl-1999-11-07-MTL-WPG,1999-11-07,1999,regular,MTL,WPG,45,10,,,wikipedia-1side,,,,
cfl-1999-11-14-HAM-TOR,1999-11-14,1999,postseason,HAM,TOR,27,6,,,wikipedia,,,,
cfl-1999-11-21-MTL-HAM,1999-11-21,1999,postseason,MTL,HAM,26,27,,,wikipedia-1side,,,,
cfl-1999-11-28-HAM-CGY,1999-11-28,1999,postseason,HAM,CGY,32,21,1,Grey Cup,wikipedia-1side,,,,
cfl-2000-07-05-MTL-WPG,2000-07-05,2000,regular,MTL,WPG,1,0,,,wikipedia-1side,,,,
cfl-2000-07-06-SSK-TOR,2000-07-06,2000,regular,SSK,TOR,28,36,,,wikipedia-1side,,,,
cfl-2000-07-07-HAM-BC,2000-07-07,2000,regular,HAM,BC,0,1,,,wikipedia,,,,
cfl-2000-07-13-BC-SSK,2000-07-13,2000,regular,BC,SSK,2,0,,,wikipedia-1side,,,,
cfl-2000-07-14-EDM-HAM,2000-07-14,2000,regular,EDM,HAM,1,1,,,wikipedia-1side,,,,
cfl-2000-07-14-WPG-CGY,2000-07-14,2000,regular,WPG,CGY,0,2,,,wikipedia-1side,,,,
cfl-2000-07-20-CGY-BC,2000-07-20,2000,regular,CGY,BC,2,1,,,wikipedia-1side,,,,
cfl-2000-07-20-MTL-TOR,2000-07-20,2000,regular,MTL,TOR,41,4,,,wikipedia-1side,,,,
cfl-2000-07-21-EDM-WPG,2000-07-21,2000,regular,EDM,WPG,3,0,,,wikipedia-1side,,,,
cfl-2000-07-21-HAM-SSK,2000-07-21,2000,regular,HAM,SSK,2,1,,,wikipedia-1side,,,,
cfl-2000-07-26-BC-EDM,2000-07-26,2000,regular,BC,EDM,2,2,,,wikipedia-1side,,,,
cfl-2000-07-28-TOR-HAM,2000-07-28,2000,regular,TOR,HAM,1,3,,,wikipedia-1side,,,,
cfl-2000-07-28-WPG-MTL,2000-07-28,2000,regular,WPG,MTL,0,4,,,wikipedia-1side,,,,
cfl-2000-08-04-CGY-TOR,2000-08-04,2000,regular,CGY,TOR,37,17,,,wikipedia-1side,,,,
cfl-2000-08-04-HAM-EDM,2000-08-04,2000,regular,HAM,EDM,2,3,,,wikipedia-1side,,,,
cfl-2000-08-04-WPG-BC,2000-08-04,2000,regular,WPG,BC,3,2,,,wikipedia,,,,
cfl-2000-08-10-BC-CGY,2000-08-10,2000,regular,BC,CGY,2,4,,,wikipedia-1side,,,,
cfl-2000-08-10-TOR-WPG,2000-08-10,2000,regular,TOR,WPG,4,1,,,wikipedia-1side,,,,
cfl-2000-08-11-SSK-HAM,2000-08-11,2000,regular,SSK,HAM,2,4,,,wikipedia-1side,,,,
cfl-2000-08-16-CGY-WPG,2000-08-16,2000,regular,CGY,WPG,5,1,,,wikipedia-1side,,,,
cfl-2000-08-17-BC-TOR,2000-08-17,2000,regular,BC,TOR,4,3,,,wikipedia,,,,
cfl-2000-08-18-HAM-MTL,2000-08-18,2000,regular,HAM,MTL,5,2,,,wikipedia-1side,,,,
cfl-2000-08-24-TOR-BC,2000-08-24,2000,regular,TOR,BC,4,4,,,wikipedia-1side,,,,
cfl-2000-08-25-WPG-HAM,2000-08-25,2000,regular,WPG,HAM,5,3,,,wikipedia,,,,
cfl-2000-08-31-BC-MTL,2000-08-31,2000,regular,BC,MTL,4,5,,,wikipedia-1side,,,,
cfl-2000-09-03-SSK-WPG,2000-09-03,2000,regular,SSK,WPG,6,2,,,wikipedia-1side,,,,
cfl-2000-09-04-HAM-TOR,2000-09-04,2000,regular,HAM,TOR,6,3,,,wikipedia,,,,
cfl-2000-09-09-SSK-BC,2000-09-09,2000,regular,SSK,BC,6,4,,,wikipedia-1side,,,,
cfl-2000-09-09-WPG-TOR,2000-09-09,2000,regular,WPG,TOR,12,24,,,wikipedia,,,,
cfl-2000-09-10-MTL-HAM,2000-09-10,2000,regular,MTL,HAM,3,7,,,wikipedia-1side,,,,
cfl-2000-09-15-BC-EDM,2000-09-15,2000,regular,BC,EDM,6,5,,,wikipedia-1side,,,,
cfl-2000-09-16-CGY-HAM,2000-09-16,2000,regular,CGY,HAM,7,4,,,wikipedia-1side,,,,
cfl-2000-09-16-WPG-MTL,2000-09-16,2000,regular,WPG,MTL,7,3,,,wikipedia-1side,,,,
cfl-2000-09-22-EDM-TOR,2000-09-22,2000,regular,EDM,TOR,21,34,,,wikipedia-1side,,,,
cfl-2000-09-23-HAM-WPG,2000-09-23,2000,regular,HAM,WPG,8,4,,,wikipedia,,,,
cfl-2000-09-24-MTL-BC,2000-09-24,2000,regular,MTL,BC,7,5,,,wikipedia-1side,,,,
cfl-2000-09-29-WPG-SSK,2000-09-29,2000,regular,WPG,SSK,8,4,,,wikipedia-1side,,,,
cfl-2000-09-30-HAM-MTL,2000-09-30,2000,regular,HAM,MTL,5,8,,,wikipedia-1side,,,,
cfl-2000-10-01-EDM-BC,2000-10-01,2000,regular,EDM,BC,8,5,,,wikipedia-1side,,,,
cfl-2000-10-07-TOR-HAM,2000-10-07,2000,regular,TOR,HAM,8,6,,,wikipedia-1side,,,,
cfl-2000-10-09-BC-WPG,2000-10-09,2000,regular,BC,WPG,5,9,,,wikipedia,,,,
cfl-2000-10-13-HAM-TOR,2000-10-13,2000,regular,HAM,TOR,7,8,,,wikipedia,,,,
cfl-2000-10-14-SSK-BC,2000-10-14,2000,regular,SSK,BC,6,9,,,wikipedia-1side,,,,
cfl-2000-10-15-MTL-WPG,2000-10-15,2000,regular,MTL,WPG,9,5,,,wikipedia-1side,,,,
cfl-2000-10-20-WPG-HAM,2000-10-20,2000,regular,WPG,HAM,8,8,,,wikipedia,,,,
cfl-2000-10-22-CGY-BC,2000-10-22,2000,regular,CGY,BC,10,6,,,wikipedia-1side,,,,
cfl-2000-10-27-TOR-WPG,2000-10-27,2000,regular,TOR,WPG,10,6,,,wikipedia-1side,,,,
cfl-2000-10-28-BC-HAM,2000-10-28,2000,regular,BC,HAM,10,7,,,wikipedia,,,,
cfl-2000-11-03-WPG-EDM,2000-11-03,2000,regular,WPG,EDM,10,7,,,wikipedia-1side,,,,
cfl-2000-11-04-BC-SSK,2000-11-04,2000,regular,BC,SSK,10,8,,,wikipedia-1side,,,,
cfl-2000-11-05-HAM-CGY,2000-11-05,2000,regular,HAM,CGY,9,9,,,wikipedia-1side,,,,
cfl-2000-11-05-MTL-TOR,2000-11-05,2000,regular,MTL,TOR,11,17,,,wikipedia-1side,,,,
cfl-2001-07-04-CGY-WPG,2001-07-04,2001,regular,CGY,WPG,0,1,,,wikipedia-1side,,,,
cfl-2001-07-06-SSK-HAM,2001-07-06,2001,regular,SSK,HAM,1,0,,,wikipedia-1side,,,,
cfl-2001-07-07-BC-EDM,2001-07-07,2001,regular,BC,EDM,1,0,,,wikipedia-1side,,,,
cfl-2001-07-12-HAM-BC,2001-07-12,2001,regular,HAM,BC,1,1,,,wikipedia,,,,
cfl-2001-07-13-TOR-WPG,2001-07-13,2001,regular,TOR,WPG,0,2,,,wikipedia-1side,,,,
cfl-2001-07-20-TOR-HAM,2001-07-20,2001,regular,TOR,HAM,1,2,,,wikipedia-1side,,,,
cfl-2001-07-20-WPG-MTL,2001-07-20,2001,regular,WPG,MTL,1,2,,,wikipedia-1side,,,,
cfl-2001-07-21-BC-SSK,2001-07-21,2001,regular,BC,SSK,1,2,,,wikipedia-1side,,,,
cfl-2001-07-26-HAM-WPG,2001-07-26,2001,regular,HAM,WPG,3,1,,,wikipedia,,,,
cfl-2001-07-27-CGY-BC,2001-07-27,2001,regular,CGY,BC,3,1,,,wikipedia-1side,,,,
cfl-2001-07-28-SSK-TOR,2001-07-28,2001,regular,SSK,TOR,24,50,,,wikipedia-1side,,,,
cfl-2001-08-02-HAM-EDM,2001-08-02,2001,regular,HAM,EDM,2,3,,,wikipedia-1side,,,,
cfl-2001-08-03-CGY-TOR,2001-08-03,2001,regular,CGY,TOR,35,36,,,wikipedia-1side,,,,
cfl-2001-08-03-WPG-SSK,2001-08-03,2001,regular,WPG,SSK,3,2,,,wikipedia-1side,,,,
cfl-2001-08-04-BC-MTL,2001-08-04,2001,regular,BC,MTL,3,2,,,wikipedia-1side,,,,
cfl-2001-08-10-MTL-HAM,2001-08-10,2001,regular,MTL,HAM,3,3,,,wikipedia-1side,,,,
cfl-2001-08-10-WPG-TOR,2001-08-10,2001,regular,WPG,TOR,36,16,,,wikipedia,,,,
cfl-2001-08-11-BC-EDM,2001-08-11,2001,regular,BC,EDM,3,3,,,wikipedia-1side,,,,
cfl-2001-08-16-HAM-WPG,2001-08-16,2001,regular,HAM,WPG,3,4,,,wikipedia,,,,
cfl-2001-08-16-MTL-TOR,2001-08-16,2001,regular,MTL,TOR,40,25,,,wikipedia-1side,,,,
cfl-2001-08-17-EDM-BC,2001-08-17,2001,regular,EDM,BC,3,4,,,wikipedia-1side,,,,
cfl-2001-08-24-EDM-HAM,2001-08-24,2001,regular,EDM,HAM,4,4,,,wikipedia-1side,,,,
cfl-2001-08-24-WPG-MTL,2001-08-24,2001,regular,WPG,MTL,6,2,,,wikipedia-1side,,,,
cfl-2001-08-25-BC-CGY,2001-08-25,2001,regular,BC,CGY,5,3,,,wikipedia-1side,,,,
cfl-2001-08-31-MTL-BC,2001-08-31,2001,regular,MTL,BC,5,4,,,wikipedia-1side,,,,
cfl-2001-09-02-SSK-WPG,2001-09-02,2001,regular,SSK,WPG,2,7,,,wikipedia-1side,,,,
cfl-2001-09-03-HAM-TOR,2001-09-03,2001,regular,HAM,TOR,5,4,,,wikipedia,,,,
cfl-2001-09-08-TOR-BC,2001-09-08,2001,regular,TOR,BC,5,5,,,wikipedia-1side,,,,
cfl-2001-09-08-WPG-HAM,2001-09-08,2001,regular,WPG,HAM,5,5,,,wikipedia,,,,
cfl-2001-09-17-MTL-TOR,2001-09-17,2001,regular,MTL,TOR,24,18,,,wikipedia-1side,,,,
cfl-2001-09-17-WPG-EDM,2001-09-17,2001,regular,WPG,EDM,9,2,,,wikipedia-1side,,,,
cfl-2001-09-21-EDM-TOR,2001-09-21,2001,regular,EDM,TOR,23,22,,,wikipedia-1side,,,,
cfl-2001-09-22-HAM-CGY,2001-09-22,2001,regular,HAM,CGY,6,5,,,wikipedia-1side,,,,
cfl-2001-09-23-MTL-WPG,2001-09-23,2001,regular,MTL,WPG,2,10,,,wikipedia-1side,,,,
cfl-2001-09-23-SSK-BC,2001-09-23,2001,regular,SSK,BC,5,6,,,wikipedia-1side,,,,
cfl-2001-09-28-WPG-BC,2001-09-28,2001,regular,WPG,BC,6,6,,,wikipedia,,,,
cfl-2001-09-30-HAM-MTL,2001-09-30,2001,regular,HAM,MTL,7,5,,,wikipedia-1side,,,,
cfl-2001-10-05-EDM-WPG,2001-10-05,2001,regular,EDM,WPG,2,12,,,wikipedia-1side,,,,
cfl-2001-10-06-BC-TOR,2001-10-06,2001,regular,BC,TOR,6,7,,,wikipedia,,,,
cfl-2001-10-08-CGY-HAM,2001-10-08,2001,regular,CGY,HAM,5,8,,,wikipedia-1side,,,,
cfl-2001-10-12-EDM-BC,2001-10-12,2001,regular,EDM,BC,8,6,,,wikipedia-1side,,,,
cfl-2001-10-14-WPG-HAM,2001-10-14,2001,regular,WPG,HAM,8,6,,,wikipedia,,,,
cfl-2001-10-20-BC-WPG,2001-10-20,2001,regular,BC,WPG,6,9,,,wikipedia,,,,
cfl-2001-10-21-HAM-SSK,2001-10-21,2001,regular,HAM,SSK,9,6,,,wikipedia-1side,,,,
cfl-2001-10-26-TOR-WPG,2001-10-26,2001,regular,TOR,WPG,14,3,,,wikipedia-1side,,,,
cfl-2001-10-28-CGY-BC,2001-10-28,2001,regular,CGY,BC,7,9,,,wikipedia-1side,,,,
cfl-2001-10-28-MTL-HAM,2001-10-28,2001,regular,MTL,HAM,6,10,,,wikipedia-1side,,,,
cfl-2001-11-02-WPG-CGY,2001-11-02,2001,regular,WPG,CGY,4,14,,,wikipedia-1side,,,,
cfl-2001-11-03-BC-SSK,2001-11-03,2001,regular,BC,SSK,7,10,,,wikipedia-1side,,,,
cfl-2001-11-03-HAM-TOR,2001-11-03,2001,regular,HAM,TOR,11,6,,,wikipedia,,,,
cfl-2001-11-06-BC-HAM,2001-11-06,2001,regular,BC,HAM,10,8,,,wikipedia,,,,
cfl-2002-06-25-MTL-BC,2002-06-25,2002,regular,MTL,BC,1,0,,,wikipedia-1side,,,,
cfl-2002-06-28-REN-SSK,2002-06-28,2002,regular,REN,SSK,27,30,,,wikipedia-1side,,,,
cfl-2002-06-28-WPG-TOR,2002-06-28,2002,regular,WPG,TOR,39,15,,,wikipedia,,,,
cfl-2002-06-29-HAM-BC,2002-06-29,2002,regular,HAM,BC,2,0,,,wikipedia,,,,
cfl-2002-07-04-EDM-REN,2002-07-04,2002,regular,EDM,REN,40,24,,,wikipedia-1side,,,,
cfl-2002-07-05-WPG-HAM,2002-07-05,2002,regular,WPG,HAM,1,1,,,wikipedia,,,,
cfl-2002-07-09-BC-TOR,2002-07-09,2002,regular,BC,TOR,0,3,,,wikipedia,,,,
cfl-2002-07-11-REN-WPG,2002-07-11,2002,regular,REN,WPG,25,24,,,wikipedia,,,,
cfl-2002-07-12-HAM-CGY,2002-07-12,2002,regular,HAM,CGY,2,1,,,wikipedia-1side,,,,
cfl-2002-07-13-EDM-TOR,2002-07-13,2002,regular,EDM,TOR,31,17,,,wikipedia-1side,,,,
cfl-2002-07-17-WPG-REN,2002-07-17,2002,regular,WPG,REN,55,7,,,wikipedia,,,,
cfl-2002-07-18-BC-HAM,2002-07-18,2002,regular,BC,HAM,3,1,,,wikipedia,,,,
cfl-2002-07-23-TOR-WPG,2002-07-23,2002,regular,TOR,WPG,1,4,,,wikipedia-1side,,,,
cfl-2002-07-25-REN-HAM,2002-07-25,2002,regular,REN,HAM,3,2,,,wikipedia,,,,
cfl-2002-07-26-EDM-BC,2002-07-26,2002,regular,EDM,BC,4,1,,,wikipedia-1side,,,,
cfl-2002-07-27-MTL-WPG,2002-07-27,2002,regular,MTL,WPG,4,2,,,wikipedia-1side,,,,
cfl-2002-08-01-BC-CGY,2002-08-01,2002,regular,BC,CGY,1,5,,,wikipedia-1side,,,,
cfl-2002-08-01-HAM-SSK,2002-08-01,2002,regular,HAM,SSK,3,3,,,wikipedia-1side,,,,
cfl-2002-08-01-TOR-REN,2002-08-01,2002,regular,TOR,REN,24,8,,,wikipedia-1side,,,,
cfl-2002-08-07-EDM-HAM,2002-08-07,2002,regular,EDM,HAM,4,3,,,wikipedia-1side,,,,
cfl-2002-08-08-CGY-TOR,2002-08-08,2002,regular,CGY,TOR,31,11,,,wikipedia-1side,,,,
cfl-2002-08-08-REN-MTL,2002-08-08,2002,regular,REN,MTL,6,29,,,wikipedia-1side,,,,
cfl-2002-08-09-WPG-BC,2002-08-09,2002,regular,WPG,BC,2,5,,,wikipedia,,,,
cfl-2002-08-11-SSK-HAM,2002-08-11,2002,regular,SSK,HAM,5,3,,,wikipedia-1side,,,,
cfl-2002-08-15-BC-REN,2002-08-15,2002,regular,BC,REN,5,3,,,wikipedia,,,,
cfl-2002-08-15-EDM-WPG,2002-08-15,2002,regular,EDM,WPG,4,4,,,wikipedia-1side,,,,
cfl-2002-08-21-BC-MTL,2002-08-21,2002,regular,BC,MTL,5,4,,,wikipedia-1side,,,,
cfl-2002-08-22-HAM-REN,2002-08-22,2002,regular,HAM,REN,5,4,,,wikipedia,,,,
cfl-2002-08-23-WPG-CGY,2002-08-23,2002,regular,WPG,CGY,5,4,,,wikipedia-1side,,,,
cfl-2002-08-30-REN-BC,2002-08-30,2002,regular,REN,BC,5,5,,,wikipedia,,,,
cfl-2002-09-01-SSK-WPG,2002-09-01,2002,regular,SSK,WPG,5,5,,,wikipedia-1side,,,,
cfl-2002-09-02-HAM-TOR,2002-09-02,2002,regular,HAM,TOR,5,5,,,wikipedia,,,,
cfl-2002-09-07-REN-TOR,2002-09-07,2002,regular,REN,TOR,25,30,,,wikipedia,,,,
cfl-2002-09-08-MTL-HAM,2002-09-08,2002,regular,MTL,HAM,6,5,,,wikipedia-1side,,,,
cfl-2002-09-08-WPG-BC,2002-09-08,2002,regular,WPG,BC,6,5,,,wikipedia,,,,
cfl-2002-09-13-BC-EDM,2002-09-13,2002,regular,BC,EDM,6,6,,,wikipedia-1side,,,,
cfl-2002-09-14-CGY-REN,2002-09-14,2002,regular,CGY,REN,12,26,,,wikipedia-1side,,,,
cfl-2002-09-15-HAM-MTL,2002-09-15,2002,regular,HAM,MTL,6,6,,,wikipedia-1side,,,,
cfl-2002-09-15-SSK-TOR,2002-09-15,2002,regular,SSK,TOR,40,11,,,wikipedia-1side,,,,
cfl-2002-09-20-WPG-MTL,2002-09-20,2002,regular,WPG,MTL,7,5,,,wikipedia-1side,,,,
cfl-2002-09-22-TOR-HAM,2002-09-22,2002,regular,TOR,HAM,7,6,,,wikipedia-1side,,,,
cfl-2002-09-27-BC-WPG,2002-09-27,2002,regular,BC,WPG,7,6,,,wikipedia-1side,,,,
cfl-2002-09-28-REN-SSK,2002-09-28,2002,regular,REN,SSK,11,29,,,wikipedia-1side,,,,
cfl-2002-09-29-HAM-EDM,2002-09-29,2002,regular,HAM,EDM,6,8,,,wikipedia-1side,,,,
cfl-2002-09-29-MTL-TOR,2002-09-29,2002,regular,MTL,TOR,38,3,,,wikipedia-1side,,,,
cfl-2002-10-04-CGY-HAM,2002-10-04,2002,regular,CGY,HAM,9,6,,,wikipedia-1side,,,,
cfl-2002-10-05-TOR-BC,2002-10-05,2002,regular,TOR,BC,6,8,,,wikipedia-1side,,,,
cfl-2002-10-06-REN-EDM,2002-10-06,2002,regular,REN,EDM,34,37,,,wikipedia-1side,,,,
cfl-2002-10-06-SSK-WPG,2002-10-06,2002,regular,SSK,WPG,6,8,,,wikipedia-1side,,,,
cfl-2002-10-11-BC-CGY,2002-10-11,2002,regular,BC,CGY,9,6,,,wikipedia-1side,,,,
cfl-2002-10-12-WPG-SSK,2002-10-12,2002,regular,WPG,SSK,9,6,,,wikipedia-1side,,,,
cfl-2002-10-14-HAM-TOR,2002-10-14,2002,regular,HAM,TOR,6,10,,,wikipedia,,,,
cfl-2002-10-18-CGY-WPG,2002-10-18,2002,regular,CGY,WPG,6,10,,,wikipedia-1side,,,,
cfl-2002-10-20-MTL-HAM,2002-10-20,2002,regular,MTL,HAM,7,10,,,wikipedia-1side,,,,
cfl-2002-10-20-SSK-BC,2002-10-20,2002,regular,SSK,BC,9,7,,,wikipedia-1side,,,,
cfl-2002-10-20-TOR-REN,2002-10-20,2002,regular,TOR,REN,29,12,,,wikipedia-1side,,,,
cfl-2002-10-26-CGY-BC,2002-10-26,2002,regular,CGY,BC,9,8,,,wikipedia-1side,,,,
cfl-2002-10-26-REN-MTL,2002-10-26,2002,regular,REN,MTL,34,43,,,wikipedia-1side,,,,
cfl-2002-10-27-HAM-WPG,2002-10-27,2002,regular,HAM,WPG,7,11,,,wikipedia,,,,
cfl-2002-11-01-BC-SSK,2002-11-01,2002,regular,BC,SSK,10,8,,,wikipedia-1side,,,,
cfl-2002-11-02-WPG-EDM,2002-11-02,2002,regular,WPG,EDM,12,6,,,wikipedia-1side,,,,
cfl-2002-11-03-MTL-REN,2002-11-03,2002,regular,MTL,REN,25,26,,,wikipedia-1side,,,,
cfl-2002-11-17-MTL-TOR,2002-11-17,2002,postseason,MTL,TOR,35,18,,,wikipedia-1side,,,,
cfl-2003-06-20-BC-WPG,2003-06-20,2003,regular,BC,WPG,0,1,,,wikipedia-1side,,,,
cfl-2003-06-20-HAM-REN,2003-06-20,2003,regular,HAM,REN,17,27,,,wikipedia-1side,,,,
cfl-2003-06-27-REN-WPG,2003-06-27,2003,regular,REN,WPG,32,34,,,wikipedia,,,,
cfl-2003-07-01-CGY-REN,2003-07-01,2003,regular,CGY,REN,32,12,,,wikipedia-1side,,,,
cfl-2003-07-01-WPG-EDM,2003-07-01,2003,regular,WPG,EDM,3,0,,,wikipedia-1side,,,,
cfl-2003-07-03-BC-TOR,2003-07-03,2003,regular,BC,TOR,30,27,,,wikipedia-1side,,,,
cfl-2003-07-10-REN-TOR,2003-07-10,2003,regular,REN,TOR,34,32,,,wikipedia-1side,,,,
cfl-2003-07-10-WPG-SSK,2003-07-10,2003,regular,WPG,SSK,4,0,,,wikipedia-1side,,,,
cfl-2003-07-15-TOR-WPG,2003-07-15,2003,regular,TOR,WPG,4,1,,,wikipedia-1side,,,,
cfl-2003-07-18-REN-BC,2003-07-18,2003,regular,REN,BC,14,48,,,wikipedia-1side,,,,
cfl-2003-07-24-BC-REN,2003-07-24,2003,regular,BC,REN,37,19,,,wikipedia-1side,,,,
cfl-2003-07-24-WPG-MTL,2003-07-24,2003,regular,WPG,MTL,2,4,,,wikipedia-1side,,,,
cfl-2003-07-26-CGY-TOR,2003-07-26,2003,regular,CGY,TOR,24,41,,,wikipedia-1side,,,,
cfl-2003-07-29-MTL-WPG,2003-07-29,2003,regular,MTL,WPG,4,3,,,wikipedia-1side,,,,
cfl-2003-07-31-REN-EDM,2003-07-31,2003,regular,REN,EDM,26,31,,,wikipedia-1side,,,,
cfl-2003-08-02-HAM-WPG,2003-08-02,2003,regular,HAM,WPG,3,5,,,wikipedia-1side,,,,
cfl-2003-08-07-REN-SSK,2003-08-07,2003,regular,REN,SSK,29,24,,,wikipedia-1side,,,,
cfl-2003-08-09-EDM-TOR,2003-08-09,2003,regular,EDM,TOR,49,20,,,wikipedia-1side,,,,
cfl-2003-08-12-WPG-REN,2003-08-12,2003,regular,WPG,REN,34,29,,,wikipedia,,,,
cfl-2003-08-17-SSK-REN,2003-08-17,2003,regular,SSK,REN,51,41,,,wikipedia-1side,,,,
cfl-2003-08-21-MTL-TOR,2003-08-21,2003,regular,MTL,TOR,46,22,,,wikipedia-1side,,,,
cfl-2003-08-22-WPG-CGY,2003-08-22,2003,regular,WPG,CGY,7,3,,,wikipedia-1side,,,,
cfl-2003-08-29-REN-MTL,2003-08-29,2003,regular,REN,MTL,43,38,,,wikipedia-1side,,,,
cfl-2003-08-31-SSK-WPG,2003-08-31,2003,regular,SSK,WPG,3,8,,,wikipedia-1side,,,,
cfl-2003-09-01-HAM-TOR,2003-09-01,2003,regular,HAM,TOR,11,19,,,wikipedia-1side,,,,
cfl-2003-09-06-REN-HAM,2003-09-06,2003,regular,REN,HAM,45,28,,,wikipedia-1side,,,,
cfl-2003-09-07-WPG-TOR,2003-09-07,2003,regular,WPG,TOR,34,30,,,wikipedia,,,,
cfl-2003-09-14-CGY-WPG,2003-09-14,2003,regular,CGY,WPG,9,4,,,wikipedia-1side,,,,
cfl-2003-09-14-MTL-REN,2003-09-14,2003,regular,MTL,REN,30,10,,,wikipedia-1side,,,,
cfl-2003-09-19-EDM-REN,2003-09-19,2003,regular,EDM,REN,45,33,,,wikipedia-1side,,,,
cfl-2003-09-20-WPG-BC,2003-09-20,2003,regular,WPG,BC,5,9,,,wikipedia-1side,,,,
cfl-2003-09-26-REN-CGY,2003-09-26,2003,regular,REN,CGY,26,21,,,wikipedia-1side,,,,
cfl-2003-09-28-SSK-TOR,2003-09-28,2003,regular,SSK,TOR,41,24,,,wikipedia-1side,,,,
cfl-2003-10-04-BC-WPG,2003-10-04,2003,regular,BC,WPG,9,6,,,wikipedia-1side,,,,
cfl-2003-10-04-TOR-REN,2003-10-04,2003,regular,TOR,REN,27,18,,,wikipedia-1side,,,,
cfl-2003-10-10-WPG-HAM,2003-10-10,2003,regular,WPG,HAM,10,6,,,wikipedia-1side,,,,
cfl-2003-10-13-REN-TOR,2003-10-13,2003,regular,REN,TOR,21,15,,,wikipedia,,,,
cfl-2003-10-17-EDM-WPG,2003-10-17,2003,regular,EDM,WPG,10,7,,,wikipedia-1side,,,,
cfl-2003-10-25-WPG-EDM,2003-10-25,2003,regular,WPG,EDM,11,7,,,wikipedia-1side,,,,
cfl-2003-10-26-MTL-REN,2003-10-26,2003,regular,MTL,REN,27,17,,,wikipedia-1side,,,,
cfl-2003-11-09-MTL-TOR,2003-11-09,2003,postseason,MTL,TOR,30,26,,,wikipedia-1side,,,,
cfl-2004-06-17-WPG-REN,2004-06-17,2004,regular,WPG,REN,25,37,,,wikipedia-1side,,,,
cfl-2004-06-24-REN-TOR,2004-06-24,2004,regular,REN,TOR,20,10,,,wikipedia,,,,
cfl-2004-07-02-REN-EDM,2004-07-02,2004,regular,REN,EDM,44,15,,,wikipedia-1side,,,,
cfl-2004-07-09-MTL-REN,2004-07-09,2004,regular,MTL,REN,46,22,,,wikipedia-1side,,,,
cfl-2004-07-10-HAM-TOR,2004-07-10,2004,regular,HAM,TOR,6,34,,,wikipedia-1side,,,,
cfl-2004-07-16-REN-WPG,2004-07-16,2004,regular,REN,WPG,1,29,,,wikipedia-1side,,,,
cfl-2004-07-16-SSK-TOR,2004-07-16,2004,regular,SSK,TOR,12,17,,,wikipedia-1side,,,,
cfl-2004-07-21-TOR-REN,2004-07-21,2004,regular,TOR,REN,28,25,,,wikipedia-1side,,,,
cfl-2004-07-29-REN-CGY,2004-07-29,2004,regular,REN,CGY,31,30,,,wikipedia-1side,,,,
cfl-2004-08-06-BC-REN,2004-08-06,2004,regular,BC,REN,47,27,,,wikipedia-1side,,,,
cfl-2004-08-12-MTL-TOR,2004-08-12,2004,regular,MTL,TOR,22,10,,,wikipedia-1side,,,,
cfl-2004-08-19-REN-HAM,2004-08-19,2004,regular,REN,HAM,19,31,,,wikipedia-1side,,,,
cfl-2004-08-27-BC-TOR,2004-08-27,2004,regular,BC,TOR,31,10,,,wikipedia-1side,,,,
cfl-2004-08-29-EDM-REN,2004-08-29,2004,regular,EDM,REN,57,16,,,wikipedia-1side,,,,
cfl-2004-09-03-REN-MTL,2004-09-03,2004,regular,REN,MTL,16,23,,,wikipedia-1side,,,,
cfl-2004-09-06-HAM-TOR,2004-09-06,2004,regular,HAM,TOR,30,30,,,wikipedia-1side,,,,
cfl-2004-09-11-REN-BC,2004-09-11,2004,regular,REN,BC,13,31,,,wikipedia-1side,,,,
cfl-2004-09-17-CGY-REN,2004-09-17,2004,regular,CGY,REN,24,26,,,wikipedia-1side,,,,
cfl-2004-09-18-WPG-TOR,2004-09-18,2004,regular,WPG,TOR,44,34,,,wikipedia-1side,,,,
cfl-2004-09-25-EDM-TOR,2004-09-25,2004,regular,EDM,TOR,17,26,,,wikipedia-1side,,,,
cfl-2004-09-26-SSK-REN,2004-09-26,2004,regular,SSK,REN,36,22,,,wikipedia-1side,,,,
cfl-2004-10-09-REN-SSK,2004-10-09,2004,regular,REN,SSK,25,32,,,wikipedia-1side,,,,
cfl-2004-10-15-HAM-REN,2004-10-15,2004,regular,HAM,REN,20,17,,,wikipedia-1side,,,,
cfl-2004-10-16-CGY-TOR,2004-10-16,2004,regular,CGY,TOR,29,11,,,wikipedia-1side,,,,
cfl-2004-10-23-MTL-REN,2004-10-23,2004,regular,MTL,REN,52,21,,,wikipedia-1side,,,,
cfl-2004-10-30-REN-HAM,2004-10-30,2004,regular,REN,HAM,17,27,,,wikipedia-1side,,,,
cfl-2004-11-14-MTL-TOR,2004-11-14,2004,postseason,MTL,TOR,18,26,,,wikipedia-1side,,,,
cfl-2005-06-24-EDM-REN,2005-06-24,2005,regular,EDM,REN,41,16,,,wikipedia-1side,,,,
cfl-2005-07-01-CGY-TOR,2005-07-01,2005,regular,CGY,TOR,16,22,,,wikipedia-1side,,,,
cfl-2005-07-01-REN-MTL,2005-07-01,2005,regular,REN,MTL,39,36,,,wikipedia-1side,,,,
cfl-2005-07-08-BC-REN,2005-07-08,2005,regular,BC,REN,37,29,,,wikipedia-1side,,,,
cfl-2005-07-15-BC-TOR,2005-07-15,2005,regular,BC,TOR,30,22,,,wikipedia-1side,,,,
cfl-2005-07-16-REN-CGY,2005-07-16,2005,regular,REN,CGY,33,18,,,wikipedia-1side,,,,
cfl-2005-07-21-REN-EDM,2005-07-21,2005,regular,REN,EDM,21,29,,,wikipedia-1side,,,,
cfl-2005-07-28-MTL-TOR,2005-07-28,2005,regular,MTL,TOR,24,36,,,wikipedia-1side,,,,
cfl-2005-07-29-SSK-REN,2005-07-29,2005,regular,SSK,REN,16,21,,,wikipedia-1side,,,,
cfl-2005-08-06-HAM-REN,2005-08-06,2005,regular,HAM,REN,12,28,,,wikipedia-1side,,,,
cfl-2005-08-11-REN-SSK,2005-08-11,2005,regular,REN,SSK,22,17,,,wikipedia-1side,,,,
cfl-2005-08-19-WPG-REN,2005-08-19,2005,regular,WPG,REN,38,17,,,wikipedia-1side,,,,
cfl-2005-08-20-EDM-TOR,2005-08-20,2005,regular,EDM,TOR,18,22,,,wikipedia-1side,,,,
cfl-2005-09-05-HAM-TOR,2005-09-05,2005,regular,HAM,TOR,33,30,,,wikipedia-1side,,,,
cfl-2005-09-08-REN-BC,2005-09-08,2005,regular,REN,BC,27,61,,,wikipedia-1side,,,,
cfl-2005-09-16-REN-WPG,2005-09-16,2005,regular,REN,WPG,21,37,,,wikipedia-1side,,,,
cfl-2005-09-22-CGY-REN,2005-09-22,2005,regular,CGY,REN,45,23,,,wikipedia-1side,,,,
cfl-2005-09-23-SSK-TOR,2005-09-23,2005,regular,SSK,TOR,24,13,,,wikipedia-1side,,,,
cfl-2005-09-28-TOR-REN,2005-09-28,2005,regular,TOR,REN,29,18,,,wikipedia-1side,,,,
cfl-2005-10-07-REN-HAM,2005-10-07,2005,regular,REN,HAM,43,21,,,wikipedia-1side,,,,
cfl-2005-10-16-WPG-TOR,2005-10-16,2005,regular,WPG,TOR,32,35,,,wikipedia-1side,,,,
cfl-2005-10-21-HAM-REN,2005-10-21,2005,regular,HAM,REN,40,32,,,wikipedia-1side,,,,
cfl-2005-10-22-MTL-TOR,2005-10-22,2005,regular,MTL,TOR,23,49,,,wikipedia-1side,,,,
cfl-2005-10-29-REN-MTL,2005-10-29,2005,regular,REN,MTL,23,43,,,wikipedia-1side,,,,
cfl-2005-11-05-REN-TOR,2005-11-05,2005,regular,REN,TOR,27,17,,,wikipedia,,,,
cfl-2006-06-23-WPG-TOR,2006-06-23,2006,regular,WPG,TOR,16,9,,,wikipedia-1side,,,,
cfl-2006-06-30-BC-TOR,2006-06-30,2006,regular,BC,TOR,26,19,,,wikipedia-1side,,,,
cfl-2006-07-22-SSK-TOR,2006-07-22,2006,regular,SSK,TOR,23,26,,,wikipedia-1side,,,,
cfl-2006-08-03-MTL-TOR,2006-08-03,2006,regular,MTL,TOR,31,7,,,wikipedia-1side,,,,
cfl-2006-08-12-HAM-TOR,2006-08-12,2006,regular,HAM,TOR,2,20,,,wikipedia-1side,,,,
cfl-2006-08-25-WPG-TOR,2006-08-25,2006,regular,WPG,TOR,15,18,,,wikipedia-1side,,,,
cfl-2006-09-04-HAM-TOR,2006-09-04,2006,regular,HAM,TOR,6,40,,,wikipedia-1side,,,,
cfl-2006-09-23-CGY-TOR,2006-09-23,2006,regular,CGY,TOR,39,18,,,wikipedia-1side,,,,
cfl-2006-10-14-EDM-TOR,2006-10-14,2006,regular,EDM,TOR,25,28,,,wikipedia-1side,,,,
cfl-2006-11-12-MTL-TOR,2006-11-12,2006,postseason,MTL,TOR,33,24,,,wikipedia-1side,,,,
cfl-2007-07-07-HAM-TOR,2007-07-07,2007,regular,HAM,TOR,5,30,,,wikipedia-1side,,,,
cfl-2007-07-21-CGY-TOR,2007-07-21,2007,regular,CGY,TOR,33,10,,,wikipedia-1side,,,,
cfl-2007-08-02-MTL-TOR,2007-08-02,2007,regular,MTL,TOR,29,27,,,wikipedia-1side,,,,
cfl-2007-08-24-WPG-TOR,2007-08-24,2007,regular,WPG,TOR,15,13,,,wikipedia-1side,,,,
cfl-2007-09-03-HAM-TOR,2007-09-03,2007,regular,HAM,TOR,14,32,,,wikipedia-1side,,,,
cfl-2007-09-15-BC-TOR,2007-09-15,2007,regular,BC,TOR,40,7,,,wikipedia-1side,,,,
cfl-2007-09-28-EDM-TOR,2007-09-28,2007,regular,EDM,TOR,11,18,,,wikipedia-1side,,,,
cfl-2007-10-20-MTL-TOR,2007-10-20,2007,regular,MTL,TOR,9,16,,,wikipedia-1side,,,,
cfl-2007-11-03-SSK-TOR,2007-11-03,2007,regular,SSK,TOR,13,41,,,wikipedia-1side,,,,
cfl-2008-06-27-WPG-TOR,2008-06-27,2008,regular,WPG,TOR,16,23,,,wikipedia-1side,,,,
cfl-2008-07-10-EDM-TOR,2008-07-10,2008,regular,EDM,TOR,47,28,,,wikipedia-1side,,,,
cfl-2008-07-27-SSK-TOR,2008-07-27,2008,regular,SSK,TOR,28,22,,,wikipedia-1side,,,,
cfl-2008-08-07-HAM-TOR,2008-08-07,2008,regular,HAM,TOR,45,21,,,wikipedia-1side,,,,
cfl-2008-09-01-HAM-TOR,2008-09-01,2008,regular,HAM,TOR,31,34,,,wikipedia-1side,,,,
cfl-2008-09-07-MTL-TOR,2008-09-07,2008,regular,MTL,TOR,45,19,,,wikipedia-1side,,,,
cfl-2008-09-20-CGY-TOR,2008-09-20,2008,regular,CGY,TOR,34,4,,,wikipedia-1side,,,,
cfl-2008-10-10-WPG-TOR,2008-10-10,2008,regular,WPG,TOR,25,16,,,wikipedia-1side,,,,
cfl-2008-10-25-BC-TOR,2008-10-25,2008,regular,BC,TOR,55,32,,,wikipedia-1side,,,,
cfl-2009-07-01-HAM-TOR,2009-07-01,2009,regular,HAM,TOR,17,30,,,wikipedia-1side,,,,
cfl-2009-07-17-CGY-TOR,2009-07-17,2009,regular,CGY,TOR,44,9,,,wikipedia-1side,,,,
cfl-2009-07-24-WPG-TOR,2009-07-24,2009,regular,WPG,TOR,5,19,,,wikipedia-1side,,,,
cfl-2009-08-07-MTL-TOR,2009-08-07,2009,regular,MTL,TOR,25,0,,,wikipedia-1side,,,,
cfl-2009-09-07-HAM-TOR,2009-09-07,2009,regular,HAM,TOR,34,15,,,wikipedia-1side,,,,
cfl-2009-09-19-BC-TOR,2009-09-19,2009,regular,BC,TOR,23,17,,,wikipedia-1side,,,,
cfl-2009-09-26-WPG-TOR,2009-09-26,2009,regular,WPG,TOR,29,24,,,wikipedia-1side,,,,
cfl-2009-10-10-SSK-TOR,2009-10-10,2009,regular,SSK,TOR,32,22,,,wikipedia-1side,,,,
cfl-2009-10-30-EDM-TOR,2009-10-30,2009,regular,EDM,TOR,36,10,,,wikipedia-1side,,,,
cfl-2010-07-01-CGY-TOR,2010-07-01,2010,regular,CGY,TOR,30,16,,,wikipedia-1side,,,,
cfl-2010-07-09-WPG-TOR,2010-07-09,2010,regular,WPG,TOR,34,36,,,wikipedia-1side,,,,
cfl-2010-07-29-MTL-TOR,2010-07-29,2010,regular,MTL,TOR,41,10,,,wikipedia-1side,,,,
cfl-2010-08-06-EDM-TOR,2010-08-06,2010,regular,EDM,TOR,28,29,,,wikipedia-1side,,,,
cfl-2010-09-06-HAM-TOR,2010-09-06,2010,regular,HAM,TOR,28,13,,,wikipedia-1side,,,,
cfl-2010-09-11-BC-TOR,2010-09-11,2010,regular,BC,TOR,37,16,,,wikipedia-1side,,,,
cfl-2010-10-09-SSK-TOR,2010-10-09,2010,regular,SSK,TOR,19,24,,,wikipedia-1side,,,,
cfl-2010-10-23-WPG-TOR,2010-10-23,2010,regular,WPG,TOR,8,27,,,wikipedia-1side,,,,
cfl-2010-11-07-MTL-TOR,2010-11-07,2010,regular,MTL,TOR,4,30,,,wikipedia-1side,,,,
cfl-2010-11-14-HAM-TOR,2010-11-14,2010,postseason,HAM,TOR,13,16,,,wikipedia-1side,,,,
cfl-2010-11-21-MTL-TOR,2010-11-21,2010,regular,MTL,TOR,48,17,,,wikipedia-1side,,,,
cfl-2011-07-01-CGY-TOR,2011-07-01,2011,regular,CGY,TOR,21,23,,,wikipedia-1side,,,,
cfl-2011-07-08-WPG-TOR,2011-07-08,2011,regular,WPG,TOR,22,16,,,wikipedia-1side,,,,
cfl-2011-07-15-MTL-TOR,2011-07-15,2011,regular,MTL,TOR,40,17,,,wikipedia-1side,,,,
cfl-2011-07-29-EDM-TOR,2011-07-29,2011,regular,EDM,TOR,26,25,,,wikipedia-1side,,,,
cfl-2011-08-13-HAM-TOR,2011-08-13,2011,regular,HAM,TOR,37,32,,,wikipedia-1side,,,,
cfl-2011-09-10-BC-TOR,2011-09-10,2011,regular,BC,TOR,28,6,,,wikipedia-1side,,,,
cfl-2011-09-17-SSK-TOR,2011-09-17,2011,regular,SSK,TOR,30,20,,,wikipedia-1side,,,,
cfl-2011-10-10-MTL-TOR,2011-10-10,2011,regular,MTL,TOR,29,19,,,wikipedia-1side,,,,
cfl-2011-10-28-WPG-TOR,2011-10-28,2011,regular,WPG,TOR,22,27,,,wikipedia-1side,,,,
cfl-2012-06-30-EDM-TOR,2012-06-30,2012,regular,EDM,TOR,19,15,,,wikipedia-1side,,,,
cfl-2012-07-14-HAM-TOR,2012-07-14,2012,regular,HAM,TOR,36,27,,,wikipedia-1side,,,,
cfl-2012-07-27-MTL-TOR,2012-07-27,2012,regular,MTL,TOR,20,23,,,wikipedia-1side,,,,
cfl-2012-08-18-CGY-TOR,2012-08-18,2012,regular,CGY,TOR,14,22,,,wikipedia-1side,,,,
cfl-2012-09-03-HAM-TOR,2012-09-03,2012,regular,HAM,TOR,30,33,,,wikipedia-1side,,,,
cfl-2012-09-15-BC-TOR,2012-09-15,2012,regular,BC,TOR,28,23,,,wikipedia-1side,,,,
cfl-2012-09-23-MTL-TOR,2012-09-23,2012,regular,MTL,TOR,31,10,,,wikipedia-1side,,,,
cfl-2012-09-29-WPG-TOR,2012-09-29,2012,regular,WPG,TOR,10,29,,,wikipedia-1side,,,,
cfl-2012-10-27-SSK-TOR,2012-10-27,2012,regular,SSK,TOR,26,31,,,wikipedia-1side,,,,
cfl-2012-11-18-MTL-TOR,2012-11-18,2012,regular,MTL,TOR,20,27,,,wikipedia-1side,,,,
cfl-2013-07-04-BC-TOR,2013-07-04,2013,regular,BC,TOR,24,16,,,wikipedia-1side,,,,
cfl-2013-07-19-WPG-TOR,2013-07-19,2013,regular,WPG,TOR,19,35,,,wikipedia-1side,,,,
cfl-2013-08-08-MTL-TOR,2013-08-08,2013,regular,MTL,TOR,13,38,,,wikipedia-1side,,,,
cfl-2013-09-08-MTL-TOR,2013-09-08,2013,regular,MTL,TOR,30,37,,,wikipedia-1side,,,,
cfl-2013-09-14-SSK-TOR,2013-09-14,2013,regular,SSK,TOR,29,31,,,wikipedia-1side,,,,
cfl-2013-09-21-CGY-TOR,2013-09-21,2013,regular,CGY,TOR,27,33,,,wikipedia-1side,,,,
cfl-2013-09-28-EDM-TOR,2013-09-28,2013,regular,EDM,TOR,22,34,,,wikipedia-1side,,,,
cfl-2013-10-14-HAM-TOR,2013-10-14,2013,regular,HAM,TOR,24,18,,,wikipedia-1side,,,,
cfl-2013-10-19-WPG-TOR,2013-10-19,2013,regular,WPG,TOR,20,26,,,wikipedia-1side,,,,
cfl-2014-06-26-WPG-TOR,2014-06-26,2014,regular,WPG,TOR,45,21,,,wikipedia,,,,
cfl-2014-06-28-BC-EDM,2014-06-28,2014,regular,BC,EDM,20,27,,,wikipedia,,,,
cfl-2014-06-28-CGY-MTL,2014-06-28,2014,regular,CGY,MTL,29,8,,,wikipedia,,,,
cfl-2014-06-29-SSK-HAM,2014-06-29,2014,regular,SSK,HAM,31,10,,,wikipedia,,,,
cfl-2014-07-03-WPG-OTT,2014-07-03,2014,regular,WPG,OTT,36,28,,,wikipedia,,,,
cfl-2014-07-04-EDM-HAM,2014-07-04,2014,regular,EDM,HAM,28,24,,,wikipedia,,,,
cfl-2014-07-04-MTL-BC,2014-07-04,2014,regular,MTL,BC,24,9,,,wikipedia,,,,
cfl-2014-07-05-TOR-SSK,2014-07-05,2014,regular,TOR,SSK,48,15,,,wikipedia,,,,
cfl-2014-07-11-EDM-OTT,2014-07-11,2014,regular,EDM,OTT,27,11,,,wikipedia,,,,
cfl-2014-07-11-MTL-WPG,2014-07-11,2014,regular,MTL,WPG,33,34,,,wikipedia,,,,
cfl-2014-07-12-SSK-BC,2014-07-12,2014,regular,SSK,BC,13,26,,,wikipedia,,,,
cfl-2014-07-12-TOR-CGY,2014-07-12,2014,regular,TOR,CGY,15,34,,,wikipedia,,,,
cfl-2014-07-17-WPG-EDM,2014-07-17,2014,regular,WPG,EDM,3,26,,,wikipedia,,,,
cfl-2014-07-18-CGY-HAM,2014-07-18,2014,regular,CGY,HAM,10,7,,,wikipedia,,,,
cfl-2014-07-18-OTT-TOR,2014-07-18,2014,regular,OTT,TOR,18,17,,,wikipedia,,,,
cfl-2014-07-19-BC-MTL,2014-07-19,2014,regular,BC,MTL,41,5,,,wikipedia,,,,
cfl-2014-07-24-EDM-CGY,2014-07-24,2014,regular,EDM,CGY,22,26,,,wikipedia,,,,
cfl-2014-07-25-BC-WPG,2014-07-25,2014,regular,BC,WPG,6,23,,,wikipedia,,,,
cfl-2014-07-26-HAM-OTT,2014-07-26,2014,regular,HAM,OTT,33,23,,,wikipedia,,,,
cfl-2014-07-26-SSK-TOR,2014-07-26,2014,regular,SSK,TOR,37,9,,,wikipedia,,,,
cfl-2014-07-31-HAM-WPG,2014-07-31,2014,regular,HAM,WPG,26,27,,,wikipedia,,,,
cfl-2014-08-01-CGY-BC,2014-08-01,2014,regular,CGY,BC,24,25,,,wikipedia,,,,
cfl-2014-08-01-MTL-TOR,2014-08-01,2014,regular,MTL,TOR,5,31,,,wikipedia,,,,
cfl-2014-08-02-OTT-SSK,2014-08-02,2014,regular,OTT,SSK,14,38,,,wikipedia,,,,
cfl-2014-08-07-WPG-SSK,2014-08-07,2014,regular,WPG,SSK,17,23,,,wikipedia,,,,
cfl-2014-08-08-BC-HAM,2014-08-08,2014,regular,BC,HAM,36,29,,,wikipedia,,,,
cfl-2014-08-08-MTL-EDM,2014-08-08,2014,regular,MTL,EDM,23,33,,,wikipedia,,,,
cfl-2014-08-09-CGY-OTT,2014-08-09,2014,regular,CGY,OTT,38,17,,,wikipedia,,,,
cfl-2014-08-12-TOR-WPG,2014-08-12,2014,regular,TOR,WPG,38,21,,,wikipedia,,,,
cfl-2014-08-15-OTT-EDM,2014-08-15,2014,regular,OTT,EDM,8,10,,,wikipedia,,,,
cfl-2014-08-16-HAM-CGY,2014-08-16,2014,regular,HAM,CGY,20,30,,,wikipedia,,,,
cfl-2014-08-16-SSK-MTL,2014-08-16,2014,regular,SSK,MTL,16,11,,,wikipedia,,,,
cfl-2014-08-17-TOR-BC,2014-08-17,2014,regular,TOR,BC,17,33,,,wikipedia,,,,
cfl-2014-08-22-WPG-MTL,2014-08-22,2014,regular,WPG,MTL,24,16,,,wikipedia,,,,
cfl-2014-08-23-EDM-TOR,2014-08-23,2014,regular,EDM,TOR,41,27,,,wikipedia,,,,
cfl-2014-08-24-BC-SSK,2014-08-24,2014,regular,BC,SSK,16,20,,,wikipedia,,,,
cfl-2014-08-24-OTT-CGY,2014-08-24,2014,regular,OTT,CGY,7,32,,,wikipedia,,,,
cfl-2014-08-29-MTL-OTT,2014-08-29,2014,regular,MTL,OTT,20,10,,,wikipedia,,,,
cfl-2014-08-31-SSK-WPG,2014-08-31,2014,regular,SSK,WPG,35,30,,,wikipedia,,,,
cfl-2014-09-01-CGY-EDM,2014-09-01,2014,regular,CGY,EDM,28,13,,,wikipedia,,,,
cfl-2014-09-01-HAM-TOR,2014-09-01,2014,regular,HAM,TOR,13,12,,,wikipedia,,,,
cfl-2014-09-05-OTT-BC,2014-09-05,2014,regular,OTT,BC,5,7,,,wikipedia,,,,
cfl-2014-09-06-EDM-CGY,2014-09-06,2014,regular,EDM,CGY,34,41,,,wikipedia,,,,
cfl-2014-09-07-MTL-HAM,2014-09-07,2014,regular,MTL,HAM,38,31,,,wikipedia,,,,
cfl-2014-09-07-WPG-SSK,2014-09-07,2014,regular,WPG,SSK,24,30,,,wikipedia,,,,
cfl-2014-09-12-EDM-MTL,2014-09-12,2014,regular,EDM,MTL,33,16,,,wikipedia,,,,
cfl-2014-09-13-BC-WPG,2014-09-13,2014,regular,BC,WPG,26,9,,,wikipedia,,,,
cfl-2014-09-13-CGY-TOR,2014-09-13,2014,regular,CGY,TOR,40,33,,,wikipedia,,,,
cfl-2014-09-14-HAM-SSK,2014-09-14,2014,regular,HAM,SSK,28,3,,,wikipedia,,,,
cfl-2014-09-19-BC-TOR,2014-09-19,2014,regular,BC,TOR,23,40,,,wikipedia,,,,
cfl-2014-09-20-HAM-EDM,2014-09-20,2014,regular,HAM,EDM,25,23,,,wikipedia,,,,
cfl-2014-09-21-MTL-CGY,2014-09-21,2014,regular,MTL,CGY,31,15,,,wikipedia,,,,
cfl-2014-09-21-SSK-OTT,2014-09-21,2014,regular,SSK,OTT,35,32,,,wikipedia,,,,
cfl-2014-09-26-EDM-SSK,2014-09-26,2014,regular,EDM,SSK,24,0,,,wikipedia,,,,
cfl-2014-09-26-OTT-MTL,2014-09-26,2014,regular,OTT,MTL,7,15,,,wikipedia,,,,
cfl-2014-09-27-CGY-BC,2014-09-27,2014,regular,CGY,BC,14,7,,,wikipedia,,,,
cfl-2014-09-27-WPG-HAM,2014-09-27,2014,regular,WPG,HAM,11,16,,,wikipedia,,,,
cfl-2014-10-03-OTT-WPG,2014-10-03,2014,regular,OTT,WPG,42,20,,,wikipedia,,,,
cfl-2014-10-03-SSK-CGY,2014-10-03,2014,regular,SSK,CGY,24,31,,,wikipedia,,,,
cfl-2014-10-04-HAM-BC,2014-10-04,2014,regular,HAM,BC,19,17,,,wikipedia,,,,
cfl-2014-10-04-TOR-EDM,2014-10-04,2014,regular,TOR,EDM,33,32,,,wikipedia,,,,
cfl-2014-10-10-TOR-HAM,2014-10-10,2014,regular,TOR,HAM,34,33,,,wikipedia,,,,
cfl-2014-10-11-BC-OTT,2014-10-11,2014,regular,BC,OTT,41,3,,,wikipedia,,,,
cfl-2014-10-13-EDM-WPG,2014-10-13,2014,regular,EDM,WPG,41,9,,,wikipedia,,,,
cfl-2014-10-13-MTL-SSK,2014-10-13,2014,regular,MTL,SSK,40,9,,,wikipedia,,,,
cfl-2014-10-17-HAM-OTT,2014-10-17,2014,regular,HAM,OTT,16,6,,,wikipedia,,,,
cfl-2014-10-18-TOR-MTL,2014-10-18,2014,regular,TOR,MTL,12,20,,,wikipedia,,,,
cfl-2014-10-18-WPG-CGY,2014-10-18,2014,regular,WPG,CGY,23,33,,,wikipedia,,,,
cfl-2014-10-19-SSK-EDM,2014-10-19,2014,regular,SSK,EDM,19,24,,,wikipedia,,,,
cfl-2014-10-24-CGY-SSK,2014-10-24,2014,regular,CGY,SSK,40,27,,,wikipedia,,,,
cfl-2014-10-24-OTT-MTL,2014-10-24,2014,regular,OTT,MTL,17,23,,,wikipedia,,,,
cfl-2014-10-25-TOR-HAM,2014-10-25,2014,regular,TOR,HAM,26,24,,,wikipedia,,,,
cfl-2014-10-25-WPG-BC,2014-10-25,2014,regular,WPG,BC,23,28,,,wikipedia,,,,
cfl-2014-10-31-OTT-HAM,2014-10-31,2014,regular,OTT,HAM,25,34,,,wikipedia,,,,
cfl-2014-11-01-CGY-WPG,2014-11-01,2014,regular,CGY,WPG,13,18,,,wikipedia,,,,
cfl-2014-11-01-EDM-BC,2014-11-01,2014,regular,EDM,BC,37,3,,,wikipedia,,,,
cfl-2014-11-02-MTL-TOR,2014-11-02,2014,regular,MTL,TOR,17,14,,,wikipedia,,,,
cfl-2014-11-07-BC-CGY,2014-11-07,2014,regular,BC,CGY,16,33,,,wikipedia,,,,
cfl-2014-11-07-TOR-OTT,2014-11-07,2014,regular,TOR,OTT,23,5,,,wikipedia,,,,
cfl-2014-11-08-HAM-MTL,2014-11-08,2014,regular,HAM,MTL,29,15,,,wikipedia,,,,
cfl-2014-11-08-SSK-EDM,2014-11-08,2014,regular,SSK,EDM,24,17,,,wikipedia,,,,
cfl-2014-11-16-EDM-SSK,2014-11-16,2014,postseason,EDM,SSK,18,10,,,wikipedia,,,,
cfl-2014-11-16-MTL-BC,2014-11-16,2014,postseason,MTL,BC,50,17,,,wikipedia,,,,
cfl-2014-11-23-CGY-EDM,2014-11-23,2014,regular,CGY,EDM,43,18,,,wikipedia,,,,
cfl-2014-11-23-HAM-MTL,2014-11-23,2014,regular,HAM,MTL,40,24,,,wikipedia,,,,
cfl-2014-11-30-CGY-HAM,2014-11-30,2014,postseason,CGY,HAM,20,16,1,Grey Cup,wikipedia-1side,,,,
cfl-2015-06-25-MTL-OTT,2015-06-25,2015,regular,MTL,OTT,16,20,,,wikipedia,,,,
cfl-2015-06-26-CGY-HAM,2015-06-26,2015,regular,CGY,HAM,24,23,,,wikipedia,,,,
cfl-2015-06-27-SSK-WPG,2015-06-27,2015,regular,SSK,WPG,26,30,,,wikipedia,,,,
cfl-2015-06-27-TOR-EDM,2015-06-27,2015,regular,TOR,EDM,26,11,,,wikipedia-1side,,,,
cfl-2015-07-02-WPG-HAM,2015-07-02,2015,regular,WPG,HAM,26,52,,,wikipedia,,,,
cfl-2015-07-03-MTL-CGY,2015-07-03,2015,regular,MTL,CGY,29,11,,,wikipedia,,,,
cfl-2015-07-04-OTT-BC,2015-07-04,2015,regular,OTT,BC,27,16,,,wikipedia,,,,
cfl-2015-07-05-SSK-TOR,2015-07-05,2015,regular,SSK,TOR,40,42,,,wikipedia,,,,
cfl-2015-07-09-EDM-OTT,2015-07-09,2015,regular,EDM,OTT,46,17,,,wikipedia,,,,
cfl-2015-07-10-BC-SSK,2015-07-10,2015,regular,BC,SSK,35,32,,,wikipedia,,,,
cfl-2015-07-10-WPG-MTL,2015-07-10,2015,regular,WPG,MTL,25,23,,,wikipedia,,,,
cfl-2015-07-13-CGY-TOR,2015-07-13,2015,regular,CGY,TOR,25,20,,,wikipedia,,,,
cfl-2015-07-16-MTL-HAM,2015-07-16,2015,regular,MTL,HAM,17,13,,,wikipedia,,,,
cfl-2015-07-17-OTT-EDM,2015-07-17,2015,regular,OTT,EDM,12,23,,,wikipedia,,,,
cfl-2015-07-17-SSK-BC,2015-07-17,2015,regular,SSK,BC,24,27,,,wikipedia,,,,
cfl-2015-07-18-CGY-WPG,2015-07-18,2015,regular,CGY,WPG,26,25,,,wikipedia,,,,
cfl-2015-07-24-BC-TOR,2015-07-24,2015,regular,BC,TOR,27,30,,,wikipedia,,,,
cfl-2015-07-24-OTT-CGY,2015-07-24,2015,regular,OTT,CGY,29,26,,,wikipedia,,,,
cfl-2015-07-25-EDM-WPG,2015-07-25,2015,regular,EDM,WPG,32,3,,,wikipedia,,,,
cfl-2015-07-26-SSK-HAM,2015-07-26,2015,regular,SSK,HAM,21,31,,,wikipedia,,,,
cfl-2015-07-30-WPG-BC,2015-07-30,2015,regular,WPG,BC,23,13,,,wikipedia,,,,
cfl-2015-07-31-EDM-SSK,2015-07-31,2015,regular,EDM,SSK,30,5,,,wikipedia,,,,
cfl-2015-08-01-CGY-MTL,2015-08-01,2015,regular,CGY,MTL,25,22,,,wikipedia,,,,
cfl-2015-08-03-HAM-TOR,2015-08-03,2015,regular,HAM,TOR,34,18,,,wikipedia,,,,
cfl-2015-08-06-BC-EDM,2015-08-06,2015,regular,BC,EDM,26,23,,,wikipedia,,,,
cfl-2015-08-07-OTT-MTL,2015-08-07,2015,regular,OTT,MTL,26,23,,,wikipedia,,,,
cfl-2015-08-08-TOR-SSK,2015-08-08,2015,regular,TOR,SSK,30,26,,,wikipedia-1side,,,,
cfl-2015-08-09-HAM-WPG,2015-08-09,2015,regular,HAM,WPG,38,8,,,wikipedia,,,,
cfl-2015-08-13-MTL-EDM,2015-08-13,2015,regular,MTL,EDM,12,15,,,wikipedia,,,,
cfl-2015-08-14-WPG-TOR,2015-08-14,2015,regular,WPG,TOR,20,27,,,wikipedia,,,,
cfl-2015-08-15-CGY-OTT,2015-08-15,2015,regular,CGY,OTT,48,3,,,wikipedia,,,,
cfl-2015-08-15-HAM-BC,2015-08-15,2015,regular,HAM,BC,52,22,,,wikipedia,,,,
cfl-2015-08-20-BC-MTL,2015-08-20,2015,regular,BC,MTL,13,23,,,wikipedia,,,,
cfl-2015-08-21-EDM-HAM,2015-08-21,2015,regular,EDM,HAM,20,49,,,wikipedia,,,,
cfl-2015-08-22-SSK-CGY,2015-08-22,2015,regular,SSK,CGY,31,34,,,wikipedia,,,,
cfl-2015-08-23-TOR-OTT,2015-08-23,2015,regular,TOR,OTT,30,24,,,wikipedia-1side,,,,
cfl-2015-08-27-HAM-MTL,2015-08-27,2015,regular,HAM,MTL,23,26,,,wikipedia,,,,
cfl-2015-08-28-EDM-TOR,2015-08-28,2015,regular,EDM,TOR,38,15,,,wikipedia,,,,
cfl-2015-08-29-WPG-CGY,2015-08-29,2015,regular,WPG,CGY,8,36,,,wikipedia,,,,
cfl-2015-08-30-OTT-SSK,2015-08-30,2015,regular,OTT,SSK,35,13,,,wikipedia,,,,
cfl-2015-09-03-MTL-BC,2015-09-03,2015,regular,MTL,BC,16,25,,,wikipedia,,,,
cfl-2015-09-06-SSK-WPG,2015-09-06,2015,regular,SSK,WPG,37,19,,,wikipedia,,,,
cfl-2015-09-07-CGY-EDM,2015-09-07,2015,regular,CGY,EDM,16,7,,,wikipedia,,,,
cfl-2015-09-07-HAM-TOR,2015-09-07,2015,regular,HAM,TOR,42,12,,,wikipedia,,,,
cfl-2015-09-11-TOR-HAM,2015-09-11,2015,regular,TOR,HAM,27,35,,,wikipedia-1side,,,,
cfl-2015-09-12-EDM-CGY,2015-09-12,2015,regular,EDM,CGY,27,16,,,wikipedia,,,,
cfl-2015-09-12-WPG-SSK,2015-09-12,2015,regular,WPG,SSK,22,7,,,wikipedia,,,,
cfl-2015-09-13-BC-OTT,2015-09-13,2015,regular,BC,OTT,18,31,,,wikipedia,,,,
cfl-2015-09-18-CGY-BC,2015-09-18,2015,regular,CGY,BC,35,23,,,wikipedia,,,,
cfl-2015-09-19-HAM-EDM,2015-09-19,2015,regular,HAM,EDM,18,25,,,wikipedia,,,,
cfl-2015-09-19-SSK-OTT,2015-09-19,2015,regular,SSK,OTT,27,30,,,wikipedia,,,,
cfl-2015-09-20-MTL-WPG,2015-09-20,2015,regular,MTL,WPG,35,14,,,wikipedia,,,,
cfl-2015-09-25-WPG-CGY,2015-09-25,2015,regular,WPG,CGY,23,25,,,wikipedia,,,,
cfl-2015-09-26-EDM-BC,2015-09-26,2015,regular,EDM,BC,29,23,,,wikipedia,,,,
cfl-2015-09-26-OTT-TOR,2015-09-26,2015,regular,OTT,TOR,26,35,,,wikipedia,,,,
cfl-2015-09-27-SSK-MTL,2015-09-27,2015,regular,SSK,MTL,33,21,,,wikipedia,,,,
cfl-2015-10-01-OTT-MTL,2015-10-01,2015,regular,OTT,MTL,39,17,,,wikipedia,,,,
cfl-2015-10-02-HAM-CGY,2015-10-02,2015,regular,HAM,CGY,20,23,,,wikipedia,,,,
cfl-2015-10-03-BC-SSK,2015-10-03,2015,regular,BC,SSK,46,20,,,wikipedia,,,,
cfl-2015-10-03-WPG-EDM,2015-10-03,2015,regular,WPG,EDM,23,24,,,wikipedia,,,,
cfl-2015-10-06-TOR-OTT,2015-10-06,2015,regular,TOR,OTT,38,35,,,wikipedia-1side,,,,
cfl-2015-10-09-HAM-SSK,2015-10-09,2015,regular,HAM,SSK,30,15,,,wikipedia,,,,
cfl-2015-10-10-BC-WPG,2015-10-10,2015,regular,BC,WPG,26,29,,,wikipedia,,,,
cfl-2015-10-10-CGY-EDM,2015-10-10,2015,regular,CGY,EDM,11,15,,,wikipedia,,,,
cfl-2015-10-12-MTL-TOR,2015-10-12,2015,regular,MTL,TOR,17,25,,,wikipedia,,,,
cfl-2015-10-16-OTT-WPG,2015-10-16,2015,regular,OTT,WPG,27,24,,,wikipedia,,,,
cfl-2015-10-17-EDM-BC,2015-10-17,2015,regular,EDM,BC,26,23,,,wikipedia,,,,
cfl-2015-10-17-TOR-CGY,2015-10-17,2015,regular,TOR,CGY,15,27,,,wikipedia-1side,,,,
cfl-2015-10-18-MTL-HAM,2015-10-18,2015,regular,MTL,HAM,11,23,,,wikipedia,,,,
cfl-2015-10-23-BC-HAM,2015-10-23,2015,regular,BC,HAM,40,13,,,wikipedia,,,,
cfl-2015-10-23-TOR-MTL,2015-10-23,2015,regular,TOR,MTL,2,34,,,wikipedia-1side,,,,
cfl-2015-10-24-SSK-EDM,2015-10-24,2015,regular,SSK,EDM,24,35,,,wikipedia,,,,
cfl-2015-10-24-WPG-OTT,2015-10-24,2015,regular,WPG,OTT,20,27,,,wikipedia,,,,
cfl-2015-10-30-TOR-BC,2015-10-30,2015,regular,TOR,BC,25,27,,,wikipedia-1side,,,,
cfl-2015-10-31-CGY-SSK,2015-10-31,2015,regular,CGY,SSK,42,19,,,wikipedia,,,,
cfl-2015-11-01-EDM-MTL,2015-11-01,2015,regular,EDM,MTL,40,22,,,wikipedia,,,,
cfl-2015-11-01-HAM-OTT,2015-11-01,2015,regular,HAM,OTT,6,12,,,wikipedia,,,,
cfl-2015-11-06-TOR-WPG,2015-11-06,2015,regular,TOR,WPG,21,11,,,wikipedia-1side,,,,
cfl-2015-11-07-BC-CGY,2015-11-07,2015,regular,BC,CGY,7,28,,,wikipedia,,,,
cfl-2015-11-07-OTT-HAM,2015-11-07,2015,regular,OTT,HAM,44,28,,,wikipedia,,,,
cfl-2015-11-08-MTL-SSK,2015-11-08,2015,regular,MTL,SSK,24,30,,,wikipedia,,,,
cfl-2015-11-15-CGY-BC,2015-11-15,2015,postseason,CGY,BC,35,9,,,wikipedia,,,,
cfl-2015-11-15-HAM-TOR,2015-11-15,2015,postseason,HAM,TOR,25,22,,,wikipedia,,,,
cfl-2015-11-22-EDM-CGY,2015-11-22,2015,regular,EDM,CGY,45,31,,,wikipedia,,,,
cfl-2015-11-22-OTT-HAM,2015-11-22,2015,regular,OTT,HAM,35,28,,,wikipedia,,,,
cfl-2016-06-23-TOR-HAM,2016-06-23,2016,regular,TOR,HAM,20,42,,,wikipedia-1side,,,,
cfl-2016-06-24-WPG-MTL,2016-06-24,2016,regular,WPG,MTL,14,22,,,wikipedia,,,,
cfl-2016-06-25-BC-CGY,2016-06-25,2016,regular,BC,CGY,20,18,,,wikipedia,,,,
cfl-2016-06-25-EDM-OTT,2016-06-25,2016,regular,EDM,OTT,37,45,,,wikipedia,,,,
cfl-2016-06-30-MTL-OTT,2016-06-30,2016,regular,MTL,OTT,13,28,,,wikipedia,,,,
cfl-2016-06-30-SSK-TOR,2016-06-30,2016,regular,SSK,TOR,17,30,,,wikipedia,,,,
cfl-2016-07-01-CGY-WPG,2016-07-01,2016,regular,CGY,WPG,36,22,,,wikipedia,,,,
cfl-2016-07-01-HAM-BC,2016-07-01,2016,regular,HAM,BC,3,28,,,wikipedia,,,,
cfl-2016-07-07-BC-TOR,2016-07-07,2016,regular,BC,TOR,14,25,,,wikipedia,,,,
cfl-2016-07-07-HAM-WPG,2016-07-07,2016,regular,HAM,WPG,24,28,,,wikipedia,,,,
cfl-2016-07-08-EDM-SSK,2016-07-08,2016,regular,EDM,SSK,39,36,,,wikipedia,,,,
cfl-2016-07-08-OTT-CGY,2016-07-08,2016,regular,OTT,CGY,26,26,,,wikipedia,,,,
cfl-2016-07-13-TOR-OTT,2016-07-13,2016,regular,TOR,OTT,20,30,,,wikipedia-1side,,,,
cfl-2016-07-14-WPG-EDM,2016-07-14,2016,regular,WPG,EDM,16,20,,,wikipedia,,,,
cfl-2016-07-15-MTL-HAM,2016-07-15,2016,regular,MTL,HAM,7,31,,,wikipedia,,,,
cfl-2016-07-16-SSK-BC,2016-07-16,2016,regular,SSK,BC,27,40,,,wikipedia,,,,
cfl-2016-07-21-WPG-CGY,2016-07-21,2016,regular,WPG,CGY,18,33,,,wikipedia,,,,
cfl-2016-07-22-SSK-OTT,2016-07-22,2016,regular,SSK,OTT,30,29,,,wikipedia,,,,
cfl-2016-07-23-EDM-HAM,2016-07-23,2016,regular,EDM,HAM,31,37,,,wikipedia,,,,
cfl-2016-07-25-TOR-MTL,2016-07-25,2016,regular,TOR,MTL,30,17,,,wikipedia-1side,,,,
cfl-2016-07-28-EDM-WPG,2016-07-28,2016,regular,EDM,WPG,23,30,,,wikipedia,,,,
cfl-2016-07-29-CGY-BC,2016-07-29,2016,regular,CGY,BC,44,41,,,wikipedia,,,,
cfl-2016-07-29-MTL-SSK,2016-07-29,2016,regular,MTL,SSK,41,3,,,wikipedia,,,,
cfl-2016-07-31-OTT-TOR,2016-07-31,2016,regular,OTT,TOR,20,23,,,wikipedia,,,,
cfl-2016-08-03-WPG-HAM,2016-08-03,2016,regular,WPG,HAM,37,11,,,wikipedia,,,,
cfl-2016-08-04-CGY-SSK,2016-08-04,2016,regular,CGY,SSK,35,15,,,wikipedia,,,,
cfl-2016-08-04-MTL-BC,2016-08-04,2016,regular,MTL,BC,18,38,,,wikipedia,,,,
cfl-2016-08-06-OTT-EDM,2016-08-06,2016,regular,OTT,EDM,23,20,,,wikipedia,,,,
cfl-2016-08-11-EDM-MTL,2016-08-11,2016,regular,EDM,MTL,23,12,,,wikipedia,,,,
cfl-2016-08-12-TOR-WPG,2016-08-12,2016,regular,TOR,WPG,17,34,,,wikipedia-1side,,,,
cfl-2016-08-13-BC-HAM,2016-08-13,2016,regular,BC,HAM,45,38,,,wikipedia,,,,
cfl-2016-08-13-SSK-CGY,2016-08-13,2016,regular,SSK,CGY,10,19,,,wikipedia,,,,
cfl-2016-08-19-BC-CGY,2016-08-19,2016,regular,BC,CGY,9,37,,,wikipedia,,,,
cfl-2016-08-19-OTT-MTL,2016-08-19,2016,regular,OTT,MTL,19,43,,,wikipedia,,,,
cfl-2016-08-20-HAM-SSK,2016-08-20,2016,regular,HAM,SSK,53,7,,,wikipedia,,,,
cfl-2016-08-20-TOR-EDM,2016-08-20,2016,regular,TOR,EDM,23,46,,,wikipedia-1side,,,,
cfl-2016-08-25-OTT-BC,2016-08-25,2016,regular,OTT,BC,23,29,,,wikipedia,,,,
cfl-2016-08-26-EDM-SSK,2016-08-26,2016,regular,EDM,SSK,33,25,,,wikipedia,,,,
cfl-2016-08-26-MTL-WPG,2016-08-26,2016,regular,MTL,WPG,18,32,,,wikipedia,,,,
cfl-2016-08-28-CGY-HAM,2016-08-28,2016,regular,CGY,HAM,30,24,,,wikipedia,,,,
cfl-2016-08-31-TOR-BC,2016-08-31,2016,regular,TOR,BC,13,16,,,wikipedia-1side,,,,
cfl-2016-09-01-MTL-OTT,2016-09-01,2016,regular,MTL,OTT,14,19,,,wikipedia,,,,
cfl-2016-09-04-SSK-WPG,2016-09-04,2016,regular,SSK,WPG,25,28,,,wikipedia,,,,
cfl-2016-09-05-CGY-EDM,2016-09-05,2016,regular,CGY,EDM,45,24,,,wikipedia,,,,
cfl-2016-09-05-HAM-TOR,2016-09-05,2016,regular,HAM,TOR,49,36,,,wikipedia,,,,
cfl-2016-09-09-BC-MTL,2016-09-09,2016,regular,BC,MTL,38,27,,,wikipedia,,,,
cfl-2016-09-10-EDM-CGY,2016-09-10,2016,regular,EDM,CGY,28,34,,,wikipedia,,,,
cfl-2016-09-10-WPG-SSK,2016-09-10,2016,regular,WPG,SSK,17,10,,,wikipedia,,,,
cfl-2016-09-11-TOR-HAM,2016-09-11,2016,regular,TOR,HAM,33,21,,,wikipedia-1side,,,,
cfl-2016-09-16-HAM-MTL,2016-09-16,2016,regular,HAM,MTL,20,17,,,wikipedia,,,,
cfl-2016-09-17-CGY-OTT,2016-09-17,2016,regular,CGY,OTT,48,23,,,wikipedia,,,,
cfl-2016-09-17-WPG-TOR,2016-09-17,2016,regular,WPG,TOR,46,29,,,wikipedia,,,,
cfl-2016-09-18-SSK-EDM,2016-09-18,2016,regular,SSK,EDM,26,23,,,wikipedia,,,,
cfl-2016-09-23-EDM-BC,2016-09-23,2016,regular,EDM,BC,27,23,,,wikipedia,,,,
cfl-2016-09-23-OTT-TOR,2016-09-23,2016,regular,OTT,TOR,29,12,,,wikipedia,,,,
cfl-2016-09-24-CGY-WPG,2016-09-24,2016,regular,CGY,WPG,36,34,,,wikipedia,,,,
cfl-2016-09-24-SSK-HAM,2016-09-24,2016,regular,SSK,HAM,20,18,,,wikipedia,,,,
cfl-2016-09-30-WPG-EDM,2016-09-30,2016,regular,WPG,EDM,26,40,,,wikipedia,,,,
cfl-2016-10-01-BC-OTT,2016-10-01,2016,regular,BC,OTT,40,33,,,wikipedia,,,,
cfl-2016-10-01-HAM-CGY,2016-10-01,2016,regular,HAM,CGY,17,36,,,wikipedia,,,,
cfl-2016-10-02-MTL-TOR,2016-10-02,2016,regular,MTL,TOR,38,11,,,wikipedia,,,,
cfl-2016-10-07-OTT-SSK,2016-10-07,2016,regular,OTT,SSK,30,32,,,wikipedia,,,,
cfl-2016-10-08-WPG-BC,2016-10-08,2016,regular,WPG,BC,37,35,,,wikipedia,,,,
cfl-2016-10-10-MTL-EDM,2016-10-10,2016,regular,MTL,EDM,20,40,,,wikipedia,,,,
cfl-2016-10-10-TOR-CGY,2016-10-10,2016,regular,TOR,CGY,20,48,,,wikipedia-1side,,,,
cfl-2016-10-14-BC-WPG,2016-10-14,2016,regular,BC,WPG,32,35,,,wikipedia,,,,
cfl-2016-10-14-HAM-OTT,2016-10-14,2016,regular,HAM,OTT,29,30,,,wikipedia,,,,
cfl-2016-10-15-CGY-MTL,2016-10-15,2016,regular,CGY,MTL,22,8,,,wikipedia,,,,
cfl-2016-10-15-TOR-SSK,2016-10-15,2016,regular,TOR,SSK,11,29,,,wikipedia-1side,,,,
cfl-2016-10-21-CGY-TOR,2016-10-21,2016,regular,CGY,TOR,31,13,,,wikipedia,,,,
cfl-2016-10-21-OTT-HAM,2016-10-21,2016,regular,OTT,HAM,36,39,,,wikipedia,,,,
cfl-2016-10-22-BC-EDM,2016-10-22,2016,regular,BC,EDM,32,25,,,wikipedia,,,,
cfl-2016-10-22-SSK-MTL,2016-10-22,2016,regular,SSK,MTL,14,19,,,wikipedia,,,,
cfl-2016-10-28-HAM-EDM,2016-10-28,2016,regular,HAM,EDM,26,29,,,wikipedia,,,,
cfl-2016-10-29-SSK-BC,2016-10-29,2016,regular,SSK,BC,6,24,,,wikipedia,,,,
cfl-2016-10-29-WPG-OTT,2016-10-29,2016,regular,WPG,OTT,10,23,,,wikipedia,,,,
cfl-2016-10-30-MTL-CGY,2016-10-30,2016,regular,MTL,CGY,17,8,,,wikipedia,,,,
cfl-2016-11-04-OTT-WPG,2016-11-04,2016,regular,OTT,WPG,20,33,,,wikipedia,,,,
cfl-2016-11-05-BC-SSK,2016-11-05,2016,regular,BC,SSK,41,18,,,wikipedia,,,,
cfl-2016-11-05-EDM-TOR,2016-11-05,2016,regular,EDM,TOR,41,17,,,wikipedia,,,,
cfl-2016-11-05-HAM-MTL,2016-11-05,2016,regular,HAM,MTL,25,32,,,wikipedia,,,,
cfl-2016-11-13-BC-WPG,2016-11-13,2016,postseason,BC,WPG,32,31,,,wikipedia,,,,
cfl-2016-11-13-HAM-EDM,2016-11-13,2016,postseason,HAM,EDM,21,24,,,wikipedia,,,,
cfl-2016-11-20-CGY-BC,2016-11-20,2016,regular,CGY,BC,42,15,,,wikipedia,,,,
cfl-2016-11-20-OTT-EDM,2016-11-20,2016,regular,OTT,EDM,35,23,,,wikipedia,,,,
cfl-2016-11-27-OTT-CGY,2016-11-27,2016,postseason,OTT,CGY,39,33,1,Grey Cup,wikipedia,,,,
cfl-2017-06-22-MTL-SSK,2017-06-22,2017,regular,MTL,SSK,17,16,,,wikipedia,,,,
cfl-2017-06-23-OTT-CGY,2017-06-23,2017,regular,OTT,CGY,31,31,,,wikipedia,,,,
cfl-2017-06-24-BC-EDM,2017-06-24,2017,regular,BC,EDM,27,30,,,wikipedia,,,,
cfl-2017-06-25-TOR-HAM,2017-06-25,2017,regular,TOR,HAM,32,15,,,wikipedia-1side,,,,
cfl-2017-06-29-CGY-OTT,2017-06-29,2017,regular,CGY,OTT,43,39,,,wikipedia,,,,
cfl-2017-06-30-EDM-MTL,2017-06-30,2017,regular,EDM,MTL,23,19,,,wikipedia,,,,
cfl-2017-06-30-TOR-BC,2017-06-30,2017,regular,TOR,BC,15,28,,,wikipedia-1side,,,,
cfl-2017-07-01-SSK-WPG,2017-07-01,2017,regular,SSK,WPG,40,43,,,wikipedia,,,,
cfl-2017-07-06-MTL-BC,2017-07-06,2017,regular,MTL,BC,16,23,,,wikipedia,,,,
cfl-2017-07-07-WPG-CGY,2017-07-07,2017,regular,WPG,CGY,10,29,,,wikipedia,,,,
cfl-2017-07-08-OTT-TOR,2017-07-08,2017,regular,OTT,TOR,25,26,,,wikipedia,,,,
cfl-2017-07-08-SSK-HAM,2017-07-08,2017,regular,SSK,HAM,37,20,,,wikipedia,,,,
cfl-2017-07-13-WPG-TOR,2017-07-13,2017,regular,WPG,TOR,33,25,,,wikipedia,,,,
cfl-2017-07-14-EDM-OTT,2017-07-14,2017,regular,EDM,OTT,23,21,,,wikipedia,,,,
cfl-2017-07-14-MTL-CGY,2017-07-14,2017,regular,MTL,CGY,30,23,,,wikipedia,,,,
cfl-2017-07-15-HAM-BC,2017-07-15,2017,regular,HAM,BC,26,41,,,wikipedia,,,,
cfl-2017-07-19-OTT-MTL,2017-07-19,2017,regular,OTT,MTL,24,19,,,wikipedia,,,,
cfl-2017-07-20-HAM-EDM,2017-07-20,2017,regular,HAM,EDM,28,31,,,wikipedia,,,,
cfl-2017-07-21-BC-WPG,2017-07-21,2017,regular,BC,WPG,45,42,,,wikipedia,,,,
cfl-2017-07-22-CGY-SSK,2017-07-22,2017,regular,CGY,SSK,27,10,,,wikipedia,,,,
cfl-2017-07-24-TOR-OTT,2017-07-24,2017,regular,TOR,OTT,27,24,,,wikipedia-1side,,,,
cfl-2017-07-27-WPG-MTL,2017-07-27,2017,regular,WPG,MTL,41,40,,,wikipedia,,,,
cfl-2017-07-28-EDM-BC,2017-07-28,2017,regular,EDM,BC,37,26,,,wikipedia,,,,
cfl-2017-07-29-CGY-HAM,2017-07-29,2017,regular,CGY,HAM,60,1,,,wikipedia,,,,
cfl-2017-07-29-SSK-TOR,2017-07-29,2017,regular,SSK,TOR,38,27,,,wikipedia,,,,
cfl-2017-08-03-TOR-CGY,2017-08-03,2017,regular,TOR,CGY,24,41,,,wikipedia-1side,,,,
cfl-2017-08-04-EDM-HAM,2017-08-04,2017,regular,EDM,HAM,33,28,,,wikipedia,,,,
cfl-2017-08-04-OTT-WPG,2017-08-04,2017,regular,OTT,WPG,30,33,,,wikipedia,,,,
cfl-2017-08-05-BC-SSK,2017-08-05,2017,regular,BC,SSK,30,15,,,wikipedia,,,,
cfl-2017-08-10-OTT-EDM,2017-08-10,2017,regular,OTT,EDM,20,27,,,wikipedia,,,,
cfl-2017-08-11-MTL-TOR,2017-08-11,2017,regular,MTL,TOR,21,9,,,wikipedia,,,,
cfl-2017-08-12-HAM-WPG,2017-08-12,2017,regular,HAM,WPG,12,39,,,wikipedia,,,,
cfl-2017-08-13-SSK-BC,2017-08-13,2017,regular,SSK,BC,41,8,,,wikipedia,,,,
cfl-2017-08-17-WPG-EDM,2017-08-17,2017,regular,WPG,EDM,33,26,,,wikipedia,,,,
cfl-2017-08-18-BC-CGY,2017-08-18,2017,regular,BC,CGY,17,21,,,wikipedia,,,,
cfl-2017-08-18-HAM-OTT,2017-08-18,2017,regular,HAM,OTT,18,37,,,wikipedia,,,,
cfl-2017-08-19-TOR-MTL,2017-08-19,2017,regular,TOR,MTL,38,6,,,wikipedia-1side,,,,
cfl-2017-08-24-MTL-WPG,2017-08-24,2017,regular,MTL,WPG,31,34,,,wikipedia,,,,
cfl-2017-08-25-EDM-SSK,2017-08-25,2017,regular,EDM,SSK,31,54,,,wikipedia,,,,
cfl-2017-08-26-CGY-TOR,2017-08-26,2017,regular,CGY,TOR,23,7,,,wikipedia,,,,
cfl-2017-08-26-OTT-BC,2017-08-26,2017,regular,OTT,BC,31,24,,,wikipedia,,,,
cfl-2017-08-31-MTL-OTT,2017-08-31,2017,regular,MTL,OTT,4,32,,,wikipedia,,,,
cfl-2017-09-03-SSK-WPG,2017-09-03,2017,regular,SSK,WPG,38,24,,,wikipedia,,,,
cfl-2017-09-04-CGY-EDM,2017-09-04,2017,regular,CGY,EDM,39,18,,,wikipedia,,,,
cfl-2017-09-04-HAM-TOR,2017-09-04,2017,regular,HAM,TOR,24,22,,,wikipedia,,,,
cfl-2017-09-08-BC-MTL,2017-09-08,2017,regular,BC,MTL,41,18,,,wikipedia,,,,
cfl-2017-09-09-EDM-CGY,2017-09-09,2017,regular,EDM,CGY,22,25,,,wikipedia,,,,
cfl-2017-09-09-OTT-HAM,2017-09-09,2017,regular,OTT,HAM,22,26,,,wikipedia,,,,
cfl-2017-09-09-WPG-SSK,2017-09-09,2017,regular,WPG,SSK,48,28,,,wikipedia,,,,
cfl-2017-09-15-HAM-SSK,2017-09-15,2017,regular,HAM,SSK,19,27,,,wikipedia,,,,
cfl-2017-09-16-CGY-BC,2017-09-16,2017,regular,CGY,BC,27,13,,,wikipedia,,,,
cfl-2017-09-16-TOR-EDM,2017-09-16,2017,regular,TOR,EDM,34,26,,,wikipedia-1side,,,,
cfl-2017-09-17-MTL-OTT,2017-09-17,2017,regular,MTL,OTT,11,29,,,wikipedia,,,,
cfl-2017-09-22-BC-HAM,2017-09-22,2017,regular,BC,HAM,23,24,,,wikipedia,,,,
cfl-2017-09-22-WPG-OTT,2017-09-22,2017,regular,WPG,OTT,29,9,,,wikipedia,,,,
cfl-2017-09-23-TOR-MTL,2017-09-23,2017,regular,TOR,MTL,33,19,,,wikipedia-1side,,,,
cfl-2017-09-24-SSK-CGY,2017-09-24,2017,regular,SSK,CGY,9,15,,,wikipedia,,,,
cfl-2017-09-29-CGY-MTL,2017-09-29,2017,regular,CGY,MTL,59,11,,,wikipedia,,,,
cfl-2017-09-29-OTT-SSK,2017-09-29,2017,regular,OTT,SSK,17,18,,,wikipedia,,,,
cfl-2017-09-30-EDM-WPG,2017-09-30,2017,regular,EDM,WPG,19,28,,,wikipedia,,,,
cfl-2017-09-30-HAM-TOR,2017-09-30,2017,regular,HAM,TOR,35,43,,,wikipedia,,,,
cfl-2017-10-06-WPG-HAM,2017-10-06,2017,regular,WPG,HAM,13,30,,,wikipedia,,,,
cfl-2017-10-07-BC-OTT,2017-10-07,2017,regular,BC,OTT,25,30,,,wikipedia,,,,
cfl-2017-10-07-TOR-SSK,2017-10-07,2017,regular,TOR,SSK,24,27,,,wikipedia-1side,,,,
cfl-2017-10-09-MTL-EDM,2017-10-09,2017,regular,MTL,EDM,24,42,,,wikipedia,,,,
cfl-2017-10-13-HAM-CGY,2017-10-13,2017,regular,HAM,CGY,25,28,,,wikipedia,,,,
cfl-2017-10-13-SSK-OTT,2017-10-13,2017,regular,SSK,OTT,32,33,,,wikipedia,,,,
cfl-2017-10-14-EDM-TOR,2017-10-14,2017,regular,EDM,TOR,30,27,,,wikipedia,,,,
cfl-2017-10-14-WPG-BC,2017-10-14,2017,regular,WPG,BC,26,20,,,wikipedia,,,,
cfl-2017-10-20-CGY-SSK,2017-10-20,2017,regular,CGY,SSK,7,30,,,wikipedia,,,,
cfl-2017-10-21-BC-EDM,2017-10-21,2017,regular,BC,EDM,29,35,,,wikipedia,,,,
cfl-2017-10-21-TOR-WPG,2017-10-21,2017,regular,TOR,WPG,29,28,,,wikipedia-1side,,,,
cfl-2017-10-22-MTL-HAM,2017-10-22,2017,regular,MTL,HAM,16,43,,,wikipedia,,,,
cfl-2017-10-27-OTT-HAM,2017-10-27,2017,regular,OTT,HAM,41,36,,,wikipedia,,,,
cfl-2017-10-27-SSK-MTL,2017-10-27,2017,regular,SSK,MTL,37,12,,,wikipedia,,,,
cfl-2017-10-28-EDM-CGY,2017-10-28,2017,regular,EDM,CGY,29,20,,,wikipedia,,,,
cfl-2017-10-28-WPG-BC,2017-10-28,2017,regular,WPG,BC,27,36,,,wikipedia,,,,
cfl-2017-11-03-CGY-WPG,2017-11-03,2017,regular,CGY,WPG,5,23,,,wikipedia,,,,
cfl-2017-11-03-HAM-MTL,2017-11-03,2017,regular,HAM,MTL,33,0,,,wikipedia,,,,
cfl-2017-11-04-BC-TOR,2017-11-04,2017,regular,BC,TOR,13,40,,,wikipedia,,,,
cfl-2017-11-04-SSK-EDM,2017-11-04,2017,regular,SSK,EDM,13,28,,,wikipedia,,,,
cfl-2017-11-12-OTT-SSK,2017-11-12,2017,postseason,OTT,SSK,20,31,,,wikipedia,,,,
cfl-2017-11-12-WPG-EDM,2017-11-12,2017,postseason,WPG,EDM,32,39,,,wikipedia,,,,
cfl-2017-11-19-CGY-EDM,2017-11-19,2017,regular,CGY,EDM,32,28,,,wikipedia,,,,
cfl-2017-11-19-TOR-SSK,2017-11-19,2017,regular,TOR,SSK,25,21,,,wikipedia-1side,,,,
cfl-2018-06-14-WPG-EDM,2018-06-14,2018,regular,WPG,EDM,30,33,,,wikipedia-1side,,,,
cfl-2018-06-15-SSK-TOR,2018-06-15,2018,regular,SSK,TOR,27,19,,,wikipedia,,,,
cfl-2018-06-16-BC-MTL,2018-06-16,2018,regular,BC,MTL,22,10,,,wikipedia-1side,,,,
cfl-2018-06-16-CGY-HAM,2018-06-16,2018,regular,CGY,HAM,28,14,,,wikipedia-1side,,,,
cfl-2018-06-21-OTT-SSK,2018-06-21,2018,regular,OTT,SSK,40,17,,,wikipedia-1side,,,,
cfl-2018-06-22-EDM-HAM,2018-06-22,2018,regular,EDM,HAM,21,38,,,wikipedia,,,,
cfl-2018-06-22-MTL-WPG,2018-06-22,2018,regular,MTL,WPG,10,56,,,wikipedia-1side,,,,
cfl-2018-06-23-TOR-CGY,2018-06-23,2018,regular,TOR,CGY,7,41,,,wikipedia-1side,,,,
cfl-2018-06-28-CGY-OTT,2018-06-28,2018,regular,CGY,OTT,24,14,,,wikipedia-1side,,,,
cfl-2018-06-29-EDM-BC,2018-06-29,2018,regular,EDM,BC,41,22,,,wikipedia,,,,
cfl-2018-06-29-HAM-WPG,2018-06-29,2018,regular,HAM,WPG,31,17,,,wikipedia-1side,,,,
cfl-2018-06-30-SSK-MTL,2018-06-30,2018,regular,SSK,MTL,17,23,,,wikipedia,,,,
cfl-2018-07-05-SSK-HAM,2018-07-05,2018,regular,SSK,HAM,18,13,,,wikipedia,,,,
cfl-2018-07-06-MTL-OTT,2018-07-06,2018,regular,MTL,OTT,18,28,,,wikipedia-1side,,,,
cfl-2018-07-07-TOR-EDM,2018-07-07,2018,regular,TOR,EDM,20,17,,,wikipedia-1side,,,,
cfl-2018-07-07-WPG-BC,2018-07-07,2018,regular,WPG,BC,41,19,,,wikipedia-1side,,,,
cfl-2018-07-12-OTT-CGY,2018-07-12,2018,regular,OTT,CGY,3,27,,,wikipedia-1side,,,,
cfl-2018-07-13-EDM-TOR,2018-07-13,2018,regular,EDM,TOR,16,15,,,wikipedia,,,,
cfl-2018-07-14-BC-WPG,2018-07-14,2018,regular,BC,WPG,20,17,,,wikipedia-1side,,,,
cfl-2018-07-19-HAM-SSK,2018-07-19,2018,regular,HAM,SSK,20,31,,,wikipedia-1side,,,,
cfl-2018-07-20-OTT-BC,2018-07-20,2018,regular,OTT,BC,29,25,,,wikipedia-1side,,,,
cfl-2018-07-21-CGY-MTL,2018-07-21,2018,regular,CGY,MTL,25,8,,,wikipedia-1side,,,,
cfl-2018-07-21-TOR-WPG,2018-07-21,2018,regular,TOR,WPG,20,38,,,wikipedia-1side,,,,
cfl-2018-07-26-MTL-EDM,2018-07-26,2018,regular,MTL,EDM,23,44,,,wikipedia-1side,,,,
cfl-2018-07-27-WPG-TOR,2018-07-27,2018,regular,WPG,TOR,40,14,,,wikipedia-1side,,,,
cfl-2018-07-28-HAM-OTT,2018-07-28,2018,regular,HAM,OTT,15,21,,,wikipedia-1side,,,,
cfl-2018-07-28-SSK-CGY,2018-07-28,2018,regular,SSK,CGY,22,34,,,wikipedia,,,,
cfl-2018-08-02-EDM-SSK,2018-08-02,2018,regular,EDM,SSK,26,19,,,wikipedia,,,,
cfl-2018-08-02-TOR-OTT,2018-08-02,2018,regular,TOR,OTT,42,41,,,wikipedia-1side,,,,
cfl-2018-08-03-MTL-HAM,2018-08-03,2018,regular,MTL,HAM,11,50,,,wikipedia-1side,,,,
cfl-2018-08-04-CGY-BC,2018-08-04,2018,regular,CGY,BC,27,18,,,wikipedia-1side,,,,
cfl-2018-08-09-BC-EDM,2018-08-09,2018,regular,BC,EDM,31,23,,,wikipedia-1side,,,,
cfl-2018-08-10-WPG-HAM,2018-08-10,2018,regular,WPG,HAM,29,23,,,wikipedia-1side,,,,
cfl-2018-08-11-OTT-MTL,2018-08-11,2018,regular,OTT,MTL,24,17,,,wikipedia-1side,,,,
cfl-2018-08-17-WPG-OTT,2018-08-17,2018,regular,WPG,OTT,21,44,,,wikipedia-1side,,,,
cfl-2018-08-18-EDM-MTL,2018-08-18,2018,regular,EDM,MTL,40,24,,,wikipedia,,,,
cfl-2018-08-18-TOR-BC,2018-08-18,2018,regular,TOR,BC,24,23,,,wikipedia-1side,,,,
cfl-2018-08-19-SSK-CGY,2018-08-19,2018,regular,SSK,CGY,40,27,,,wikipedia,,,,
cfl-2018-08-23-HAM-EDM,2018-08-23,2018,regular,HAM,EDM,25,24,,,wikipedia-1side,,,,
cfl-2018-08-24-MTL-TOR,2018-08-24,2018,regular,MTL,TOR,25,22,,,wikipedia-1side,,,,
cfl-2018-08-25-BC-SSK,2018-08-25,2018,regular,BC,SSK,21,24,,,wikipedia-1side,,,,
cfl-2018-08-25-CGY-WPG,2018-08-25,2018,regular,CGY,WPG,39,26,,,wikipedia-1side,,,,
cfl-2018-08-31-OTT-MTL,2018-08-31,2018,regular,OTT,MTL,11,21,,,wikipedia-1side,,,,
cfl-2018-09-02-SSK-WPG,2018-09-02,2018,regular,SSK,WPG,31,23,,,wikipedia,,,,
cfl-2018-09-03-CGY-EDM,2018-09-03,2018,regular,CGY,EDM,23,20,,,wikipedia-1side,,,,
cfl-2018-09-03-HAM-TOR,2018-09-03,2018,regular,HAM,TOR,42,28,,,wikipedia-1side,,,,
cfl-2018-09-07-BC-OTT,2018-09-07,2018,regular,BC,OTT,26,14,,,wikipedia-1side,,,,
cfl-2018-09-08-EDM-CGY,2018-09-08,2018,regular,EDM,CGY,48,42,,,wikipedia,,,,
cfl-2018-09-08-TOR-HAM,2018-09-08,2018,regular,TOR,HAM,25,36,,,wikipedia-1side,,,,
cfl-2018-09-08-WPG-SSK,2018-09-08,2018,regular,WPG,SSK,27,32,,,wikipedia-1side,,,,
cfl-2018-09-14-MTL-BC,2018-09-14,2018,regular,MTL,BC,14,32,,,wikipedia-1side,,,,
cfl-2018-09-15-HAM-CGY,2018-09-15,2018,regular,HAM,CGY,28,43,,,wikipedia-1side,,,,
cfl-2018-09-15-SSK-OTT,2018-09-15,2018,regular,SSK,OTT,25,30,,,wikipedia,,,,
cfl-2018-09-21-WPG-MTL,2018-09-21,2018,regular,WPG,MTL,31,14,,,wikipedia-1side,,,,
cfl-2018-09-22-BC-HAM,2018-09-22,2018,regular,BC,HAM,35,32,,,wikipedia-1side,,,,
cfl-2018-09-22-OTT-EDM,2018-09-22,2018,regular,OTT,EDM,28,15,,,wikipedia-1side,,,,
cfl-2018-09-22-TOR-SSK,2018-09-22,2018,regular,TOR,SSK,29,30,,,wikipedia-1side,,,,
cfl-2018-09-28-CGY-TOR,2018-09-28,2018,regular,CGY,TOR,38,16,,,wikipedia-1side,,,,
cfl-2018-09-29-EDM-WPG,2018-09-29,2018,regular,EDM,WPG,3,30,,,wikipedia,,,,
cfl-2018-09-29-HAM-BC,2018-09-29,2018,regular,HAM,BC,40,10,,,wikipedia-1side,,,,
cfl-2018-09-30-MTL-SSK,2018-09-30,2018,regular,MTL,SSK,29,34,,,wikipedia-1side,,,,
cfl-2018-10-05-OTT-WPG,2018-10-05,2018,regular,OTT,WPG,32,40,,,wikipedia-1side,,,,
cfl-2018-10-06-BC-TOR,2018-10-06,2018,regular,BC,TOR,26,23,,,wikipedia-1side,,,,
cfl-2018-10-08-MTL-CGY,2018-10-08,2018,regular,MTL,CGY,6,12,,,wikipedia-1side,,,,
cfl-2018-10-08-SSK-EDM,2018-10-08,2018,regular,SSK,EDM,19,12,,,wikipedia,,,,
cfl-2018-10-12-TOR-HAM,2018-10-12,2018,regular,TOR,HAM,20,34,,,wikipedia-1side,,,,
cfl-2018-10-13-CGY-BC,2018-10-13,2018,regular,CGY,BC,21,26,,,wikipedia-1side,,,,
cfl-2018-10-13-EDM-OTT,2018-10-13,2018,regular,EDM,OTT,34,16,,,wikipedia,,,,
cfl-2018-10-13-WPG-SSK,2018-10-13,2018,regular,WPG,SSK,31,0,,,wikipedia-1side,,,,
cfl-2018-10-19-BC-EDM,2018-10-19,2018,regular,BC,EDM,42,32,,,wikipedia-1side,,,,
cfl-2018-10-19-OTT-HAM,2018-10-19,2018,regular,OTT,HAM,35,31,,,wikipedia-1side,,,,
cfl-2018-10-20-CGY-SSK,2018-10-20,2018,regular,CGY,SSK,25,29,,,wikipedia-1side,,,,
cfl-2018-10-20-TOR-MTL,2018-10-20,2018,regular,TOR,MTL,26,22,,,wikipedia-1side,,,,
cfl-2018-10-26-WPG-CGY,2018-10-26,2018,regular,WPG,CGY,29,21,,,wikipedia-1side,,,,
cfl-2018-10-27-HAM-OTT,2018-10-27,2018,regular,HAM,OTT,13,30,,,wikipedia-1side,,,,
cfl-2018-10-27-SSK-BC,2018-10-27,2018,regular,SSK,BC,35,16,,,wikipedia,,,,
cfl-2018-10-28-MTL-TOR,2018-10-28,2018,regular,MTL,TOR,40,10,,,wikipedia-1side,,,,
cfl-2018-11-02-OTT-TOR,2018-11-02,2018,regular,OTT,TOR,24,9,,,wikipedia-1side,,,,
cfl-2018-11-03-BC-CGY,2018-11-03,2018,regular,BC,CGY,9,26,,,wikipedia-1side,,,,
cfl-2018-11-03-EDM-WPG,2018-11-03,2018,regular,EDM,WPG,33,24,,,wikipedia,,,,
cfl-2018-11-03-HAM-MTL,2018-11-03,2018,regular,HAM,MTL,28,30,,,wikipedia-1side,,,,
cfl-2018-11-11-BC-HAM,2018-11-11,2018,postseason,BC,HAM,8,48,,,wikipedia-1side,,,,
cfl-2018-11-11-SSK-WPG,2018-11-11,2018,postseason,SSK,WPG,18,23,,,wikipedia,,,,
cfl-2018-11-18-CGY-WPG,2018-11-18,2018,regular,CGY,WPG,22,14,,,wikipedia-1side,,,,
cfl-2018-11-18-OTT-HAM,2018-11-18,2018,regular,OTT,HAM,46,27,,,wikipedia-1side,,,,
cfl-2018-11-27-CGY-OTT,2018-11-27,2018,postseason,CGY,OTT,27,16,1,Grey Cup,wikipedia,,,,
cfl-2019-06-13-HAM-SSK,2019-06-13,2019,regular,HAM,SSK,23,17,,,wikipedia-1side,,,,
cfl-2019-06-14-EDM-MTL,2019-06-14,2019,regular,EDM,MTL,32,25,,,wikipedia,,,,
cfl-2019-06-15-BC-WPG,2019-06-15,2019,regular,BC,WPG,23,33,,,wikipedia,,,,
cfl-2019-06-15-CGY-OTT,2019-06-15,2019,regular,CGY,OTT,28,32,,,wikipedia-1side,,,,
cfl-2019-06-20-OTT-SSK,2019-06-20,2019,regular,OTT,SSK,44,41,,,wikipedia-1side,,,,
cfl-2019-06-21-EDM-BC,2019-06-21,2019,regular,EDM,BC,39,23,,,wikipedia,,,,
cfl-2019-06-22-TOR-HAM,2019-06-22,2019,regular,TOR,HAM,14,64,,,wikipedia-1side,,,,
cfl-2019-06-27-WPG-EDM,2019-06-27,2019,regular,WPG,EDM,28,21,,,wikipedia,,,,
cfl-2019-06-28-HAM-MTL,2019-06-28,2019,regular,HAM,MTL,41,10,,,wikipedia-1side,,,,
cfl-2019-06-29-CGY-BC,2019-06-29,2019,regular,CGY,BC,36,32,,,wikipedia-1side,,,,
cfl-2019-07-01-SSK-TOR,2019-07-01,2019,regular,SSK,TOR,32,7,,,wikipedia,,,,
cfl-2019-07-04-MTL-HAM,2019-07-04,2019,regular,MTL,HAM,36,29,,,wikipedia-1side,,,,
cfl-2019-07-05-OTT-WPG,2019-07-05,2019,regular,OTT,WPG,14,29,,,wikipedia-1side,,,,
cfl-2019-07-06-SSK-CGY,2019-07-06,2019,regular,SSK,CGY,10,37,,,wikipedia,,,,
cfl-2019-07-06-TOR-BC,2019-07-06,2019,regular,TOR,BC,17,18,,,wikipedia-1side,,,,
cfl-2019-07-11-BC-EDM,2019-07-11,2019,regular,BC,EDM,6,33,,,wikipedia,,,,
cfl-2019-07-12-WPG-TOR,2019-07-12,2019,regular,WPG,TOR,48,21,,,wikipedia,,,,
cfl-2019-07-13-HAM-CGY,2019-07-13,2019,regular,HAM,CGY,30,23,,,wikipedia-1side,,,,
cfl-2019-07-13-OTT-MTL,2019-07-13,2019,regular,OTT,MTL,19,36,,,wikipedia-1side,,,,
cfl-2019-07-18-CGY-TOR,2019-07-18,2019,regular,CGY,TOR,26,16,,,wikipedia-1side,,,,
cfl-2019-07-19-WPG-OTT,2019-07-19,2019,regular,WPG,OTT,31,1,,,wikipedia,,,,
cfl-2019-07-20-MTL-EDM,2019-07-20,2019,regular,MTL,EDM,20,10,,,wikipedia-1side,,,,
cfl-2019-07-20-SSK-BC,2019-07-20,2019,regular,SSK,BC,38,25,,,wikipedia,,,,
cfl-2019-07-25-EDM-TOR,2019-07-25,2019,regular,EDM,TOR,26,0,,,wikipedia,,,,
cfl-2019-07-25-OTT-CGY,2019-07-25,2019,regular,OTT,CGY,16,17,,,wikipedia-1side,,,,
cfl-2019-07-26-HAM-WPG,2019-07-26,2019,regular,HAM,WPG,23,15,,,wikipedia-1side,,,,
cfl-2019-07-27-BC-SSK,2019-07-27,2019,regular,BC,SSK,18,45,,,wikipedia,,,,
cfl-2019-08-01-SSK-HAM,2019-08-01,2019,regular,SSK,HAM,24,19,,,wikipedia,,,,
cfl-2019-08-01-TOR-WPG,2019-08-01,2019,regular,TOR,WPG,28,27,,,wikipedia-1side,,,,
cfl-2019-08-02-MTL-OTT,2019-08-02,2019,regular,MTL,OTT,27,30,,,wikipedia-1side,,,,
cfl-2019-08-03-CGY-EDM,2019-08-03,2019,regular,CGY,EDM,24,18,,,wikipedia-1side,,,,
cfl-2019-08-08-WPG-CGY,2019-08-08,2019,regular,WPG,CGY,26,24,,,wikipedia,,,,
cfl-2019-08-09-EDM-OTT,2019-08-09,2019,regular,EDM,OTT,16,12,,,wikipedia,,,,
cfl-2019-08-09-MTL-SSK,2019-08-09,2019,regular,MTL,SSK,10,17,,,wikipedia-1side,,,,
cfl-2019-08-10-HAM-BC,2019-08-10,2019,regular,HAM,BC,35,34,,,wikipedia-1side,,,,
cfl-2019-08-15-WPG-BC,2019-08-15,2019,regular,WPG,BC,32,16,,,wikipedia,,,,
cfl-2019-08-16-TOR-EDM,2019-08-16,2019,regular,TOR,EDM,26,41,,,wikipedia-1side,,,,
cfl-2019-08-17-CGY-MTL,2019-08-17,2019,regular,CGY,MTL,34,40,,,wikipedia-1side,,,,
cfl-2019-08-17-OTT-HAM,2019-08-17,2019,regular,OTT,HAM,7,21,,,wikipedia-1side,,,,
cfl-2019-08-23-EDM-WPG,2019-08-23,2019,regular,EDM,WPG,28,34,,,wikipedia,,,,
cfl-2019-08-24-BC-HAM,2019-08-24,2019,regular,BC,HAM,10,13,,,wikipedia,,,,
cfl-2019-08-24-SSK-OTT,2019-08-24,2019,regular,SSK,OTT,40,18,,,wikipedia,,,,
cfl-2019-08-25-MTL-TOR,2019-08-25,2019,regular,MTL,TOR,28,22,,,wikipedia-1side,,,,
cfl-2019-09-01-SSK-WPG,2019-09-01,2019,regular,SSK,WPG,19,17,,,wikipedia,,,,
cfl-2019-09-02-CGY-EDM,2019-09-02,2019,regular,CGY,EDM,25,9,,,wikipedia-1side,,,,
cfl-2019-09-02-HAM-TOR,2019-09-02,2019,regular,HAM,TOR,38,27,,,wikipedia-1side,,,,
cfl-2019-09-06-MTL-BC,2019-09-06,2019,regular,MTL,BC,21,16,,,wikipedia-1side,,,,
cfl-2019-09-07-EDM-CGY,2019-09-07,2019,regular,EDM,CGY,17,33,,,wikipedia,,,,
cfl-2019-09-07-OTT-TOR,2019-09-07,2019,regular,OTT,TOR,17,46,,,wikipedia-1side,,,,
cfl-2019-09-07-WPG-SSK,2019-09-07,2019,regular,WPG,SSK,35,10,,,wikipedia,,,,
cfl-2019-09-13-BC-OTT,2019-09-13,2019,regular,BC,OTT,29,5,,,wikipedia,,,,
cfl-2019-09-14-CGY-HAM,2019-09-14,2019,regular,CGY,HAM,19,18,,,wikipedia-1side,,,,
cfl-2019-09-14-SSK-MTL,2019-09-14,2019,regular,SSK,MTL,27,25,,,wikipedia,,,,
cfl-2019-09-20-EDM-HAM,2019-09-20,2019,regular,EDM,HAM,27,30,,,wikipedia,,,,
cfl-2019-09-20-TOR-CGY,2019-09-20,2019,regular,TOR,CGY,16,23,,,wikipedia-1side,,,,
cfl-2019-09-21-MTL-WPG,2019-09-21,2019,regular,MTL,WPG,38,37,,,wikipedia-1side,,,,
cfl-2019-09-21-OTT-BC,2019-09-21,2019,regular,OTT,BC,7,40,,,wikipedia-1side,,,,
cfl-2019-09-27-WPG-HAM,2019-09-27,2019,regular,WPG,HAM,13,33,,,wikipedia,,,,
cfl-2019-09-28-BC-MTL,2019-09-28,2019,regular,BC,MTL,25,23,,,wikipedia,,,,
cfl-2019-09-28-OTT-EDM,2019-09-28,2019,regular,OTT,EDM,16,21,,,wikipedia-1side,,,,
cfl-2019-09-28-TOR-SSK,2019-09-28,2019,regular,TOR,SSK,16,41,,,wikipedia-1side,,,,
cfl-2019-10-04-HAM-EDM,2019-10-04,2019,regular,HAM,EDM,42,12,,,wikipedia-1side,,,,
cfl-2019-10-05-BC-TOR,2019-10-05,2019,regular,BC,TOR,55,8,,,wikipedia,,,,
cfl-2019-10-05-MTL-CGY,2019-10-05,2019,regular,MTL,CGY,21,17,,,wikipedia-1side,,,,
cfl-2019-10-05-SSK-WPG,2019-10-05,2019,regular,SSK,WPG,21,6,,,wikipedia,,,,
cfl-2019-10-11-CGY-SSK,2019-10-11,2019,regular,CGY,SSK,30,28,,,wikipedia-1side,,,,
cfl-2019-10-11-TOR-OTT,2019-10-11,2019,regular,TOR,OTT,28,21,,,wikipedia-1side,,,,
cfl-2019-10-12-EDM-BC,2019-10-12,2019,regular,EDM,BC,19,6,,,wikipedia,,,,
cfl-2019-10-12-WPG-MTL,2019-10-12,2019,regular,WPG,MTL,35,24,,,wikipedia,,,,
cfl-2019-10-18-BC-SSK,2019-10-18,2019,regular,BC,SSK,19,27,,,wikipedia,,,,
cfl-2019-10-18-MTL-TOR,2019-10-18,2019,regular,MTL,TOR,27,24,,,wikipedia-1side,,,,
cfl-2019-10-19-CGY-WPG,2019-10-19,2019,regular,CGY,WPG,37,33,,,wikipedia-1side,,,,
cfl-2019-10-19-HAM-OTT,2019-10-19,2019,regular,HAM,OTT,33,12,,,wikipedia-1side,,,,
cfl-2019-10-25-WPG-CGY,2019-10-25,2019,regular,WPG,CGY,29,28,,,wikipedia,,,,
cfl-2019-10-26-EDM-SSK,2019-10-26,2019,regular,EDM,SSK,24,27,,,wikipedia,,,,
cfl-2019-10-26-MTL-HAM,2019-10-26,2019,regular,MTL,HAM,26,38,,,wikipedia-1side,,,,
cfl-2019-10-26-TOR-OTT,2019-10-26,2019,regular,TOR,OTT,39,9,,,wikipedia-1side,,,,
cfl-2019-11-01-OTT-MTL,2019-11-01,2019,regular,OTT,MTL,32,42,,,wikipedia-1side,,,,
cfl-2019-11-02-BC-CGY,2019-11-02,2019,regular,BC,CGY,16,21,,,wikipedia,,,,
cfl-2019-11-02-HAM-TOR,2019-11-02,2019,regular,HAM,TOR,21,18,,,wikipedia-1side,,,,
cfl-2019-11-02-SSK-EDM,2019-11-02,2019,regular,SSK,EDM,23,13,,,wikipedia,,,,
cfl-2019-11-10-CGY-WPG,2019-11-10,2019,postseason,CGY,WPG,14,35,,,wikipedia-1side,,,,
cfl-2019-11-10-MTL-EDM,2019-11-10,2019,postseason,MTL,EDM,29,37,,,wikipedia,,,,
cfl-2019-11-17-HAM-EDM,2019-11-17,2019,regular,HAM,EDM,36,16,,,wikipedia-1side,,,,
cfl-2019-11-17-SSK-WPG,2019-11-17,2019,regular,SSK,WPG,13,20,,,wikipedia,,,,
cfl-2021-08-05-WPG-HAM,2021-08-05,2021,regular,WPG,HAM,19,6,,,wikipedia-1side,,,,
cfl-2021-08-06-SSK-BC,2021-08-06,2021,regular,SSK,BC,33,29,,,wikipedia-1side,,,,
cfl-2021-08-07-CGY-TOR,2021-08-07,2021,regular,CGY,TOR,20,23,,,wikipedia-1side,,,,
cfl-2021-08-07-EDM-OTT,2021-08-07,2021,regular,EDM,OTT,12,16,,,wikipedia-1side,,,,
cfl-2021-08-12-CGY-BC,2021-08-12,2021,regular,CGY,BC,9,15,,,wikipedia-1side,,,,
cfl-2021-08-13-WPG-TOR,2021-08-13,2021,regular,WPG,TOR,20,7,,,wikipedia-1side,,,,
cfl-2021-08-14-EDM-MTL,2021-08-14,2021,regular,EDM,MTL,13,30,,,wikipedia-1side,,,,
cfl-2021-08-14-SSK-HAM,2021-08-14,2021,regular,SSK,HAM,30,8,,,wikipedia-1side,,,,
cfl-2021-08-19-BC-EDM,2021-08-19,2021,regular,BC,EDM,16,21,,,wikipedia-1side,,,,
cfl-2021-08-20-CGY-MTL,2021-08-20,2021,regular,CGY,MTL,28,22,,,wikipedia-1side,,,,
cfl-2021-08-21-SSK-OTT,2021-08-21,2021,regular,SSK,OTT,23,10,,,wikipedia-1side,,,,
cfl-2021-08-21-TOR-WPG,2021-08-21,2021,regular,TOR,WPG,30,23,,,wikipedia-1side,,,,
cfl-2021-08-27-MTL-HAM,2021-08-27,2021,regular,MTL,HAM,10,27,,,wikipedia-1side,,,,
cfl-2021-08-28-OTT-BC,2021-08-28,2021,regular,OTT,BC,12,24,,,wikipedia-1side,,,,
cfl-2021-08-29-WPG-CGY,2021-08-29,2021,regular,WPG,CGY,18,16,,,wikipedia-1side,,,,
cfl-2021-09-03-OTT-MTL,2021-09-03,2021,regular,OTT,MTL,29,51,,,wikipedia-1side,,,,
cfl-2021-09-05-SSK-WPG,2021-09-05,2021,regular,SSK,WPG,8,23,,,wikipedia-1side,,,,
cfl-2021-09-06-CGY-EDM,2021-09-06,2021,regular,CGY,EDM,20,32,,,wikipedia-1side,,,,
cfl-2021-09-06-HAM-TOR,2021-09-06,2021,regular,HAM,TOR,32,19,,,wikipedia-1side,,,,
cfl-2021-09-10-TOR-HAM,2021-09-10,2021,regular,TOR,HAM,17,16,,,wikipedia-1side,,,,
cfl-2021-09-11-BC-OTT,2021-09-11,2021,regular,BC,OTT,45,13,,,wikipedia-1side,,,,
cfl-2021-09-11-EDM-CGY,2021-09-11,2021,regular,EDM,CGY,16,32,,,wikipedia-1side,,,,
cfl-2021-09-11-WPG-SSK,2021-09-11,2021,regular,WPG,SSK,33,9,,,wikipedia-1side,,,,
cfl-2021-09-17-HAM-CGY,2021-09-17,2021,regular,HAM,CGY,23,17,,,wikipedia-1side,,,,
cfl-2021-09-17-SSK-TOR,2021-09-17,2021,regular,SSK,TOR,30,16,,,wikipedia-1side,,,,
cfl-2021-09-18-EDM-WPG,2021-09-18,2021,regular,EDM,WPG,22,37,,,wikipedia-1side,,,,
cfl-2021-09-18-MTL-BC,2021-09-18,2021,regular,MTL,BC,18,27,,,wikipedia-1side,,,,
cfl-2021-09-22-OTT-HAM,2021-09-22,2021,regular,OTT,HAM,7,24,,,wikipedia-1side,,,,
cfl-2021-09-24-BC-SSK,2021-09-24,2021,regular,BC,SSK,24,31,,,wikipedia-1side,,,,
cfl-2021-09-24-TOR-MTL,2021-09-24,2021,regular,TOR,MTL,30,27,,,wikipedia-1side,,,,
cfl-2021-09-28-OTT-EDM,2021-09-28,2021,regular,OTT,EDM,34,24,,,wikipedia-1side,,,,
cfl-2021-10-01-BC-WPG,2021-10-01,2021,regular,BC,WPG,9,30,,,wikipedia-1side,,,,
cfl-2021-10-02-CGY-SSK,2021-10-02,2021,regular,CGY,SSK,23,17,,,wikipedia-1side,,,,
cfl-2021-10-02-HAM-MTL,2021-10-02,2021,regular,HAM,MTL,20,23,,,wikipedia-1side,,,,
cfl-2021-10-06-TOR-OTT,2021-10-06,2021,regular,TOR,OTT,35,16,,,wikipedia-1side,,,,
cfl-2021-10-08-WPG-EDM,2021-10-08,2021,regular,WPG,EDM,30,3,,,wikipedia-1side,,,,
cfl-2021-10-09-SSK-CGY,2021-10-09,2021,regular,SSK,CGY,19,22,,,wikipedia-1side,,,,
cfl-2021-10-11-HAM-TOR,2021-10-11,2021,regular,HAM,TOR,23,24,,,wikipedia-1side,,,,
cfl-2021-10-11-MTL-OTT,2021-10-11,2021,regular,MTL,OTT,20,16,,,wikipedia-1side,,,,
cfl-2021-10-15-EDM-WPG,2021-10-15,2021,regular,EDM,WPG,16,23,,,wikipedia-1side,,,,
cfl-2021-10-16-BC-CGY,2021-10-16,2021,regular,BC,CGY,10,39,,,wikipedia-1side,,,,
cfl-2021-10-16-OTT-MTL,2021-10-16,2021,regular,OTT,MTL,16,27,,,wikipedia-1side,,,,
cfl-2021-10-22-MTL-TOR,2021-10-22,2021,regular,MTL,TOR,37,16,,,wikipedia-1side,,,,
cfl-2021-10-23-CGY-SSK,2021-10-23,2021,regular,CGY,SSK,17,20,,,wikipedia-1side,,,,
cfl-2021-10-23-HAM-OTT,2021-10-23,2021,regular,HAM,OTT,32,3,,,wikipedia-1side,,,,
cfl-2021-10-23-WPG-BC,2021-10-23,2021,regular,WPG,BC,45,0,,,wikipedia-1side,,,,
cfl-2021-10-29-EDM-HAM,2021-10-29,2021,regular,EDM,HAM,23,39,,,wikipedia-1side,,,,
cfl-2021-10-29-OTT-CGY,2021-10-29,2021,regular,OTT,CGY,13,26,,,wikipedia-1side,,,,
cfl-2021-10-30-MTL-SSK,2021-10-30,2021,regular,MTL,SSK,14,19,,,wikipedia-1side,,,,
cfl-2021-10-30-TOR-BC,2021-10-30,2021,regular,TOR,BC,31,29,,,wikipedia-1side,,,,
cfl-2021-11-05-EDM-SSK,2021-11-05,2021,regular,EDM,SSK,17,19,,,wikipedia-1side,,,,
cfl-2021-11-05-HAM-BC,2021-11-05,2021,regular,HAM,BC,26,18,,,wikipedia-1side,,,,
cfl-2021-11-06-OTT-TOR,2021-11-06,2021,regular,OTT,TOR,20,23,,,wikipedia-1side,,,,
cfl-2021-11-06-WPG-MTL,2021-11-06,2021,regular,WPG,MTL,31,21,,,wikipedia-1side,,,,
cfl-2021-11-12-BC-CGY,2021-11-12,2021,regular,BC,CGY,23,33,,,wikipedia-1side,,,,
cfl-2021-11-12-TOR-HAM,2021-11-12,2021,regular,TOR,HAM,31,12,,,wikipedia-1side,,,,
cfl-2021-11-13-MTL-WPG,2021-11-13,2021,regular,MTL,WPG,28,14,,,wikipedia-1side,,,,
cfl-2021-11-13-SSK-EDM,2021-11-13,2021,regular,SSK,EDM,29,24,,,wikipedia-1side,,,,
cfl-2021-11-16-TOR-EDM,2021-11-16,2021,regular,TOR,EDM,7,13,,,wikipedia-1side,,,,
cfl-2021-11-19-BC-EDM,2021-11-19,2021,regular,BC,EDM,43,10,,,wikipedia-1side,,,,
cfl-2021-11-19-MTL-OTT,2021-11-19,2021,regular,MTL,OTT,18,19,,,wikipedia-1side,,,,
cfl-2021-11-20-CGY-WPG,2021-11-20,2021,regular,CGY,WPG,13,12,,,wikipedia-1side,,,,
cfl-2021-11-20-HAM-SSK,2021-11-20,2021,regular,HAM,SSK,24,3,,,wikipedia-1side,,,,
cfl-2021-11-28-HAM-MTL,2021-11-28,2021,postseason,HAM,MTL,23,12,,,wikipedia-1side,,,,
cfl-2021-11-28-SSK-CGY,2021-11-28,2021,postseason,SSK,CGY,33,30,,,wikipedia-1side,,,,
cfl-2021-12-05-TOR-HAM,2021-12-05,2021,regular,TOR,HAM,19,27,,,wikipedia-1side,,,,
cfl-2021-12-05-WPG-SSK,2021-12-05,2021,regular,WPG,SSK,21,17,,,wikipedia-1side,,,,
cfl-2022-06-09-CGY-MTL,2022-06-09,2022,regular,CGY,MTL,30,27,,,wikipedia,,,,
cfl-2022-06-10-WPG-OTT,2022-06-10,2022,regular,WPG,OTT,19,17,,,wikipedia,,,,
cfl-2022-06-11-BC-EDM,2022-06-11,2022,regular,BC,EDM,59,15,,,wikipedia,,,,
cfl-2022-06-11-SSK-HAM,2022-06-11,2022,regular,SSK,HAM,30,13,,,wikipedia,,,,
cfl-2022-06-16-TOR-MTL,2022-06-16,2022,regular,TOR,MTL,20,19,,,wikipedia,,,,
cfl-2022-06-17-OTT-WPG,2022-06-17,2022,regular,OTT,WPG,12,19,,,wikipedia,,,,
cfl-2022-06-18-EDM-SSK,2022-06-18,2022,regular,EDM,SSK,16,26,,,wikipedia,,,,
cfl-2022-06-18-HAM-CGY,2022-06-18,2022,regular,HAM,CGY,30,33,,,wikipedia,,,,
cfl-2022-06-23-MTL-SSK,2022-06-23,2022,regular,MTL,SSK,37,13,,,wikipedia,,,,
cfl-2022-06-24-WPG-HAM,2022-06-24,2022,regular,WPG,HAM,26,12,,,wikipedia,,,,
cfl-2022-06-25-BC-TOR,2022-06-25,2022,regular,BC,TOR,44,3,,,wikipedia,,,,
cfl-2022-06-25-CGY-EDM,2022-06-25,2022,regular,CGY,EDM,30,23,,,wikipedia,,,,
cfl-2022-06-30-OTT-BC,2022-06-30,2022,regular,OTT,BC,31,34,,,wikipedia,,,,
cfl-2022-07-01-HAM-EDM,2022-07-01,2022,regular,HAM,EDM,25,29,,,wikipedia,,,,
cfl-2022-07-02-SSK-MTL,2022-07-02,2022,regular,SSK,MTL,41,20,,,wikipedia,,,,
cfl-2022-07-04-TOR-WPG,2022-07-04,2022,regular,TOR,WPG,22,23,,,wikipedia,,,,
cfl-2022-07-07-EDM-CGY,2022-07-07,2022,regular,EDM,CGY,6,49,,,wikipedia,,,,
cfl-2022-07-08-SSK-OTT,2022-07-08,2022,regular,SSK,OTT,28,13,,,wikipedia,,,,
cfl-2022-07-09-BC-WPG,2022-07-09,2022,regular,BC,WPG,22,43,,,wikipedia,,,,
cfl-2022-07-14-MTL-EDM,2022-07-14,2022,regular,MTL,EDM,31,32,,,wikipedia,,,,
cfl-2022-07-15-WPG-CGY,2022-07-15,2022,regular,WPG,CGY,26,19,,,wikipedia,,,,
cfl-2022-07-16-HAM-OTT,2022-07-16,2022,regular,HAM,OTT,25,23,,,wikipedia,,,,
cfl-2022-07-16-TOR-SSK,2022-07-16,2022,regular,TOR,SSK,30,24,,,wikipedia-1side,,,,
cfl-2022-07-21-BC-HAM,2022-07-21,2022,regular,BC,HAM,17,12,,,wikipedia,,,,
cfl-2022-07-21-OTT-MTL,2022-07-21,2022,regular,OTT,MTL,33,40,,,wikipedia,,,,
cfl-2022-07-22-EDM-WPG,2022-07-22,2022,regular,EDM,WPG,10,24,,,wikipedia,,,,
cfl-2022-07-24-SSK-TOR,2022-07-24,2022,regular,SSK,TOR,21,31,,,wikipedia,,,,
cfl-2022-07-28-HAM-MTL,2022-07-28,2022,regular,HAM,MTL,24,17,,,wikipedia,,,,
cfl-2022-07-29-SSK-BC,2022-07-29,2022,regular,SSK,BC,17,32,,,wikipedia,,,,
cfl-2022-07-30-CGY-WPG,2022-07-30,2022,regular,CGY,WPG,28,35,,,wikipedia,,,,
cfl-2022-07-31-TOR-OTT,2022-07-31,2022,regular,TOR,OTT,13,23,,,wikipedia,,,,
cfl-2022-08-04-MTL-WPG,2022-08-04,2022,regular,MTL,WPG,24,38,,,wikipedia,,,,
cfl-2022-08-05-OTT-CGY,2022-08-05,2022,regular,OTT,CGY,3,17,,,wikipedia,,,,
cfl-2022-08-06-BC-EDM,2022-08-06,2022,regular,BC,EDM,46,14,,,wikipedia,,,,
cfl-2022-08-06-TOR-HAM,2022-08-06,2022,regular,TOR,HAM,34,20,,,wikipedia,,,,
cfl-2022-08-11-WPG-MTL,2022-08-11,2022,regular,WPG,MTL,17,20,,,wikipedia,,,,
cfl-2022-08-12-HAM-TOR,2022-08-12,2022,regular,HAM,TOR,34,27,,,wikipedia,,,,
cfl-2022-08-13-CGY-BC,2022-08-13,2022,regular,CGY,BC,40,41,,,wikipedia,,,,
cfl-2022-08-13-EDM-SSK,2022-08-13,2022,regular,EDM,SSK,23,34,,,wikipedia,,,,
cfl-2022-08-19-OTT-EDM,2022-08-19,2022,regular,OTT,EDM,12,30,,,wikipedia,,,,
cfl-2022-08-19-SSK-BC,2022-08-19,2022,regular,SSK,BC,10,28,,,wikipedia,,,,
cfl-2022-08-20-MTL-HAM,2022-08-20,2022,regular,MTL,HAM,29,28,,,wikipedia,,,,
cfl-2022-08-20-TOR-CGY,2022-08-20,2022,regular,TOR,CGY,19,22,,,wikipedia,,,,
cfl-2022-08-25-WPG-CGY,2022-08-25,2022,regular,WPG,CGY,31,29,,,wikipedia,,,,
cfl-2022-08-26-BC-SSK,2022-08-26,2022,regular,BC,SSK,16,23,,,wikipedia,,,,
cfl-2022-08-26-TOR-HAM,2022-08-26,2022,regular,TOR,HAM,37,20,,,wikipedia,,,,
cfl-2022-08-27-EDM-OTT,2022-08-27,2022,regular,EDM,OTT,18,25,,,wikipedia,,,,
cfl-2022-09-02-MTL-OTT,2022-09-02,2022,regular,MTL,OTT,24,38,,,wikipedia,,,,
cfl-2022-09-04-SSK-WPG,2022-09-04,2022,regular,SSK,WPG,18,20,,,wikipedia,,,,
cfl-2022-09-05-CGY-EDM,2022-09-05,2022,regular,CGY,EDM,26,18,,,wikipedia,,,,
cfl-2022-09-05-HAM-TOR,2022-09-05,2022,regular,HAM,TOR,8,28,,,wikipedia,,,,
cfl-2022-09-09-MTL-BC,2022-09-09,2022,regular,MTL,BC,31,10,,,wikipedia,,,,
cfl-2022-09-10-EDM-CGY,2022-09-10,2022,regular,EDM,CGY,28,56,,,wikipedia,,,,
cfl-2022-09-10-OTT-TOR,2022-09-10,2022,regular,OTT,TOR,19,24,,,wikipedia,,,,
cfl-2022-09-10-WPG-SSK,2022-09-10,2022,regular,WPG,SSK,54,20,,,wikipedia,,,,
cfl-2022-09-16-SSK-EDM,2022-09-16,2022,regular,SSK,EDM,24,26,,,wikipedia,,,,
cfl-2022-09-17-CGY-BC,2022-09-17,2022,regular,CGY,BC,29,31,,,wikipedia,,,,
cfl-2022-09-17-HAM-WPG,2022-09-17,2022,regular,HAM,WPG,48,31,,,wikipedia,,,,
cfl-2022-09-23-MTL-HAM,2022-09-23,2022,regular,MTL,HAM,23,16,,,wikipedia,,,,
cfl-2022-09-24-BC-CGY,2022-09-24,2022,regular,BC,CGY,11,25,,,wikipedia,,,,
cfl-2022-09-24-OTT-TOR,2022-09-24,2022,regular,OTT,TOR,15,45,,,wikipedia,,,,
cfl-2022-09-30-BC-OTT,2022-09-30,2022,regular,BC,OTT,34,19,,,wikipedia,,,,
cfl-2022-09-30-WPG-SSK,2022-09-30,2022,regular,WPG,SSK,31,13,,,wikipedia,,,,
cfl-2022-10-01-CGY-TOR,2022-10-01,2022,regular,CGY,TOR,29,2,,,wikipedia,,,,
cfl-2022-10-01-EDM-MTL,2022-10-01,2022,regular,EDM,MTL,18,25,,,wikipedia,,,,
cfl-2022-10-07-HAM-SSK,2022-10-07,2022,regular,HAM,SSK,18,14,,,wikipedia,,,,
cfl-2022-10-08-TOR-BC,2022-10-08,2022,regular,TOR,BC,23,20,,,wikipedia,,,,
cfl-2022-10-08-WPG-EDM,2022-10-08,2022,regular,WPG,EDM,48,11,,,wikipedia,,,,
cfl-2022-10-10-MTL-OTT,2022-10-10,2022,regular,MTL,OTT,18,24,,,wikipedia,,,,
cfl-2022-10-14-CGY-HAM,2022-10-14,2022,regular,CGY,HAM,32,35,,,wikipedia,,,,
cfl-2022-10-14-OTT-MTL,2022-10-14,2022,regular,OTT,MTL,30,34,,,wikipedia,,,,
cfl-2022-10-15-BC-WPG,2022-10-15,2022,regular,BC,WPG,40,32,,,wikipedia,,,,
cfl-2022-10-15-EDM-TOR,2022-10-15,2022,regular,EDM,TOR,23,28,,,wikipedia,,,,
cfl-2022-10-21-EDM-BC,2022-10-21,2022,regular,EDM,BC,14,31,,,wikipedia,,,,
cfl-2022-10-21-HAM-OTT,2022-10-21,2022,regular,HAM,OTT,30,27,,,wikipedia,,,,
cfl-2022-10-22-MTL-TOR,2022-10-22,2022,regular,MTL,TOR,23,24,,,wikipedia,,,,
cfl-2022-10-22-SSK-CGY,2022-10-22,2022,regular,SSK,CGY,21,32,,,wikipedia,,,,
cfl-2022-10-28-WPG-BC,2022-10-28,2022,regular,WPG,BC,24,9,,,wikipedia,,,,
cfl-2022-10-29-CGY-SSK,2022-10-29,2022,regular,CGY,SSK,36,10,,,wikipedia,,,,
cfl-2022-10-29-OTT-HAM,2022-10-29,2022,regular,OTT,HAM,16,23,,,wikipedia,,,,
cfl-2022-10-29-TOR-MTL,2022-10-29,2022,regular,TOR,MTL,33,38,,,wikipedia,,,,
cfl-2022-11-06-BC-CGY,2022-11-06,2022,postseason,BC,CGY,30,16,,,wikipedia,,,,
cfl-2022-11-06-MTL-HAM,2022-11-06,2022,postseason,MTL,HAM,28,17,,,wikipedia,,,,
cfl-2022-11-13-TOR-MTL,2022-11-13,2022,regular,TOR,MTL,34,27,,,wikipedia,,,,
cfl-2022-11-13-WPG-BC,2022-11-13,2022,regular,WPG,BC,28,20,,,wikipedia,,,,
cfl-2023-06-08-CGY-BC,2023-06-08,2023,regular,CGY,BC,15,25,,,wikipedia,,,,
cfl-2023-06-09-WPG-HAM,2023-06-09,2023,regular,WPG,HAM,42,31,,,wikipedia,,,,
cfl-2023-06-10-MTL-OTT,2023-06-10,2023,regular,MTL,OTT,19,12,,,wikipedia,,,,
cfl-2023-06-11-EDM-SSK,2023-06-11,2023,regular,EDM,SSK,13,17,,,wikipedia,,,,
cfl-2023-06-15-OTT-CGY,2023-06-15,2023,regular,OTT,CGY,15,26,,,wikipedia,,,,
cfl-2023-06-16-SSK-WPG,2023-06-16,2023,regular,SSK,WPG,27,45,,,wikipedia,,,,
cfl-2023-06-17-BC-EDM,2023-06-17,2023,regular,BC,EDM,22,0,,,wikipedia,,,,
cfl-2023-06-18-TOR-HAM,2023-06-18,2023,regular,TOR,HAM,32,14,,,wikipedia,,,,
cfl-2023-06-22-WPG-BC,2023-06-22,2023,regular,WPG,BC,6,30,,,wikipedia,,,,
cfl-2023-06-23-HAM-MTL,2023-06-23,2023,regular,HAM,MTL,12,38,,,wikipedia,,,,
cfl-2023-06-24-CGY-SSK,2023-06-24,2023,regular,CGY,SSK,26,29,,,wikipedia,,,,
cfl-2023-06-25-EDM-TOR,2023-06-25,2023,regular,EDM,TOR,31,43,,,wikipedia,,,,
cfl-2023-06-30-OTT-EDM,2023-06-30,2023,regular,OTT,EDM,26,7,,,wikipedia,,,,
cfl-2023-07-01-MTL-WPG,2023-07-01,2023,regular,MTL,WPG,3,17,,,wikipedia,,,,
cfl-2023-07-03-TOR-BC,2023-07-03,2023,regular,TOR,BC,45,24,,,wikipedia,,,,
cfl-2023-07-06-SSK-EDM,2023-07-06,2023,regular,SSK,EDM,12,11,,,wikipedia,,,,
cfl-2023-07-07-WPG-CGY,2023-07-07,2023,regular,WPG,CGY,24,11,,,wikipedia,,,,
cfl-2023-07-08-HAM-OTT,2023-07-08,2023,regular,HAM,OTT,21,13,,,wikipedia,,,,
cfl-2023-07-09-BC-MTL,2023-07-09,2023,regular,BC,MTL,35,19,,,wikipedia,,,,
cfl-2023-07-13-EDM-HAM,2023-07-13,2023,regular,EDM,HAM,29,37,,,wikipedia,,,,
cfl-2023-07-14-MTL-TOR,2023-07-14,2023,regular,MTL,TOR,27,35,,,wikipedia,,,,
cfl-2023-07-15-OTT-WPG,2023-07-15,2023,regular,OTT,WPG,31,28,,,wikipedia,,,,
cfl-2023-07-15-SSK-CGY,2023-07-15,2023,regular,SSK,CGY,31,33,,,wikipedia,,,,
cfl-2023-07-20-WPG-EDM,2023-07-20,2023,regular,WPG,EDM,28,14,,,wikipedia,,,,
cfl-2023-07-21-HAM-TOR,2023-07-21,2023,regular,HAM,TOR,15,31,,,wikipedia,,,,
cfl-2023-07-22-BC-SSK,2023-07-22,2023,regular,BC,SSK,19,9,,,wikipedia,,,,
cfl-2023-07-23-CGY-OTT,2023-07-23,2023,regular,CGY,OTT,41,43,,,wikipedia,,,,
cfl-2023-07-28-OTT-HAM,2023-07-28,2023,regular,OTT,HAM,12,16,,,wikipedia,,,,
cfl-2023-07-29-EDM-BC,2023-07-29,2023,regular,EDM,BC,0,27,,,wikipedia,,,,
cfl-2023-07-30-MTL-CGY,2023-07-30,2023,regular,MTL,CGY,25,18,,,wikipedia,,,,
cfl-2023-08-03-WPG-BC,2023-08-03,2023,regular,WPG,BC,50,14,,,wikipedia,,,,
cfl-2023-08-04-CGY-TOR,2023-08-04,2023,regular,CGY,TOR,20,7,,,wikipedia,,,,
cfl-2023-08-05-HAM-MTL,2023-08-05,2023,regular,HAM,MTL,14,27,,,wikipedia,,,,
cfl-2023-08-06-SSK-OTT,2023-08-06,2023,regular,SSK,OTT,26,24,,,wikipedia,,,,
cfl-2023-08-10-EDM-WPG,2023-08-10,2023,regular,EDM,WPG,29,38,,,wikipedia,,,,
cfl-2023-08-11-MTL-SSK,2023-08-11,2023,regular,MTL,SSK,41,12,,,wikipedia,,,,
cfl-2023-08-12-BC-CGY,2023-08-12,2023,regular,BC,CGY,37,9,,,wikipedia,,,,
cfl-2023-08-13-TOR-OTT,2023-08-13,2023,regular,TOR,OTT,44,31,,,wikipedia,,,,
cfl-2023-08-17-HAM-EDM,2023-08-17,2023,regular,HAM,EDM,10,24,,,wikipedia,,,,
cfl-2023-08-18-CGY-WPG,2023-08-18,2023,regular,CGY,WPG,18,19,,,wikipedia,,,,
cfl-2023-08-19-OTT-MTL,2023-08-19,2023,regular,OTT,MTL,24,25,,,wikipedia,,,,
cfl-2023-08-20-SSK-BC,2023-08-20,2023,regular,SSK,BC,34,29,,,wikipedia,,,,
cfl-2023-08-24-WPG-MTL,2023-08-24,2023,regular,WPG,MTL,47,17,,,wikipedia,,,,
cfl-2023-08-25-TOR-CGY,2023-08-25,2023,regular,TOR,CGY,39,31,,,wikipedia,,,,
cfl-2023-08-26-BC-HAM,2023-08-26,2023,regular,BC,HAM,13,30,,,wikipedia,,,,
cfl-2023-08-27-EDM-OTT,2023-08-27,2023,regular,EDM,OTT,30,20,,,wikipedia,,,,
cfl-2023-09-02-MTL-BC,2023-09-02,2023,regular,MTL,BC,25,34,,,wikipedia,,,,
cfl-2023-09-03-SSK-WPG,2023-09-03,2023,regular,SSK,WPG,32,30,,,wikipedia,,,,
cfl-2023-09-04-CGY-EDM,2023-09-04,2023,regular,CGY,EDM,35,31,,,wikipedia,,,,
cfl-2023-09-04-HAM-TOR,2023-09-04,2023,regular,HAM,TOR,28,41,,,wikipedia,,,,
cfl-2023-09-08-OTT-HAM,2023-09-08,2023,regular,OTT,HAM,24,27,,,wikipedia,,,,
cfl-2023-09-09-EDM-CGY,2023-09-09,2023,regular,EDM,CGY,25,23,,,wikipedia,,,,
cfl-2023-09-09-TOR-MTL,2023-09-09,2023,regular,TOR,MTL,39,10,,,wikipedia,,,,
cfl-2023-09-09-WPG-SSK,2023-09-09,2023,regular,WPG,SSK,51,6,,,wikipedia,,,,
cfl-2023-09-15-MTL-TOR,2023-09-15,2023,regular,MTL,TOR,20,23,,,wikipedia,,,,
cfl-2023-09-15-SSK-EDM,2023-09-15,2023,regular,SSK,EDM,27,36,,,wikipedia,,,,
cfl-2023-09-16-BC-OTT,2023-09-16,2023,regular,BC,OTT,41,37,,,wikipedia,,,,
cfl-2023-09-16-HAM-WPG,2023-09-16,2023,regular,HAM,WPG,29,23,,,wikipedia,,,,
cfl-2023-09-22-EDM-BC,2023-09-22,2023,regular,EDM,BC,29,37,,,wikipedia,,,,
cfl-2023-09-22-OTT-SSK,2023-09-22,2023,regular,OTT,SSK,36,28,,,wikipedia,,,,
cfl-2023-09-23-CGY-MTL,2023-09-23,2023,regular,CGY,MTL,11,28,,,wikipedia,,,,
cfl-2023-09-23-TOR-HAM,2023-09-23,2023,regular,TOR,HAM,29,14,,,wikipedia,,,,
cfl-2023-09-29-BC-SSK,2023-09-29,2023,regular,BC,SSK,33,26,,,wikipedia,,,,
cfl-2023-09-29-WPG-TOR,2023-09-29,2023,regular,WPG,TOR,31,21,,,wikipedia,,,,
cfl-2023-09-30-HAM-CGY,2023-09-30,2023,regular,HAM,CGY,22,15,,,wikipedia,,,,
cfl-2023-09-30-OTT-MTL,2023-09-30,2023,regular,OTT,MTL,15,32,,,wikipedia,,,,
cfl-2023-10-06-BC-WPG,2023-10-06,2023,regular,BC,WPG,26,34,,,wikipedia,,,,
cfl-2023-10-06-TOR-EDM,2023-10-06,2023,regular,TOR,EDM,35,12,,,wikipedia,,,,
cfl-2023-10-07-SSK-HAM,2023-10-07,2023,regular,SSK,HAM,13,38,,,wikipedia,,,,
cfl-2023-10-09-MTL-OTT,2023-10-09,2023,regular,MTL,OTT,29,3,,,wikipedia,,,,
cfl-2023-10-13-CGY-SSK,2023-10-13,2023,regular,CGY,SSK,26,19,,,wikipedia,,,,
cfl-2023-10-13-HAM-BC,2023-10-13,2023,regular,HAM,BC,30,33,,,wikipedia,,,,
cfl-2023-10-14-EDM-MTL,2023-10-14,2023,regular,EDM,MTL,21,35,,,wikipedia,,,,
cfl-2023-10-14-TOR-OTT,2023-10-14,2023,regular,TOR,OTT,40,27,,,wikipedia,,,,
cfl-2023-10-20-BC-CGY,2023-10-20,2023,regular,BC,CGY,16,41,,,wikipedia,,,,
cfl-2023-10-21-SSK-TOR,2023-10-21,2023,regular,SSK,TOR,26,29,,,wikipedia,,,,
cfl-2023-10-21-WPG-EDM,2023-10-21,2023,regular,WPG,EDM,45,25,,,wikipedia,,,,
cfl-2023-10-27-CGY-WPG,2023-10-27,2023,regular,CGY,WPG,13,36,,,wikipedia,,,,
cfl-2023-10-28-MTL-HAM,2023-10-28,2023,regular,MTL,HAM,22,20,,,wikipedia,,,,
cfl-2023-10-28-OTT-TOR,2023-10-28,2023,regular,OTT,TOR,22,27,,,wikipedia,,,,
cfl-2023-11-04-BC-CGY,2023-11-04,2023,postseason,BC,CGY,41,30,,,wikipedia,,,,
cfl-2023-11-04-MTL-HAM,2023-11-04,2023,postseason,MTL,HAM,27,12,,,wikipedia,,,,
cfl-2023-11-11-TOR-MTL,2023-11-11,2023,regular,TOR,MTL,17,38,,,wikipedia-1side,,,,
cfl-2023-11-11-WPG-BC,2023-11-11,2023,regular,WPG,BC,24,13,,,wikipedia,,,,
cfl-2024-06-06-WPG-MTL,2024-06-06,2024,regular,WPG,MTL,12,27,,,wikipedia,,,,
cfl-2024-06-07-CGY-HAM,2024-06-07,2024,regular,CGY,HAM,32,24,,,wikipedia,,,,
cfl-2024-06-08-EDM-SSK,2024-06-08,2024,regular,EDM,SSK,21,29,,,wikipedia,,,,
cfl-2024-06-09-TOR-BC,2024-06-09,2024,regular,TOR,BC,35,27,,,wikipedia,,,,
cfl-2024-06-13-OTT-WPG,2024-06-13,2024,regular,OTT,WPG,23,19,,,wikipedia,,,,
cfl-2024-06-14-EDM-MTL,2024-06-14,2024,regular,EDM,MTL,20,23,,,wikipedia,,,,
cfl-2024-06-15-BC-CGY,2024-06-15,2024,regular,BC,CGY,26,17,,,wikipedia,,,,
cfl-2024-06-16-HAM-SSK,2024-06-16,2024,regular,HAM,SSK,30,33,,,wikipedia,,,,
cfl-2024-06-20-MTL-OTT,2024-06-20,2024,regular,MTL,OTT,47,21,,,wikipedia,,,,
cfl-2024-06-21-WPG-BC,2024-06-21,2024,regular,WPG,BC,24,26,,,wikipedia,,,,
cfl-2024-06-22-TOR-EDM,2024-06-22,2024,regular,TOR,EDM,39,36,,,wikipedia,,,,
cfl-2024-06-23-SSK-HAM,2024-06-23,2024,regular,SSK,HAM,36,20,,,wikipedia,,,,
cfl-2024-06-27-BC-EDM,2024-06-27,2024,regular,BC,EDM,24,21,,,wikipedia,,,,
cfl-2024-06-28-TOR-MTL,2024-06-28,2024,regular,TOR,MTL,20,30,,,wikipedia,,,,
cfl-2024-06-29-CGY-WPG,2024-06-29,2024,regular,CGY,WPG,22,19,,,wikipedia,,,,
cfl-2024-06-30-OTT-HAM,2024-06-30,2024,regular,OTT,HAM,24,22,,,wikipedia,,,,
cfl-2024-07-04-SSK-TOR,2024-07-04,2024,regular,SSK,TOR,30,23,,,wikipedia,,,,
cfl-2024-07-05-WPG-OTT,2024-07-05,2024,regular,WPG,OTT,25,16,,,wikipedia,,,,
cfl-2024-07-06-MTL-CGY,2024-07-06,2024,regular,MTL,CGY,30,26,,,wikipedia,,,,
cfl-2024-07-07-HAM-BC,2024-07-07,2024,regular,HAM,BC,28,44,,,wikipedia,,,,
cfl-2024-07-11-MTL-TOR,2024-07-11,2024,regular,MTL,TOR,18,37,,,wikipedia,,,,
cfl-2024-07-12-WPG-CGY,2024-07-12,2024,regular,WPG,CGY,41,37,,,wikipedia,,,,
cfl-2024-07-13-BC-SSK,2024-07-13,2024,regular,BC,SSK,35,20,,,wikipedia,,,,
cfl-2024-07-14-EDM-OTT,2024-07-14,2024,regular,EDM,OTT,34,37,,,wikipedia,,,,
cfl-2024-07-19-OTT-EDM,2024-07-19,2024,regular,OTT,EDM,20,14,,,wikipedia,,,,
cfl-2024-07-19-SSK-WPG,2024-07-19,2024,regular,SSK,WPG,19,9,,,wikipedia,,,,
cfl-2024-07-20-HAM-TOR,2024-07-20,2024,regular,HAM,TOR,27,24,,,wikipedia,,,,
cfl-2024-07-21-CGY-BC,2024-07-21,2024,regular,CGY,BC,25,24,,,wikipedia,,,,
cfl-2024-07-25-MTL-SSK,2024-07-25,2024,regular,MTL,SSK,20,16,,,wikipedia,,,,
cfl-2024-07-26-OTT-CGY,2024-07-26,2024,regular,OTT,CGY,33,6,,,wikipedia,,,,
cfl-2024-07-27-TOR-WPG,2024-07-27,2024,regular,TOR,WPG,16,14,,,wikipedia,,,,
cfl-2024-07-28-EDM-HAM,2024-07-28,2024,regular,EDM,HAM,28,44,,,wikipedia,,,,
cfl-2024-08-01-WPG-BC,2024-08-01,2024,regular,WPG,BC,25,0,,,wikipedia,,,,
cfl-2024-08-02-HAM-MTL,2024-08-02,2024,regular,HAM,MTL,16,33,,,wikipedia,,,,
cfl-2024-08-03-SSK-EDM,2024-08-03,2024,regular,SSK,EDM,31,42,,,wikipedia,,,,
cfl-2024-08-04-CGY-TOR,2024-08-04,2024,regular,CGY,TOR,27,23,,,wikipedia,,,,
cfl-2024-08-08-OTT-SSK,2024-08-08,2024,regular,OTT,SSK,22,22,,,wikipedia,,,,
cfl-2024-08-09-TOR-CGY,2024-08-09,2024,regular,TOR,CGY,39,25,,,wikipedia,,,,
cfl-2024-08-10-MTL-HAM,2024-08-10,2024,regular,MTL,HAM,33,23,,,wikipedia,,,,
cfl-2024-08-11-EDM-BC,2024-08-11,2024,regular,EDM,BC,33,16,,,wikipedia,,,,
cfl-2024-08-15-CGY-OTT,2024-08-15,2024,regular,CGY,OTT,29,31,,,wikipedia,,,,
cfl-2024-08-16-SSK-MTL,2024-08-16,2024,regular,SSK,MTL,24,27,,,wikipedia,,,,
cfl-2024-08-17-HAM-EDM,2024-08-17,2024,regular,HAM,EDM,22,47,,,wikipedia,,,,
cfl-2024-08-18-BC-WPG,2024-08-18,2024,regular,BC,WPG,11,20,,,wikipedia,,,,
cfl-2024-08-22-TOR-SSK,2024-08-22,2024,regular,TOR,SSK,20,19,,,wikipedia,,,,
cfl-2024-08-23-WPG-HAM,2024-08-23,2024,regular,WPG,HAM,26,23,,,wikipedia,,,,
cfl-2024-08-24-OTT-BC,2024-08-24,2024,regular,OTT,BC,34,27,,,wikipedia,,,,
cfl-2024-08-25-MTL-EDM,2024-08-25,2024,regular,MTL,EDM,21,17,,,wikipedia,,,,
cfl-2024-09-01-SSK-WPG,2024-09-01,2024,regular,SSK,WPG,33,35,,,wikipedia,,,,
cfl-2024-09-02-CGY-EDM,2024-09-02,2024,regular,CGY,EDM,20,35,,,wikipedia,,,,
cfl-2024-09-02-HAM-TOR,2024-09-02,2024,regular,HAM,TOR,31,28,,,wikipedia,,,,
cfl-2024-09-06-MTL-BC,2024-09-06,2024,regular,MTL,BC,23,37,,,wikipedia,,,,
cfl-2024-09-07-EDM-CGY,2024-09-07,2024,regular,EDM,CGY,37,16,,,wikipedia,,,,
cfl-2024-09-07-OTT-TOR,2024-09-07,2024,regular,OTT,TOR,41,27,,,wikipedia,,,,
cfl-2024-09-07-WPG-SSK,2024-09-07,2024,regular,WPG,SSK,26,21,,,wikipedia,,,,
cfl-2024-09-13-BC-TOR,2024-09-13,2024,regular,BC,TOR,17,33,,,wikipedia,,,,
cfl-2024-09-14-CGY-MTL,2024-09-14,2024,regular,CGY,MTL,19,19,,,wikipedia,,,,
cfl-2024-09-14-HAM-OTT,2024-09-14,2024,regular,HAM,OTT,37,21,,,wikipedia,,,,
cfl-2024-09-20-CGY-SSK,2024-09-20,2024,regular,CGY,SSK,29,37,,,wikipedia,,,,
cfl-2024-09-20-TOR-HAM,2024-09-20,2024,regular,TOR,HAM,31,33,,,wikipedia,,,,
cfl-2024-09-21-EDM-WPG,2024-09-21,2024,regular,EDM,WPG,14,27,,,wikipedia,,,,
cfl-2024-09-21-OTT-MTL,2024-09-21,2024,regular,OTT,MTL,12,24,,,wikipedia,,,,
cfl-2024-09-27-BC-HAM,2024-09-27,2024,regular,BC,HAM,29,32,,,wikipedia,,,,
cfl-2024-09-27-WPG-EDM,2024-09-27,2024,regular,WPG,EDM,55,27,,,wikipedia,,,,
cfl-2024-09-28-SSK-OTT,2024-09-28,2024,regular,SSK,OTT,29,16,,,wikipedia,,,,
cfl-2024-09-28-TOR-MTL,2024-09-28,2024,regular,TOR,MTL,37,31,,,wikipedia,,,,
cfl-2024-10-04-BC-CGY,2024-10-04,2024,regular,BC,CGY,32,15,,,wikipedia,,,,
cfl-2024-10-04-HAM-WPG,2024-10-04,2024,regular,HAM,WPG,10,31,,,wikipedia,,,,
cfl-2024-10-05-EDM-SSK,2024-10-05,2024,regular,EDM,SSK,24,28,,,wikipedia,,,,
cfl-2024-10-11-WPG-TOR,2024-10-11,2024,regular,WPG,TOR,11,14,,,wikipedia,,,,
cfl-2024-10-12-CGY-EDM,2024-10-12,2024,regular,CGY,EDM,18,23,,,wikipedia,,,,
cfl-2024-10-12-SSK-BC,2024-10-12,2024,regular,SSK,BC,39,8,,,wikipedia,,,,
cfl-2024-10-14-MTL-OTT,2024-10-14,2024,regular,MTL,OTT,19,12,,,wikipedia,,,,
cfl-2024-10-18-HAM-CGY,2024-10-18,2024,regular,HAM,CGY,42,20,,,wikipedia,,,,
cfl-2024-10-19-BC-MTL,2024-10-19,2024,regular,BC,MTL,27,3,,,wikipedia,,,,
cfl-2024-10-19-TOR-OTT,2024-10-19,2024,regular,TOR,OTT,38,31,,,wikipedia,,,,
cfl-2024-10-25-EDM-TOR,2024-10-25,2024,regular,EDM,TOR,31,30,,,wikipedia,,,,
cfl-2024-10-25-OTT-HAM,2024-10-25,2024,regular,OTT,HAM,37,31,,,wikipedia,,,,
cfl-2024-10-26-MTL-WPG,2024-10-26,2024,regular,MTL,WPG,27,28,,,wikipedia,,,,
cfl-2024-10-26-SSK-CGY,2024-10-26,2024,regular,SSK,CGY,12,27,,,wikipedia,,,,
cfl-2024-11-02-SSK-BC,2024-11-02,2024,postseason,SSK,BC,28,19,,,wikipedia,,,,
cfl-2024-11-02-TOR-OTT,2024-11-02,2024,postseason,TOR,OTT,58,38,,,wikipedia,,,,
cfl-2024-11-09-MTL-TOR,2024-11-09,2024,regular,MTL,TOR,28,30,,,wikipedia,,,,
cfl-2024-11-09-WPG-SSK,2024-11-09,2024,regular,WPG,SSK,38,22,,,wikipedia,,,,
cfl-2025-06-05-SSK-OTT,2025-06-05,2025,regular,SSK,OTT,31,26,,,wikipedia,,,,
cfl-2025-06-06-MTL-TOR,2025-06-06,2025,regular,MTL,TOR,28,10,,,wikipedia,,,,
cfl-2025-06-07-BC-EDM,2025-06-07,2025,regular,BC,EDM,31,14,,,wikipedia,,,,
cfl-2025-06-07-CGY-HAM,2025-06-07,2025,regular,CGY,HAM,38,26,,,wikipedia,,,,
cfl-2025-06-12-WPG-BC,2025-06-12,2025,regular,WPG,BC,34,20,,,wikipedia,,,,
cfl-2025-06-13-OTT-MTL,2025-06-13,2025,regular,OTT,MTL,18,39,,,wikipedia,,,,
cfl-2025-06-14-HAM-SSK,2025-06-14,2025,regular,HAM,SSK,23,28,,,wikipedia,,,,
cfl-2025-06-14-TOR-CGY,2025-06-14,2025,regular,TOR,CGY,19,29,,,wikipedia,,,,
cfl-2025-06-19-EDM-MTL,2025-06-19,2025,regular,EDM,MTL,28,38,,,wikipedia,,,,
cfl-2025-06-20-TOR-SSK,2025-06-20,2025,regular,TOR,SSK,32,39,,,wikipedia,,,,
cfl-2025-06-21-BC-WPG,2025-06-21,2025,regular,BC,WPG,14,27,,,wikipedia,,,,
cfl-2025-06-21-CGY-OTT,2025-06-21,2025,regular,CGY,OTT,12,20,,,wikipedia,,,,
cfl-2025-06-26-WPG-EDM,2025-06-26,2025,regular,WPG,EDM,36,23,,,wikipedia,,,,
cfl-2025-06-27-HAM-MTL,2025-06-27,2025,regular,HAM,MTL,35,17,,,wikipedia,,,,
cfl-2025-06-28-SSK-BC,2025-06-28,2025,regular,SSK,BC,37,18,,,wikipedia,,,,
cfl-2025-06-29-OTT-TOR,2025-06-29,2025,regular,OTT,TOR,16,29,,,wikipedia,,,,
cfl-2025-07-03-CGY-WPG,2025-07-03,2025,regular,CGY,WPG,37,16,,,wikipedia,,,,
cfl-2025-07-04-TOR-HAM,2025-07-04,2025,regular,TOR,HAM,38,51,,,wikipedia,,,,
cfl-2025-07-05-MTL-BC,2025-07-05,2025,regular,MTL,BC,20,21,,,wikipedia,,,,
cfl-2025-07-06-EDM-OTT,2025-07-06,2025,regular,EDM,OTT,39,33,,,wikipedia,,,,
cfl-2025-07-12-HAM-OTT,2025-07-12,2025,regular,HAM,OTT,23,20,,,wikipedia,,,,
cfl-2025-07-12-SSK-CGY,2025-07-12,2025,regular,SSK,CGY,10,24,,,wikipedia,,,,
cfl-2025-07-13-EDM-BC,2025-07-13,2025,regular,EDM,BC,14,32,,,wikipedia,,,,
cfl-2025-07-17-MTL-TOR,2025-07-17,2025,regular,MTL,TOR,26,25,,,wikipedia,,,,
cfl-2025-07-18-WPG-CGY,2025-07-18,2025,regular,WPG,CGY,20,41,,,wikipedia,,,,
cfl-2025-07-19-BC-SSK,2025-07-19,2025,regular,BC,SSK,27,33,,,wikipedia,,,,
cfl-2025-07-20-OTT-HAM,2025-07-20,2025,regular,OTT,HAM,15,30,,,wikipedia,,,,
cfl-2025-07-24-CGY-MTL,2025-07-24,2025,regular,CGY,MTL,21,23,,,wikipedia,,,,
cfl-2025-07-25-SSK-EDM,2025-07-25,2025,regular,SSK,EDM,21,18,,,wikipedia,,,,
cfl-2025-07-26-TOR-WPG,2025-07-26,2025,regular,TOR,WPG,31,17,,,wikipedia,,,,
cfl-2025-07-27-BC-HAM,2025-07-27,2025,regular,BC,HAM,33,37,,,wikipedia,,,,
cfl-2025-07-31-OTT-CGY,2025-07-31,2025,regular,OTT,CGY,31,11,,,wikipedia,,,,
cfl-2025-08-01-WPG-TOR,2025-08-01,2025,regular,WPG,TOR,40,31,,,wikipedia,,,,
cfl-2025-08-02-EDM-HAM,2025-08-02,2025,regular,EDM,HAM,24,28,,,wikipedia,,,,
cfl-2025-08-02-MTL-SSK,2025-08-02,2025,regular,MTL,SSK,6,34,,,wikipedia,,,,
cfl-2025-08-07-HAM-BC,2025-08-07,2025,regular,HAM,BC,38,41,,,wikipedia,,,,
cfl-2025-08-08-MTL-EDM,2025-08-08,2025,regular,MTL,EDM,22,23,,,wikipedia,,,,
cfl-2025-08-09-CGY-WPG,2025-08-09,2025,regular,CGY,WPG,28,27,,,wikipedia,,,,
cfl-2025-08-09-TOR-OTT,2025-08-09,2025,regular,TOR,OTT,42,46,,,wikipedia,,,,
cfl-2025-08-14-WPG-OTT,2025-08-14,2025,regular,WPG,OTT,30,27,,,wikipedia,,,,
cfl-2025-08-15-EDM-TOR,2025-08-15,2025,regular,EDM,TOR,28,20,,,wikipedia,,,,
cfl-2025-08-16-BC-MTL,2025-08-16,2025,regular,BC,MTL,36,18,,,wikipedia,,,,
cfl-2025-08-16-SSK-HAM,2025-08-16,2025,regular,SSK,HAM,29,9,,,wikipedia,,,,
cfl-2025-08-21-MTL-WPG,2025-08-21,2025,regular,MTL,WPG,13,26,,,wikipedia,,,,
cfl-2025-08-22-OTT-EDM,2025-08-22,2025,regular,OTT,EDM,20,30,,,wikipedia,,,,
cfl-2025-08-23-CGY-SSK,2025-08-23,2025,regular,CGY,SSK,32,15,,,wikipedia,,,,
cfl-2025-08-23-TOR-BC,2025-08-23,2025,regular,TOR,BC,52,34,,,wikipedia,,,,
cfl-2025-08-31-SSK-WPG,2025-08-31,2025,regular,SSK,WPG,34,30,,,wikipedia,,,,
cfl-2025-09-01-CGY-EDM,2025-09-01,2025,regular,CGY,EDM,28,7,,,wikipedia,,,,
cfl-2025-09-01-HAM-TOR,2025-09-01,2025,regular,HAM,TOR,33,35,,,wikipedia,,,,
cfl-2025-09-05-OTT-BC,2025-09-05,2025,regular,OTT,BC,34,33,,,wikipedia,,,,
cfl-2025-09-06-EDM-CGY,2025-09-06,2025,regular,EDM,CGY,31,19,,,wikipedia,,,,
cfl-2025-09-06-MTL-HAM,2025-09-06,2025,regular,MTL,HAM,9,26,,,wikipedia,,,,
cfl-2025-09-06-WPG-SSK,2025-09-06,2025,regular,WPG,SSK,13,21,,,wikipedia,,,,
cfl-2025-09-12-BC-OTT,2025-09-12,2025,regular,BC,OTT,38,27,,,wikipedia,,,,
cfl-2025-09-12-HAM-WPG,2025-09-12,2025,regular,HAM,WPG,32,21,,,wikipedia,,,,
cfl-2025-09-13-SSK-MTL,2025-09-13,2025,regular,SSK,MTL,31,48,,,wikipedia,,,,
cfl-2025-09-13-TOR-EDM,2025-09-13,2025,regular,TOR,EDM,31,30,,,wikipedia,,,,
cfl-2025-09-19-CGY-BC,2025-09-19,2025,regular,CGY,BC,23,52,,,wikipedia,,,,
cfl-2025-09-19-TOR-MTL,2025-09-19,2025,regular,TOR,MTL,19,21,,,wikipedia,,,,
cfl-2025-09-20-HAM-EDM,2025-09-20,2025,regular,HAM,EDM,29,27,,,wikipedia,,,,
cfl-2025-09-20-OTT-WPG,2025-09-20,2025,regular,OTT,WPG,18,26,,,wikipedia,,,,
cfl-2025-09-26-BC-TOR,2025-09-26,2025,regular,BC,TOR,27,22,,,wikipedia,,,,
cfl-2025-09-26-MTL-CGY,2025-09-26,2025,regular,MTL,CGY,38,20,,,wikipedia,,,,
cfl-2025-09-27-EDM-SSK,2025-09-27,2025,regular,EDM,SSK,27,25,,,wikipedia,,,,
cfl-2025-09-27-WPG-HAM,2025-09-27,2025,regular,WPG,HAM,40,3,,,wikipedia,,,,
cfl-2025-10-03-OTT-SSK,2025-10-03,2025,regular,OTT,SSK,13,20,,,wikipedia,,,,
cfl-2025-10-04-BC-CGY,2025-10-04,2025,regular,BC,CGY,38,24,,,wikipedia,,,,
cfl-2025-10-04-TOR-HAM,2025-10-04,2025,regular,TOR,HAM,29,47,,,wikipedia,,,,
cfl-2025-10-10-SSK-TOR,2025-10-10,2025,regular,SSK,TOR,27,19,,,wikipedia,,,,
cfl-2025-10-11-EDM-WPG,2025-10-11,2025,regular,EDM,WPG,25,20,,,wikipedia,,,,
cfl-2025-10-11-HAM-CGY,2025-10-11,2025,regular,HAM,CGY,20,37,,,wikipedia,,,,
cfl-2025-10-13-MTL-OTT,2025-10-13,2025,regular,MTL,OTT,30,10,,,wikipedia,,,,
cfl-2025-10-17-BC-EDM,2025-10-17,2025,regular,BC,EDM,37,24,,,wikipedia,,,,
cfl-2025-10-17-WPG-SSK,2025-10-17,2025,regular,WPG,SSK,17,16,,,wikipedia,,,,
cfl-2025-10-18-CGY-TOR,2025-10-18,2025,regular,CGY,TOR,44,13,,,wikipedia,,,,
cfl-2025-10-18-OTT-MTL,2025-10-18,2025,regular,OTT,MTL,28,39,,,wikipedia,,,,
cfl-2025-10-24-EDM-CGY,2025-10-24,2025,regular,EDM,CGY,10,20,,,wikipedia,,,,
cfl-2025-10-24-HAM-OTT,2025-10-24,2025,regular,HAM,OTT,35,15,,,wikipedia,,,,
cfl-2025-10-25-SSK-BC,2025-10-25,2025,regular,SSK,BC,21,27,,,wikipedia,,,,
cfl-2025-10-25-WPG-MTL,2025-10-25,2025,regular,WPG,MTL,19,10,,,wikipedia,,,,
cfl-2025-11-01-BC-CGY,2025-11-01,2025,postseason,BC,CGY,33,30,,,wikipedia,,,,
cfl-2025-11-01-MTL-WPG,2025-11-01,2025,postseason,MTL,WPG,42,33,,,wikipedia,,,,
cfl-2025-11-08-HAM-MTL,2025-11-08,2025,regular,HAM,MTL,16,19,,,wikipedia,,,,
cfl-2025-11-08-SSK-BC,2025-11-08,2025,regular,SSK,BC,24,21,,,wikipedia-1side,,,,
cfl-2026-06-04-HAM-MTL,2026-06-04,2026,regular,HAM,MTL,27,30,,,wikipedia,,,,
cfl-2026-06-05-CGY-WPG,2026-06-05,2026,regular,CGY,WPG,28,30,,,wikipedia,,,,
cfl-2026-06-06-OTT-EDM,2026-06-06,2026,regular,OTT,EDM,21,29,,,wikipedia,,,,
cfl-2026-06-11-WPG-HAM,2026-06-11,2026,regular,WPG,HAM,27,37,,,wikipedia,,,,
cfl-2026-06-12-MTL-TOR,2026-06-12,2026,regular,MTL,TOR,37,30,,,wikipedia,,,,
cfl-2026-06-13-SSK-BC,2026-06-13,2026,regular,SSK,BC,31,27,,,wikipedia,,,,
cfl-2026-06-19-HAM-BC,2026-06-19,2026,regular,HAM,BC,41,27,,,wikipedia,,,,
cfl-2026-06-20-CGY-SSK,2026-06-20,2026,regular,CGY,SSK,37,40,,,wikipedia,,,,
cfl-2026-06-20-EDM-MTL,2026-06-20,2026,regular,EDM,MTL,32,29,,,wikipedia,,,,
cfl-2026-06-20-OTT-TOR,2026-06-20,2026,regular,OTT,TOR,24,44,,,wikipedia,,,,
cfl-2026-06-25-WPG-EDM,2026-06-25,2026,regular,WPG,EDM,18,23,,,wikipedia,,,,
cfl-2026-06-26-SSK-TOR,2026-06-26,2026,regular,SSK,TOR,34,40,,,wikipedia,,,,
cfl-2026-06-27-BC-CGY,2026-06-27,2026,regular,BC,CGY,33,41,,,wikipedia,,,,
cfl-2026-06-28-MTL-OTT,2026-06-28,2026,regular,MTL,OTT,37,35,,,wikipedia,,,,
cfl-2026-07-02-CGY-TOR,2026-07-02,2026,regular,CGY,TOR,58,36,,,wikipedia,,,,
cfl-2026-07-03-OTT-SSK,2026-07-03,2026,regular,OTT,SSK,22,27,,,wikipedia,,,,
cfl-2026-07-04-BC-EDM,2026-07-04,2026,regular,BC,EDM,36,24,,,wikipedia,,,,
cfl-2026-07-05-HAM-WPG,2026-07-05,2026,regular,HAM,WPG,13,14,,,wikipedia,,,,
cfl-2026-07-09-EDM-OTT,2026-07-09,2026,regular,EDM,OTT,40,17,,,wikipedia,,,,
cfl-2026-07-10-WPG-TOR,2026-07-10,2026,regular,WPG,TOR,30,21,,,wikipedia,,,,
cfl-2026-07-11-MTL-CGY,2026-07-11,2026,regular,MTL,CGY,37,30,,,wikipedia,,,,
cfl-2026-07-12-SSK-HAM,2026-07-12,2026,regular,SSK,HAM,38,7,,,wikipedia,,,,
cfl-2026-07-17-EDM-BC,2026-07-17,2026,regular,EDM,BC,19,17,,,wikipedia,,,,
cfl-2026-07-18-CGY-MTL,2026-07-18,2026,regular,CGY,MTL,32,38,,,wikipedia,,,,
cfl-2026-07-18-HAM-TOR,2026-07-18,2026,regular,HAM,TOR,24,23,,,wikipedia,,,,
cfl-2026-07-19-OTT-WPG,2026-07-19,2026,regular,OTT,WPG,34,36,,,wikipedia,,,,
cfl-2026-07-23-SSK-EDM,2026-07-23,2026,regular,SSK,EDM,34,36,,,wikipedia,,,,
cfl-2026-07-24-WPG-CGY,2026-07-24,2026,regular,WPG,CGY,30,52,,,wikipedia,,,,
cfl-2026-07-25-BC-TOR,2026-07-25,2026,regular,BC,TOR,12,26,,,wikipedia,,,,
cfl-2026-07-26-MTL-HAM,2026-07-26,2026,regular,MTL,HAM,31,18,,,wikipedia,,,,
cfl-2026-07-30-WPG-BC,2026-07-30,2026,regular,WPG,BC,19,35,,,wikipedia,,,,
cfl-2026-07-31-OTT-MTL,2026-07-31,2026,regular,OTT,MTL,13,34,,,wikipedia,,,,
cfl-2026-08-01-EDM-SSK,2026-08-01,2026,regular,EDM,SSK,26,28,,,wikipedia,,,,
cfl-2026-08-01-HAM-CGY,2026-08-01,2026,regular,HAM,CGY,20,44,,,wikipedia,,,,
cfl-2026-08-06-TOR-CGY,2026-08-06,2026,regular,TOR,CGY,33,30,,,wikipedia,,,,
cfl-2026-08-07-SSK-OTT,2026-08-07,2026,regular,SSK,OTT,42,20,,,wikipedia,,,,
cfl-2026-08-08-BC-HAM,2026-08-08,2026,regular,BC,HAM,27,24,,,wikipedia,,,,
cfl-2026-08-08-MTL-EDM,2026-08-08,2026,regular,MTL,EDM,48,30,,,wikipedia,,,,
cfl-2026-08-13-CGY-BC,2026-08-13,2026,regular,CGY,BC,26,30,,,wikipedia,,,,
cfl-2026-08-14-WPG-OTT,2026-08-14,2026,regular,WPG,OTT,33,21,,,wikipedia,,,,
cfl-2026-08-15-EDM-TOR,2026-08-15,2026,regular,EDM,TOR,42,12,,,wikipedia,,,,
cfl-2026-08-15-HAM-SSK,2026-08-15,2026,regular,HAM,SSK,26,19,,,wikipedia,,,,
cfl-2026-08-20-MTL-OTT,2026-08-20,2026,regular,MTL,OTT,46,16,,,wikipedia,,,,
cfl-2026-08-21-EDM-WPG,2026-08-21,2026,regular,EDM,WPG,22,19,,,wikipedia,,,,
cfl-2026-08-22-TOR-HAM,2026-08-22,2026,regular,TOR,HAM,39,20,,,wikipedia,,,,
cfl-2026-08-23-BC-SSK,2026-08-23,2026,regular,BC,SSK,30,16,,,wikipedia,,,,
cfl-2026-08-28-WPG-MTL,2026-08-28,2026,regular,WPG,MTL,44,28,,,wikipedia,,,,
cfl-2026-08-29-CGY-HAM,2026-08-29,2026,regular,CGY,HAM,28,23,,,wikipedia,,,,
cfl-2026-08-29-SSK-TOR,2026-08-29,2026,regular,SSK,TOR,28,24,,,wikipedia,,,,
cfl-2026-08-30-OTT-BC,2026-08-30,2026,regular,OTT,BC,24,45,,,wikipedia,,,,
cfl-2026-09-04-MTL-BC,2026-09-04,2026,regular,MTL,BC,37,30,,,wikipedia,,,,
cfl-2026-09-06-SSK-WPG,2026-09-06,2026,regular,SSK,WPG,32,26,,,wikipedia,,,,
cfl-2026-09-07-CGY-EDM,2026-09-07,2026,regular,CGY,EDM,28,38,,,wikipedia,,,,
cfl-2026-09-07-HAM-TOR,2026-09-07,2026,regular,HAM,TOR,22,37,,,wikipedia,,,,
cfl-2026-09-12-BC-MTL,2026-09-12,2026,regular,BC,MTL,48,29,,,wikipedia,,,,
cfl-2026-09-12-EDM-CGY,2026-09-12,2026,regular,EDM,CGY,53,16,,,wikipedia,,,,
cfl-2026-09-12-TOR-OTT,2026-09-12,2026,regular,TOR,OTT,26,23,,,wikipedia,,,,
cfl-2026-09-12-WPG-SSK,2026-09-12,2026,regular,WPG,SSK,19,6,,,wikipedia,,,,
cfl-2026-09-18-HAM-MTL,2026-09-18,2026,regular,HAM,MTL,25,37,,,wikipedia,,,,
cfl-2026-09-19-CGY-OTT,2026-09-19,2026,regular,CGY,OTT,40,38,,,wikipedia,,,,
cfl-2026-09-19-TOR-EDM,2026-09-19,2026,regular,TOR,EDM,24,19,,,wikipedia,,,,
cfl-2026-09-25-BC-SSK,2026-09-25,2026,regular,BC,SSK,31,24,,,wikipedia,,,,
cfl-2026-09-25-WPG-TOR,2026-09-25,2026,regular,WPG,TOR,28,30,,,wikipedia,,,,
cfl-2026-09-26-EDM-HAM,2026-09-26,2026,regular,EDM,HAM,37,35,,,wikipedia,,,,
cfl-2026-09-26-OTT-CGY,2026-09-26,2026,regular,OTT,CGY,31,45,,,wikipedia,,,,
