id,date,season,season_type,home,away,home_points,away_points,neutral,note,source,home_name,away_name,home_abbr,away_abbr
espn-1729,2017-03-23,2017,regular,Carlton,Richmond,89,132,,,espn,Carlton,Richmond,CARL,RICH
espn-1730,2017-03-24,2017,regular,Collingwood,Western Bulldogs,86,100,,,espn,Collingwood,Western Bulldogs,COLL,WB
espn-1731,2017-03-25,2017,regular,St Kilda,Melbourne,90,120,,,espn,St Kilda,Melbourne,STK,MELB
espn-1732,2017-03-25,2017,regular,Sydney Swans,Port Adelaide,82,110,,,espn,Sydney Swans,Port Adelaide,SYD,PORT
espn-1733,2017-03-25,2017,regular,Gold Coast SUNS,Brisbane Lions,96,98,,,espn,Gold Coast SUNS,Brisbane Lions,SUNS,BL
espn-1734,2017-03-25,2017,regular,Essendon,Hawthorn,116,91,,,espn,Essendon,Hawthorn,ESS,HAW
espn-1735,2017-03-25,2017,regular,North Melbourne,West Coast Eagles,93,136,,,espn,North Melbourne,West Coast Eagles,NMFC,WCE
espn-1736,2017-03-26,2017,regular,Adelaide Crows,GWS GIANTS,147,91,,,espn,Adelaide Crows,GWS GIANTS,ADEL,GWS
espn-1737,2017-03-26,2017,regular,Fremantle,Geelong Cats,73,115,,,espn,Fremantle,Geelong Cats,FRE,GEEL
espn-1738,2017-03-30,2017,regular,Richmond,Collingwood,99,80,,,espn,Richmond,Collingwood,RICH,COLL
espn-1739,2017-03-31,2017,regular,Western Bulldogs,Sydney Swans,110,87,,,espn,Western Bulldogs,Sydney Swans,WB,SYD
espn-1740,2017-03-31,2017,regular,Hawthorn,Adelaide Crows,89,113,,,espn,Hawthorn,Adelaide Crows,HAW,ADEL
espn-1741,2017-04-01,2017,regular,GWS GIANTS,Gold Coast SUNS,160,58,,,espn,GWS GIANTS,Gold Coast SUNS,GWS,SUNS
espn-1742,2017-04-01,2017,regular,West Coast Eagles,St Kilda,116,97,,,espn,West Coast Eagles,St Kilda,WCE,STK
espn-1743,2017-04-01,2017,regular,Brisbane Lions,Essendon,84,111,,,espn,Brisbane Lions,Essendon,BL,ESS
espn-1744,2017-04-01,2017,regular,Geelong Cats,North Melbourne,112,111,,,espn,Geelong Cats,North Melbourne,GEEL,NMFC
espn-1745,2017-04-02,2017,regular,Melbourne,Carlton,86,64,,,espn,Melbourne,Carlton,MELB,CARL
espn-1746,2017-04-02,2017,regular,Port Adelaide,Fremantle,145,56,,,espn,Port Adelaide,Fremantle,PORT,FRE
espn-1747,2017-04-07,2017,regular,Sydney Swans,Collingwood,79,80,,,espn,Sydney Swans,Collingwood,SYD,COLL
espn-1748,2017-04-07,2017,regular,North Melbourne,GWS GIANTS,67,109,,,espn,North Melbourne,GWS GIANTS,NMFC,GWS
espn-1749,2017-04-08,2017,regular,Richmond,West Coast Eagles,76,65,,,espn,Richmond,West Coast Eagles,RICH,WCE
espn-1750,2017-04-08,2017,regular,Geelong Cats,Melbourne,126,97,,,espn,Geelong Cats,Melbourne,GEEL,MELB
espn-1751,2017-04-08,2017,regular,Fremantle,Western Bulldogs,89,73,,,espn,Fremantle,Western Bulldogs,FRE,WB
espn-1752,2017-04-08,2017,regular,Port Adelaide,Adelaide Crows,83,100,,,espn,Port Adelaide,Adelaide Crows,PORT,ADEL
espn-1753,2017-04-08,2017,regular,St Kilda,Brisbane Lions,107,76,,,espn,St Kilda,Brisbane Lions,STK,BL
espn-1754,2017-04-09,2017,regular,Carlton,Essendon,57,42,,,espn,Carlton,Essendon,CARL,ESS
espn-1755,2017-04-09,2017,regular,Gold Coast SUNS,Hawthorn,139,53,,,espn,Gold Coast SUNS,Hawthorn,SUNS,HAW
espn-1756,2017-04-13,2017,regular,West Coast Eagles,Sydney Swans,91,65,,,espn,West Coast Eagles,Sydney Swans,WCE,SYD
espn-1757,2017-04-14,2017,regular,North Melbourne,Western Bulldogs,86,89,,,espn,North Melbourne,Western Bulldogs,NMFC,WB
espn-1758,2017-04-14,2017,regular,Melbourne,Fremantle,104,106,,,espn,Melbourne,Fremantle,MELB,FRE
espn-1759,2017-04-15,2017,regular,GWS GIANTS,Port Adelaide,112,81,,,espn,GWS GIANTS,Port Adelaide,GWS,PORT
espn-1760,2017-04-15,2017,regular,Adelaide Crows,Essendon,153,88,,,espn,Adelaide Crows,Essendon,ADEL,ESS
espn-1761,2017-04-15,2017,regular,Carlton,Gold Coast SUNS,82,108,,,espn,Carlton,Gold Coast SUNS,CARL,SUNS
espn-1762,2017-04-16,2017,regular,Collingwood,St Kilda,55,69,,,espn,Collingwood,St Kilda,COLL,STK
espn-1763,2017-04-16,2017,regular,Brisbane Lions,Richmond,67,119,,,espn,Brisbane Lions,Richmond,BL,RICH
espn-1764,2017-04-17,2017,regular,Hawthorn,Geelong Cats,48,134,,,espn,Hawthorn,Geelong Cats,HAW,GEEL
espn-1765,2017-04-21,2017,regular,Port Adelaide,Carlton,137,47,,,espn,Port Adelaide,Carlton,PORT,CARL
espn-1766,2017-04-21,2017,regular,Western Bulldogs,Brisbane Lions,122,90,,,espn,Western Bulldogs,Brisbane Lions,WB,BL
espn-1767,2017-04-22,2017,regular,Gold Coast SUNS,Adelaide Crows,86,153,,,espn,Gold Coast SUNS,Adelaide Crows,SUNS,ADEL
espn-1768,2017-04-22,2017,regular,Fremantle,North Melbourne,67,62,,,espn,Fremantle,North Melbourne,FRE,NMFC
espn-1769,2017-04-22,2017,regular,Sydney Swans,GWS GIANTS,63,105,,,espn,Sydney Swans,GWS GIANTS,SYD,GWS
espn-1770,2017-04-23,2017,regular,St Kilda,Geelong Cats,88,126,,,espn,St Kilda,Geelong Cats,STK,GEEL
espn-1771,2017-04-23,2017,regular,Hawthorn,West Coast Eagles,125,75,,,espn,Hawthorn,West Coast Eagles,HAW,WCE
espn-1772,2017-04-24,2017,regular,Richmond,Melbourne,88,75,,,espn,Richmond,Melbourne,RICH,MELB
espn-1773,2017-04-25,2017,regular,Essendon,Collingwood,100,82,,,espn,Essendon,Collingwood,ESS,COLL
espn-1774,2017-04-28,2017,regular,GWS GIANTS,Western Bulldogs,75,73,,,espn,GWS GIANTS,Western Bulldogs,GWS,WB
espn-1775,2017-04-28,2017,regular,Hawthorn,St Kilda,55,130,,,espn,Hawthorn,St Kilda,HAW,STK
espn-1776,2017-04-29,2017,regular,Carlton,Sydney Swans,97,78,,,espn,Carlton,Sydney Swans,CARL,SYD
espn-1777,2017-04-29,2017,regular,Brisbane Lions,Port Adelaide,67,150,,,espn,Brisbane Lions,Port Adelaide,BL,PORT
espn-1778,2017-04-29,2017,regular,West Coast Eagles,Fremantle,103,62,,,espn,West Coast Eagles,Fremantle,WCE,FRE
espn-1779,2017-04-29,2017,regular,North Melbourne,Gold Coast SUNS,107,94,,,espn,North Melbourne,Gold Coast SUNS,NMFC,SUNS
espn-1780,2017-04-29,2017,regular,Essendon,Melbourne,74,112,,,espn,Essendon,Melbourne,ESS,MELB
espn-1781,2017-04-30,2017,regular,Geelong Cats,Collingwood,78,107,,,espn,Geelong Cats,Collingwood,GEEL,COLL
espn-1782,2017-04-30,2017,regular,Adelaide Crows,Richmond,140,64,,,espn,Adelaide Crows,Richmond,ADEL,RICH
espn-1783,2017-05-05,2017,regular,St Kilda,GWS GIANTS,108,85,,,espn,St Kilda,GWS GIANTS,STK,GWS
espn-1784,2017-05-05,2017,regular,North Melbourne,Adelaide Crows,145,86,,,espn,North Melbourne,Adelaide Crows,NMFC,ADEL
espn-1785,2017-05-06,2017,regular,Collingwood,Carlton,56,79,,,espn,Collingwood,Carlton,COLL,CARL
espn-1786,2017-05-06,2017,regular,Port Adelaide,West Coast Eagles,87,97,,,espn,Port Adelaide,West Coast Eagles,PORT,WCE
espn-1787,2017-05-06,2017,regular,Gold Coast SUNS,Geelong Cats,124,99,,,espn,Gold Coast SUNS,Geelong Cats,SUNS,GEEL
espn-1788,2017-05-06,2017,regular,Western Bulldogs,Richmond,80,75,,,espn,Western Bulldogs,Richmond,WB,RICH
espn-1789,2017-05-06,2017,regular,Sydney Swans,Brisbane Lions,135,81,,,espn,Sydney Swans,Brisbane Lions,SYD,BL
espn-1790,2017-05-07,2017,regular,Fremantle,Essendon,116,79,,,espn,Fremantle,Essendon,FRE,ESS
espn-1791,2017-05-07,2017,regular,Melbourne,Hawthorn,91,94,,,espn,Melbourne,Hawthorn,MELB,HAW
espn-1792,2017-05-12,2017,regular,West Coast Eagles,Western Bulldogs,69,61,,,espn,West Coast Eagles,Western Bulldogs,WCE,WB
espn-1793,2017-05-12,2017,regular,Hawthorn,Brisbane Lions,113,75,,,espn,Hawthorn,Brisbane Lions,HAW,BL
espn-1794,2017-05-13,2017,regular,St Kilda,Carlton,85,66,,,espn,St Kilda,Carlton,STK,CARL
espn-1795,2017-05-13,2017,regular,GWS GIANTS,Collingwood,102,99,,,espn,GWS GIANTS,Collingwood,GWS,COLL
espn-1796,2017-05-13,2017,regular,Adelaide Crows,Melbourne,66,107,,,espn,Adelaide Crows,Melbourne,ADEL,MELB
espn-1797,2017-05-13,2017,regular,Essendon,Geelong Cats,110,93,,,espn,Essendon,Geelong Cats,ESS,GEEL
espn-1798,2017-05-13,2017,regular,Richmond,Fremantle,70,72,,,espn,Richmond,Fremantle,RICH,FRE
espn-1799,2017-05-14,2017,regular,Gold Coast SUNS,Port Adelaide,38,110,,,espn,Gold Coast SUNS,Port Adelaide,SUNS,PORT
espn-1800,2017-05-14,2017,regular,North Melbourne,Sydney Swans,78,120,,,espn,North Melbourne,Sydney Swans,NMFC,SYD
espn-1801,2017-05-19,2017,regular,Geelong Cats,Western Bulldogs,104,81,,,espn,Geelong Cats,Western Bulldogs,GEEL,WB
espn-1802,2017-05-19,2017,regular,St Kilda,Sydney Swans,68,118,,,espn,St Kilda,Sydney Swans,STK,SYD
espn-1803,2017-05-20,2017,regular,GWS GIANTS,Richmond,78,75,,,espn,GWS GIANTS,Richmond,GWS,RICH
espn-1804,2017-05-20,2017,regular,Brisbane Lions,Adelaide Crows,60,140,,,espn,Brisbane Lions,Adelaide Crows,BL,ADEL
espn-1805,2017-05-20,2017,regular,Collingwood,Hawthorn,90,72,,,espn,Collingwood,Hawthorn,COLL,HAW
espn-1806,2017-05-20,2017,regular,Essendon,West Coast Eagles,125,64,,,espn,Essendon,West Coast Eagles,ESS,WCE
espn-1807,2017-05-21,2017,regular,Fremantle,Carlton,86,51,,,espn,Fremantle,Carlton,FRE,CARL
espn-1808,2017-05-21,2017,regular,Melbourne,North Melbourne,90,104,,,espn,Melbourne,North Melbourne,MELB,NMFC
espn-1809,2017-05-25,2017,regular,Geelong Cats,Port Adelaide,81,79,,,espn,Geelong Cats,Port Adelaide,GEEL,PORT
espn-1810,2017-05-26,2017,regular,Sydney Swans,Hawthorn,75,81,,,espn,Sydney Swans,Hawthorn,SYD,HAW
espn-1811,2017-05-26,2017,regular,Western Bulldogs,St Kilda,90,50,,,espn,Western Bulldogs,St Kilda,WB,STK
espn-1812,2017-05-27,2017,regular,Melbourne,Gold Coast SUNS,122,87,,,espn,Melbourne,Gold Coast SUNS,MELB,SUNS
espn-1813,2017-05-27,2017,regular,Adelaide Crows,Fremantle,143,43,,,espn,Adelaide Crows,Fremantle,ADEL,FRE
espn-1814,2017-05-27,2017,regular,Richmond,Essendon,81,66,,,espn,Richmond,Essendon,RICH,ESS
espn-1815,2017-05-27,2017,regular,Collingwood,Brisbane Lions,129,84,,,espn,Collingwood,Brisbane Lions,COLL,BL
espn-1816,2017-05-28,2017,regular,West Coast Eagles,GWS GIANTS,90,98,,,espn,West Coast Eagles,GWS GIANTS,WCE,GWS
espn-1817,2017-05-28,2017,regular,Carlton,North Melbourne,96,113,,,espn,Carlton,North Melbourne,CARL,NMFC
espn-1818,2017-06-01,2017,regular,Port Adelaide,Hawthorn,98,47,,,espn,Port Adelaide,Hawthorn,PORT,HAW
espn-1819,2017-06-02,2017,regular,Geelong Cats,Adelaide Crows,96,74,,,espn,Geelong Cats,Adelaide Crows,GEEL,ADEL
espn-1820,2017-06-02,2017,regular,Gold Coast SUNS,West Coast Eagles,80,77,,,espn,Gold Coast SUNS,West Coast Eagles,SUNS,WCE
espn-1821,2017-06-03,2017,regular,GWS GIANTS,Essendon,117,101,,,espn,GWS GIANTS,Essendon,GWS,ESS
espn-1822,2017-06-03,2017,regular,North Melbourne,Richmond,66,101,,,espn,North Melbourne,Richmond,NMFC,RICH
espn-1823,2017-06-04,2017,regular,Fremantle,Collingwood,85,105,,,espn,Fremantle,Collingwood,FRE,COLL
espn-1824,2017-06-08,2017,regular,Sydney Swans,Western Bulldogs,88,42,,,espn,Sydney Swans,Western Bulldogs,SYD,WB
espn-1825,2017-06-09,2017,regular,Adelaide Crows,St Kilda,111,54,,,espn,Adelaide Crows,St Kilda,ADEL,STK
espn-1826,2017-06-09,2017,regular,Hawthorn,Gold Coast SUNS,79,95,,,espn,Hawthorn,Gold Coast SUNS,HAW,SUNS
espn-1827,2017-06-10,2017,regular,Brisbane Lions,Fremantle,121,64,,,espn,Brisbane Lions,Fremantle,BL,FRE
espn-1828,2017-06-10,2017,regular,Essendon,Port Adelaide,131,61,,,espn,Essendon,Port Adelaide,ESS,PORT
espn-1829,2017-06-11,2017,regular,Carlton,GWS GIANTS,71,70,,,espn,Carlton,GWS GIANTS,CARL,GWS
espn-1830,2017-06-12,2017,regular,Melbourne,Collingwood,104,100,,,espn,Melbourne,Collingwood,MELB,COLL
espn-1831,2017-06-15,2017,regular,West Coast Eagles,Geelong Cats,83,70,,,espn,West Coast Eagles,Geelong Cats,WCE,GEEL
espn-1832,2017-06-16,2017,regular,North Melbourne,St Kilda,72,89,,,espn,North Melbourne,St Kilda,NMFC,STK
espn-1833,2017-06-16,2017,regular,Richmond,Sydney Swans,71,80,,,espn,Richmond,Sydney Swans,RICH,SYD
espn-1834,2017-06-17,2017,regular,Port Adelaide,Brisbane Lions,121,81,,,espn,Port Adelaide,Brisbane Lions,PORT,BL
espn-1835,2017-06-17,2017,regular,Gold Coast SUNS,Carlton,73,83,,,espn,Gold Coast SUNS,Carlton,SUNS,CARL
espn-1836,2017-06-18,2017,regular,Western Bulldogs,Melbourne,56,113,,,espn,Western Bulldogs,Melbourne,WB,MELB
espn-1837,2017-06-22,2017,regular,Adelaide Crows,Hawthorn,82,96,,,espn,Adelaide Crows,Hawthorn,ADEL,HAW
espn-1838,2017-06-23,2017,regular,Sydney Swans,Essendon,86,85,,,espn,Sydney Swans,Essendon,SYD,ESS
espn-1839,2017-06-23,2017,regular,Collingwood,Port Adelaide,62,93,,,espn,Collingwood,Port Adelaide,COLL,PORT
espn-1840,2017-06-24,2017,regular,Brisbane Lions,GWS GIANTS,86,146,,,espn,Brisbane Lions,GWS GIANTS,BL,GWS
espn-1841,2017-06-24,2017,regular,West Coast Eagles,Melbourne,96,99,,,espn,West Coast Eagles,Melbourne,WCE,MELB
espn-1842,2017-06-24,2017,regular,Western Bulldogs,North Melbourne,107,106,,,espn,Western Bulldogs,North Melbourne,WB,NMFC
espn-1843,2017-06-24,2017,regular,Geelong Cats,Fremantle,74,72,,,espn,Geelong Cats,Fremantle,GEEL,FRE
espn-1844,2017-06-25,2017,regular,Richmond,Carlton,84,58,,,espn,Richmond,Carlton,RICH,CARL
espn-1845,2017-06-25,2017,regular,St Kilda,Gold Coast SUNS,103,72,,,espn,St Kilda,Gold Coast SUNS,STK,SUNS
espn-1846,2017-06-30,2017,regular,Melbourne,Sydney Swans,50,85,,,espn,Melbourne,Sydney Swans,MELB,SYD
espn-1847,2017-06-30,2017,regular,Western Bulldogs,West Coast Eagles,80,87,,,espn,Western Bulldogs,West Coast Eagles,WB,WCE
espn-1848,2017-07-01,2017,regular,Carlton,Adelaide Crows,77,89,,,espn,Carlton,Adelaide Crows,CARL,ADEL
espn-1849,2017-07-01,2017,regular,Gold Coast SUNS,North Melbourne,118,99,,,espn,Gold Coast SUNS,North Melbourne,SUNS,NMFC
espn-1850,2017-07-01,2017,regular,Port Adelaide,Richmond,63,76,,,espn,Port Adelaide,Richmond,PORT,RICH
espn-1851,2017-07-01,2017,regular,GWS GIANTS,Geelong Cats,68,68,,,espn,GWS GIANTS,Geelong Cats,GWS,GEEL
espn-1852,2017-07-01,2017,regular,Essendon,Brisbane Lions,82,90,,,espn,Essendon,Brisbane Lions,ESS,BL
espn-1853,2017-07-02,2017,regular,Fremantle,St Kilda,80,89,,,espn,Fremantle,St Kilda,FRE,STK
espn-1854,2017-07-02,2017,regular,Hawthorn,Collingwood,118,94,,,espn,Hawthorn,Collingwood,HAW,COLL
espn-1855,2017-07-07,2017,regular,Adelaide Crows,Western Bulldogs,104,45,,,espn,Adelaide Crows,Western Bulldogs,ADEL,WB
espn-1856,2017-07-07,2017,regular,Hawthorn,GWS GIANTS,97,97,,,espn,Hawthorn,GWS GIANTS,HAW,GWS
espn-1857,2017-07-08,2017,regular,Collingwood,Essendon,80,117,,,espn,Collingwood,Essendon,COLL,ESS
espn-1858,2017-07-08,2017,regular,Sydney Swans,Gold Coast SUNS,118,51,,,espn,Sydney Swans,Gold Coast SUNS,SYD,SUNS
espn-1859,2017-07-08,2017,regular,Brisbane Lions,Geelong Cats,78,163,,,espn,Brisbane Lions,Geelong Cats,BL,GEEL
espn-1860,2017-07-08,2017,regular,St Kilda,Richmond,138,71,,,espn,St Kilda,Richmond,STK,RICH
espn-1861,2017-07-08,2017,regular,North Melbourne,Fremantle,82,86,,,espn,North Melbourne,Fremantle,NMFC,FRE
espn-1862,2017-07-09,2017,regular,West Coast Eagles,Port Adelaide,88,120,,,espn,West Coast Eagles,Port Adelaide,WCE,PORT
espn-1863,2017-07-09,2017,regular,Carlton,Melbourne,82,90,,,espn,Carlton,Melbourne,CARL,MELB
espn-1864,2017-07-14,2017,regular,St Kilda,Essendon,57,118,,,espn,St Kilda,Essendon,STK,ESS
espn-1866,2017-07-14,2017,regular,Geelong Cats,Hawthorn,88,85,,,espn,Geelong Cats,Hawthorn,GEEL,HAW
espn-1865,2017-07-15,2017,regular,Port Adelaide,North Melbourne,127,57,,,espn,Port Adelaide,North Melbourne,PORT,NMFC
espn-1867,2017-07-15,2017,regular,Gold Coast SUNS,Collingwood,88,103,,,espn,Gold Coast SUNS,Collingwood,SUNS,COLL
espn-1868,2017-07-15,2017,regular,Melbourne,Adelaide Crows,70,116,,,espn,Melbourne,Adelaide Crows,MELB,ADEL
espn-1869,2017-07-15,2017,regular,GWS GIANTS,Sydney Swans,83,96,,,espn,GWS GIANTS,Sydney Swans,GWS,SYD
espn-1870,2017-07-15,2017,regular,Richmond,Brisbane Lions,112,81,,,espn,Richmond,Brisbane Lions,RICH,BL
espn-1871,2017-07-16,2017,regular,Fremantle,West Coast Eagles,44,74,,,espn,Fremantle,West Coast Eagles,FRE,WCE
espn-1872,2017-07-16,2017,regular,Carlton,Western Bulldogs,62,82,,,espn,Carlton,Western Bulldogs,CARL,WB
espn-1873,2017-07-21,2017,regular,Adelaide Crows,Geelong Cats,91,70,,,espn,Adelaide Crows,Geelong Cats,ADEL,GEEL
espn-1874,2017-07-21,2017,regular,Essendon,North Melbourne,132,105,,,espn,Essendon,North Melbourne,ESS,NMFC
espn-1875,2017-07-22,2017,regular,Melbourne,Port Adelaide,88,65,,,espn,Melbourne,Port Adelaide,MELB,PORT
espn-1876,2017-07-22,2017,regular,Western Bulldogs,Gold Coast SUNS,110,56,,,espn,Western Bulldogs,Gold Coast SUNS,WB,SUNS
espn-1877,2017-07-22,2017,regular,Fremantle,Hawthorn,48,100,,,espn,Fremantle,Hawthorn,FRE,HAW
espn-1878,2017-07-22,2017,regular,Sydney Swans,St Kilda,101,59,,,espn,Sydney Swans,St Kilda,SYD,STK
espn-1879,2017-07-22,2017,regular,Richmond,GWS GIANTS,64,45,,,espn,Richmond,GWS GIANTS,RICH,GWS
espn-1880,2017-07-23,2017,regular,Collingwood,West Coast Eagles,93,85,,,espn,Collingwood,West Coast Eagles,COLL,WCE
espn-1881,2017-07-23,2017,regular,Brisbane Lions,Carlton,112,82,,,espn,Brisbane Lions,Carlton,BL,CARL
espn-1882,2017-07-28,2017,regular,Hawthorn,Sydney Swans,72,66,,,espn,Hawthorn,Sydney Swans,HAW,SYD
espn-1883,2017-07-28,2017,regular,North Melbourne,Melbourne,76,72,,,espn,North Melbourne,Melbourne,NMFC,MELB
espn-1884,2017-07-29,2017,regular,GWS GIANTS,Fremantle,98,86,,,espn,GWS GIANTS,Fremantle,GWS,FRE
espn-1885,2017-07-29,2017,regular,Port Adelaide,St Kilda,63,61,,,espn,Port Adelaide,St Kilda,PORT,STK
espn-1886,2017-07-29,2017,regular,Gold Coast SUNS,Richmond,65,98,,,espn,Gold Coast SUNS,Richmond,SUNS,RICH
espn-1887,2017-07-29,2017,regular,Carlton,Geelong Cats,58,123,,,espn,Carlton,Geelong Cats,CARL,GEEL
espn-1888,2017-07-29,2017,regular,Western Bulldogs,Essendon,127,97,,,espn,Western Bulldogs,Essendon,WB,ESS
espn-1889,2017-07-30,2017,regular,West Coast Eagles,Brisbane Lions,113,45,,,espn,West Coast Eagles,Brisbane Lions,WCE,BL
espn-1890,2017-07-30,2017,regular,Collingwood,Adelaide Crows,103,103,,,espn,Collingwood,Adelaide Crows,COLL,ADEL
espn-1891,2017-08-04,2017,regular,Geelong Cats,Sydney Swans,61,107,,,espn,Geelong Cats,Sydney Swans,GEEL,SYD
espn-1892,2017-08-04,2017,regular,GWS GIANTS,Melbourne,97,62,,,espn,GWS GIANTS,Melbourne,GWS,MELB
espn-1893,2017-08-05,2017,regular,Essendon,Carlton,84,76,,,espn,Essendon,Carlton,ESS,CARL
espn-1894,2017-08-05,2017,regular,Brisbane Lions,Western Bulldogs,89,103,,,espn,Brisbane Lions,Western Bulldogs,BL,WB
espn-1895,2017-08-05,2017,regular,Fremantle,Gold Coast SUNS,90,67,,,espn,Fremantle,Gold Coast SUNS,FRE,SUNS
espn-1896,2017-08-05,2017,regular,North Melbourne,Collingwood,57,111,,,espn,North Melbourne,Collingwood,NMFC,COLL
espn-1897,2017-08-05,2017,regular,St Kilda,West Coast Eagles,103,95,,,espn,St Kilda,West Coast Eagles,STK,WCE
espn-1898,2017-08-06,2017,regular,Richmond,Hawthorn,93,64,,,espn,Richmond,Hawthorn,RICH,HAW
espn-1899,2017-08-06,2017,regular,Adelaide Crows,Port Adelaide,130,46,,,espn,Adelaide Crows,Port Adelaide,ADEL,PORT
espn-1900,2017-08-11,2017,regular,Western Bulldogs,GWS GIANTS,57,105,,,espn,Western Bulldogs,GWS GIANTS,WB,GWS
espn-1901,2017-08-11,2017,regular,Sydney Swans,Fremantle,143,39,,,espn,Sydney Swans,Fremantle,SYD,FRE
espn-1902,2017-08-12,2017,regular,Geelong Cats,Richmond,80,66,,,espn,Geelong Cats,Richmond,GEEL,RICH
espn-1903,2017-08-12,2017,regular,Brisbane Lions,Gold Coast SUNS,142,84,,,espn,Brisbane Lions,Gold Coast SUNS,BL,SUNS
espn-1904,2017-08-12,2017,regular,West Coast Eagles,Carlton,100,83,,,espn,West Coast Eagles,Carlton,WCE,CARL
espn-1905,2017-08-12,2017,regular,Essendon,Adelaide Crows,80,123,,,espn,Essendon,Adelaide Crows,ESS,ADEL
espn-1906,2017-08-12,2017,regular,Melbourne,St Kilda,96,72,,,espn,Melbourne,St Kilda,MELB,STK
espn-1907,2017-08-13,2017,regular,Hawthorn,North Melbourne,116,89,,,espn,Hawthorn,North Melbourne,HAW,NMFC
espn-1908,2017-08-13,2017,regular,Port Adelaide,Collingwood,98,71,,,espn,Port Adelaide,Collingwood,PORT,COLL
espn-1909,2017-08-18,2017,regular,Adelaide Crows,Sydney Swans,80,83,,,espn,Adelaide Crows,Sydney Swans,ADEL,SYD
espn-1910,2017-08-18,2017,regular,Western Bulldogs,Port Adelaide,79,96,,,espn,Western Bulldogs,Port Adelaide,WB,PORT
espn-1911,2017-08-19,2017,regular,Collingwood,Geelong Cats,59,70,,,espn,Collingwood,Geelong Cats,COLL,GEEL
espn-1912,2017-08-19,2017,regular,GWS GIANTS,West Coast Eagles,81,60,,,espn,GWS GIANTS,West Coast Eagles,GWS,WCE
espn-1913,2017-08-19,2017,regular,Gold Coast SUNS,Essendon,57,90,,,espn,Gold Coast SUNS,Essendon,SUNS,ESS
espn-1914,2017-08-19,2017,regular,Carlton,Hawthorn,77,70,,,espn,Carlton,Hawthorn,CARL,HAW
espn-1915,2017-08-19,2017,regular,Melbourne,Brisbane Lions,104,91,,,espn,Melbourne,Brisbane Lions,MELB,BL
espn-1916,2017-08-20,2017,regular,Fremantle,Richmond,51,155,,,espn,Fremantle,Richmond,FRE,RICH
espn-1917,2017-08-20,2017,regular,St Kilda,North Melbourne,127,78,,,espn,St Kilda,North Melbourne,STK,NMFC
espn-1918,2017-08-25,2017,regular,Hawthorn,Western Bulldogs,99,90,,,espn,Hawthorn,Western Bulldogs,HAW,WB
espn-1919,2017-08-25,2017,regular,Collingwood,Melbourne,99,83,,,espn,Collingwood,Melbourne,COLL,MELB
espn-1920,2017-08-26,2017,regular,Brisbane Lions,North Melbourne,79,130,,,espn,Brisbane Lions,North Melbourne,BL,NMFC
espn-1921,2017-08-26,2017,regular,Sydney Swans,Carlton,138,57,,,espn,Sydney Swans,Carlton,SYD,CARL
espn-1922,2017-08-26,2017,regular,Port Adelaide,Gold Coast SUNS,135,20,,,espn,Port Adelaide,Gold Coast SUNS,PORT,SUNS
espn-1923,2017-08-26,2017,regular,Geelong Cats,GWS GIANTS,103,59,,,espn,Geelong Cats,GWS GIANTS,GEEL,GWS
espn-1924,2017-08-26,2017,regular,Essendon,Fremantle,107,92,,,espn,Essendon,Fremantle,ESS,FRE
espn-1925,2017-08-27,2017,regular,West Coast Eagles,Adelaide Crows,100,71,,,espn,West Coast Eagles,Adelaide Crows,WCE,ADEL
espn-1926,2017-08-27,2017,regular,Richmond,St Kilda,122,81,,,espn,Richmond,St Kilda,RICH,STK
espn-1931,2017-09-07,2017,postseason,Adelaide Crows,GWS GIANTS,84,48,,,espn,Adelaide Crows,GWS GIANTS,ADEL,GWS
espn-1932,2017-09-08,2017,postseason,Geelong Cats,Richmond,40,91,,,espn,Geelong Cats,Richmond,GEEL,RICH
espn-1933,2017-09-09,2017,postseason,Port Adelaide,West Coast Eagles,76,78,,,espn,Port Adelaide,West Coast Eagles,PORT,WCE
espn-1934,2017-09-09,2017,postseason,Sydney Swans,Essendon,121,56,,,espn,Sydney Swans,Essendon,SYD,ESS
espn-1935,2017-09-15,2017,postseason,Geelong Cats,Sydney Swans,98,39,,,espn,Geelong Cats,Sydney Swans,GEEL,SYD
espn-1936,2017-09-16,2017,postseason,GWS GIANTS,West Coast Eagles,125,58,,,espn,GWS GIANTS,West Coast Eagles,GWS,WCE
espn-1937,2017-09-22,2017,postseason,Adelaide Crows,Geelong Cats,136,75,,,espn,Adelaide Crows,Geelong Cats,ADEL,GEEL
espn-1938,2017-09-23,2017,postseason,Richmond,GWS GIANTS,103,67,,,espn,Richmond,GWS GIANTS,RICH,GWS
espn-1939,2017-09-30,2017,postseason,Adelaide Crows,Richmond,60,108,,,espn,Adelaide Crows,Richmond,ADEL,RICH
espn-1945,2018-03-01,2018,regular,GWS GIANTS,Collingwood,96,36,,,espn,GWS GIANTS,Collingwood,GWS,COLL
espn-1946,2018-03-02,2018,regular,Western Bulldogs,Hawthorn,100,78,,,espn,Western Bulldogs,Hawthorn,WB,HAW
espn-1947,2018-03-03,2018,regular,Brisbane Lions,Sydney Swans,40,95,,,espn,Brisbane Lions,Sydney Swans,BL,SYD
espn-1948,2018-03-04,2018,regular,Gold Coast SUNS,Geelong Cats,85,29,,,espn,Gold Coast SUNS,Geelong Cats,SUNS,GEEL
espn-1949,2018-03-07,2018,regular,Richmond,North Melbourne,128,58,,,espn,Richmond,North Melbourne,RICH,NMFC
espn-1950,2018-03-08,2018,regular,Melbourne,St Kilda,119,93,,,espn,Melbourne,St Kilda,MELB,STK
espn-1951,2018-03-09,2018,regular,Sydney Swans,GWS GIANTS,82,71,,,espn,Sydney Swans,GWS GIANTS,SYD,GWS
espn-1952,2018-03-09,2018,regular,Collingwood,Western Bulldogs,113,80,,,espn,Collingwood,Western Bulldogs,COLL,WB
espn-1953,2018-03-10,2018,regular,Port Adelaide,Adelaide Crows,98,72,,,espn,Port Adelaide,Adelaide Crows,PORT,ADEL
espn-1954,2018-03-10,2018,regular,Hawthorn,Carlton,97,102,,,espn,Hawthorn,Carlton,HAW,CARL
espn-1955,2018-03-10,2018,regular,Geelong Cats,Essendon,97,101,,,espn,Geelong Cats,Essendon,GEEL,ESS
espn-1956,2018-03-11,2018,regular,Gold Coast SUNS,Brisbane Lions,49,42,,,espn,Gold Coast SUNS,Brisbane Lions,SUNS,BL
espn-1957,2018-03-11,2018,regular,Fremantle,West Coast Eagles,101,39,,,espn,Fremantle,West Coast Eagles,FRE,WCE
espn-1958,2018-03-22,2018,regular,Richmond,Carlton,121,95,,,espn,Richmond,Carlton,RICH,CARL
espn-1959,2018-03-23,2018,regular,Essendon,Adelaide Crows,99,87,,,espn,Essendon,Adelaide Crows,ESS,ADEL
espn-1960,2018-03-24,2018,regular,St Kilda,Brisbane Lions,107,82,,,espn,St Kilda,Brisbane Lions,STK,BL
espn-1961,2018-03-24,2018,regular,Port Adelaide,Fremantle,110,60,,,espn,Port Adelaide,Fremantle,PORT,FRE
espn-1962,2018-03-24,2018,regular,Gold Coast SUNS,North Melbourne,55,39,,,espn,Gold Coast SUNS,North Melbourne,SUNS,NMFC
espn-1963,2018-03-24,2018,regular,Hawthorn,Collingwood,101,67,,,espn,Hawthorn,Collingwood,HAW,COLL
espn-1964,2018-03-24,2018,regular,GWS GIANTS,Western Bulldogs,133,51,,,espn,GWS GIANTS,Western Bulldogs,GWS,WB
espn-1965,2018-03-25,2018,regular,Melbourne,Geelong Cats,94,97,,,espn,Melbourne,Geelong Cats,MELB,GEEL
espn-1966,2018-03-25,2018,regular,West Coast Eagles,Sydney Swans,86,115,,,espn,West Coast Eagles,Sydney Swans,WCE,SYD
espn-1967,2018-03-29,2018,regular,Adelaide Crows,Richmond,118,82,,,espn,Adelaide Crows,Richmond,ADEL,RICH
espn-1968,2018-03-30,2018,regular,North Melbourne,St Kilda,95,43,,,espn,North Melbourne,St Kilda,NMFC,STK
espn-1969,2018-03-30,2018,regular,Carlton,Gold Coast SUNS,67,101,,,espn,Carlton,Gold Coast SUNS,CARL,SUNS
espn-1970,2018-03-31,2018,regular,Collingwood,GWS GIANTS,79,95,,,espn,Collingwood,GWS GIANTS,COLL,GWS
espn-1971,2018-03-31,2018,regular,Fremantle,Essendon,106,90,,,espn,Fremantle,Essendon,FRE,ESS
espn-1972,2018-03-31,2018,regular,Brisbane Lions,Melbourne,74,100,,,espn,Brisbane Lions,Melbourne,BL,MELB
espn-1973,2018-04-01,2018,regular,Western Bulldogs,West Coast Eagles,70,121,,,espn,Western Bulldogs,West Coast Eagles,WB,WCE
espn-1974,2018-04-01,2018,regular,Sydney Swans,Port Adelaide,71,94,,,espn,Sydney Swans,Port Adelaide,SYD,PORT
espn-1975,2018-04-02,2018,regular,Geelong Cats,Hawthorn,117,118,,,espn,Geelong Cats,Hawthorn,GEEL,HAW
espn-1976,2018-04-06,2018,regular,Carlton,Collingwood,76,100,,,espn,Carlton,Collingwood,CARL,COLL
espn-1977,2018-04-06,2018,regular,Port Adelaide,Brisbane Lions,97,92,,,espn,Port Adelaide,Brisbane Lions,PORT,BL
espn-1978,2018-04-07,2018,regular,Melbourne,North Melbourne,123,86,,,espn,Melbourne,North Melbourne,MELB,NMFC
espn-1979,2018-04-07,2018,regular,Gold Coast SUNS,Fremantle,68,96,,,espn,Gold Coast SUNS,Fremantle,SUNS,FRE
espn-1980,2018-04-07,2018,regular,Sydney Swans,GWS GIANTS,103,87,,,espn,Sydney Swans,GWS GIANTS,SYD,GWS
espn-1981,2018-04-07,2018,regular,St Kilda,Adelaide Crows,55,104,,,espn,St Kilda,Adelaide Crows,STK,ADEL
espn-1982,2018-04-07,2018,regular,Richmond,Hawthorn,102,89,,,espn,Richmond,Hawthorn,RICH,HAW
espn-1983,2018-04-08,2018,regular,West Coast Eagles,Geelong Cats,95,80,,,espn,West Coast Eagles,Geelong Cats,WCE,GEEL
espn-1984,2018-04-08,2018,regular,Western Bulldogs,Essendon,104,83,,,espn,Western Bulldogs,Essendon,WB,ESS
espn-1985,2018-04-13,2018,regular,Adelaide Crows,Collingwood,58,106,,,espn,Adelaide Crows,Collingwood,ADEL,COLL
espn-1986,2018-04-13,2018,regular,GWS GIANTS,Fremantle,82,51,,,espn,GWS GIANTS,Fremantle,GWS,FRE
espn-1987,2018-04-14,2018,regular,Richmond,Brisbane Lions,110,17,,,espn,Richmond,Brisbane Lions,RICH,BL
espn-1988,2018-04-14,2018,regular,Western Bulldogs,Sydney Swans,79,86,,,espn,Western Bulldogs,Sydney Swans,WB,SYD
espn-1989,2018-04-14,2018,regular,West Coast Eagles,Gold Coast SUNS,139,59,,,espn,West Coast Eagles,Gold Coast SUNS,WCE,SUNS
espn-1990,2018-04-14,2018,regular,North Melbourne,Carlton,116,30,,,espn,North Melbourne,Carlton,NMFC,CARL
espn-1991,2018-04-14,2018,regular,Essendon,Port Adelaide,106,84,,,espn,Essendon,Port Adelaide,ESS,PORT
espn-1992,2018-04-15,2018,regular,Hawthorn,Melbourne,115,48,,,espn,Hawthorn,Melbourne,HAW,MELB
espn-1993,2018-04-15,2018,regular,Geelong Cats,St Kilda,103,56,,,espn,Geelong Cats,St Kilda,GEEL,STK
espn-1994,2018-04-20,2018,regular,Sydney Swans,Adelaide Crows,75,85,,,espn,Sydney Swans,Adelaide Crows,SYD,ADEL
espn-1995,2018-04-20,2018,regular,St Kilda,GWS GIANTS,73,73,,,espn,St Kilda,GWS GIANTS,STK,GWS
espn-1996,2018-04-21,2018,regular,Carlton,West Coast Eagles,69,79,,,espn,Carlton,West Coast Eagles,CARL,WCE
espn-1997,2018-04-21,2018,regular,Fremantle,Western Bulldogs,108,54,,,espn,Fremantle,Western Bulldogs,FRE,WB
espn-1998,2018-04-21,2018,regular,Port Adelaide,Geelong Cats,50,84,,,espn,Port Adelaide,Geelong Cats,PORT,GEEL
espn-1999,2018-04-22,2018,regular,North Melbourne,Hawthorn,98,70,,,espn,North Melbourne,Hawthorn,NMFC,HAW
espn-2000,2018-04-22,2018,regular,Brisbane Lions,Gold Coast SUNS,71,76,,,espn,Brisbane Lions,Gold Coast SUNS,BL,SUNS
espn-2001,2018-04-24,2018,regular,Melbourne,Richmond,56,102,,,espn,Melbourne,Richmond,MELB,RICH
espn-2002,2018-04-25,2018,regular,Collingwood,Essendon,101,52,,,espn,Collingwood,Essendon,COLL,ESS
espn-2003,2018-04-27,2018,regular,Western Bulldogs,Carlton,80,59,,,espn,Western Bulldogs,Carlton,WB,CARL
espn-2004,2018-04-27,2018,regular,Geelong Cats,Sydney Swans,69,86,,,espn,Geelong Cats,Sydney Swans,GEEL,SYD
espn-2005,2018-04-28,2018,regular,North Melbourne,Port Adelaide,69,102,,,espn,North Melbourne,Port Adelaide,NMFC,PORT
espn-2006,2018-04-28,2018,regular,GWS GIANTS,Brisbane Lions,77,43,,,espn,GWS GIANTS,Brisbane Lions,GWS,BL
espn-2007,2018-04-28,2018,regular,Adelaide Crows,Gold Coast SUNS,110,62,,,espn,Adelaide Crows,Gold Coast SUNS,ADEL,SUNS
espn-2008,2018-04-28,2018,regular,Hawthorn,St Kilda,89,54,,,espn,Hawthorn,St Kilda,HAW,STK
espn-2009,2018-04-28,2018,regular,Essendon,Melbourne,72,108,,,espn,Essendon,Melbourne,ESS,MELB
espn-2010,2018-04-29,2018,regular,Fremantle,West Coast Eagles,81,89,,,espn,Fremantle,West Coast Eagles,FRE,WCE
espn-2011,2018-04-29,2018,regular,Collingwood,Richmond,70,113,,,espn,Collingwood,Richmond,COLL,RICH
espn-2012,2018-05-04,2018,regular,Geelong Cats,GWS GIANTS,93,32,,,espn,Geelong Cats,GWS GIANTS,GEEL,GWS
espn-2013,2018-05-04,2018,regular,Western Bulldogs,Gold Coast SUNS,81,72,,,espn,Western Bulldogs,Gold Coast SUNS,WB,SUNS
espn-2014,2018-05-05,2018,regular,Essendon,Hawthorn,67,90,,,espn,Essendon,Hawthorn,ESS,HAW
espn-2015,2018-05-05,2018,regular,West Coast Eagles,Port Adelaide,102,60,,,espn,West Coast Eagles,Port Adelaide,WCE,PORT
espn-2016,2018-05-05,2018,regular,Adelaide Crows,Carlton,125,70,,,espn,Adelaide Crows,Carlton,ADEL,CARL
espn-2017,2018-05-05,2018,regular,Sydney Swans,North Melbourne,66,68,,,espn,Sydney Swans,North Melbourne,SYD,NMFC
espn-2018,2018-05-05,2018,regular,Richmond,Fremantle,110,33,,,espn,Richmond,Fremantle,RICH,FRE
espn-2019,2018-05-06,2018,regular,St Kilda,Melbourne,67,106,,,espn,St Kilda,Melbourne,STK,MELB
espn-2020,2018-05-06,2018,regular,Brisbane Lions,Collingwood,114,121,,,espn,Brisbane Lions,Collingwood,BL,COLL
espn-2021,2018-05-11,2018,regular,Hawthorn,Sydney Swans,71,79,,,espn,Hawthorn,Sydney Swans,HAW,SYD
espn-2022,2018-05-11,2018,regular,GWS GIANTS,West Coast Eagles,61,86,,,espn,GWS GIANTS,West Coast Eagles,GWS,WCE
espn-2023,2018-05-12,2018,regular,Carlton,Essendon,91,78,,,espn,Carlton,Essendon,CARL,ESS
espn-2024,2018-05-12,2018,regular,Gold Coast SUNS,Melbourne,77,146,,,espn,Gold Coast SUNS,Melbourne,SUNS,MELB
espn-2025,2018-05-12,2018,regular,Port Adelaide,Adelaide Crows,95,90,,,espn,Port Adelaide,Adelaide Crows,PORT,ADEL
espn-2026,2018-05-12,2018,regular,Fremantle,St Kilda,89,59,,,espn,Fremantle,St Kilda,FRE,STK
espn-2027,2018-05-12,2018,regular,Western Bulldogs,Brisbane Lions,107,93,,,espn,Western Bulldogs,Brisbane Lions,WB,BL
espn-2028,2018-05-12,2018,regular,North Melbourne,Richmond,72,82,,,espn,North Melbourne,Richmond,NMFC,RICH
espn-2029,2018-05-13,2018,regular,Collingwood,Geelong Cats,45,66,,,espn,Collingwood,Geelong Cats,COLL,GEEL
espn-2030,2018-05-18,2018,regular,Adelaide Crows,Western Bulldogs,63,26,,,espn,Adelaide Crows,Western Bulldogs,ADEL,WB
espn-2032,2018-05-18,2018,regular,North Melbourne,GWS GIANTS,112,69,,,espn,North Melbourne,GWS GIANTS,NMFC,GWS
espn-2031,2018-05-19,2018,regular,Gold Coast SUNS,Port Adelaide,42,82,,,espn,Gold Coast SUNS,Port Adelaide,SUNS,PORT
espn-2033,2018-05-19,2018,regular,Essendon,Geelong Cats,84,50,,,espn,Essendon,Geelong Cats,ESS,GEEL
espn-2034,2018-05-19,2018,regular,Sydney Swans,Fremantle,111,52,,,espn,Sydney Swans,Fremantle,SYD,FRE
espn-2035,2018-05-19,2018,regular,St Kilda,Collingwood,72,100,,,espn,St Kilda,Collingwood,STK,COLL
espn-2036,2018-05-19,2018,regular,Carlton,Melbourne,50,159,,,espn,Carlton,Melbourne,CARL,MELB
espn-2037,2018-05-20,2018,regular,West Coast Eagles,Richmond,130,83,,,espn,West Coast Eagles,Richmond,WCE,RICH
espn-2038,2018-05-20,2018,regular,Brisbane Lions,Hawthorn,129,73,,,espn,Brisbane Lions,Hawthorn,BL,HAW
espn-2039,2018-05-25,2018,regular,Collingwood,Western Bulldogs,90,55,,,espn,Collingwood,Western Bulldogs,COLL,WB
espn-2040,2018-05-25,2018,regular,Richmond,St Kilda,105,77,,,espn,Richmond,St Kilda,RICH,STK
espn-2041,2018-05-26,2018,regular,Brisbane Lions,Sydney Swans,49,67,,,espn,Brisbane Lions,Sydney Swans,BL,SYD
espn-2042,2018-05-26,2018,regular,Geelong Cats,Carlton,73,45,,,espn,Geelong Cats,Carlton,GEEL,CARL
espn-2043,2018-05-26,2018,regular,GWS GIANTS,Essendon,60,95,,,espn,GWS GIANTS,Essendon,GWS,ESS
espn-2044,2018-05-26,2018,regular,Hawthorn,West Coast Eagles,60,75,,,espn,Hawthorn,West Coast Eagles,HAW,WCE
espn-2045,2018-05-27,2018,regular,Fremantle,North Melbourne,58,86,,,espn,Fremantle,North Melbourne,FRE,NMFC
espn-2046,2018-05-27,2018,regular,Melbourne,Adelaide Crows,146,55,,,espn,Melbourne,Adelaide Crows,MELB,ADEL
espn-2047,2018-06-01,2018,regular,Sydney Swans,Carlton,91,61,,,espn,Sydney Swans,Carlton,SYD,CARL
espn-2048,2018-06-01,2018,regular,Western Bulldogs,Melbourne,51,100,,,espn,Western Bulldogs,Melbourne,WB,MELB
espn-2049,2018-06-02,2018,regular,Hawthorn,Port Adelaide,64,61,,,espn,Hawthorn,Port Adelaide,HAW,PORT
espn-2050,2018-06-02,2018,regular,Gold Coast SUNS,Geelong Cats,36,121,,,espn,Gold Coast SUNS,Geelong Cats,SUNS,GEEL
espn-2051,2018-06-02,2018,regular,West Coast Eagles,St Kilda,101,88,,,espn,West Coast Eagles,St Kilda,WCE,STK
espn-2052,2018-06-02,2018,regular,Essendon,Richmond,43,114,,,espn,Essendon,Richmond,ESS,RICH
espn-2053,2018-06-02,2018,regular,North Melbourne,Brisbane Lions,141,87,,,espn,North Melbourne,Brisbane Lions,NMFC,BL
espn-2054,2018-06-03,2018,regular,Collingwood,Fremantle,138,77,,,espn,Collingwood,Fremantle,COLL,FRE
espn-2055,2018-06-03,2018,regular,Adelaide Crows,GWS GIANTS,81,97,,,espn,Adelaide Crows,GWS GIANTS,ADEL,GWS
espn-2056,2018-06-08,2018,regular,Port Adelaide,Richmond,72,58,,,espn,Port Adelaide,Richmond,PORT,RICH
espn-2057,2018-06-08,2018,regular,Geelong Cats,North Melbourne,96,59,,,espn,Geelong Cats,North Melbourne,GEEL,NMFC
espn-2058,2018-06-09,2018,regular,GWS GIANTS,Gold Coast SUNS,134,26,,,espn,GWS GIANTS,Gold Coast SUNS,GWS,SUNS
espn-2059,2018-06-09,2018,regular,St Kilda,Sydney Swans,55,126,,,espn,St Kilda,Sydney Swans,STK,SYD
espn-2060,2018-06-09,2018,regular,Brisbane Lions,Essendon,62,84,,,espn,Brisbane Lions,Essendon,BL,ESS
espn-2061,2018-06-10,2018,regular,Fremantle,Adelaide Crows,71,68,,,espn,Fremantle,Adelaide Crows,FRE,ADEL
espn-2062,2018-06-11,2018,regular,Melbourne,Collingwood,91,133,,,espn,Melbourne,Collingwood,MELB,COLL
espn-2063,2018-06-14,2018,regular,Port Adelaide,Western Bulldogs,132,75,,,espn,Port Adelaide,Western Bulldogs,PORT,WB
espn-2064,2018-06-15,2018,regular,Sydney Swans,West Coast Eagles,72,57,,,espn,Sydney Swans,West Coast Eagles,SYD,WCE
espn-2065,2018-06-15,2018,regular,Carlton,Fremantle,46,103,,,espn,Carlton,Fremantle,CARL,FRE
espn-2066,2018-06-16,2018,regular,Gold Coast SUNS,St Kilda,78,80,,,espn,Gold Coast SUNS,St Kilda,SUNS,STK
espn-2067,2018-06-16,2018,regular,Hawthorn,Adelaide Crows,88,32,,,espn,Hawthorn,Adelaide Crows,HAW,ADEL
espn-2068,2018-06-17,2018,regular,Geelong Cats,Richmond,65,83,,,espn,Geelong Cats,Richmond,GEEL,RICH
espn-2069,2018-06-21,2018,regular,West Coast Eagles,Essendon,52,80,,,espn,West Coast Eagles,Essendon,WCE,ESS
espn-2070,2018-06-22,2018,regular,Port Adelaide,Melbourne,75,65,,,espn,Port Adelaide,Melbourne,PORT,MELB
espn-2071,2018-06-22,2018,regular,Hawthorn,Gold Coast SUNS,96,43,,,espn,Hawthorn,Gold Coast SUNS,HAW,SUNS
espn-2072,2018-06-23,2018,regular,Brisbane Lions,GWS GIANTS,82,109,,,espn,Brisbane Lions,GWS GIANTS,BL,GWS
espn-2073,2018-06-23,2018,regular,Western Bulldogs,North Melbourne,75,77,,,espn,Western Bulldogs,North Melbourne,WB,NMFC
espn-2074,2018-06-24,2018,regular,Collingwood,Carlton,79,59,,,espn,Collingwood,Carlton,COLL,CARL
espn-2075,2018-06-28,2018,regular,Richmond,Sydney Swans,93,67,,,espn,Richmond,Sydney Swans,RICH,SYD
espn-2076,2018-06-29,2018,regular,Western Bulldogs,Geelong Cats,103,101,,,espn,Western Bulldogs,Geelong Cats,WB,GEEL
espn-2077,2018-06-29,2018,regular,Carlton,Port Adelaide,69,90,,,espn,Carlton,Port Adelaide,CARL,PORT
espn-2078,2018-06-30,2018,regular,Adelaide Crows,West Coast Eagles,88,78,,,espn,Adelaide Crows,West Coast Eagles,ADEL,WCE
espn-2079,2018-06-30,2018,regular,Gold Coast SUNS,Collingwood,60,99,,,espn,Gold Coast SUNS,Collingwood,SUNS,COLL
espn-2080,2018-06-30,2018,regular,GWS GIANTS,Hawthorn,95,84,,,espn,GWS GIANTS,Hawthorn,GWS,HAW
espn-2081,2018-06-30,2018,regular,Melbourne,St Kilda,117,119,,,espn,Melbourne,St Kilda,MELB,STK
espn-2082,2018-07-01,2018,regular,Fremantle,Brisbane Lions,64,119,,,espn,Fremantle,Brisbane Lions,FRE,BL
espn-2083,2018-07-01,2018,regular,Essendon,North Melbourne,125,108,,,espn,Essendon,North Melbourne,ESS,NMFC
espn-2084,2018-07-05,2018,regular,Sydney Swans,Geelong Cats,59,71,,,espn,Sydney Swans,Geelong Cats,SYD,GEEL
espn-2085,2018-07-06,2018,regular,Richmond,Adelaide Crows,103,56,,,espn,Richmond,Adelaide Crows,RICH,ADEL
espn-2086,2018-07-06,2018,regular,Brisbane Lions,Carlton,120,55,,,espn,Brisbane Lions,Carlton,BL,CARL
espn-2087,2018-07-07,2018,regular,Port Adelaide,St Kilda,86,50,,,espn,Port Adelaide,St Kilda,PORT,STK
espn-2088,2018-07-07,2018,regular,Melbourne,Fremantle,102,48,,,espn,Melbourne,Fremantle,MELB,FRE
espn-2089,2018-07-07,2018,regular,Western Bulldogs,Hawthorn,59,122,,,espn,Western Bulldogs,Hawthorn,WB,HAW
espn-2090,2018-07-07,2018,regular,North Melbourne,Gold Coast SUNS,95,58,,,espn,North Melbourne,Gold Coast SUNS,NMFC,SUNS
espn-2091,2018-07-08,2018,regular,West Coast Eagles,GWS GIANTS,86,75,,,espn,West Coast Eagles,GWS GIANTS,WCE,GWS
espn-2092,2018-07-08,2018,regular,Essendon,Collingwood,62,78,,,espn,Essendon,Collingwood,ESS,COLL
espn-2093,2018-07-12,2018,regular,Adelaide Crows,Geelong Cats,112,97,,,espn,Adelaide Crows,Geelong Cats,ADEL,GEEL
espn-2094,2018-07-13,2018,regular,St Kilda,Carlton,116,52,,,espn,St Kilda,Carlton,STK,CARL
espn-2095,2018-07-13,2018,regular,Hawthorn,Brisbane Lions,65,98,,,espn,Hawthorn,Brisbane Lions,HAW,BL
espn-2096,2018-07-14,2018,regular,Melbourne,Western Bulldogs,119,69,,,espn,Melbourne,Western Bulldogs,MELB,WB
espn-2097,2018-07-14,2018,regular,Gold Coast SUNS,Essendon,51,95,,,espn,Gold Coast SUNS,Essendon,SUNS,ESS
espn-2098,2018-07-14,2018,regular,GWS GIANTS,Richmond,79,77,,,espn,GWS GIANTS,Richmond,GWS,RICH
espn-2099,2018-07-14,2018,regular,Collingwood,West Coast Eagles,67,102,,,espn,Collingwood,West Coast Eagles,COLL,WCE
espn-2100,2018-07-15,2018,regular,Fremantle,Port Adelaide,59,50,,,espn,Fremantle,Port Adelaide,FRE,PORT
espn-2101,2018-07-15,2018,regular,North Melbourne,Sydney Swans,98,104,,,espn,North Melbourne,Sydney Swans,NMFC,SYD
espn-2102,2018-07-20,2018,regular,St Kilda,Richmond,57,111,,,espn,St Kilda,Richmond,STK,RICH
espn-2103,2018-07-20,2018,regular,Collingwood,North Melbourne,130,64,,,espn,Collingwood,North Melbourne,COLL,NMFC
espn-2104,2018-07-21,2018,regular,Sydney Swans,Gold Coast SUNS,64,88,,,espn,Sydney Swans,Gold Coast SUNS,SYD,SUNS
espn-2105,2018-07-21,2018,regular,Essendon,Fremantle,99,70,,,espn,Essendon,Fremantle,ESS,FRE
espn-2106,2018-07-21,2018,regular,Brisbane Lions,Adelaide Crows,88,93,,,espn,Brisbane Lions,Adelaide Crows,BL,ADEL
espn-2107,2018-07-21,2018,regular,Geelong Cats,Melbourne,100,98,,,espn,Geelong Cats,Melbourne,GEEL,MELB
espn-2108,2018-07-21,2018,regular,Carlton,Hawthorn,52,124,,,espn,Carlton,Hawthorn,CARL,HAW
espn-2109,2018-07-22,2018,regular,West Coast Eagles,Western Bulldogs,100,46,,,espn,West Coast Eagles,Western Bulldogs,WCE,WB
espn-2110,2018-07-22,2018,regular,Port Adelaide,GWS GIANTS,58,80,,,espn,Port Adelaide,GWS GIANTS,PORT,GWS
espn-2111,2018-07-27,2018,regular,Essendon,Sydney Swans,109,66,,,espn,Essendon,Sydney Swans,ESS,SYD
espn-2112,2018-07-27,2018,regular,Richmond,Collingwood,105,77,,,espn,Richmond,Collingwood,RICH,COLL
espn-2113,2018-07-28,2018,regular,Geelong Cats,Brisbane Lions,120,78,,,espn,Geelong Cats,Brisbane Lions,GEEL,BL
espn-2114,2018-07-28,2018,regular,GWS GIANTS,St Kilda,86,61,,,espn,GWS GIANTS,St Kilda,GWS,STK
espn-2115,2018-07-28,2018,regular,Adelaide Crows,Melbourne,77,90,,,espn,Adelaide Crows,Melbourne,ADEL,MELB
espn-2116,2018-07-28,2018,regular,Gold Coast SUNS,Carlton,44,79,,,espn,Gold Coast SUNS,Carlton,SUNS,CARL
espn-2117,2018-07-28,2018,regular,North Melbourne,West Coast Eagles,81,41,,,espn,North Melbourne,West Coast Eagles,NMFC,WCE
espn-2118,2018-07-29,2018,regular,Fremantle,Hawthorn,53,112,,,espn,Fremantle,Hawthorn,FRE,HAW
espn-2119,2018-07-29,2018,regular,Western Bulldogs,Port Adelaide,34,78,,,espn,Western Bulldogs,Port Adelaide,WB,PORT
espn-2120,2018-08-03,2018,regular,Richmond,Geelong Cats,85,82,,,espn,Richmond,Geelong Cats,RICH,GEEL
espn-2121,2018-08-03,2018,regular,Hawthorn,Essendon,107,103,,,espn,Hawthorn,Essendon,HAW,ESS
espn-2122,2018-08-04,2018,regular,Brisbane Lions,North Melbourne,104,107,,,espn,Brisbane Lions,North Melbourne,BL,NMFC
espn-2123,2018-08-04,2018,regular,Adelaide Crows,Port Adelaide,96,93,,,espn,Adelaide Crows,Port Adelaide,ADEL,PORT
espn-2124,2018-08-04,2018,regular,St Kilda,Western Bulldogs,68,103,,,espn,St Kilda,Western Bulldogs,STK,WB
espn-2125,2018-08-04,2018,regular,Sydney Swans,Collingwood,73,71,,,espn,Sydney Swans,Collingwood,SYD,COLL
espn-2126,2018-08-04,2018,regular,Carlton,GWS GIANTS,46,151,,,espn,Carlton,GWS GIANTS,CARL,GWS
espn-2127,2018-08-05,2018,regular,West Coast Eagles,Fremantle,142,84,,,espn,West Coast Eagles,Fremantle,WCE,FRE
espn-2128,2018-08-05,2018,regular,Melbourne,Gold Coast SUNS,143,47,,,espn,Melbourne,Gold Coast SUNS,MELB,SUNS
espn-2129,2018-08-10,2018,regular,Essendon,St Kilda,122,79,,,espn,Essendon,St Kilda,ESS,STK
espn-2130,2018-08-10,2018,regular,Hawthorn,Geelong Cats,71,60,,,espn,Hawthorn,Geelong Cats,HAW,GEEL
espn-2131,2018-08-11,2018,regular,Gold Coast SUNS,Richmond,51,125,,,espn,Gold Coast SUNS,Richmond,SUNS,RICH
espn-2132,2018-08-11,2018,regular,Port Adelaide,West Coast Eagles,58,62,,,espn,Port Adelaide,West Coast Eagles,PORT,WCE
espn-2133,2018-08-11,2018,regular,Collingwood,Brisbane Lions,104,73,,,espn,Collingwood,Brisbane Lions,COLL,BL
espn-2134,2018-08-11,2018,regular,GWS GIANTS,Adelaide Crows,106,92,,,espn,GWS GIANTS,Adelaide Crows,GWS,ADEL
espn-2135,2018-08-11,2018,regular,North Melbourne,Western Bulldogs,85,92,,,espn,North Melbourne,Western Bulldogs,NMFC,WB
espn-2136,2018-08-12,2018,regular,Fremantle,Carlton,101,72,,,espn,Fremantle,Carlton,FRE,CARL
espn-2137,2018-08-12,2018,regular,Melbourne,Sydney Swans,78,87,,,espn,Melbourne,Sydney Swans,MELB,SYD
espn-2138,2018-08-17,2018,regular,Richmond,Essendon,81,73,,,espn,Richmond,Essendon,RICH,ESS
espn-2139,2018-08-17,2018,regular,Collingwood,Port Adelaide,115,64,,,espn,Collingwood,Port Adelaide,COLL,PORT
espn-2140,2018-08-18,2018,regular,Geelong Cats,Fremantle,158,25,,,espn,Geelong Cats,Fremantle,GEEL,FRE
espn-2141,2018-08-18,2018,regular,GWS GIANTS,Sydney Swans,60,80,,,espn,GWS GIANTS,Sydney Swans,GWS,SYD
espn-2142,2018-08-18,2018,regular,Gold Coast SUNS,Brisbane Lions,74,78,,,espn,Gold Coast SUNS,Brisbane Lions,SUNS,BL
espn-2143,2018-08-18,2018,regular,St Kilda,Hawthorn,76,80,,,espn,St Kilda,Hawthorn,STK,HAW
espn-2144,2018-08-18,2018,regular,Carlton,Western Bulldogs,49,66,,,espn,Carlton,Western Bulldogs,CARL,WB
espn-2145,2018-08-19,2018,regular,West Coast Eagles,Melbourne,91,108,,,espn,West Coast Eagles,Melbourne,WCE,MELB
espn-2146,2018-08-19,2018,regular,Adelaide Crows,North Melbourne,86,77,,,espn,Adelaide Crows,North Melbourne,ADEL,NMFC
espn-2147,2018-08-24,2018,regular,Port Adelaide,Essendon,89,111,,,espn,Port Adelaide,Essendon,PORT,ESS
espn-2149,2018-08-24,2018,regular,Geelong Cats,Gold Coast SUNS,142,40,,,espn,Geelong Cats,Gold Coast SUNS,GEEL,SUNS
espn-2148,2018-08-25,2018,regular,Carlton,Adelaide Crows,61,165,,,espn,Carlton,Adelaide Crows,CARL,ADEL
espn-2150,2018-08-25,2018,regular,Richmond,Western Bulldogs,98,95,,,espn,Richmond,Western Bulldogs,RICH,WB
espn-2151,2018-08-25,2018,regular,Sydney Swans,Hawthorn,74,83,,,espn,Sydney Swans,Hawthorn,SYD,HAW
espn-2152,2018-08-25,2018,regular,Brisbane Lions,West Coast Eagles,72,98,,,espn,Brisbane Lions,West Coast Eagles,BL,WCE
espn-2155,2018-08-25,2018,regular,Fremantle,Collingwood,67,76,,,espn,Fremantle,Collingwood,FRE,COLL
espn-2153,2018-08-26,2018,regular,St Kilda,North Melbourne,94,117,,,espn,St Kilda,North Melbourne,STK,NMFC
espn-2154,2018-08-26,2018,regular,Melbourne,GWS GIANTS,102,57,,,espn,Melbourne,GWS GIANTS,MELB,GWS
espn-2160,2018-09-06,2018,postseason,Richmond,Hawthorn,95,64,,,espn,Richmond,Hawthorn,RICH,HAW
espn-2156,2018-09-07,2018,postseason,Melbourne,Geelong Cats,75,46,,,espn,Melbourne,Geelong Cats,MELB,GEEL
espn-2157,2018-09-08,2018,postseason,West Coast Eagles,Collingwood,86,70,,,espn,West Coast Eagles,Collingwood,WCE,COLL
espn-2158,2018-09-08,2018,postseason,Sydney Swans,GWS GIANTS,30,79,,,espn,Sydney Swans,GWS GIANTS,SYD,GWS
espn-2161,2018-09-14,2018,postseason,Hawthorn,Melbourne,71,104,,,espn,Hawthorn,Melbourne,HAW,MELB
espn-2162,2018-09-15,2018,postseason,Collingwood,GWS GIANTS,69,59,,,espn,Collingwood,GWS GIANTS,COLL,GWS
espn-2163,2018-09-21,2018,postseason,Richmond,Collingwood,58,97,,,espn,Richmond,Collingwood,RICH,COLL
espn-2164,2018-09-22,2018,postseason,West Coast Eagles,Melbourne,121,55,,,espn,West Coast Eagles,Melbourne,WCE,MELB
espn-2165,2018-09-29,2018,postseason,West Coast Eagles,Collingwood,79,74,,,espn,West Coast Eagles,Collingwood,WCE,COLL
espn-11826,2019-03-01,2019,regular,West Coast Eagles,Geelong Cats,99,65,,,espn,West Coast Eagles,Geelong Cats,WCE,GEEL
espn-11827,2019-03-01,2019,regular,North Melbourne,St Kilda,77,102,,,espn,North Melbourne,St Kilda,NMFC,STK
espn-11828,2019-03-02,2019,regular,Adelaide Crows,Port Adelaide,106,89,,,espn,Adelaide Crows,Port Adelaide,ADEL,PORT
espn-11829,2019-03-02,2019,regular,GWS GIANTS,Sydney Swans,81,59,,,espn,GWS GIANTS,Sydney Swans,GWS,SYD
espn-11830,2019-03-02,2019,regular,Brisbane Lions,Hawthorn,102,60,,,espn,Brisbane Lions,Hawthorn,BL,HAW
espn-11831,2019-03-03,2019,regular,Richmond,Melbourne,113,101,,,espn,Richmond,Melbourne,RICH,MELB
espn-11832,2019-03-03,2019,regular,Gold Coast SUNS,Western Bulldogs,77,72,,,espn,Gold Coast SUNS,Western Bulldogs,SUNS,WB
espn-11833,2019-03-04,2019,regular,Fremantle,Collingwood,84,111,,,espn,Fremantle,Collingwood,FRE,COLL
espn-11834,2019-03-07,2019,regular,Geelong Cats,Essendon,101,73,,,espn,Geelong Cats,Essendon,GEEL,ESS
espn-11835,2019-03-08,2019,regular,GWS GIANTS,Adelaide Crows,57,75,,,espn,GWS GIANTS,Adelaide Crows,GWS,ADEL
espn-11836,2019-03-08,2019,regular,Port Adelaide,North Melbourne,123,102,,,espn,Port Adelaide,North Melbourne,PORT,NMFC
espn-11837,2019-03-09,2019,regular,Melbourne,Brisbane Lions,97,104,,,espn,Melbourne,Brisbane Lions,MELB,BL
espn-11838,2019-03-09,2019,regular,Hawthorn,Richmond,87,95,,,espn,Hawthorn,Richmond,HAW,RICH
espn-11839,2019-03-09,2019,regular,Sydney Swans,Gold Coast SUNS,123,81,,,espn,Sydney Swans,Gold Coast SUNS,SYD,SUNS
espn-11840,2019-03-10,2019,regular,Western Bulldogs,St Kilda,79,93,,,espn,Western Bulldogs,St Kilda,WB,STK
espn-11841,2019-03-10,2019,regular,Fremantle,West Coast Eagles,58,109,,,espn,Fremantle,West Coast Eagles,FRE,WCE
espn-11842,2019-03-10,2019,regular,Collingwood,Carlton,77,73,,,espn,Collingwood,Carlton,COLL,CARL
espn-11627,2019-03-21,2019,regular,Carlton,Richmond,64,97,,,espn,Carlton,Richmond,CARL,RICH
espn-11628,2019-03-22,2019,regular,Collingwood,Geelong Cats,65,72,,,espn,Collingwood,Geelong Cats,COLL,GEEL
espn-11629,2019-03-22,2019,regular,Melbourne,Port Adelaide,61,87,,,espn,Melbourne,Port Adelaide,MELB,PORT
espn-11630,2019-03-23,2019,regular,Adelaide Crows,Hawthorn,55,87,,,espn,Adelaide Crows,Hawthorn,ADEL,HAW
espn-11631,2019-03-23,2019,regular,Brisbane Lions,West Coast Eagles,102,58,,,espn,Brisbane Lions,West Coast Eagles,BL,WCE
espn-11632,2019-03-23,2019,regular,Western Bulldogs,Sydney Swans,82,65,,,espn,Western Bulldogs,Sydney Swans,WB,SYD
espn-11633,2019-03-23,2019,regular,St Kilda,Gold Coast SUNS,85,84,,,espn,St Kilda,Gold Coast SUNS,STK,SUNS
espn-11634,2019-03-24,2019,regular,GWS GIANTS,Essendon,112,40,,,espn,GWS GIANTS,Essendon,GWS,ESS
espn-11635,2019-03-24,2019,regular,Fremantle,North Melbourne,141,59,,,espn,Fremantle,North Melbourne,FRE,NMFC
espn-11636,2019-03-28,2019,regular,Richmond,Collingwood,66,110,,,espn,Richmond,Collingwood,RICH,COLL
espn-11637,2019-03-29,2019,regular,Sydney Swans,Adelaide Crows,62,88,,,espn,Sydney Swans,Adelaide Crows,SYD,ADEL
espn-11638,2019-03-30,2019,regular,Essendon,St Kilda,65,76,,,espn,Essendon,St Kilda,ESS,STK
espn-11639,2019-03-30,2019,regular,Port Adelaide,Carlton,88,72,,,espn,Port Adelaide,Carlton,PORT,CARL
espn-11640,2019-03-30,2019,regular,West Coast Eagles,GWS GIANTS,104,52,,,espn,West Coast Eagles,GWS GIANTS,WCE,GWS
espn-11641,2019-03-30,2019,regular,Geelong Cats,Melbourne,126,46,,,espn,Geelong Cats,Melbourne,GEEL,MELB
espn-11642,2019-03-30,2019,regular,North Melbourne,Brisbane Lions,87,107,,,espn,North Melbourne,Brisbane Lions,NMFC,BL
espn-11643,2019-03-31,2019,regular,Hawthorn,Western Bulldogs,87,106,,,espn,Hawthorn,Western Bulldogs,HAW,WB
espn-11644,2019-03-31,2019,regular,Gold Coast SUNS,Fremantle,61,58,,,espn,Gold Coast SUNS,Fremantle,SUNS,FRE
espn-11645,2019-04-04,2019,regular,Adelaide Crows,Geelong Cats,75,99,,,espn,Adelaide Crows,Geelong Cats,ADEL,GEEL
espn-11646,2019-04-05,2019,regular,Melbourne,Essendon,112,130,,,espn,Melbourne,Essendon,MELB,ESS
espn-11647,2019-04-05,2019,regular,Carlton,Sydney Swans,74,93,,,espn,Carlton,Sydney Swans,CARL,SYD
espn-11648,2019-04-06,2019,regular,GWS GIANTS,Richmond,125,76,,,espn,GWS GIANTS,Richmond,GWS,RICH
espn-11649,2019-04-06,2019,regular,Brisbane Lions,Port Adelaide,107,90,,,espn,Brisbane Lions,Port Adelaide,BL,PORT
espn-11650,2019-04-06,2019,regular,Collingwood,West Coast Eagles,76,98,,,espn,Collingwood,West Coast Eagles,COLL,WCE
espn-11651,2019-04-07,2019,regular,Western Bulldogs,Gold Coast SUNS,68,73,,,espn,Western Bulldogs,Gold Coast SUNS,WB,SUNS
espn-11652,2019-04-07,2019,regular,Hawthorn,North Melbourne,87,71,,,espn,Hawthorn,North Melbourne,HAW,NMFC
espn-11653,2019-04-07,2019,regular,Fremantle,St Kilda,71,66,,,espn,Fremantle,St Kilda,FRE,STK
espn-11654,2019-04-11,2019,regular,Sydney Swans,Melbourne,78,100,,,espn,Sydney Swans,Melbourne,SYD,MELB
espn-11655,2019-04-12,2019,regular,Collingwood,Western Bulldogs,78,64,,,espn,Collingwood,Western Bulldogs,COLL,WB
espn-11656,2019-04-12,2019,regular,Geelong Cats,GWS GIANTS,75,79,,,espn,Geelong Cats,GWS GIANTS,GEEL,GWS
espn-11657,2019-04-13,2019,regular,Essendon,Brisbane Lions,112,65,,,espn,Essendon,Brisbane Lions,ESS,BL
espn-11658,2019-04-13,2019,regular,Port Adelaide,Richmond,92,99,,,espn,Port Adelaide,Richmond,PORT,RICH
espn-11659,2019-04-13,2019,regular,West Coast Eagles,Fremantle,69,56,,,espn,West Coast Eagles,Fremantle,WCE,FRE
espn-11660,2019-04-13,2019,regular,North Melbourne,Adelaide Crows,71,59,,,espn,North Melbourne,Adelaide Crows,NMFC,ADEL
espn-11661,2019-04-14,2019,regular,Gold Coast SUNS,Carlton,59,57,,,espn,Gold Coast SUNS,Carlton,SUNS,CARL
espn-11662,2019-04-14,2019,regular,St Kilda,Hawthorn,74,69,,,espn,St Kilda,Hawthorn,STK,HAW
espn-11663,2019-04-18,2019,regular,Brisbane Lions,Collingwood,61,123,,,espn,Brisbane Lions,Collingwood,BL,COLL
espn-11664,2019-04-19,2019,regular,North Melbourne,Essendon,58,116,,,espn,North Melbourne,Essendon,NMFC,ESS
espn-11665,2019-04-19,2019,regular,West Coast Eagles,Port Adelaide,53,95,,,espn,West Coast Eagles,Port Adelaide,WCE,PORT
espn-11666,2019-04-19,2019,regular,GWS GIANTS,Fremantle,82,106,,,espn,GWS GIANTS,Fremantle,GWS,FRE
espn-11667,2019-04-20,2019,regular,Melbourne,St Kilda,55,95,,,espn,Melbourne,St Kilda,MELB,STK
espn-11668,2019-04-20,2019,regular,Richmond,Sydney Swans,89,67,,,espn,Richmond,Sydney Swans,RICH,SYD
espn-11669,2019-04-20,2019,regular,Western Bulldogs,Carlton,57,101,,,espn,Western Bulldogs,Carlton,WB,CARL
espn-11670,2019-04-21,2019,regular,Adelaide Crows,Gold Coast SUNS,119,46,,,espn,Adelaide Crows,Gold Coast SUNS,ADEL,SUNS
espn-11671,2019-04-22,2019,regular,Hawthorn,Geelong Cats,90,113,,,espn,Hawthorn,Geelong Cats,HAW,GEEL
espn-11672,2019-04-24,2019,regular,Richmond,Melbourne,85,42,,,espn,Richmond,Melbourne,RICH,MELB
espn-11673,2019-04-25,2019,regular,Essendon,Collingwood,69,73,,,espn,Essendon,Collingwood,ESS,COLL
espn-11674,2019-04-26,2019,regular,Port Adelaide,North Melbourne,88,72,,,espn,Port Adelaide,North Melbourne,PORT,NMFC
espn-11675,2019-04-26,2019,regular,Gold Coast SUNS,Brisbane Lions,62,111,,,espn,Gold Coast SUNS,Brisbane Lions,SUNS,BL
espn-11676,2019-04-27,2019,regular,St Kilda,Adelaide Crows,68,97,,,espn,St Kilda,Adelaide Crows,STK,ADEL
espn-11677,2019-04-27,2019,regular,Fremantle,Western Bulldogs,88,69,,,espn,Fremantle,Western Bulldogs,FRE,WB
espn-11678,2019-04-27,2019,regular,Sydney Swans,GWS GIANTS,79,120,,,espn,Sydney Swans,GWS GIANTS,SYD,GWS
espn-11679,2019-04-28,2019,regular,Hawthorn,Carlton,93,88,,,espn,Hawthorn,Carlton,HAW,CARL
espn-11680,2019-04-28,2019,regular,Geelong Cats,West Coast Eagles,104,46,,,espn,Geelong Cats,West Coast Eagles,GEEL,WCE
espn-11681,2019-05-03,2019,regular,Collingwood,Port Adelaide,108,69,,,espn,Collingwood,Port Adelaide,COLL,PORT
espn-11682,2019-05-03,2019,regular,Melbourne,Hawthorn,79,74,,,espn,Melbourne,Hawthorn,MELB,HAW
espn-11683,2019-05-03,2019,regular,GWS GIANTS,St Kilda,114,70,,,espn,GWS GIANTS,St Kilda,GWS,STK
espn-11684,2019-05-04,2019,regular,Brisbane Lions,Sydney Swans,103,81,,,espn,Brisbane Lions,Sydney Swans,BL,SYD
espn-11685,2019-05-04,2019,regular,West Coast Eagles,Gold Coast SUNS,80,57,,,espn,West Coast Eagles,Gold Coast SUNS,WCE,SUNS
espn-11686,2019-05-04,2019,regular,Western Bulldogs,Richmond,99,52,,,espn,Western Bulldogs,Richmond,WB,RICH
espn-11687,2019-05-04,2019,regular,Carlton,North Melbourne,62,120,,,espn,Carlton,North Melbourne,CARL,NMFC
espn-11688,2019-05-05,2019,regular,Geelong Cats,Essendon,86,54,,,espn,Geelong Cats,Essendon,GEEL,ESS
espn-11689,2019-05-05,2019,regular,Adelaide Crows,Fremantle,51,34,,,espn,Adelaide Crows,Fremantle,ADEL,FRE
espn-11690,2019-05-10,2019,regular,Sydney Swans,Essendon,77,72,,,espn,Sydney Swans,Essendon,SYD,ESS
espn-11691,2019-05-10,2019,regular,Western Bulldogs,Brisbane Lions,92,76,,,espn,Western Bulldogs,Brisbane Lions,WB,BL
espn-11692,2019-05-10,2019,regular,Carlton,Collingwood,87,106,,,espn,Carlton,Collingwood,CARL,COLL
espn-11693,2019-05-11,2019,regular,Gold Coast SUNS,Melbourne,60,61,,,espn,Gold Coast SUNS,Melbourne,SUNS,MELB
espn-11694,2019-05-11,2019,regular,Port Adelaide,Adelaide Crows,68,88,,,espn,Port Adelaide,Adelaide Crows,PORT,ADEL
espn-11695,2019-05-11,2019,regular,St Kilda,West Coast Eagles,70,88,,,espn,St Kilda,West Coast Eagles,STK,WCE
espn-11696,2019-05-11,2019,regular,North Melbourne,Geelong Cats,80,104,,,espn,North Melbourne,Geelong Cats,NMFC,GEEL
espn-11697,2019-05-12,2019,regular,Hawthorn,GWS GIANTS,71,38,,,espn,Hawthorn,GWS GIANTS,HAW,GWS
espn-11698,2019-05-12,2019,regular,Fremantle,Richmond,86,111,,,espn,Fremantle,Richmond,FRE,RICH
espn-11699,2019-05-17,2019,regular,West Coast Eagles,Melbourne,85,69,,,espn,West Coast Eagles,Melbourne,WCE,MELB
espn-11700,2019-05-17,2019,regular,Collingwood,St Kilda,112,71,,,espn,Collingwood,St Kilda,COLL,STK
espn-11701,2019-05-18,2019,regular,Brisbane Lions,Adelaide Crows,93,92,,,espn,Brisbane Lions,Adelaide Crows,BL,ADEL
espn-11702,2019-05-18,2019,regular,Geelong Cats,Western Bulldogs,133,89,,,espn,Geelong Cats,Western Bulldogs,GEEL,WB
espn-11703,2019-05-18,2019,regular,Essendon,Fremantle,60,53,,,espn,Essendon,Fremantle,ESS,FRE
espn-11704,2019-05-18,2019,regular,North Melbourne,Sydney Swans,72,77,,,espn,North Melbourne,Sydney Swans,NMFC,SYD
espn-11705,2019-05-18,2019,regular,Port Adelaide,Gold Coast SUNS,89,51,,,espn,Port Adelaide,Gold Coast SUNS,PORT,SUNS
espn-11706,2019-05-19,2019,regular,Richmond,Hawthorn,95,59,,,espn,Richmond,Hawthorn,RICH,HAW
espn-11707,2019-05-19,2019,regular,GWS GIANTS,Carlton,138,45,,,espn,GWS GIANTS,Carlton,GWS,CARL
espn-11708,2019-05-24,2019,regular,Sydney Swans,Collingwood,73,80,,,espn,Sydney Swans,Collingwood,SYD,COLL
espn-11709,2019-05-24,2019,regular,Hawthorn,Port Adelaide,80,49,,,espn,Hawthorn,Port Adelaide,HAW,PORT
espn-11710,2019-05-25,2019,regular,Western Bulldogs,North Melbourne,90,115,,,espn,Western Bulldogs,North Melbourne,WB,NMFC
espn-11711,2019-05-25,2019,regular,Adelaide Crows,West Coast Eagles,73,85,,,espn,Adelaide Crows,West Coast Eagles,ADEL,WCE
espn-11712,2019-05-25,2019,regular,Gold Coast SUNS,Geelong Cats,64,91,,,espn,Gold Coast SUNS,Geelong Cats,SUNS,GEEL
espn-11713,2019-05-25,2019,regular,Richmond,Essendon,73,50,,,espn,Richmond,Essendon,RICH,ESS
espn-11714,2019-05-25,2019,regular,Melbourne,GWS GIANTS,68,94,,,espn,Melbourne,GWS GIANTS,MELB,GWS
espn-11715,2019-05-26,2019,regular,St Kilda,Carlton,68,55,,,espn,St Kilda,Carlton,STK,CARL
espn-11716,2019-05-26,2019,regular,Fremantle,Brisbane Lions,73,72,,,espn,Fremantle,Brisbane Lions,FRE,BL
espn-11717,2019-05-31,2019,regular,North Melbourne,Richmond,99,62,,,espn,North Melbourne,Richmond,NMFC,RICH
espn-11718,2019-05-31,2019,regular,Collingwood,Fremantle,75,79,,,espn,Collingwood,Fremantle,COLL,FRE
espn-11719,2019-05-31,2019,regular,GWS GIANTS,Gold Coast SUNS,126,43,,,espn,GWS GIANTS,Gold Coast SUNS,GWS,SUNS
espn-11720,2019-06-01,2019,regular,Geelong Cats,Sydney Swans,85,63,,,espn,Geelong Cats,Sydney Swans,GEEL,SYD
espn-11721,2019-06-01,2019,regular,Melbourne,Adelaide Crows,88,90,,,espn,Melbourne,Adelaide Crows,MELB,ADEL
espn-11722,2019-06-01,2019,regular,Brisbane Lions,Hawthorn,85,66,,,espn,Brisbane Lions,Hawthorn,BL,HAW
espn-11723,2019-06-02,2019,regular,St Kilda,Port Adelaide,69,139,,,espn,St Kilda,Port Adelaide,STK,PORT
espn-11724,2019-06-02,2019,regular,Essendon,Carlton,74,33,,,espn,Essendon,Carlton,ESS,CARL
espn-11725,2019-06-02,2019,regular,West Coast Eagles,Western Bulldogs,133,72,,,espn,West Coast Eagles,Western Bulldogs,WCE,WB
espn-11726,2019-06-07,2019,regular,Richmond,Geelong Cats,37,104,,,espn,Richmond,Geelong Cats,RICH,GEEL
espn-11727,2019-06-07,2019,regular,Carlton,Brisbane Lions,78,63,,,espn,Carlton,Brisbane Lions,CARL,BL
espn-11728,2019-06-08,2019,regular,Gold Coast SUNS,North Melbourne,72,99,,,espn,Gold Coast SUNS,North Melbourne,SUNS,NMFC
espn-11729,2019-06-08,2019,regular,Adelaide Crows,GWS GIANTS,82,61,,,espn,Adelaide Crows,GWS GIANTS,ADEL,GWS
espn-11730,2019-06-09,2019,regular,Sydney Swans,West Coast Eagles,116,71,,,espn,Sydney Swans,West Coast Eagles,SYD,WCE
espn-11731,2019-06-10,2019,regular,Collingwood,Melbourne,98,57,,,espn,Collingwood,Melbourne,COLL,MELB
espn-11732,2019-06-13,2019,regular,Adelaide Crows,Richmond,101,68,,,espn,Adelaide Crows,Richmond,ADEL,RICH
espn-11733,2019-06-14,2019,regular,Essendon,Hawthorn,96,77,,,espn,Essendon,Hawthorn,ESS,HAW
espn-11734,2019-06-14,2019,regular,Gold Coast SUNS,St Kilda,76,80,,,espn,Gold Coast SUNS,St Kilda,SUNS,STK
espn-11735,2019-06-15,2019,regular,Fremantle,Port Adelaide,100,79,,,espn,Fremantle,Port Adelaide,FRE,PORT
espn-11736,2019-06-15,2019,regular,Carlton,Western Bulldogs,100,103,,,espn,Carlton,Western Bulldogs,CARL,WB
espn-11737,2019-06-16,2019,regular,North Melbourne,GWS GIANTS,68,91,,,espn,North Melbourne,GWS GIANTS,NMFC,GWS
espn-11738,2019-06-20,2019,regular,West Coast Eagles,Essendon,106,71,,,espn,West Coast Eagles,Essendon,WCE,ESS
espn-11739,2019-06-21,2019,regular,Sydney Swans,Hawthorn,82,63,,,espn,Sydney Swans,Hawthorn,SYD,HAW
espn-11740,2019-06-21,2019,regular,Melbourne,Fremantle,85,71,,,espn,Melbourne,Fremantle,MELB,FRE
espn-11741,2019-06-22,2019,regular,St Kilda,Brisbane Lions,59,115,,,espn,St Kilda,Brisbane Lions,STK,BL
espn-11742,2019-06-22,2019,regular,Port Adelaide,Geelong Cats,67,56,,,espn,Port Adelaide,Geelong Cats,PORT,GEEL
espn-11743,2019-06-23,2019,regular,Western Bulldogs,Collingwood,73,82,,,espn,Western Bulldogs,Collingwood,WB,COLL
espn-11744,2019-06-27,2019,regular,Essendon,GWS GIANTS,77,71,,,espn,Essendon,GWS GIANTS,ESS,GWS
espn-11745,2019-06-28,2019,regular,Geelong Cats,Adelaide Crows,96,69,,,espn,Geelong Cats,Adelaide Crows,GEEL,ADEL
espn-11746,2019-06-28,2019,regular,Hawthorn,West Coast Eagles,71,77,,,espn,Hawthorn,West Coast Eagles,HAW,WCE
espn-11747,2019-06-29,2019,regular,Sydney Swans,Gold Coast SUNS,93,51,,,espn,Sydney Swans,Gold Coast SUNS,SYD,SUNS
espn-11748,2019-06-29,2019,regular,Port Adelaide,Western Bulldogs,41,66,,,espn,Port Adelaide,Western Bulldogs,PORT,WB
espn-11749,2019-06-29,2019,regular,Collingwood,North Melbourne,37,81,,,espn,Collingwood,North Melbourne,COLL,NMFC
espn-11750,2019-06-29,2019,regular,St Kilda,Richmond,70,103,,,espn,St Kilda,Richmond,STK,RICH
espn-11751,2019-06-30,2019,regular,Brisbane Lions,Melbourne,107,74,,,espn,Brisbane Lions,Melbourne,BL,MELB
espn-11752,2019-06-30,2019,regular,Fremantle,Carlton,75,79,,,espn,Fremantle,Carlton,FRE,CARL
espn-11753,2019-07-05,2019,regular,Hawthorn,Collingwood,67,63,,,espn,Hawthorn,Collingwood,HAW,COLL
espn-11754,2019-07-05,2019,regular,Essendon,Sydney Swans,76,66,,,espn,Essendon,Sydney Swans,ESS,SYD
espn-11755,2019-07-06,2019,regular,Gold Coast SUNS,Richmond,58,150,,,espn,Gold Coast SUNS,Richmond,SUNS,RICH
espn-11756,2019-07-06,2019,regular,Adelaide Crows,Port Adelaide,44,101,,,espn,Adelaide Crows,Port Adelaide,ADEL,PORT
espn-11757,2019-07-06,2019,regular,Fremantle,West Coast Eagles,31,122,,,espn,Fremantle,West Coast Eagles,FRE,WCE
espn-11758,2019-07-06,2019,regular,Western Bulldogs,Geelong Cats,71,55,,,espn,Western Bulldogs,Geelong Cats,WB,GEEL
espn-11759,2019-07-06,2019,regular,Carlton,Melbourne,100,105,,,espn,Carlton,Melbourne,CARL,MELB
espn-11760,2019-07-07,2019,regular,North Melbourne,St Kilda,112,73,,,espn,North Melbourne,St Kilda,NMFC,STK
espn-11761,2019-07-07,2019,regular,GWS GIANTS,Brisbane Lions,74,94,,,espn,GWS GIANTS,Brisbane Lions,GWS,BL
espn-11762,2019-07-12,2019,regular,West Coast Eagles,Collingwood,77,78,,,espn,West Coast Eagles,Collingwood,WCE,COLL
espn-11763,2019-07-12,2019,regular,Sydney Swans,Carlton,62,69,,,espn,Sydney Swans,Carlton,SYD,CARL
espn-11764,2019-07-13,2019,regular,Hawthorn,Fremantle,84,53,,,espn,Hawthorn,Fremantle,HAW,FRE
espn-11765,2019-07-13,2019,regular,Essendon,North Melbourne,86,81,,,espn,Essendon,North Melbourne,ESS,NMFC
espn-11766,2019-07-13,2019,regular,Gold Coast SUNS,Adelaide Crows,56,151,,,espn,Gold Coast SUNS,Adelaide Crows,SUNS,ADEL
espn-11767,2019-07-13,2019,regular,Geelong Cats,St Kilda,84,57,,,espn,Geelong Cats,St Kilda,GEEL,STK
espn-11768,2019-07-13,2019,regular,Richmond,GWS GIANTS,94,67,,,espn,Richmond,GWS GIANTS,RICH,GWS
espn-11769,2019-07-14,2019,regular,Western Bulldogs,Melbourne,74,66,,,espn,Western Bulldogs,Melbourne,WB,MELB
espn-11770,2019-07-14,2019,regular,Port Adelaide,Brisbane Lions,49,97,,,espn,Port Adelaide,Brisbane Lions,PORT,BL
espn-11771,2019-07-19,2019,regular,Adelaide Crows,Essendon,75,96,,,espn,Adelaide Crows,Essendon,ADEL,ESS
espn-11772,2019-07-19,2019,regular,Richmond,Port Adelaide,101,63,,,espn,Richmond,Port Adelaide,RICH,PORT
espn-11773,2019-07-20,2019,regular,Carlton,Gold Coast SUNS,99,75,,,espn,Carlton,Gold Coast SUNS,CARL,SUNS
espn-11774,2019-07-20,2019,regular,GWS GIANTS,Collingwood,122,75,,,espn,GWS GIANTS,Collingwood,GWS,COLL
espn-11775,2019-07-20,2019,regular,Fremantle,Sydney Swans,52,51,,,espn,Fremantle,Sydney Swans,FRE,SYD
espn-11776,2019-07-20,2019,regular,Brisbane Lions,North Melbourne,87,75,,,espn,Brisbane Lions,North Melbourne,BL,NMFC
espn-11777,2019-07-20,2019,regular,Geelong Cats,Hawthorn,61,85,,,espn,Geelong Cats,Hawthorn,GEEL,HAW
espn-11778,2019-07-21,2019,regular,Melbourne,West Coast Eagles,78,91,,,espn,Melbourne,West Coast Eagles,MELB,WCE
espn-11779,2019-07-21,2019,regular,St Kilda,Western Bulldogs,116,89,,,espn,St Kilda,Western Bulldogs,STK,WB
espn-11780,2019-07-26,2019,regular,Collingwood,Richmond,66,98,,,espn,Collingwood,Richmond,COLL,RICH
espn-11781,2019-07-26,2019,regular,Hawthorn,Brisbane Lions,60,87,,,espn,Hawthorn,Brisbane Lions,HAW,BL
espn-11782,2019-07-27,2019,regular,Carlton,Adelaide Crows,87,60,,,espn,Carlton,Adelaide Crows,CARL,ADEL
espn-11783,2019-07-27,2019,regular,West Coast Eagles,North Melbourne,121,72,,,espn,West Coast Eagles,North Melbourne,WCE,NMFC
espn-11784,2019-07-27,2019,regular,Port Adelaide,GWS GIANTS,55,56,,,espn,Port Adelaide,GWS GIANTS,PORT,GWS
espn-11785,2019-07-27,2019,regular,St Kilda,Melbourne,104,85,,,espn,St Kilda,Melbourne,STK,MELB
espn-11786,2019-07-27,2019,regular,Western Bulldogs,Fremantle,113,66,,,espn,Western Bulldogs,Fremantle,WB,FRE
espn-11787,2019-07-28,2019,regular,Sydney Swans,Geelong Cats,80,107,,,espn,Sydney Swans,Geelong Cats,SYD,GEEL
espn-11788,2019-07-28,2019,regular,Gold Coast SUNS,Essendon,96,106,,,espn,Gold Coast SUNS,Essendon,SUNS,ESS
espn-11789,2019-08-02,2019,regular,North Melbourne,Hawthorn,86,64,,,espn,North Melbourne,Hawthorn,NMFC,HAW
espn-11790,2019-08-02,2019,regular,Essendon,Port Adelaide,67,126,,,espn,Essendon,Port Adelaide,ESS,PORT
espn-11791,2019-08-03,2019,regular,GWS GIANTS,Sydney Swans,83,81,,,espn,GWS GIANTS,Sydney Swans,GWS,SYD
espn-11792,2019-08-03,2019,regular,Fremantle,Geelong Cats,95,61,,,espn,Fremantle,Geelong Cats,FRE,GEEL
espn-11793,2019-08-03,2019,regular,Adelaide Crows,St Kilda,92,70,,,espn,Adelaide Crows,St Kilda,ADEL,STK
espn-11794,2019-08-03,2019,regular,Melbourne,Richmond,60,93,,,espn,Melbourne,Richmond,MELB,RICH
espn-11795,2019-08-03,2019,regular,Collingwood,Gold Coast SUNS,120,51,,,espn,Collingwood,Gold Coast SUNS,COLL,SUNS
espn-11796,2019-08-04,2019,regular,Carlton,West Coast Eagles,75,99,,,espn,Carlton,West Coast Eagles,CARL,WCE
espn-11797,2019-08-04,2019,regular,Brisbane Lions,Western Bulldogs,98,80,,,espn,Brisbane Lions,Western Bulldogs,BL,WB
espn-11798,2019-08-09,2019,regular,GWS GIANTS,Hawthorn,29,85,,,espn,GWS GIANTS,Hawthorn,GWS,HAW
espn-11800,2019-08-09,2019,regular,Melbourne,Collingwood,53,70,,,espn,Melbourne,Collingwood,MELB,COLL
espn-11799,2019-08-10,2019,regular,Port Adelaide,Sydney Swans,103,56,,,espn,Port Adelaide,Sydney Swans,PORT,SYD
espn-11801,2019-08-10,2019,regular,Brisbane Lions,Gold Coast SUNS,144,53,,,espn,Brisbane Lions,Gold Coast SUNS,BL,SUNS
espn-11802,2019-08-10,2019,regular,Essendon,Western Bulldogs,33,137,,,espn,Essendon,Western Bulldogs,ESS,WB
espn-11803,2019-08-10,2019,regular,Geelong Cats,North Melbourne,69,14,,,espn,Geelong Cats,North Melbourne,GEEL,NMFC
espn-11804,2019-08-10,2019,regular,St Kilda,Fremantle,72,69,,,espn,St Kilda,Fremantle,STK,FRE
espn-11805,2019-08-11,2019,regular,West Coast Eagles,Adelaide Crows,90,80,,,espn,West Coast Eagles,Adelaide Crows,WCE,ADEL
espn-11806,2019-08-11,2019,regular,Richmond,Carlton,73,45,,,espn,Richmond,Carlton,RICH,CARL
espn-11807,2019-08-16,2019,regular,Melbourne,Sydney Swans,42,95,,,espn,Melbourne,Sydney Swans,MELB,SYD
espn-11808,2019-08-16,2019,regular,Carlton,St Kilda,78,68,,,espn,Carlton,St Kilda,CARL,STK
espn-11809,2019-08-17,2019,regular,Brisbane Lions,Geelong Cats,75,74,,,espn,Brisbane Lions,Geelong Cats,BL,GEEL
espn-11810,2019-08-17,2019,regular,Adelaide Crows,Collingwood,48,114,,,espn,Adelaide Crows,Collingwood,ADEL,COLL
espn-11811,2019-08-17,2019,regular,Fremantle,Essendon,55,87,,,espn,Fremantle,Essendon,FRE,ESS
espn-11812,2019-08-17,2019,regular,North Melbourne,Port Adelaide,144,58,,,espn,North Melbourne,Port Adelaide,NMFC,PORT
espn-11813,2019-08-17,2019,regular,Richmond,West Coast Eagles,88,82,,,espn,Richmond,West Coast Eagles,RICH,WCE
espn-11814,2019-08-18,2019,regular,GWS GIANTS,Western Bulldogs,65,126,,,espn,GWS GIANTS,Western Bulldogs,GWS,WB
espn-11815,2019-08-18,2019,regular,Hawthorn,Gold Coast SUNS,118,48,,,espn,Hawthorn,Gold Coast SUNS,HAW,SUNS
espn-11823,2019-08-23,2019,regular,Collingwood,Essendon,76,65,,,espn,Collingwood,Essendon,COLL,ESS
espn-11824,2019-08-23,2019,regular,Sydney Swans,St Kilda,109,64,,,espn,Sydney Swans,St Kilda,SYD,STK
espn-11817,2019-08-24,2019,regular,North Melbourne,Melbourne,88,83,,,espn,North Melbourne,Melbourne,NMFC,MELB
espn-11819,2019-08-24,2019,regular,Gold Coast SUNS,GWS GIANTS,55,127,,,espn,Gold Coast SUNS,GWS GIANTS,SUNS,GWS
espn-11820,2019-08-24,2019,regular,West Coast Eagles,Hawthorn,67,105,,,espn,West Coast Eagles,Hawthorn,WCE,HAW
espn-11821,2019-08-24,2019,regular,Geelong Cats,Carlton,129,61,,,espn,Geelong Cats,Carlton,GEEL,CARL
espn-11822,2019-08-24,2019,regular,Western Bulldogs,Adelaide Crows,121,87,,,espn,Western Bulldogs,Adelaide Crows,WB,ADEL
espn-11816,2019-08-25,2019,regular,Port Adelaide,Fremantle,110,67,,,espn,Port Adelaide,Fremantle,PORT,FRE
espn-11818,2019-08-25,2019,regular,Richmond,Brisbane Lions,82,55,,,espn,Richmond,Brisbane Lions,RICH,BL
espn-11843,2019-09-05,2019,postseason,West Coast Eagles,Essendon,116,61,,,espn,West Coast Eagles,Essendon,WCE,ESS
espn-11845,2019-09-06,2019,postseason,Geelong Cats,Collingwood,51,61,,,espn,Geelong Cats,Collingwood,GEEL,COLL
espn-11844,2019-09-07,2019,postseason,GWS GIANTS,Western Bulldogs,113,55,,,espn,GWS GIANTS,Western Bulldogs,GWS,WB
espn-11846,2019-09-07,2019,postseason,Brisbane Lions,Richmond,65,112,,,espn,Brisbane Lions,Richmond,BL,RICH
espn-11848,2019-09-13,2019,postseason,Geelong Cats,West Coast Eagles,88,68,,,espn,Geelong Cats,West Coast Eagles,GEEL,WCE
espn-11849,2019-09-14,2019,postseason,Brisbane Lions,GWS GIANTS,80,83,,,espn,Brisbane Lions,GWS GIANTS,BL,GWS
espn-11850,2019-09-20,2019,postseason,Richmond,Geelong Cats,85,66,,,espn,Richmond,Geelong Cats,RICH,GEEL
espn-11851,2019-09-21,2019,postseason,Collingwood,GWS GIANTS,52,56,,,espn,Collingwood,GWS GIANTS,COLL,GWS
espn-11852,2019-09-28,2019,postseason,Richmond,GWS GIANTS,114,25,,,espn,Richmond,GWS GIANTS,RICH,GWS
espn-1070267,2020-03-01,2020,regular,Richmond,Collingwood,44,84,,,espn,Richmond,Collingwood,RICH,COLL
espn-1070268,2020-03-06,2020,regular,Adelaide Crows,Gold Coast SUNS,64,71,,,espn,Adelaide Crows,Gold Coast SUNS,ADEL,SUNS
espn-1070269,2020-03-06,2020,regular,Hawthorn,Melbourne,49,81,,,espn,Hawthorn,Melbourne,HAW,MELB
espn-1070270,2020-03-07,2020,regular,Port Adelaide,Western Bulldogs,95,85,,,espn,Port Adelaide,Western Bulldogs,PORT,WB
espn-1070271,2020-03-07,2020,regular,West Coast Eagles,Fremantle,54,55,,,espn,West Coast Eagles,Fremantle,WCE,FRE
espn-1070272,2020-03-07,2020,regular,GWS GIANTS,Richmond,109,95,,,espn,GWS GIANTS,Richmond,GWS,RICH
espn-1070273,2020-03-07,2020,regular,Collingwood,St Kilda,57,68,,,espn,Collingwood,St Kilda,COLL,STK
espn-1070274,2020-03-08,2020,regular,Carlton,Brisbane Lions,66,111,,,espn,Carlton,Brisbane Lions,CARL,BL
espn-1070275,2020-03-08,2020,regular,North Melbourne,Sydney Swans,90,79,,,espn,North Melbourne,Sydney Swans,NMFC,SYD
espn-1070276,2020-03-09,2020,regular,Geelong Cats,Essendon,61,65,,,espn,Geelong Cats,Essendon,GEEL,ESS
espn-1070061,2020-03-19,2020,regular,Richmond,Carlton,105,81,,,espn,Richmond,Carlton,RICH,CARL
espn-1070062,2020-03-20,2020,regular,Western Bulldogs,Collingwood,34,86,,,espn,Western Bulldogs,Collingwood,WB,COLL
espn-1070063,2020-03-20,2020,regular,Essendon,Fremantle,63,57,,,espn,Essendon,Fremantle,ESS,FRE
espn-1070064,2020-03-21,2020,regular,Adelaide Crows,Sydney Swans,71,74,,,espn,Adelaide Crows,Sydney Swans,ADEL,SYD
espn-1070065,2020-03-21,2020,regular,Gold Coast SUNS,Port Adelaide,29,76,,,espn,Gold Coast SUNS,Port Adelaide,SUNS,PORT
espn-1070066,2020-03-21,2020,regular,GWS GIANTS,Geelong Cats,105,73,,,espn,GWS GIANTS,Geelong Cats,GWS,GEEL
espn-1070067,2020-03-21,2020,regular,North Melbourne,St Kilda,56,54,,,espn,North Melbourne,St Kilda,NMFC,STK
espn-1070068,2020-03-22,2020,regular,Hawthorn,Brisbane Lions,90,62,,,espn,Hawthorn,Brisbane Lions,HAW,BL
espn-1070069,2020-03-22,2020,regular,West Coast Eagles,Melbourne,78,51,,,espn,West Coast Eagles,Melbourne,WCE,MELB
espn-1070070,2020-06-11,2020,regular,Collingwood,Richmond,36,36,,,espn,Collingwood,Richmond,COLL,RICH
espn-1070071,2020-06-12,2020,regular,Geelong Cats,Hawthorn,108,47,,,espn,Geelong Cats,Hawthorn,GEEL,HAW
espn-1070072,2020-06-12,2020,regular,Brisbane Lions,Fremantle,81,69,,,espn,Brisbane Lions,Fremantle,BL,FRE
espn-1070073,2020-06-13,2020,regular,Carlton,Melbourne,53,54,,,espn,Carlton,Melbourne,CARL,MELB
espn-1070074,2020-06-13,2020,regular,Port Adelaide,Adelaide Crows,110,35,,,espn,Port Adelaide,Adelaide Crows,PORT,ADEL
espn-1070075,2020-06-13,2020,regular,Gold Coast SUNS,West Coast Eagles,90,46,,,espn,Gold Coast SUNS,West Coast Eagles,SUNS,WCE
espn-1070076,2020-06-13,2020,regular,GWS GIANTS,North Melbourne,60,80,,,espn,GWS GIANTS,North Melbourne,GWS,NMFC
espn-1070077,2020-06-14,2020,regular,St Kilda,Western Bulldogs,88,49,,,espn,St Kilda,Western Bulldogs,STK,WB
espn-1070078,2020-06-14,2020,regular,Sydney Swans,Essendon,73,79,,,espn,Sydney Swans,Essendon,SYD,ESS
espn-1070079,2020-06-18,2020,regular,Richmond,Hawthorn,39,71,,,espn,Richmond,Hawthorn,RICH,HAW
espn-1070080,2020-06-19,2020,regular,Western Bulldogs,GWS GIANTS,57,33,,,espn,Western Bulldogs,GWS GIANTS,WB,GWS
espn-1070081,2020-06-19,2020,regular,North Melbourne,Sydney Swans,60,71,,,espn,North Melbourne,Sydney Swans,NMFC,SYD
espn-1070082,2020-06-20,2020,regular,Collingwood,St Kilda,81,37,,,espn,Collingwood,St Kilda,COLL,STK
espn-1070083,2020-06-20,2020,regular,Brisbane Lions,West Coast Eagles,74,44,,,espn,Brisbane Lions,West Coast Eagles,BL,WCE
espn-1070084,2020-06-20,2020,regular,Geelong Cats,Carlton,77,79,,,espn,Geelong Cats,Carlton,GEEL,CARL
espn-1070085,2020-06-21,2020,regular,Gold Coast SUNS,Adelaide Crows,82,29,,,espn,Gold Coast SUNS,Adelaide Crows,SUNS,ADEL
espn-1070087,2020-06-21,2020,regular,Fremantle,Port Adelaide,41,70,,,espn,Fremantle,Port Adelaide,FRE,PORT
espn-1070088,2020-06-25,2020,regular,Sydney Swans,Western Bulldogs,39,67,,,espn,Sydney Swans,Western Bulldogs,SYD,WB
espn-1070089,2020-06-26,2020,regular,GWS GIANTS,Collingwood,66,64,,,espn,GWS GIANTS,Collingwood,GWS,COLL
espn-1070090,2020-06-26,2020,regular,Port Adelaide,West Coast Eagles,89,41,,,espn,Port Adelaide,West Coast Eagles,PORT,WCE
espn-1070091,2020-06-27,2020,regular,St Kilda,Richmond,93,67,,,espn,St Kilda,Richmond,STK,RICH
espn-1070092,2020-06-27,2020,regular,Essendon,Carlton,51,52,,,espn,Essendon,Carlton,ESS,CARL
espn-1070093,2020-06-27,2020,regular,Gold Coast SUNS,Fremantle,64,51,,,espn,Gold Coast SUNS,Fremantle,SUNS,FRE
espn-1070094,2020-06-27,2020,regular,Brisbane Lions,Adelaide Crows,83,46,,,espn,Brisbane Lions,Adelaide Crows,BL,ADEL
espn-1070095,2020-06-28,2020,regular,Melbourne,Geelong Cats,44,47,,,espn,Melbourne,Geelong Cats,MELB,GEEL
espn-1070096,2020-06-28,2020,regular,Hawthorn,North Melbourne,58,54,,,espn,Hawthorn,North Melbourne,HAW,NMFC
espn-1070291,2020-07-02,2020,regular,Carlton,St Kilda,55,73,,,espn,Carlton,St Kilda,CARL,STK
espn-1070289,2020-07-03,2020,regular,West Coast Eagles,Sydney Swans,77,43,,,espn,West Coast Eagles,Sydney Swans,WCE,SYD
espn-1070290,2020-07-03,2020,regular,Collingwood,Essendon,48,63,,,espn,Collingwood,Essendon,COLL,ESS
espn-1070285,2020-07-04,2020,regular,Western Bulldogs,North Melbourne,87,38,,,espn,Western Bulldogs,North Melbourne,WB,NMFC
espn-1070286,2020-07-04,2020,regular,Brisbane Lions,Port Adelaide,85,48,,,espn,Brisbane Lions,Port Adelaide,BL,PORT
espn-1070287,2020-07-04,2020,regular,Adelaide Crows,Fremantle,34,54,,,espn,Adelaide Crows,Fremantle,ADEL,FRE
espn-1070292,2020-07-04,2020,regular,Geelong Cats,Gold Coast SUNS,89,52,,,espn,Geelong Cats,Gold Coast SUNS,GEEL,SUNS
espn-1070284,2020-07-05,2020,regular,GWS GIANTS,Hawthorn,83,49,,,espn,GWS GIANTS,Hawthorn,GWS,HAW
espn-1070288,2020-07-05,2020,regular,Melbourne,Richmond,52,79,,,espn,Melbourne,Richmond,MELB,RICH
espn-1070299,2020-07-09,2020,regular,Geelong Cats,Brisbane Lions,73,46,,,espn,Geelong Cats,Brisbane Lions,GEEL,BL
espn-1070300,2020-07-10,2020,regular,Collingwood,Hawthorn,59,27,,,espn,Collingwood,Hawthorn,COLL,HAW
espn-1070301,2020-07-10,2020,regular,Fremantle,St Kilda,79,73,,,espn,Fremantle,St Kilda,FRE,STK
espn-1070295,2020-07-11,2020,regular,West Coast Eagles,Adelaide Crows,67,34,,,espn,West Coast Eagles,Adelaide Crows,WCE,ADEL
espn-1070296,2020-07-11,2020,regular,Melbourne,Gold Coast SUNS,80,63,,,espn,Melbourne,Gold Coast SUNS,MELB,SUNS
espn-1070297,2020-07-11,2020,regular,Essendon,North Melbourne,67,53,,,espn,Essendon,North Melbourne,ESS,NMFC
espn-1070298,2020-07-11,2020,regular,Port Adelaide,GWS GIANTS,63,46,,,espn,Port Adelaide,GWS GIANTS,PORT,GWS
espn-1070293,2020-07-12,2020,regular,Richmond,Sydney Swans,34,26,,,espn,Richmond,Sydney Swans,RICH,SYD
espn-1070294,2020-07-12,2020,regular,Carlton,Western Bulldogs,103,51,,,espn,Carlton,Western Bulldogs,CARL,WB
espn-1070306,2020-07-16,2020,regular,Geelong Cats,Collingwood,35,57,,,espn,Geelong Cats,Collingwood,GEEL,COLL
espn-1070305,2020-07-17,2020,regular,GWS GIANTS,Brisbane Lions,68,88,,,espn,GWS GIANTS,Brisbane Lions,GWS,BL
espn-1070307,2020-07-17,2020,regular,Essendon,Western Bulldogs,51,93,,,espn,Essendon,Western Bulldogs,ESS,WB
espn-1070308,2020-07-18,2020,regular,Sydney Swans,Gold Coast SUNS,60,92,,,espn,Sydney Swans,Gold Coast SUNS,SYD,SUNS
espn-1070309,2020-07-18,2020,regular,Richmond,North Melbourne,77,23,,,espn,Richmond,North Melbourne,RICH,NMFC
espn-1070310,2020-07-18,2020,regular,Carlton,Port Adelaide,61,64,,,espn,Carlton,Port Adelaide,CARL,PORT
espn-1070302,2020-07-19,2020,regular,Hawthorn,Melbourne,48,91,,,espn,Hawthorn,Melbourne,HAW,MELB
espn-1070303,2020-07-19,2020,regular,Fremantle,West Coast Eagles,32,62,,,espn,Fremantle,West Coast Eagles,FRE,WCE
espn-1070304,2020-07-20,2020,regular,Adelaide Crows,St Kilda,55,78,,,espn,Adelaide Crows,St Kilda,ADEL,STK
espn-1070311,2020-07-23,2020,regular,Gold Coast SUNS,Western Bulldogs,46,51,,,espn,Gold Coast SUNS,Western Bulldogs,SUNS,WB
espn-1070312,2020-07-24,2020,regular,GWS GIANTS,Richmond,62,50,,,espn,GWS GIANTS,Richmond,GWS,RICH
espn-1070322,2020-07-24,2020,regular,North Melbourne,Carlton,57,64,,,espn,North Melbourne,Carlton,NMFC,CARL
espn-1070317,2020-07-25,2020,regular,Port Adelaide,St Kilda,44,73,,,espn,Port Adelaide,St Kilda,PORT,STK
espn-1070318,2020-07-25,2020,regular,Adelaide Crows,Essendon,59,62,,,espn,Adelaide Crows,Essendon,ADEL,ESS
espn-1070323,2020-07-25,2020,regular,Sydney Swans,Hawthorn,60,53,,,espn,Sydney Swans,Hawthorn,SYD,HAW
espn-1070319,2020-07-26,2020,regular,West Coast Eagles,Collingwood,111,45,,,espn,West Coast Eagles,Collingwood,WCE,COLL
espn-1070320,2020-07-26,2020,regular,Melbourne,Brisbane Lions,49,53,,,espn,Melbourne,Brisbane Lions,MELB,BL
espn-1070325,2020-07-29,2020,regular,Western Bulldogs,Richmond,49,90,,,espn,Western Bulldogs,Richmond,WB,RICH
espn-1070327,2020-07-30,2020,regular,Melbourne,Port Adelaide,32,83,,,espn,Melbourne,Port Adelaide,MELB,PORT
espn-1070326,2020-07-31,2020,regular,Carlton,Hawthorn,58,89,,,espn,Carlton,Hawthorn,CARL,HAW
espn-1070328,2020-07-31,2020,regular,Essendon,Brisbane Lions,28,91,,,espn,Essendon,Brisbane Lions,ESS,BL
espn-1070329,2020-08-01,2020,regular,North Melbourne,Adelaide Crows,119,50,,,espn,North Melbourne,Adelaide Crows,NMFC,ADEL
espn-1070330,2020-08-01,2020,regular,St Kilda,Sydney Swans,101,48,,,espn,St Kilda,Sydney Swans,STK,SYD
espn-1070331,2020-08-01,2020,regular,West Coast Eagles,Geelong Cats,73,64,,,espn,West Coast Eagles,Geelong Cats,WCE,GEEL
espn-1070332,2020-08-02,2020,regular,Gold Coast SUNS,GWS GIANTS,35,61,,,espn,Gold Coast SUNS,GWS GIANTS,SUNS,GWS
espn-1070333,2020-08-02,2020,regular,Fremantle,Collingwood,61,49,,,espn,Fremantle,Collingwood,FRE,COLL
espn-1070334,2020-08-03,2020,regular,Port Adelaide,Western Bulldogs,55,42,,,espn,Port Adelaide,Western Bulldogs,PORT,WB
espn-1070335,2020-08-04,2020,regular,Richmond,Brisbane Lions,82,41,,,espn,Richmond,Brisbane Lions,RICH,BL
espn-1070336,2020-08-05,2020,regular,Geelong Cats,North Melbourne,90,57,,,espn,Geelong Cats,North Melbourne,GEEL,NMFC
espn-1070337,2020-08-05,2020,regular,Adelaide Crows,Melbourne,37,88,,,espn,Adelaide Crows,Melbourne,ADEL,MELB
espn-1070338,2020-08-06,2020,regular,Collingwood,Sydney Swans,50,41,,,espn,Collingwood,Sydney Swans,COLL,SYD
espn-1070339,2020-08-06,2020,regular,Gold Coast SUNS,St Kilda,74,78,,,espn,Gold Coast SUNS,St Kilda,SUNS,STK
espn-1070340,2020-08-07,2020,regular,Essendon,GWS GIANTS,55,59,,,espn,Essendon,GWS GIANTS,ESS,GWS
espn-1070341,2020-08-08,2020,regular,Port Adelaide,Richmond,93,72,,,espn,Port Adelaide,Richmond,PORT,RICH
espn-1070342,2020-08-08,2020,regular,Brisbane Lions,Western Bulldogs,96,72,,,espn,Brisbane Lions,Western Bulldogs,BL,WB
espn-1070343,2020-08-09,2020,regular,West Coast Eagles,Carlton,72,50,,,espn,West Coast Eagles,Carlton,WCE,CARL
espn-1070344,2020-08-09,2020,regular,Melbourne,North Melbourne,92,35,,,espn,Melbourne,North Melbourne,MELB,NMFC
espn-1070345,2020-08-10,2020,regular,St Kilda,Geelong Cats,34,93,,,espn,St Kilda,Geelong Cats,STK,GEEL
espn-1070346,2020-08-10,2020,regular,Fremantle,Hawthorn,48,32,,,espn,Fremantle,Hawthorn,FRE,HAW
espn-1070347,2020-08-11,2020,regular,Adelaide Crows,Collingwood,38,62,,,espn,Adelaide Crows,Collingwood,ADEL,COLL
espn-1070348,2020-08-12,2020,regular,Gold Coast SUNS,Essendon,73,73,,,espn,Gold Coast SUNS,Essendon,SUNS,ESS
espn-1070349,2020-08-13,2020,regular,Sydney Swans,GWS GIANTS,66,25,,,espn,Sydney Swans,GWS GIANTS,SYD,GWS
espn-1070350,2020-08-14,2020,regular,Geelong Cats,Port Adelaide,91,31,,,espn,Geelong Cats,Port Adelaide,GEEL,PORT
espn-1070351,2020-08-15,2020,regular,North Melbourne,Brisbane Lions,52,53,,,espn,North Melbourne,Brisbane Lions,NMFC,BL
espn-1070352,2020-08-15,2020,regular,Melbourne,Collingwood,100,44,,,espn,Melbourne,Collingwood,MELB,COLL
espn-1070353,2020-08-15,2020,regular,Fremantle,Carlton,36,40,,,espn,Fremantle,Carlton,FRE,CARL
espn-1070354,2020-08-15,2020,regular,Western Bulldogs,Adelaide Crows,111,54,,,espn,Western Bulldogs,Adelaide Crows,WB,ADEL
espn-1070355,2020-08-16,2020,regular,St Kilda,Essendon,68,33,,,espn,St Kilda,Essendon,STK,ESS
espn-1070356,2020-08-16,2020,regular,West Coast Eagles,Hawthorn,81,49,,,espn,West Coast Eagles,Hawthorn,WCE,HAW
espn-1070357,2020-08-17,2020,regular,Richmond,Gold Coast SUNS,53,32,,,espn,Richmond,Gold Coast SUNS,RICH,SUNS
espn-1074172,2020-08-21,2020,regular,Gold Coast SUNS,Carlton,27,60,,,espn,Gold Coast SUNS,Carlton,SUNS,CARL
espn-1074174,2020-08-21,2020,regular,Western Bulldogs,Melbourne,80,52,,,espn,Western Bulldogs,Melbourne,WB,MELB
espn-1074168,2020-08-22,2020,regular,Fremantle,Sydney Swans,50,19,,,espn,Fremantle,Sydney Swans,FRE,SYD
espn-1074169,2020-08-22,2020,regular,Essendon,Richmond,61,73,,,espn,Essendon,Richmond,ESS,RICH
espn-1074171,2020-08-22,2020,regular,Adelaide Crows,Geelong Cats,37,65,,,espn,Adelaide Crows,Geelong Cats,ADEL,GEEL
espn-1074173,2020-08-22,2020,regular,Port Adelaide,Hawthorn,68,58,,,espn,Port Adelaide,Hawthorn,PORT,HAW
espn-1074167,2020-08-23,2020,regular,West Coast Eagles,GWS GIANTS,61,49,,,espn,West Coast Eagles,GWS GIANTS,WCE,GWS
espn-1074170,2020-08-23,2020,regular,Brisbane Lions,St Kilda,50,48,,,espn,Brisbane Lions,St Kilda,BL,STK
espn-1074166,2020-08-24,2020,regular,Collingwood,North Melbourne,65,35,,,espn,Collingwood,North Melbourne,COLL,NMFC
espn-1076521,2020-08-27,2020,regular,Richmond,West Coast Eagles,88,61,,,espn,Richmond,West Coast Eagles,RICH,WCE
espn-1076522,2020-08-27,2020,regular,Hawthorn,Essendon,71,87,,,espn,Hawthorn,Essendon,HAW,ESS
espn-1076515,2020-08-28,2020,regular,Port Adelaide,Sydney Swans,73,47,,,espn,Port Adelaide,Sydney Swans,PORT,SYD
espn-1076516,2020-08-28,2020,regular,Western Bulldogs,Geelong Cats,61,72,,,espn,Western Bulldogs,Geelong Cats,WB,GEEL
espn-1076517,2020-08-29,2020,regular,Melbourne,St Kilda,52,49,,,espn,Melbourne,St Kilda,MELB,STK
espn-1076519,2020-08-29,2020,regular,Fremantle,GWS GIANTS,53,91,,,espn,Fremantle,GWS GIANTS,FRE,GWS
espn-1076509,2020-08-30,2020,regular,Gold Coast SUNS,North Melbourne,91,28,,,espn,Gold Coast SUNS,North Melbourne,SUNS,NMFC
espn-1076511,2020-08-30,2020,regular,Carlton,Collingwood,48,72,,,espn,Carlton,Collingwood,CARL,COLL
espn-1076525,2020-09-01,2020,regular,West Coast Eagles,Essendon,60,45,,,espn,West Coast Eagles,Essendon,WCE,ESS
espn-1076528,2020-09-01,2020,regular,Hawthorn,Adelaide Crows,48,83,,,espn,Hawthorn,Adelaide Crows,HAW,ADEL
espn-1076524,2020-09-02,2020,regular,Richmond,Fremantle,56,29,,,espn,Richmond,Fremantle,RICH,FRE
espn-1076526,2020-09-03,2020,regular,GWS GIANTS,Carlton,48,39,,,espn,GWS GIANTS,Carlton,GWS,CARL
espn-1076527,2020-09-03,2020,regular,Sydney Swans,Melbourne,67,46,,,espn,Sydney Swans,Melbourne,SYD,MELB
espn-1076523,2020-09-04,2020,regular,Brisbane Lions,Collingwood,42,34,,,espn,Brisbane Lions,Collingwood,BL,COLL
espn-1076493,2020-09-05,2020,regular,St Kilda,Hawthorn,80,66,,,espn,St Kilda,Hawthorn,STK,HAW
espn-1076494,2020-09-05,2020,regular,North Melbourne,Port Adelaide,42,78,,,espn,North Melbourne,Port Adelaide,NMFC,PORT
espn-1076495,2020-09-06,2020,regular,Western Bulldogs,West Coast Eagles,49,47,,,espn,Western Bulldogs,West Coast Eagles,WB,WCE
espn-1076496,2020-09-06,2020,regular,Geelong Cats,Essendon,108,42,,,espn,Geelong Cats,Essendon,GEEL,ESS
espn-1076492,2020-09-07,2020,regular,Melbourne,Fremantle,33,47,,,espn,Melbourne,Fremantle,MELB,FRE
espn-1076491,2020-09-08,2020,regular,Adelaide Crows,GWS GIANTS,59,47,,,espn,Adelaide Crows,GWS GIANTS,ADEL,GWS
espn-1076534,2020-09-08,2020,regular,Carlton,Sydney Swans,57,52,,,espn,Carlton,Sydney Swans,CARL,SYD
espn-1076533,2020-09-09,2020,regular,Brisbane Lions,Gold Coast SUNS,88,43,,,espn,Brisbane Lions,Gold Coast SUNS,BL,SUNS
espn-1076503,2020-09-10,2020,regular,St Kilda,West Coast Eagles,50,65,,,espn,St Kilda,West Coast Eagles,STK,WCE
espn-1076505,2020-09-11,2020,regular,Geelong Cats,Richmond,31,57,,,espn,Geelong Cats,Richmond,GEEL,RICH
espn-1076499,2020-09-12,2020,regular,GWS GIANTS,Melbourne,74,79,,,espn,GWS GIANTS,Melbourne,GWS,MELB
espn-1076500,2020-09-12,2020,regular,Port Adelaide,Essendon,79,29,,,espn,Port Adelaide,Essendon,PORT,ESS
espn-1076502,2020-09-12,2020,regular,Carlton,Adelaide Crows,56,72,,,espn,Carlton,Adelaide Crows,CARL,ADEL
espn-1076504,2020-09-12,2020,regular,North Melbourne,Fremantle,35,99,,,espn,North Melbourne,Fremantle,NMFC,FRE
espn-1076498,2020-09-13,2020,regular,Sydney Swans,Brisbane Lions,41,73,,,espn,Sydney Swans,Brisbane Lions,SYD,BL
espn-1076501,2020-09-13,2020,regular,Hawthorn,Western Bulldogs,40,76,,,espn,Hawthorn,Western Bulldogs,HAW,WB
espn-1076497,2020-09-14,2020,regular,Collingwood,Gold Coast SUNS,68,46,,,espn,Collingwood,Gold Coast SUNS,COLL,SUNS
espn-1076507,2020-09-17,2020,regular,North Melbourne,West Coast Eagles,34,49,,,espn,North Melbourne,West Coast Eagles,NMFC,WCE
espn-1076506,2020-09-18,2020,regular,St Kilda,GWS GIANTS,82,30,,,espn,St Kilda,GWS GIANTS,STK,GWS
espn-1076510,2020-09-19,2020,regular,Essendon,Melbourne,49,68,,,espn,Essendon,Melbourne,ESS,MELB
espn-1076513,2020-09-19,2020,regular,Hawthorn,Gold Coast SUNS,108,57,,,espn,Hawthorn,Gold Coast SUNS,HAW,SUNS
espn-1076518,2020-09-19,2020,regular,Brisbane Lions,Carlton,78,61,,,espn,Brisbane Lions,Carlton,BL,CARL
espn-1076520,2020-09-19,2020,regular,Adelaide Crows,Richmond,33,77,,,espn,Adelaide Crows,Richmond,ADEL,RICH
espn-1076508,2020-09-20,2020,regular,Sydney Swans,Geelong Cats,63,69,,,espn,Sydney Swans,Geelong Cats,SYD,GEEL
espn-1076514,2020-09-20,2020,regular,Fremantle,Western Bulldogs,44,74,,,espn,Fremantle,Western Bulldogs,FRE,WB
espn-1076512,2020-09-21,2020,regular,Collingwood,Port Adelaide,45,61,,,espn,Collingwood,Port Adelaide,COLL,PORT
espn-1087746,2020-10-01,2020,postseason,Port Adelaide,Geelong Cats,58,42,,,espn,Port Adelaide,Geelong Cats,PORT,GEEL
espn-1087748,2020-10-02,2020,postseason,Brisbane Lions,Richmond,69,54,,,espn,Brisbane Lions,Richmond,BL,RICH
espn-1087749,2020-10-03,2020,postseason,St Kilda,Western Bulldogs,67,64,,,espn,St Kilda,Western Bulldogs,STK,WB
espn-1087750,2020-10-03,2020,postseason,West Coast Eagles,Collingwood,75,76,,,espn,West Coast Eagles,Collingwood,WCE,COLL
espn-1090997,2020-10-09,2020,postseason,Richmond,St Kilda,80,49,,,espn,Richmond,St Kilda,RICH,STK
espn-1091014,2020-10-10,2020,postseason,Geelong Cats,Collingwood,100,32,,,espn,Geelong Cats,Collingwood,GEEL,COLL
espn-1092869,2020-10-16,2020,postseason,Port Adelaide,Richmond,40,46,,,espn,Port Adelaide,Richmond,PORT,RICH
espn-1093013,2020-10-17,2020,postseason,Brisbane Lions,Geelong Cats,42,82,,,espn,Brisbane Lions,Geelong Cats,BL,GEEL
espn-1095027,2020-10-24,2020,postseason,Richmond,Geelong Cats,81,50,,,espn,Richmond,Geelong Cats,RICH,GEEL
espn-1128172,2021-03-04,2021,regular,Carlton,St Kilda,99,125,,,espn,Carlton,St Kilda,CARL,STK
espn-1128173,2021-03-05,2021,regular,Collingwood,Richmond,74,80,,,espn,Collingwood,Richmond,COLL,RICH
espn-1128175,2021-03-06,2021,regular,North Melbourne,Hawthorn,81,120,,,espn,North Melbourne,Hawthorn,NMFC,HAW
espn-1128176,2021-03-06,2021,regular,Geelong Cats,Essendon,79,72,,,espn,Geelong Cats,Essendon,GEEL,ESS
espn-1128179,2021-03-06,2021,regular,GWS GIANTS,Sydney Swans,114,86,,,espn,GWS GIANTS,Sydney Swans,GWS,SYD
espn-1128174,2021-03-07,2021,regular,West Coast Eagles,Fremantle,67,57,,,espn,West Coast Eagles,Fremantle,WCE,FRE
espn-1128178,2021-03-07,2021,regular,Adelaide Crows,Port Adelaide,45,116,,,espn,Adelaide Crows,Port Adelaide,ADEL,PORT
espn-1128180,2021-03-07,2021,regular,Western Bulldogs,Melbourne,106,67,,,espn,Western Bulldogs,Melbourne,WB,MELB
espn-1128177,2021-03-08,2021,regular,Gold Coast SUNS,Brisbane Lions,89,117,,,espn,Gold Coast SUNS,Brisbane Lions,SUNS,BL
espn-1127974,2021-03-18,2021,regular,Richmond,Carlton,105,80,,,espn,Richmond,Carlton,RICH,CARL
espn-1127975,2021-03-19,2021,regular,Collingwood,Western Bulldogs,53,69,,,espn,Collingwood,Western Bulldogs,COLL,WB
espn-1127976,2021-03-19,2021,regular,Melbourne,Fremantle,80,58,,,espn,Melbourne,Fremantle,MELB,FRE
espn-1127977,2021-03-20,2021,regular,Adelaide Crows,Geelong Cats,103,91,,,espn,Adelaide Crows,Geelong Cats,ADEL,GEEL
espn-1127978,2021-03-20,2021,regular,Brisbane Lions,Sydney Swans,94,125,,,espn,Brisbane Lions,Sydney Swans,BL,SYD
espn-1127979,2021-03-20,2021,regular,Essendon,Hawthorn,91,92,,,espn,Essendon,Hawthorn,ESS,HAW
espn-1127980,2021-03-20,2021,regular,North Melbourne,Port Adelaide,65,117,,,espn,North Melbourne,Port Adelaide,NMFC,PORT
espn-1127981,2021-03-21,2021,regular,West Coast Eagles,Gold Coast SUNS,83,58,,,espn,West Coast Eagles,Gold Coast SUNS,WCE,SUNS
espn-1127982,2021-03-21,2021,regular,GWS GIANTS,St Kilda,78,86,,,espn,GWS GIANTS,St Kilda,GWS,STK
espn-1127983,2021-03-25,2021,regular,Carlton,Collingwood,85,106,,,espn,Carlton,Collingwood,CARL,COLL
espn-1127984,2021-03-26,2021,regular,Geelong Cats,Brisbane Lions,81,80,,,espn,Geelong Cats,Brisbane Lions,GEEL,BL
espn-1127985,2021-03-26,2021,regular,Sydney Swans,Adelaide Crows,121,88,,,espn,Sydney Swans,Adelaide Crows,SYD,ADEL
espn-1127986,2021-03-27,2021,regular,Port Adelaide,Essendon,119,65,,,espn,Port Adelaide,Essendon,PORT,ESS
espn-1127987,2021-03-27,2021,regular,Gold Coast SUNS,North Melbourne,98,39,,,espn,Gold Coast SUNS,North Melbourne,SUNS,NMFC
espn-1127988,2021-03-27,2021,regular,St Kilda,Melbourne,73,91,,,espn,St Kilda,Melbourne,STK,MELB
espn-1127989,2021-03-27,2021,regular,Hawthorn,Richmond,49,78,,,espn,Hawthorn,Richmond,HAW,RICH
espn-1127990,2021-03-28,2021,regular,Fremantle,GWS GIANTS,87,56,,,espn,Fremantle,GWS GIANTS,FRE,GWS
espn-1127991,2021-03-28,2021,regular,Western Bulldogs,West Coast Eagles,100,93,,,espn,Western Bulldogs,West Coast Eagles,WB,WCE
espn-1127992,2021-04-01,2021,regular,Collingwood,Brisbane Lions,72,73,,,espn,Collingwood,Brisbane Lions,COLL,BL
espn-1127993,2021-04-02,2021,regular,North Melbourne,Western Bulldogs,39,167,,,espn,North Melbourne,Western Bulldogs,NMFC,WB
espn-1127994,2021-04-02,2021,regular,Adelaide Crows,Gold Coast SUNS,95,85,,,espn,Adelaide Crows,Gold Coast SUNS,ADEL,SUNS
espn-1127995,2021-04-02,2021,regular,Richmond,Sydney Swans,72,117,,,espn,Richmond,Sydney Swans,RICH,SYD
espn-1127996,2021-04-03,2021,regular,Essendon,St Kilda,143,68,,,espn,Essendon,St Kilda,ESS,STK
espn-1127997,2021-04-03,2021,regular,West Coast Eagles,Port Adelaide,108,71,,,espn,West Coast Eagles,Port Adelaide,WCE,PORT
espn-1127998,2021-04-04,2021,regular,Carlton,Fremantle,109,64,,,espn,Carlton,Fremantle,CARL,FRE
espn-1127999,2021-04-04,2021,regular,GWS GIANTS,Melbourne,68,102,,,espn,GWS GIANTS,Melbourne,GWS,MELB
espn-1128000,2021-04-05,2021,regular,Geelong Cats,Hawthorn,69,64,,,espn,Geelong Cats,Hawthorn,GEEL,HAW
espn-1128001,2021-04-08,2021,regular,Sydney Swans,Essendon,83,80,,,espn,Sydney Swans,Essendon,SYD,ESS
espn-1128002,2021-04-09,2021,regular,Port Adelaide,Richmond,79,77,,,espn,Port Adelaide,Richmond,PORT,RICH
espn-1128003,2021-04-09,2021,regular,Western Bulldogs,Brisbane Lions,73,54,,,espn,Western Bulldogs,Brisbane Lions,WB,BL
espn-1128004,2021-04-10,2021,regular,St Kilda,West Coast Eagles,102,82,,,espn,St Kilda,West Coast Eagles,STK,WCE
espn-1128005,2021-04-10,2021,regular,Collingwood,GWS GIANTS,60,90,,,espn,Collingwood,GWS GIANTS,COLL,GWS
espn-1128006,2021-04-10,2021,regular,Gold Coast SUNS,Carlton,59,70,,,espn,Gold Coast SUNS,Carlton,SUNS,CARL
espn-1128007,2021-04-10,2021,regular,North Melbourne,Adelaide Crows,68,109,,,espn,North Melbourne,Adelaide Crows,NMFC,ADEL
espn-1128008,2021-04-11,2021,regular,Fremantle,Hawthorn,96,81,,,espn,Fremantle,Hawthorn,FRE,HAW
espn-1128009,2021-04-11,2021,regular,Melbourne,Geelong Cats,85,60,,,espn,Melbourne,Geelong Cats,MELB,GEEL
espn-1128010,2021-04-15,2021,regular,St Kilda,Richmond,48,134,,,espn,St Kilda,Richmond,STK,RICH
espn-1128011,2021-04-16,2021,regular,West Coast Eagles,Collingwood,103,76,,,espn,West Coast Eagles,Collingwood,WCE,COLL
espn-1128012,2021-04-17,2021,regular,Western Bulldogs,Gold Coast SUNS,118,56,,,espn,Western Bulldogs,Gold Coast SUNS,WB,SUNS
espn-1128013,2021-04-17,2021,regular,Sydney Swans,GWS GIANTS,69,71,,,espn,Sydney Swans,GWS GIANTS,SYD,GWS
espn-1128014,2021-04-17,2021,regular,Brisbane Lions,Essendon,102,45,,,espn,Brisbane Lions,Essendon,BL,ESS
espn-1128015,2021-04-17,2021,regular,Carlton,Port Adelaide,68,96,,,espn,Carlton,Port Adelaide,CARL,PORT
espn-1128016,2021-04-17,2021,regular,Adelaide Crows,Fremantle,72,84,,,espn,Adelaide Crows,Fremantle,ADEL,FRE
espn-1128017,2021-04-18,2021,regular,Hawthorn,Melbourne,54,104,,,espn,Hawthorn,Melbourne,HAW,MELB
espn-1128018,2021-04-18,2021,regular,Geelong Cats,North Melbourne,77,47,,,espn,Geelong Cats,North Melbourne,GEEL,NMFC
espn-1128019,2021-04-23,2021,regular,GWS GIANTS,Western Bulldogs,65,104,,,espn,GWS GIANTS,Western Bulldogs,GWS,WB
espn-1128020,2021-04-23,2021,regular,Geelong Cats,West Coast Eagles,136,39,,,espn,Geelong Cats,West Coast Eagles,GEEL,WCE
espn-1128021,2021-04-23,2021,regular,Gold Coast SUNS,Sydney Swans,100,60,,,espn,Gold Coast SUNS,Sydney Swans,SUNS,SYD
espn-1128022,2021-04-24,2021,regular,Carlton,Brisbane Lions,85,103,,,espn,Carlton,Brisbane Lions,CARL,BL
espn-1128023,2021-04-24,2021,regular,Fremantle,North Melbourne,99,48,,,espn,Fremantle,North Melbourne,FRE,NMFC
espn-1128024,2021-04-24,2021,regular,Melbourne,Richmond,82,48,,,espn,Melbourne,Richmond,MELB,RICH
espn-1128025,2021-04-24,2021,regular,Hawthorn,Adelaide Crows,102,99,,,espn,Hawthorn,Adelaide Crows,HAW,ADEL
espn-1128026,2021-04-25,2021,regular,Collingwood,Essendon,85,109,,,espn,Collingwood,Essendon,COLL,ESS
espn-1128027,2021-04-25,2021,regular,Port Adelaide,St Kilda,93,39,,,espn,Port Adelaide,St Kilda,PORT,STK
espn-1128030,2021-04-30,2021,regular,Collingwood,Gold Coast SUNS,55,79,,,espn,Collingwood,Gold Coast SUNS,COLL,SUNS
espn-1128033,2021-04-30,2021,regular,Richmond,Western Bulldogs,77,55,,,espn,Richmond,Western Bulldogs,RICH,WB
espn-1128028,2021-05-01,2021,regular,Adelaide Crows,GWS GIANTS,39,106,,,espn,Adelaide Crows,GWS GIANTS,ADEL,GWS
espn-1128029,2021-05-01,2021,regular,Brisbane Lions,Port Adelaide,93,44,,,espn,Brisbane Lions,Port Adelaide,BL,PORT
espn-1128032,2021-05-01,2021,regular,North Melbourne,Melbourne,73,103,,,espn,North Melbourne,Melbourne,NMFC,MELB
espn-1128034,2021-05-01,2021,regular,St Kilda,Hawthorn,128,59,,,espn,St Kilda,Hawthorn,STK,HAW
espn-1128035,2021-05-01,2021,regular,Sydney Swans,Geelong Cats,90,88,,,espn,Sydney Swans,Geelong Cats,SYD,GEEL
espn-1128031,2021-05-02,2021,regular,Essendon,Carlton,107,123,,,espn,Essendon,Carlton,ESS,CARL
espn-1128036,2021-05-02,2021,regular,West Coast Eagles,Fremantle,132,73,,,espn,West Coast Eagles,Fremantle,WCE,FRE
espn-1128042,2021-05-07,2021,regular,Richmond,Geelong Cats,63,126,,,espn,Richmond,Geelong Cats,RICH,GEEL
espn-1128044,2021-05-07,2021,regular,Gold Coast SUNS,St Kilda,54,63,,,espn,Gold Coast SUNS,St Kilda,SUNS,STK
espn-1128038,2021-05-08,2021,regular,Hawthorn,West Coast Eagles,60,98,,,espn,Hawthorn,West Coast Eagles,HAW,WCE
espn-1128039,2021-05-08,2021,regular,Melbourne,Sydney Swans,67,58,,,espn,Melbourne,Sydney Swans,MELB,SYD
espn-1128040,2021-05-08,2021,regular,North Melbourne,Collingwood,76,94,,,espn,North Melbourne,Collingwood,NMFC,COLL
espn-1128041,2021-05-08,2021,regular,Port Adelaide,Adelaide Crows,87,38,,,espn,Port Adelaide,Adelaide Crows,PORT,ADEL
espn-1128045,2021-05-08,2021,regular,GWS GIANTS,Essendon,107,105,,,espn,GWS GIANTS,Essendon,GWS,ESS
espn-1128037,2021-05-09,2021,regular,Brisbane Lions,Fremantle,95,71,,,espn,Brisbane Lions,Fremantle,BL,FRE
espn-1128043,2021-05-09,2021,regular,Western Bulldogs,Carlton,107,91,,,espn,Western Bulldogs,Carlton,WB,CARL
espn-1128051,2021-05-14,2021,regular,St Kilda,Geelong Cats,47,68,,,espn,St Kilda,Geelong Cats,STK,GEEL
espn-1128052,2021-05-14,2021,regular,Sydney Swans,Collingwood,72,42,,,espn,Sydney Swans,Collingwood,SYD,COLL
espn-1128046,2021-05-15,2021,regular,Essendon,Fremantle,68,61,,,espn,Essendon,Fremantle,ESS,FRE
espn-1128047,2021-05-15,2021,regular,Hawthorn,North Melbourne,80,87,,,espn,Hawthorn,North Melbourne,HAW,NMFC
espn-1128049,2021-05-15,2021,regular,Port Adelaide,Western Bulldogs,77,96,,,espn,Port Adelaide,Western Bulldogs,PORT,WB
espn-1128050,2021-05-15,2021,regular,Richmond,GWS GIANTS,87,83,,,espn,Richmond,GWS GIANTS,RICH,GWS
espn-1128054,2021-05-15,2021,regular,Gold Coast SUNS,Brisbane Lions,51,124,,,espn,Gold Coast SUNS,Brisbane Lions,SUNS,BL
espn-1128048,2021-05-16,2021,regular,Melbourne,Carlton,94,68,,,espn,Melbourne,Carlton,MELB,CARL
espn-1128053,2021-05-16,2021,regular,West Coast Eagles,Adelaide Crows,106,76,,,espn,West Coast Eagles,Adelaide Crows,WCE,ADEL
espn-1128056,2021-05-21,2021,regular,Brisbane Lions,Richmond,102,74,,,espn,Brisbane Lions,Richmond,BL,RICH
espn-1128057,2021-05-21,2021,regular,Carlton,Hawthorn,86,63,,,espn,Carlton,Hawthorn,CARL,HAW
espn-1128055,2021-05-22,2021,regular,Adelaide Crows,Melbourne,96,95,,,espn,Adelaide Crows,Melbourne,ADEL,MELB
espn-1128060,2021-05-22,2021,regular,Fremantle,Sydney Swans,86,84,,,espn,Fremantle,Sydney Swans,FRE,SYD
espn-1128061,2021-05-22,2021,regular,Geelong Cats,Gold Coast SUNS,91,57,,,espn,Geelong Cats,Gold Coast SUNS,GEEL,SUNS
espn-1128062,2021-05-22,2021,regular,Western Bulldogs,St Kilda,144,33,,,espn,Western Bulldogs,St Kilda,WB,STK
espn-1128063,2021-05-22,2021,regular,GWS GIANTS,West Coast Eagles,93,77,,,espn,GWS GIANTS,West Coast Eagles,GWS,WCE
espn-1128058,2021-05-23,2021,regular,Collingwood,Port Adelaide,58,59,,,espn,Collingwood,Port Adelaide,COLL,PORT
espn-1128059,2021-05-23,2021,regular,Essendon,North Melbourne,141,69,,,espn,Essendon,North Melbourne,ESS,NMFC
espn-1128065,2021-05-28,2021,regular,Collingwood,Geelong Cats,51,61,,,espn,Collingwood,Geelong Cats,COLL,GEEL
espn-1128071,2021-05-28,2021,regular,Western Bulldogs,Melbourne,59,87,,,espn,Western Bulldogs,Melbourne,WB,MELB
espn-1128064,2021-05-29,2021,regular,Brisbane Lions,GWS GIANTS,129,65,,,espn,Brisbane Lions,GWS GIANTS,BL,GWS
espn-1128068,2021-05-29,2021,regular,St Kilda,North Melbourne,88,68,,,espn,St Kilda,North Melbourne,STK,NMFC
espn-1128070,2021-05-29,2021,regular,West Coast Eagles,Essendon,71,87,,,espn,West Coast Eagles,Essendon,WCE,ESS
espn-1128072,2021-05-29,2021,regular,Gold Coast SUNS,Hawthorn,113,76,,,espn,Gold Coast SUNS,Hawthorn,SUNS,HAW
espn-1128066,2021-05-30,2021,regular,Port Adelaide,Fremantle,115,69,,,espn,Port Adelaide,Fremantle,PORT,FRE
espn-1128067,2021-05-30,2021,regular,Richmond,Adelaide Crows,111,83,,,espn,Richmond,Adelaide Crows,RICH,ADEL
espn-1128069,2021-05-30,2021,regular,Sydney Swans,Carlton,100,78,,,espn,Sydney Swans,Carlton,SYD,CARL
espn-1128077,2021-06-04,2021,regular,Melbourne,Brisbane Lions,97,75,,,espn,Melbourne,Brisbane Lions,MELB,BL
espn-1128078,2021-06-04,2021,regular,Sydney Swans,St Kilda,92,83,,,espn,Sydney Swans,St Kilda,SYD,STK
espn-1128073,2021-06-05,2021,regular,Adelaide Crows,Collingwood,73,78,,,espn,Adelaide Crows,Collingwood,ADEL,COLL
espn-1128075,2021-06-05,2021,regular,Essendon,Richmond,84,123,,,espn,Essendon,Richmond,ESS,RICH
espn-1128074,2021-06-06,2021,regular,Carlton,West Coast Eagles,73,95,,,espn,Carlton,West Coast Eagles,CARL,WCE
espn-1128076,2021-06-06,2021,regular,Fremantle,Western Bulldogs,65,93,,,espn,Fremantle,Western Bulldogs,FRE,WB
espn-1128082,2021-06-10,2021,regular,Port Adelaide,Geelong Cats,91,112,,,espn,Port Adelaide,Geelong Cats,PORT,GEEL
espn-1128084,2021-06-11,2021,regular,Sydney Swans,Hawthorn,51,89,,,espn,Sydney Swans,Hawthorn,SYD,HAW
espn-1128079,2021-06-12,2021,regular,Fremantle,Gold Coast SUNS,76,49,,,espn,Fremantle,Gold Coast SUNS,FRE,SUNS
espn-1128083,2021-06-12,2021,regular,St Kilda,Adelaide Crows,60,66,,,espn,St Kilda,Adelaide Crows,STK,ADEL
espn-1128081,2021-06-13,2021,regular,North Melbourne,GWS GIANTS,94,94,,,espn,North Melbourne,GWS GIANTS,NMFC,GWS
espn-1132577,2021-06-13,2021,regular,West Coast Eagles,Richmond,85,81,,,espn,West Coast Eagles,Richmond,WCE,RICH
espn-1128080,2021-06-14,2021,regular,Melbourne,Collingwood,63,80,,,espn,Melbourne,Collingwood,MELB,COLL
espn-1128085,2021-06-18,2021,regular,Geelong Cats,Western Bulldogs,83,78,,,espn,Geelong Cats,Western Bulldogs,GEEL,WB
espn-1128089,2021-06-18,2021,regular,Gold Coast SUNS,Port Adelaide,31,81,,,espn,Gold Coast SUNS,Port Adelaide,SUNS,PORT
espn-1128087,2021-06-19,2021,regular,North Melbourne,Brisbane Lions,45,68,,,espn,North Melbourne,Brisbane Lions,NMFC,BL
espn-1128090,2021-06-19,2021,regular,GWS GIANTS,Carlton,102,66,,,espn,GWS GIANTS,Carlton,GWS,CARL
espn-1128086,2021-06-20,2021,regular,Hawthorn,Essendon,73,86,,,espn,Hawthorn,Essendon,HAW,ESS
espn-1128091,2021-06-24,2021,regular,Brisbane Lions,Geelong Cats,94,50,,,espn,Brisbane Lions,Geelong Cats,BL,GEEL
espn-1128093,2021-06-25,2021,regular,Collingwood,Fremantle,79,91,,,espn,Collingwood,Fremantle,COLL,FRE
espn-1128095,2021-06-25,2021,regular,North Melbourne,Gold Coast SUNS,72,63,,,espn,North Melbourne,Gold Coast SUNS,NMFC,SUNS
espn-1128097,2021-06-25,2021,regular,Richmond,St Kilda,22,62,,,espn,Richmond,St Kilda,RICH,STK
espn-1128094,2021-06-26,2021,regular,Essendon,Melbourne,57,68,,,espn,Essendon,Melbourne,ESS,MELB
espn-1128096,2021-06-26,2021,regular,Port Adelaide,Sydney Swans,81,71,,,espn,Port Adelaide,Sydney Swans,PORT,SYD
espn-1128099,2021-06-26,2021,regular,GWS GIANTS,Hawthorn,72,90,,,espn,GWS GIANTS,Hawthorn,GWS,HAW
espn-1128092,2021-06-27,2021,regular,Carlton,Adelaide Crows,83,73,,,espn,Carlton,Adelaide Crows,CARL,ADEL
espn-1128098,2021-06-27,2021,regular,West Coast Eagles,Western Bulldogs,43,98,,,espn,West Coast Eagles,Western Bulldogs,WCE,WB
espn-1128108,2021-07-01,2021,regular,Gold Coast SUNS,Richmond,77,67,,,espn,Gold Coast SUNS,Richmond,SUNS,RICH
espn-1128103,2021-07-02,2021,regular,Geelong Cats,Essendon,98,57,,,espn,Geelong Cats,Essendon,GEEL,ESS
espn-1128105,2021-07-02,2021,regular,Melbourne,GWS GIANTS,55,64,,,espn,Melbourne,GWS GIANTS,MELB,GWS
espn-1128100,2021-07-03,2021,regular,Adelaide Crows,Brisbane Lions,59,111,,,espn,Adelaide Crows,Brisbane Lions,ADEL,BL
espn-1128102,2021-07-03,2021,regular,Fremantle,Carlton,64,80,,,espn,Fremantle,Carlton,FRE,CARL
espn-1128104,2021-07-03,2021,regular,Hawthorn,Port Adelaide,53,87,,,espn,Hawthorn,Port Adelaide,HAW,PORT
espn-1128106,2021-07-03,2021,regular,Sydney Swans,West Coast Eagles,118,26,,,espn,Sydney Swans,West Coast Eagles,SYD,WCE
espn-1128101,2021-07-04,2021,regular,Collingwood,St Kilda,61,70,,,espn,Collingwood,St Kilda,COLL,STK
espn-1128107,2021-07-04,2021,regular,Western Bulldogs,North Melbourne,108,79,,,espn,Western Bulldogs,North Melbourne,WB,NMFC
espn-1128113,2021-07-08,2021,regular,Port Adelaide,Melbourne,55,86,,,espn,Port Adelaide,Melbourne,PORT,MELB
espn-1128111,2021-07-09,2021,regular,Essendon,Adelaide Crows,84,21,,,espn,Essendon,Adelaide Crows,ESS,ADEL
espn-1128112,2021-07-09,2021,regular,Hawthorn,Fremantle,46,108,,,espn,Hawthorn,Fremantle,HAW,FRE
espn-1128109,2021-07-10,2021,regular,Brisbane Lions,St Kilda,63,95,,,espn,Brisbane Lions,St Kilda,BL,STK
espn-1128110,2021-07-10,2021,regular,Carlton,Geelong Cats,44,70,,,espn,Carlton,Geelong Cats,CARL,GEEL
espn-1128117,2021-07-10,2021,regular,GWS GIANTS,Gold Coast SUNS,64,65,,,espn,GWS GIANTS,Gold Coast SUNS,GWS,SUNS
espn-1128114,2021-07-11,2021,regular,Richmond,Collingwood,71,87,,,espn,Richmond,Collingwood,RICH,COLL
espn-1128116,2021-07-11,2021,regular,Western Bulldogs,Sydney Swans,60,79,,,espn,Western Bulldogs,Sydney Swans,WB,SYD
espn-1128115,2021-07-12,2021,regular,West Coast Eagles,North Melbourne,60,70,,,espn,West Coast Eagles,North Melbourne,WCE,NMFC
espn-1128120,2021-07-15,2021,regular,Fremantle,Geelong Cats,31,100,,,espn,Fremantle,Geelong Cats,FRE,GEEL
espn-1128123,2021-07-16,2021,regular,Richmond,Brisbane Lions,106,86,,,espn,Richmond,Brisbane Lions,RICH,BL
espn-1128124,2021-07-16,2021,regular,St Kilda,Port Adelaide,61,74,,,espn,St Kilda,Port Adelaide,STK,PORT
espn-1128121,2021-07-17,2021,regular,Melbourne,Hawthorn,79,79,,,espn,Melbourne,Hawthorn,MELB,HAW
espn-1128122,2021-07-17,2021,regular,North Melbourne,Essendon,74,92,,,espn,North Melbourne,Essendon,NMFC,ESS
espn-1128125,2021-07-17,2021,regular,Gold Coast SUNS,Western Bulldogs,79,90,,,espn,Gold Coast SUNS,Western Bulldogs,SUNS,WB
espn-1128118,2021-07-18,2021,regular,Adelaide Crows,West Coast Eagles,56,98,,,espn,Adelaide Crows,West Coast Eagles,ADEL,WCE
espn-1128119,2021-07-18,2021,regular,Collingwood,Carlton,62,91,,,espn,Collingwood,Carlton,COLL,CARL
espn-1128126,2021-07-18,2021,regular,GWS GIANTS,Sydney Swans,72,98,,,espn,GWS GIANTS,Sydney Swans,GWS,SYD
espn-1128127,2021-07-23,2021,regular,Carlton,North Melbourne,77,116,,,espn,Carlton,North Melbourne,CARL,NMFC
espn-1128131,2021-07-23,2021,regular,Port Adelaide,Collingwood,97,69,,,espn,Port Adelaide,Collingwood,PORT,COLL
espn-1128130,2021-07-24,2021,regular,Brisbane Lions,Gold Coast SUNS,120,71,,,espn,Brisbane Lions,Gold Coast SUNS,BL,SUNS
espn-1128132,2021-07-24,2021,regular,Sydney Swans,Fremantle,98,58,,,espn,Sydney Swans,Fremantle,SYD,FRE
espn-1128133,2021-07-24,2021,regular,West Coast Eagles,St Kilda,94,86,,,espn,West Coast Eagles,St Kilda,WCE,STK
espn-1128134,2021-07-24,2021,regular,Adelaide Crows,Hawthorn,102,83,,,espn,Adelaide Crows,Hawthorn,ADEL,HAW
espn-1128135,2021-07-24,2021,regular,Melbourne,Western Bulldogs,65,85,,,espn,Melbourne,Western Bulldogs,MELB,WB
espn-1128128,2021-07-25,2021,regular,Essendon,GWS GIANTS,53,66,,,espn,Essendon,GWS GIANTS,ESS,GWS
espn-1128129,2021-07-25,2021,regular,Geelong Cats,Richmond,95,57,,,espn,Geelong Cats,Richmond,GEEL,RICH
espn-1128141,2021-07-30,2021,regular,Western Bulldogs,Adelaide Crows,105,56,,,espn,Western Bulldogs,Adelaide Crows,WB,ADEL
espn-1128142,2021-07-30,2021,regular,North Melbourne,Geelong Cats,42,62,,,espn,North Melbourne,Geelong Cats,NMFC,GEEL
espn-1128143,2021-07-30,2021,regular,St Kilda,Carlton,81,112,,,espn,St Kilda,Carlton,STK,CARL
espn-1128137,2021-07-31,2021,regular,Gold Coast SUNS,Melbourne,30,128,,,espn,Gold Coast SUNS,Melbourne,SUNS,MELB
espn-1128138,2021-07-31,2021,regular,Collingwood,West Coast Eagles,90,45,,,espn,Collingwood,West Coast Eagles,COLL,WCE
espn-1128136,2021-08-01,2021,regular,Hawthorn,Brisbane Lions,92,80,,,espn,Hawthorn,Brisbane Lions,HAW,BL
espn-1128139,2021-08-01,2021,regular,Essendon,Sydney Swans,102,109,,,espn,Essendon,Sydney Swans,ESS,SYD
espn-1128140,2021-08-01,2021,regular,Fremantle,Richmond,55,51,,,espn,Fremantle,Richmond,FRE,RICH
espn-1128144,2021-08-01,2021,regular,GWS GIANTS,Port Adelaide,73,100,,,espn,GWS GIANTS,Port Adelaide,GWS,PORT
espn-1128147,2021-08-06,2021,regular,Carlton,Gold Coast SUNS,57,76,,,espn,Carlton,Gold Coast SUNS,CARL,SUNS
espn-1128148,2021-08-06,2021,regular,Geelong Cats,GWS GIANTS,65,84,,,espn,Geelong Cats,GWS GIANTS,GEEL,GWS
espn-1128145,2021-08-07,2021,regular,Adelaide Crows,Port Adelaide,51,55,,,espn,Adelaide Crows,Port Adelaide,ADEL,PORT
espn-1128150,2021-08-07,2021,regular,Richmond,North Melbourne,89,56,,,espn,Richmond,North Melbourne,RICH,NMFC
espn-1128151,2021-08-07,2021,regular,St Kilda,Sydney Swans,93,64,,,espn,St Kilda,Sydney Swans,STK,SYD
espn-1128146,2021-08-08,2021,regular,Fremantle,Brisbane Lions,54,118,,,espn,Fremantle,Brisbane Lions,FRE,BL
espn-1128149,2021-08-08,2021,regular,Hawthorn,Collingwood,97,78,,,espn,Hawthorn,Collingwood,HAW,COLL
espn-1128153,2021-08-08,2021,regular,Western Bulldogs,Essendon,84,97,,,espn,Western Bulldogs,Essendon,WB,ESS
espn-1128152,2021-08-09,2021,regular,West Coast Eagles,Melbourne,63,72,,,espn,West Coast Eagles,Melbourne,WCE,MELB
espn-1128157,2021-08-13,2021,regular,Hawthorn,Western Bulldogs,64,37,,,espn,Hawthorn,Western Bulldogs,HAW,WB
espn-1128162,2021-08-13,2021,regular,GWS GIANTS,Richmond,106,67,,,espn,GWS GIANTS,Richmond,GWS,RICH
espn-1128154,2021-08-14,2021,regular,Brisbane Lions,Collingwood,142,57,,,espn,Brisbane Lions,Collingwood,BL,COLL
espn-1128156,2021-08-14,2021,regular,Geelong Cats,St Kilda,85,71,,,espn,Geelong Cats,St Kilda,GEEL,STK
espn-1128159,2021-08-14,2021,regular,North Melbourne,Sydney Swans,77,91,,,espn,North Melbourne,Sydney Swans,NMFC,SYD
espn-1128160,2021-08-14,2021,regular,Port Adelaide,Carlton,140,45,,,espn,Port Adelaide,Carlton,PORT,CARL
espn-1128155,2021-08-15,2021,regular,Fremantle,West Coast Eagles,79,64,,,espn,Fremantle,West Coast Eagles,FRE,WCE
espn-1128158,2021-08-15,2021,regular,Melbourne,Adelaide Crows,104,63,,,espn,Melbourne,Adelaide Crows,MELB,ADEL
espn-1128161,2021-08-15,2021,regular,Gold Coast SUNS,Essendon,30,98,,,espn,Gold Coast SUNS,Essendon,SUNS,ESS
espn-1128168,2021-08-20,2021,regular,Richmond,Hawthorn,83,83,,,espn,Richmond,Hawthorn,RICH,HAW
espn-1128170,2021-08-20,2021,regular,Sydney Swans,Gold Coast SUNS,136,49,,,espn,Sydney Swans,Gold Coast SUNS,SYD,SUNS
espn-1128171,2021-08-20,2021,regular,Western Bulldogs,Port Adelaide,64,66,,,espn,Western Bulldogs,Port Adelaide,WB,PORT
espn-1128164,2021-08-21,2021,regular,Brisbane Lions,West Coast Eagles,125,87,,,espn,Brisbane Lions,West Coast Eagles,BL,WCE
espn-1128165,2021-08-21,2021,regular,Carlton,GWS GIANTS,75,89,,,espn,Carlton,GWS GIANTS,CARL,GWS
espn-1128167,2021-08-21,2021,regular,Geelong Cats,Melbourne,77,81,,,espn,Geelong Cats,Melbourne,GEEL,MELB
espn-1128169,2021-08-21,2021,regular,St Kilda,Fremantle,107,49,,,espn,St Kilda,Fremantle,STK,FRE
espn-1128163,2021-08-22,2021,regular,Adelaide Crows,North Melbourne,98,54,,,espn,Adelaide Crows,North Melbourne,ADEL,NMFC
espn-1128166,2021-08-22,2021,regular,Essendon,Collingwood,102,64,,,espn,Essendon,Collingwood,ESS,COLL
espn-1132578,2021-08-27,2021,postseason,Port Adelaide,Geelong Cats,86,43,,,espn,Port Adelaide,Geelong Cats,PORT,GEEL
espn-1132579,2021-08-28,2021,postseason,Sydney Swans,GWS GIANTS,73,74,,,espn,Sydney Swans,GWS GIANTS,SYD,GWS
espn-1132580,2021-08-28,2021,postseason,Melbourne,Brisbane Lions,93,60,,,espn,Melbourne,Brisbane Lions,MELB,BL
espn-1132581,2021-08-29,2021,postseason,Western Bulldogs,Essendon,85,36,,,espn,Western Bulldogs,Essendon,WB,ESS
espn-1132582,2021-09-03,2021,postseason,Geelong Cats,GWS GIANTS,103,68,,,espn,Geelong Cats,GWS GIANTS,GEEL,GWS
espn-1132583,2021-09-04,2021,postseason,Brisbane Lions,Western Bulldogs,78,79,,,espn,Brisbane Lions,Western Bulldogs,BL,WB
espn-1132587,2021-09-10,2021,postseason,Melbourne,Geelong Cats,125,42,,,espn,Melbourne,Geelong Cats,MELB,GEEL
espn-1132586,2021-09-11,2021,postseason,Port Adelaide,Western Bulldogs,45,116,,,espn,Port Adelaide,Western Bulldogs,PORT,WB
espn-1132588,2021-09-25,2021,postseason,Melbourne,Western Bulldogs,140,66,,,espn,Melbourne,Western Bulldogs,MELB,WB
espn-1132589,2022-03-03,2022,regular,Carlton,Melbourne,98,93,,,espn,Carlton,Melbourne,CARL,MELB
espn-1132590,2022-03-04,2022,regular,Western Bulldogs,Brisbane Lions,80,86,,,espn,Western Bulldogs,Brisbane Lions,WB,BL
espn-1132591,2022-03-04,2022,regular,Hawthorn,Richmond,69,94,,,espn,Hawthorn,Richmond,HAW,RICH
espn-1132592,2022-03-05,2022,regular,Adelaide Crows,Port Adelaide,74,111,,,espn,Adelaide Crows,Port Adelaide,ADEL,PORT
espn-1132593,2022-03-05,2022,regular,Essendon,St Kilda,71,82,,,espn,Essendon,St Kilda,ESS,STK
espn-1132594,2022-03-05,2022,regular,GWS GIANTS,Collingwood,100,59,,,espn,GWS GIANTS,Collingwood,GWS,COLL
espn-1132595,2022-03-06,2022,regular,Fremantle,West Coast Eagles,79,66,,,espn,Fremantle,West Coast Eagles,FRE,WCE
espn-1132596,2022-03-06,2022,regular,Sydney Swans,North Melbourne,82,51,,,espn,Sydney Swans,North Melbourne,SYD,NMFC
espn-1132597,2022-03-07,2022,regular,Gold Coast SUNS,Geelong Cats,95,72,,,espn,Gold Coast SUNS,Geelong Cats,SUNS,GEEL
espn-1132598,2022-03-16,2022,regular,Melbourne,Western Bulldogs,97,71,,,espn,Melbourne,Western Bulldogs,MELB,WB
espn-1132599,2022-03-17,2022,regular,Carlton,Richmond,101,76,,,espn,Carlton,Richmond,CARL,RICH
espn-1132600,2022-03-18,2022,regular,St Kilda,Collingwood,85,102,,,espn,St Kilda,Collingwood,STK,COLL
espn-1132601,2022-03-18,2022,regular,Geelong Cats,Essendon,138,72,,,espn,Geelong Cats,Essendon,GEEL,ESS
espn-1132602,2022-03-19,2022,regular,GWS GIANTS,Sydney Swans,92,112,,,espn,GWS GIANTS,Sydney Swans,GWS,SYD
espn-1132603,2022-03-19,2022,regular,Brisbane Lions,Port Adelaide,80,69,,,espn,Brisbane Lions,Port Adelaide,BL,PORT
espn-1132604,2022-03-19,2022,regular,Hawthorn,North Melbourne,78,58,,,espn,Hawthorn,North Melbourne,HAW,NMFC
espn-1132605,2022-03-20,2022,regular,Adelaide Crows,Fremantle,82,83,,,espn,Adelaide Crows,Fremantle,ADEL,FRE
espn-1132606,2022-03-20,2022,regular,West Coast Eagles,Gold Coast SUNS,80,107,,,espn,West Coast Eagles,Gold Coast SUNS,WCE,SUNS
espn-1132607,2022-03-24,2022,regular,Western Bulldogs,Carlton,90,102,,,espn,Western Bulldogs,Carlton,WB,CARL
espn-1132608,2022-03-25,2022,regular,Sydney Swans,Geelong Cats,107,77,,,espn,Sydney Swans,Geelong Cats,SYD,GEEL
espn-1132609,2022-03-25,2022,regular,Collingwood,Adelaide Crows,100,58,,,espn,Collingwood,Adelaide Crows,COLL,ADEL
espn-1132610,2022-03-26,2022,regular,Essendon,Brisbane Lions,75,97,,,espn,Essendon,Brisbane Lions,ESS,BL
espn-1132611,2022-03-26,2022,regular,Gold Coast SUNS,Melbourne,69,82,,,espn,Gold Coast SUNS,Melbourne,SUNS,MELB
espn-1132612,2022-03-26,2022,regular,Port Adelaide,Hawthorn,56,120,,,espn,Port Adelaide,Hawthorn,PORT,HAW
espn-1132613,2022-03-26,2022,regular,North Melbourne,West Coast Eagles,74,59,,,espn,North Melbourne,West Coast Eagles,NMFC,WCE
espn-1132614,2022-03-27,2022,regular,Richmond,GWS GIANTS,109,73,,,espn,Richmond,GWS GIANTS,RICH,GWS
espn-1132615,2022-03-27,2022,regular,Fremantle,St Kilda,55,65,,,espn,Fremantle,St Kilda,FRE,STK
espn-1132616,2022-03-31,2022,regular,Western Bulldogs,Sydney Swans,71,60,,,espn,Western Bulldogs,Sydney Swans,WB,SYD
espn-1132617,2022-04-01,2022,regular,Melbourne,Essendon,99,70,,,espn,Melbourne,Essendon,MELB,ESS
espn-1132618,2022-04-01,2022,regular,Adelaide Crows,Port Adelaide,96,92,,,espn,Adelaide Crows,Port Adelaide,ADEL,PORT
espn-1132619,2022-04-02,2022,regular,GWS GIANTS,Gold Coast SUNS,83,57,,,espn,GWS GIANTS,Gold Coast SUNS,GWS,SUNS
espn-1132620,2022-04-02,2022,regular,Brisbane Lions,North Melbourne,156,48,,,espn,Brisbane Lions,North Melbourne,BL,NMFC
espn-1132621,2022-04-02,2022,regular,Collingwood,Geelong Cats,91,104,,,espn,Collingwood,Geelong Cats,COLL,GEEL
espn-1132622,2022-04-02,2022,regular,Carlton,Hawthorn,74,73,,,espn,Carlton,Hawthorn,CARL,HAW
espn-1132623,2022-04-03,2022,regular,St Kilda,Richmond,117,84,,,espn,St Kilda,Richmond,STK,RICH
espn-1132624,2022-04-03,2022,regular,West Coast Eagles,Fremantle,47,102,,,espn,West Coast Eagles,Fremantle,WCE,FRE
espn-1132625,2022-04-07,2022,regular,Port Adelaide,Melbourne,36,68,,,espn,Port Adelaide,Melbourne,PORT,MELB
espn-1132626,2022-04-08,2022,regular,Geelong Cats,Brisbane Lions,80,70,,,espn,Geelong Cats,Brisbane Lions,GEEL,BL
espn-1132627,2022-04-09,2022,regular,Sydney Swans,North Melbourne,86,75,,,espn,Sydney Swans,North Melbourne,SYD,NMFC
espn-1132628,2022-04-09,2022,regular,Collingwood,West Coast Eagles,74,87,,,espn,Collingwood,West Coast Eagles,COLL,WCE
espn-1132629,2022-04-09,2022,regular,Fremantle,GWS GIANTS,88,54,,,espn,Fremantle,GWS GIANTS,FRE,GWS
espn-1132630,2022-04-09,2022,regular,Richmond,Western Bulldogs,99,61,,,espn,Richmond,Western Bulldogs,RICH,WB
espn-1132631,2022-04-09,2022,regular,Essendon,Adelaide Crows,103,99,,,espn,Essendon,Adelaide Crows,ESS,ADEL
espn-1132632,2022-04-10,2022,regular,Hawthorn,St Kilda,73,142,,,espn,Hawthorn,St Kilda,HAW,STK
espn-1132633,2022-04-10,2022,regular,Gold Coast SUNS,Carlton,92,62,,,espn,Gold Coast SUNS,Carlton,SUNS,CARL
espn-1132634,2022-04-14,2022,regular,Brisbane Lions,Collingwood,98,91,,,espn,Brisbane Lions,Collingwood,BL,COLL
espn-1132635,2022-04-15,2022,regular,North Melbourne,Western Bulldogs,71,139,,,espn,North Melbourne,Western Bulldogs,NMFC,WB
espn-1132636,2022-04-15,2022,regular,West Coast Eagles,Sydney Swans,58,121,,,espn,West Coast Eagles,Sydney Swans,WCE,SYD
espn-1132637,2022-04-15,2022,regular,St Kilda,Gold Coast SUNS,87,61,,,espn,St Kilda,Gold Coast SUNS,STK,SUNS
espn-1132638,2022-04-16,2022,regular,Adelaide Crows,Richmond,101,82,,,espn,Adelaide Crows,Richmond,ADEL,RICH
espn-1132639,2022-04-16,2022,regular,Melbourne,GWS GIANTS,120,53,,,espn,Melbourne,GWS GIANTS,MELB,GWS
espn-1132640,2022-04-16,2022,regular,Carlton,Port Adelaide,94,91,,,espn,Carlton,Port Adelaide,CARL,PORT
espn-1132641,2022-04-17,2022,regular,Essendon,Fremantle,59,107,,,espn,Essendon,Fremantle,ESS,FRE
espn-1132642,2022-04-18,2022,regular,Hawthorn,Geelong Cats,92,80,,,espn,Hawthorn,Geelong Cats,HAW,GEEL
espn-1132643,2022-04-22,2022,regular,GWS GIANTS,St Kilda,60,77,,,espn,GWS GIANTS,St Kilda,GWS,STK
espn-1132644,2022-04-22,2022,regular,Western Bulldogs,Adelaide Crows,62,63,,,espn,Western Bulldogs,Adelaide Crows,WB,ADEL
espn-1132645,2022-04-23,2022,regular,Port Adelaide,West Coast Eagles,117,33,,,espn,Port Adelaide,West Coast Eagles,PORT,WCE
espn-1132646,2022-04-23,2022,regular,Fremantle,Carlton,97,62,,,espn,Fremantle,Carlton,FRE,CARL
espn-1132647,2022-04-23,2022,regular,North Melbourne,Geelong Cats,61,121,,,espn,North Melbourne,Geelong Cats,NMFC,GEEL
espn-1132648,2022-04-24,2022,regular,Gold Coast SUNS,Brisbane Lions,80,132,,,espn,Gold Coast SUNS,Brisbane Lions,SUNS,BL
espn-1132649,2022-04-24,2022,regular,Richmond,Melbourne,54,76,,,espn,Richmond,Melbourne,RICH,MELB
espn-1132650,2022-04-24,2022,regular,Hawthorn,Sydney Swans,68,109,,,espn,Hawthorn,Sydney Swans,HAW,SYD
espn-1132651,2022-04-25,2022,regular,Essendon,Collingwood,82,93,,,espn,Essendon,Collingwood,ESS,COLL
espn-1132652,2022-04-29,2022,regular,West Coast Eagles,Richmond,56,165,,,espn,West Coast Eagles,Richmond,WCE,RICH
espn-1132654,2022-04-29,2022,regular,Geelong Cats,Fremantle,66,69,,,espn,Geelong Cats,Fremantle,GEEL,FRE
espn-1132653,2022-04-30,2022,regular,Adelaide Crows,GWS GIANTS,54,113,,,espn,Adelaide Crows,GWS GIANTS,ADEL,GWS
espn-1132655,2022-04-30,2022,regular,Melbourne,Hawthorn,91,81,,,espn,Melbourne,Hawthorn,MELB,HAW
espn-1132656,2022-04-30,2022,regular,St Kilda,Port Adelaide,42,43,,,espn,St Kilda,Port Adelaide,STK,PORT
espn-1132657,2022-04-30,2022,regular,Carlton,North Melbourne,114,64,,,espn,Carlton,North Melbourne,CARL,NMFC
espn-1132658,2022-04-30,2022,regular,Collingwood,Gold Coast SUNS,115,90,,,espn,Collingwood,Gold Coast SUNS,COLL,SUNS
espn-1132659,2022-05-01,2022,regular,Western Bulldogs,Essendon,103,71,,,espn,Western Bulldogs,Essendon,WB,ESS
espn-1132660,2022-05-01,2022,regular,Sydney Swans,Brisbane Lions,89,113,,,espn,Sydney Swans,Brisbane Lions,SYD,BL
espn-1132661,2022-05-06,2022,regular,Fremantle,North Melbourne,102,24,,,espn,Fremantle,North Melbourne,FRE,NMFC
espn-1132662,2022-05-06,2022,regular,Port Adelaide,Western Bulldogs,86,69,,,espn,Port Adelaide,Western Bulldogs,PORT,WB
espn-1132663,2022-05-06,2022,regular,Sydney Swans,Gold Coast SUNS,61,75,,,espn,Sydney Swans,Gold Coast SUNS,SYD,SUNS
espn-1132664,2022-05-06,2022,regular,Richmond,Collingwood,113,86,,,espn,Richmond,Collingwood,RICH,COLL
espn-1132665,2022-05-07,2022,regular,GWS GIANTS,Geelong Cats,35,88,,,espn,GWS GIANTS,Geelong Cats,GWS,GEEL
espn-1132666,2022-05-07,2022,regular,Brisbane Lions,West Coast Eagles,105,30,,,espn,Brisbane Lions,West Coast Eagles,BL,WCE
espn-1132667,2022-05-07,2022,regular,Essendon,Hawthorn,108,81,,,espn,Essendon,Hawthorn,ESS,HAW
espn-1132668,2022-05-07,2022,regular,Melbourne,St Kilda,93,55,,,espn,Melbourne,St Kilda,MELB,STK
espn-1132669,2022-05-08,2022,regular,Carlton,Adelaide Crows,116,68,,,espn,Carlton,Adelaide Crows,CARL,ADEL
espn-1132670,2022-05-13,2022,regular,Collingwood,Western Bulldogs,51,99,,,espn,Collingwood,Western Bulldogs,COLL,WB
espn-1132671,2022-05-13,2022,regular,Hawthorn,Richmond,94,117,,,espn,Hawthorn,Richmond,HAW,RICH
espn-1132672,2022-05-14,2022,regular,North Melbourne,Port Adelaide,46,115,,,espn,North Melbourne,Port Adelaide,NMFC,PORT
espn-1132673,2022-05-14,2022,regular,St Kilda,Geelong Cats,90,80,,,espn,St Kilda,Geelong Cats,STK,GEEL
espn-1132674,2022-05-14,2022,regular,Adelaide Crows,Brisbane Lions,66,102,,,espn,Adelaide Crows,Brisbane Lions,ADEL,BL
espn-1132675,2022-05-14,2022,regular,Sydney Swans,Essendon,105,47,,,espn,Sydney Swans,Essendon,SYD,ESS
espn-1132676,2022-05-14,2022,regular,Gold Coast SUNS,Fremantle,69,33,,,espn,Gold Coast SUNS,Fremantle,SUNS,FRE
espn-1132677,2022-05-15,2022,regular,GWS GIANTS,Carlton,75,105,,,espn,GWS GIANTS,Carlton,GWS,CARL
espn-1132678,2022-05-15,2022,regular,West Coast Eagles,Melbourne,38,112,,,espn,West Coast Eagles,Melbourne,WCE,MELB
espn-1132680,2022-05-20,2022,regular,Carlton,Sydney Swans,102,87,,,espn,Carlton,Sydney Swans,CARL,SYD
espn-1132681,2022-05-20,2022,regular,Geelong Cats,Port Adelaide,82,47,,,espn,Geelong Cats,Port Adelaide,GEEL,PORT
espn-1132684,2022-05-20,2022,regular,Western Bulldogs,Gold Coast SUNS,106,87,,,espn,Western Bulldogs,Gold Coast SUNS,WB,SUNS
espn-1132682,2022-05-21,2022,regular,North Melbourne,Melbourne,53,100,,,espn,North Melbourne,Melbourne,NMFC,MELB
espn-1132683,2022-05-21,2022,regular,Richmond,Essendon,80,48,,,espn,Richmond,Essendon,RICH,ESS
espn-1132685,2022-05-21,2022,regular,Adelaide Crows,St Kilda,69,90,,,espn,Adelaide Crows,St Kilda,ADEL,STK
espn-1132679,2022-05-22,2022,regular,GWS GIANTS,West Coast Eagles,138,86,,,espn,GWS GIANTS,West Coast Eagles,GWS,WCE
espn-1132686,2022-05-22,2022,regular,Fremantle,Collingwood,44,80,,,espn,Fremantle,Collingwood,FRE,COLL
espn-1132687,2022-05-22,2022,regular,Hawthorn,Brisbane Lions,117,112,,,espn,Hawthorn,Brisbane Lions,HAW,BL
espn-1132688,2022-05-27,2022,regular,Sydney Swans,Richmond,106,100,,,espn,Sydney Swans,Richmond,SYD,RICH
espn-1132689,2022-05-27,2022,regular,Brisbane Lions,GWS GIANTS,110,96,,,espn,Brisbane Lions,GWS GIANTS,BL,GWS
espn-1132691,2022-05-27,2022,regular,Geelong Cats,Adelaide Crows,97,55,,,espn,Geelong Cats,Adelaide Crows,GEEL,ADEL
espn-1132692,2022-05-28,2022,regular,Melbourne,Fremantle,56,94,,,espn,Melbourne,Fremantle,MELB,FRE
espn-1132693,2022-05-28,2022,regular,St Kilda,North Melbourne,103,50,,,espn,St Kilda,North Melbourne,STK,NMFC
espn-1132695,2022-05-28,2022,regular,West Coast Eagles,Western Bulldogs,60,161,,,espn,West Coast Eagles,Western Bulldogs,WCE,WB
espn-1132696,2022-05-28,2022,regular,Gold Coast SUNS,Hawthorn,121,54,,,espn,Gold Coast SUNS,Hawthorn,SUNS,HAW
espn-1132690,2022-05-29,2022,regular,Collingwood,Carlton,79,75,,,espn,Collingwood,Carlton,COLL,CARL
espn-1132694,2022-05-29,2022,regular,Port Adelaide,Essendon,66,50,,,espn,Port Adelaide,Essendon,PORT,ESS
espn-1132699,2022-06-03,2022,regular,Western Bulldogs,Geelong Cats,70,83,,,espn,Western Bulldogs,Geelong Cats,WB,GEEL
espn-1132700,2022-06-03,2022,regular,Adelaide Crows,West Coast Eagles,88,57,,,espn,Adelaide Crows,West Coast Eagles,ADEL,WCE
espn-1132698,2022-06-04,2022,regular,Melbourne,Sydney Swans,61,73,,,espn,Melbourne,Sydney Swans,MELB,SYD
espn-1132702,2022-06-04,2022,regular,Gold Coast SUNS,North Melbourne,109,47,,,espn,Gold Coast SUNS,North Melbourne,SUNS,NMFC
espn-1132697,2022-06-05,2022,regular,Hawthorn,Collingwood,68,72,,,espn,Hawthorn,Collingwood,HAW,COLL
espn-1132701,2022-06-05,2022,regular,Fremantle,Brisbane Lions,99,85,,,espn,Fremantle,Brisbane Lions,FRE,BL
espn-1132707,2022-06-09,2022,regular,Richmond,Port Adelaide,77,65,,,espn,Richmond,Port Adelaide,RICH,PORT
espn-1132705,2022-06-10,2022,regular,Essendon,Carlton,54,80,,,espn,Essendon,Carlton,ESS,CARL
espn-1132703,2022-06-11,2022,regular,Brisbane Lions,St Kilda,78,57,,,espn,Brisbane Lions,St Kilda,BL,STK
espn-1132708,2022-06-11,2022,regular,Fremantle,Hawthorn,95,82,,,espn,Fremantle,Hawthorn,FRE,HAW
espn-1132706,2022-06-12,2022,regular,North Melbourne,GWS GIANTS,53,102,,,espn,North Melbourne,GWS GIANTS,NMFC,GWS
espn-1132704,2022-06-13,2022,regular,Collingwood,Melbourne,82,56,,,espn,Collingwood,Melbourne,COLL,MELB
espn-1132711,2022-06-16,2022,regular,Richmond,Carlton,81,66,,,espn,Richmond,Carlton,RICH,CARL
espn-1132712,2022-06-17,2022,regular,St Kilda,Essendon,72,107,,,espn,St Kilda,Essendon,STK,ESS
espn-1132713,2022-06-17,2022,regular,Port Adelaide,Sydney Swans,82,59,,,espn,Port Adelaide,Sydney Swans,PORT,SYD
espn-1132709,2022-06-18,2022,regular,GWS GIANTS,Western Bulldogs,105,125,,,espn,GWS GIANTS,Western Bulldogs,GWS,WB
espn-1132714,2022-06-18,2022,regular,West Coast Eagles,Geelong Cats,63,81,,,espn,West Coast Eagles,Geelong Cats,WCE,GEEL
espn-1132710,2022-06-19,2022,regular,Gold Coast SUNS,Adelaide Crows,116,73,,,espn,Gold Coast SUNS,Adelaide Crows,SUNS,ADEL
espn-1132719,2022-06-23,2022,regular,Melbourne,Brisbane Lions,117,53,,,espn,Melbourne,Brisbane Lions,MELB,BL
espn-1132716,2022-06-24,2022,regular,Carlton,Fremantle,81,50,,,espn,Carlton,Fremantle,CARL,FRE
espn-1132720,2022-06-24,2022,regular,Western Bulldogs,Hawthorn,125,83,,,espn,Western Bulldogs,Hawthorn,WB,HAW
espn-1132722,2022-06-24,2022,regular,West Coast Eagles,Essendon,107,97,,,espn,West Coast Eagles,Essendon,WCE,ESS
espn-1132715,2022-06-25,2022,regular,Sydney Swans,St Kilda,83,32,,,espn,Sydney Swans,St Kilda,SYD,STK
espn-1132718,2022-06-25,2022,regular,Geelong Cats,Richmond,89,86,,,espn,Geelong Cats,Richmond,GEEL,RICH
espn-1132723,2022-06-25,2022,regular,North Melbourne,Adelaide Crows,58,115,,,espn,North Melbourne,Adelaide Crows,NMFC,ADEL
espn-1132717,2022-06-26,2022,regular,Collingwood,GWS GIANTS,88,77,,,espn,Collingwood,GWS GIANTS,COLL,GWS
espn-1132721,2022-06-26,2022,regular,Port Adelaide,Gold Coast SUNS,93,91,,,espn,Port Adelaide,Gold Coast SUNS,PORT,SUNS
espn-1132725,2022-06-30,2022,regular,Brisbane Lions,Western Bulldogs,108,67,,,espn,Brisbane Lions,Western Bulldogs,BL,WB
espn-1132727,2022-07-01,2022,regular,Carlton,St Kilda,78,93,,,espn,Carlton,St Kilda,CARL,STK
espn-1132728,2022-07-01,2022,regular,Essendon,Sydney Swans,95,86,,,espn,Essendon,Sydney Swans,ESS,SYD
espn-1132726,2022-07-02,2022,regular,Gold Coast SUNS,Collingwood,62,67,,,espn,Gold Coast SUNS,Collingwood,SUNS,COLL
espn-1132729,2022-07-02,2022,regular,Geelong Cats,North Melbourne,144,32,,,espn,Geelong Cats,North Melbourne,GEEL,NMFC
espn-1132731,2022-07-02,2022,regular,Adelaide Crows,Melbourne,65,94,,,espn,Adelaide Crows,Melbourne,ADEL,MELB
espn-1132724,2022-07-03,2022,regular,GWS GIANTS,Hawthorn,72,50,,,espn,GWS GIANTS,Hawthorn,GWS,HAW
espn-1132730,2022-07-03,2022,regular,Richmond,West Coast Eagles,128,93,,,espn,Richmond,West Coast Eagles,RICH,WCE
espn-1132732,2022-07-03,2022,regular,Fremantle,Port Adelaide,99,91,,,espn,Fremantle,Port Adelaide,FRE,PORT
espn-1132737,2022-07-07,2022,regular,Geelong Cats,Melbourne,91,63,,,espn,Geelong Cats,Melbourne,GEEL,MELB
espn-1132733,2022-07-08,2022,regular,Sydney Swans,Western Bulldogs,120,67,,,espn,Sydney Swans,Western Bulldogs,SYD,WB
espn-1132736,2022-07-08,2022,regular,Collingwood,North Melbourne,88,81,,,espn,Collingwood,North Melbourne,COLL,NMFC
espn-1132734,2022-07-09,2022,regular,Brisbane Lions,Essendon,90,100,,,espn,Brisbane Lions,Essendon,BL,ESS
espn-1132735,2022-07-09,2022,regular,Gold Coast SUNS,Richmond,94,92,,,espn,Gold Coast SUNS,Richmond,SUNS,RICH
espn-1132739,2022-07-09,2022,regular,St Kilda,Fremantle,70,111,,,espn,St Kilda,Fremantle,STK,FRE
espn-1132740,2022-07-09,2022,regular,Port Adelaide,GWS GIANTS,84,29,,,espn,Port Adelaide,GWS GIANTS,PORT,GWS
espn-1132738,2022-07-10,2022,regular,Hawthorn,Adelaide Crows,86,54,,,espn,Hawthorn,Adelaide Crows,HAW,ADEL
espn-1132741,2022-07-10,2022,regular,West Coast Eagles,Carlton,53,116,,,espn,West Coast Eagles,Carlton,WCE,CARL
espn-1132746,2022-07-15,2022,regular,Western Bulldogs,St Kilda,84,56,,,espn,Western Bulldogs,St Kilda,WB,STK
espn-1132747,2022-07-15,2022,regular,Adelaide Crows,Collingwood,86,91,,,espn,Adelaide Crows,Collingwood,ADEL,COLL
espn-1132749,2022-07-15,2022,regular,GWS GIANTS,Brisbane Lions,59,99,,,espn,GWS GIANTS,Brisbane Lions,GWS,BL
espn-1132742,2022-07-16,2022,regular,Carlton,Geelong Cats,55,85,,,espn,Carlton,Geelong Cats,CARL,GEEL
espn-1132744,2022-07-16,2022,regular,Hawthorn,West Coast Eagles,102,77,,,espn,Hawthorn,West Coast Eagles,HAW,WCE
espn-1132745,2022-07-16,2022,regular,North Melbourne,Richmond,92,88,,,espn,North Melbourne,Richmond,NMFC,RICH
espn-1132748,2022-07-16,2022,regular,Fremantle,Sydney Swans,65,82,,,espn,Fremantle,Sydney Swans,FRE,SYD
espn-1132743,2022-07-17,2022,regular,Essendon,Gold Coast SUNS,103,55,,,espn,Essendon,Gold Coast SUNS,ESS,SUNS
espn-1132750,2022-07-17,2022,regular,Melbourne,Port Adelaide,83,69,,,espn,Melbourne,Port Adelaide,MELB,PORT
espn-1132751,2022-07-22,2022,regular,Sydney Swans,Adelaide Crows,118,85,,,espn,Sydney Swans,Adelaide Crows,SYD,ADEL
espn-1132755,2022-07-22,2022,regular,Richmond,Fremantle,52,52,,,espn,Richmond,Fremantle,RICH,FRE
espn-1132759,2022-07-22,2022,regular,North Melbourne,Hawthorn,75,121,,,espn,North Melbourne,Hawthorn,NMFC,HAW
espn-1132752,2022-07-23,2022,regular,Brisbane Lions,Gold Coast SUNS,110,93,,,espn,Brisbane Lions,Gold Coast SUNS,BL,SUNS
espn-1132753,2022-07-23,2022,regular,Carlton,GWS GIANTS,90,54,,,espn,Carlton,GWS GIANTS,CARL,GWS
espn-1132756,2022-07-23,2022,regular,Western Bulldogs,Melbourne,110,100,,,espn,Western Bulldogs,Melbourne,WB,MELB
espn-1132757,2022-07-23,2022,regular,Port Adelaide,Geelong Cats,94,106,,,espn,Port Adelaide,Geelong Cats,PORT,GEEL
espn-1132754,2022-07-24,2022,regular,Collingwood,Essendon,80,76,,,espn,Collingwood,Essendon,COLL,ESS
espn-1132758,2022-07-24,2022,regular,West Coast Eagles,St Kilda,62,90,,,espn,West Coast Eagles,St Kilda,WCE,STK
espn-1132762,2022-07-29,2022,regular,Collingwood,Port Adelaide,88,82,,,espn,Collingwood,Port Adelaide,COLL,PORT
espn-1132768,2022-07-29,2022,regular,Fremantle,Melbourne,39,85,,,espn,Fremantle,Melbourne,FRE,MELB
espn-1132760,2022-07-30,2022,regular,Sydney Swans,GWS GIANTS,112,39,,,espn,Sydney Swans,GWS GIANTS,SYD,GWS
espn-1132761,2022-07-30,2022,regular,Gold Coast SUNS,West Coast Eagles,107,104,,,espn,Gold Coast SUNS,West Coast Eagles,SUNS,WCE
espn-1132764,2022-07-30,2022,regular,Geelong Cats,Western Bulldogs,94,66,,,espn,Geelong Cats,Western Bulldogs,GEEL,WB
espn-1132766,2022-07-30,2022,regular,St Kilda,Hawthorn,75,63,,,espn,St Kilda,Hawthorn,STK,HAW
espn-1132767,2022-07-30,2022,regular,Adelaide Crows,Carlton,84,55,,,espn,Adelaide Crows,Carlton,ADEL,CARL
espn-1132763,2022-07-31,2022,regular,Essendon,North Melbourne,114,66,,,espn,Essendon,North Melbourne,ESS,NMFC
espn-1132765,2022-07-31,2022,regular,Richmond,Brisbane Lions,104,97,,,espn,Richmond,Brisbane Lions,RICH,BL
espn-1132772,2022-08-05,2022,regular,Melbourne,Collingwood,89,96,,,espn,Melbourne,Collingwood,MELB,COLL
espn-1132777,2022-08-05,2022,regular,Hawthorn,Gold Coast SUNS,70,63,,,espn,Hawthorn,Gold Coast SUNS,HAW,SUNS
espn-1132769,2022-08-06,2022,regular,GWS GIANTS,Essendon,96,69,,,espn,GWS GIANTS,Essendon,GWS,ESS
espn-1132771,2022-08-06,2022,regular,Geelong Cats,St Kilda,110,65,,,espn,Geelong Cats,St Kilda,GEEL,STK
espn-1132773,2022-08-06,2022,regular,North Melbourne,Sydney Swans,88,126,,,espn,North Melbourne,Sydney Swans,NMFC,SYD
espn-1132774,2022-08-06,2022,regular,Western Bulldogs,Fremantle,78,95,,,espn,Western Bulldogs,Fremantle,WB,FRE
espn-1132775,2022-08-06,2022,regular,Port Adelaide,Richmond,71,109,,,espn,Port Adelaide,Richmond,PORT,RICH
espn-1132770,2022-08-07,2022,regular,Brisbane Lions,Carlton,114,81,,,espn,Brisbane Lions,Carlton,BL,CARL
espn-1132776,2022-08-07,2022,regular,West Coast Eagles,Adelaide Crows,86,102,,,espn,West Coast Eagles,Adelaide Crows,WCE,ADEL
espn-1132783,2022-08-12,2022,regular,St Kilda,Brisbane Lions,66,81,,,espn,St Kilda,Brisbane Lions,STK,BL
espn-1132784,2022-08-12,2022,regular,Western Bulldogs,GWS GIANTS,62,57,,,espn,Western Bulldogs,GWS GIANTS,WB,GWS
espn-1132779,2022-08-13,2022,regular,Gold Coast SUNS,Geelong Cats,59,119,,,espn,Gold Coast SUNS,Geelong Cats,SUNS,GEEL
espn-1132781,2022-08-13,2022,regular,Melbourne,Carlton,79,74,,,espn,Melbourne,Carlton,MELB,CARL
espn-1132782,2022-08-13,2022,regular,Richmond,Hawthorn,128,67,,,espn,Richmond,Hawthorn,RICH,HAW
espn-1132785,2022-08-13,2022,regular,Adelaide Crows,North Melbourne,103,74,,,espn,Adelaide Crows,North Melbourne,ADEL,NMFC
espn-1132786,2022-08-13,2022,regular,Fremantle,West Coast Eagles,71,47,,,espn,Fremantle,West Coast Eagles,FRE,WCE
espn-1132778,2022-08-14,2022,regular,Sydney Swans,Collingwood,77,50,,,espn,Sydney Swans,Collingwood,SYD,COLL
espn-1132780,2022-08-14,2022,regular,Essendon,Port Adelaide,62,146,,,espn,Essendon,Port Adelaide,ESS,PORT
espn-1132787,2022-08-19,2022,regular,Brisbane Lions,Melbourne,57,115,,,espn,Brisbane Lions,Melbourne,BL,MELB
espn-1132795,2022-08-19,2022,regular,GWS GIANTS,Fremantle,69,89,,,espn,GWS GIANTS,Fremantle,GWS,FRE
espn-1132789,2022-08-20,2022,regular,Essendon,Richmond,75,141,,,espn,Essendon,Richmond,ESS,RICH
espn-1132790,2022-08-20,2022,regular,Geelong Cats,West Coast Eagles,131,46,,,espn,Geelong Cats,West Coast Eagles,GEEL,WCE
espn-1132791,2022-08-20,2022,regular,North Melbourne,Gold Coast SUNS,47,114,,,espn,North Melbourne,Gold Coast SUNS,NMFC,SUNS
espn-1132793,2022-08-20,2022,regular,Port Adelaide,Adelaide Crows,111,55,,,espn,Port Adelaide,Adelaide Crows,PORT,ADEL
espn-1132794,2022-08-20,2022,regular,Hawthorn,Western Bulldogs,64,87,,,espn,Hawthorn,Western Bulldogs,HAW,WB
espn-1132788,2022-08-21,2022,regular,Carlton,Collingwood,74,75,,,espn,Carlton,Collingwood,CARL,COLL
espn-1132792,2022-08-21,2022,regular,St Kilda,Sydney Swans,74,88,,,espn,St Kilda,Sydney Swans,STK,SYD
espn-1132796,2022-09-01,2022,postseason,Brisbane Lions,Richmond,106,104,,,espn,Brisbane Lions,Richmond,BL,RICH
espn-1132797,2022-09-02,2022,postseason,Melbourne,Sydney Swans,69,91,,,espn,Melbourne,Sydney Swans,MELB,SYD
espn-1132798,2022-09-03,2022,postseason,Geelong Cats,Collingwood,78,72,,,espn,Geelong Cats,Collingwood,GEEL,COLL
espn-1132799,2022-09-03,2022,postseason,Fremantle,Western Bulldogs,73,60,,,espn,Fremantle,Western Bulldogs,FRE,WB
espn-1132800,2022-09-09,2022,postseason,Melbourne,Brisbane Lions,79,92,,,espn,Melbourne,Brisbane Lions,MELB,BL
espn-1132801,2022-09-10,2022,postseason,Collingwood,Fremantle,79,59,,,espn,Collingwood,Fremantle,COLL,FRE
espn-1132802,2022-09-16,2022,postseason,Geelong Cats,Brisbane Lions,120,49,,,espn,Geelong Cats,Brisbane Lions,GEEL,BL
espn-1132803,2022-09-17,2022,postseason,Sydney Swans,Collingwood,95,94,,,espn,Sydney Swans,Collingwood,SYD,COLL
espn-1132804,2022-09-24,2022,postseason,Geelong Cats,Sydney Swans,133,52,,,espn,Geelong Cats,Sydney Swans,GEEL,SYD
espn-1133012,2023-03-02,2023,regular,Fremantle,Port Adelaide,92,61,,,espn,Fremantle,Port Adelaide,FRE,PORT
espn-1133013,2023-03-02,2023,regular,Hawthorn,Collingwood,100,106,,,espn,Hawthorn,Collingwood,HAW,COLL
espn-1133014,2023-03-02,2023,regular,Brisbane Lions,Geelong Cats,91,45,,,espn,Brisbane Lions,Geelong Cats,BL,GEEL
espn-1133015,2023-03-03,2023,regular,St Kilda,Essendon,67,32,,,espn,St Kilda,Essendon,STK,ESS
espn-1133016,2023-03-03,2023,regular,West Coast Eagles,Adelaide Crows,52,111,,,espn,West Coast Eagles,Adelaide Crows,WCE,ADEL
espn-1133017,2023-03-03,2023,regular,Sydney Swans,Carlton,97,54,,,espn,Sydney Swans,Carlton,SYD,CARL
espn-1133018,2023-03-03,2023,regular,GWS GIANTS,Gold Coast SUNS,122,77,,,espn,GWS GIANTS,Gold Coast SUNS,GWS,SUNS
espn-1133019,2023-03-03,2023,regular,Western Bulldogs,North Melbourne,143,85,,,espn,Western Bulldogs,North Melbourne,WB,NMFC
espn-1133020,2023-03-04,2023,regular,Melbourne,Richmond,121,71,,,espn,Melbourne,Richmond,MELB,RICH
espn-1132805,2023-03-16,2023,regular,Richmond,Carlton,58,58,,,espn,Richmond,Carlton,RICH,CARL
espn-1132806,2023-03-17,2023,regular,Geelong Cats,Collingwood,103,125,,,espn,Geelong Cats,Collingwood,GEEL,COLL
espn-1132807,2023-03-17,2023,regular,North Melbourne,West Coast Eagles,87,82,,,espn,North Melbourne,West Coast Eagles,NMFC,WCE
espn-1132808,2023-03-18,2023,regular,Port Adelaide,Brisbane Lions,126,72,,,espn,Port Adelaide,Brisbane Lions,PORT,BL
espn-1132809,2023-03-18,2023,regular,Gold Coast SUNS,Sydney Swans,61,110,,,espn,Gold Coast SUNS,Sydney Swans,SUNS,SYD
espn-1132810,2023-03-18,2023,regular,Melbourne,Western Bulldogs,115,65,,,espn,Melbourne,Western Bulldogs,MELB,WB
espn-1132811,2023-03-18,2023,regular,GWS GIANTS,Adelaide Crows,106,90,,,espn,GWS GIANTS,Adelaide Crows,GWS,ADEL
espn-1132812,2023-03-19,2023,regular,Hawthorn,Essendon,65,124,,,espn,Hawthorn,Essendon,HAW,ESS
espn-1132813,2023-03-19,2023,regular,St Kilda,Fremantle,67,52,,,espn,St Kilda,Fremantle,STK,FRE
espn-1132814,2023-03-23,2023,regular,Carlton,Geelong Cats,90,82,,,espn,Carlton,Geelong Cats,CARL,GEEL
espn-1132815,2023-03-24,2023,regular,Brisbane Lions,Melbourne,93,82,,,espn,Brisbane Lions,Melbourne,BL,MELB
espn-1132816,2023-03-24,2023,regular,Collingwood,Port Adelaide,135,64,,,espn,Collingwood,Port Adelaide,COLL,PORT
espn-1132817,2023-03-25,2023,regular,Adelaide Crows,Richmond,76,108,,,espn,Adelaide Crows,Richmond,ADEL,RICH
espn-1132818,2023-03-25,2023,regular,Fremantle,North Melbourne,72,73,,,espn,Fremantle,North Melbourne,FRE,NMFC
espn-1132819,2023-03-25,2023,regular,Western Bulldogs,St Kilda,41,92,,,espn,Western Bulldogs,St Kilda,WB,STK
espn-1132820,2023-03-25,2023,regular,Sydney Swans,Hawthorn,118,37,,,espn,Sydney Swans,Hawthorn,SYD,HAW
espn-1132821,2023-03-26,2023,regular,Essendon,Gold Coast SUNS,108,80,,,espn,Essendon,Gold Coast SUNS,ESS,SUNS
espn-1132822,2023-03-26,2023,regular,West Coast Eagles,GWS GIANTS,100,81,,,espn,West Coast Eagles,GWS GIANTS,WCE,GWS
espn-1132823,2023-03-30,2023,regular,Western Bulldogs,Brisbane Lions,67,53,,,espn,Western Bulldogs,Brisbane Lions,WB,BL
espn-1132824,2023-03-31,2023,regular,Collingwood,Richmond,63,49,,,espn,Collingwood,Richmond,COLL,RICH
espn-1132825,2023-03-31,2023,regular,Hawthorn,North Melbourne,80,61,,,espn,Hawthorn,North Melbourne,HAW,NMFC
espn-1132826,2023-04-01,2023,regular,GWS GIANTS,Carlton,64,74,,,espn,GWS GIANTS,Carlton,GWS,CARL
espn-1132827,2023-04-01,2023,regular,Port Adelaide,Adelaide Crows,86,117,,,espn,Port Adelaide,Adelaide Crows,PORT,ADEL
espn-1132828,2023-04-01,2023,regular,St Kilda,Essendon,92,74,,,espn,St Kilda,Essendon,STK,ESS
espn-1132829,2023-04-02,2023,regular,Gold Coast SUNS,Geelong Cats,73,54,,,espn,Gold Coast SUNS,Geelong Cats,SUNS,GEEL
espn-1132830,2023-04-02,2023,regular,Melbourne,Sydney Swans,134,84,,,espn,Melbourne,Sydney Swans,MELB,SYD
espn-1132831,2023-04-02,2023,regular,Fremantle,West Coast Eagles,108,67,,,espn,Fremantle,West Coast Eagles,FRE,WCE
espn-1132832,2023-04-06,2023,regular,Brisbane Lions,Collingwood,116,83,,,espn,Brisbane Lions,Collingwood,BL,COLL
espn-1132833,2023-04-07,2023,regular,North Melbourne,Carlton,84,107,,,espn,North Melbourne,Carlton,NMFC,CARL
espn-1132834,2023-04-07,2023,regular,Adelaide Crows,Fremantle,111,72,,,espn,Adelaide Crows,Fremantle,ADEL,FRE
espn-1132835,2023-04-08,2023,regular,Richmond,Western Bulldogs,84,89,,,espn,Richmond,Western Bulldogs,RICH,WB
espn-1132836,2023-04-08,2023,regular,Sydney Swans,Port Adelaide,64,66,,,espn,Sydney Swans,Port Adelaide,SYD,PORT
espn-1132837,2023-04-08,2023,regular,St Kilda,Gold Coast SUNS,113,60,,,espn,St Kilda,Gold Coast SUNS,STK,SUNS
espn-1132838,2023-04-09,2023,regular,Essendon,GWS GIANTS,88,75,,,espn,Essendon,GWS GIANTS,ESS,GWS
espn-1132839,2023-04-09,2023,regular,West Coast Eagles,Melbourne,63,126,,,espn,West Coast Eagles,Melbourne,WCE,MELB
espn-1132840,2023-04-10,2023,regular,Geelong Cats,Hawthorn,127,45,,,espn,Geelong Cats,Hawthorn,GEEL,HAW
espn-1132841,2023-04-13,2023,regular,Adelaide Crows,Carlton,118,62,,,espn,Adelaide Crows,Carlton,ADEL,CARL
espn-1132842,2023-04-14,2023,regular,Fremantle,Gold Coast SUNS,100,90,,,espn,Fremantle,Gold Coast SUNS,FRE,SUNS
espn-1132843,2023-04-14,2023,regular,Richmond,Sydney Swans,78,122,,,espn,Richmond,Sydney Swans,RICH,SYD
espn-1132844,2023-04-14,2023,regular,Brisbane Lions,North Melbourne,152,77,,,espn,Brisbane Lions,North Melbourne,BL,NMFC
espn-1132845,2023-04-15,2023,regular,Essendon,Melbourne,104,77,,,espn,Essendon,Melbourne,ESS,MELB
espn-1132846,2023-04-15,2023,regular,Port Adelaide,Western Bulldogs,70,56,,,espn,Port Adelaide,Western Bulldogs,PORT,WB
espn-1132847,2023-04-15,2023,regular,Geelong Cats,West Coast Eagles,136,89,,,espn,Geelong Cats,West Coast Eagles,GEEL,WCE
espn-1132848,2023-04-16,2023,regular,GWS GIANTS,Hawthorn,77,75,,,espn,GWS GIANTS,Hawthorn,GWS,HAW
espn-1132849,2023-04-16,2023,regular,Collingwood,St Kilda,70,64,,,espn,Collingwood,St Kilda,COLL,STK
espn-1132850,2023-04-21,2023,regular,Fremantle,Western Bulldogs,69,118,,,espn,Fremantle,Western Bulldogs,FRE,WB
espn-1132851,2023-04-21,2023,regular,Port Adelaide,West Coast Eagles,109,69,,,espn,Port Adelaide,West Coast Eagles,PORT,WCE
espn-1132852,2023-04-22,2023,regular,GWS GIANTS,Brisbane Lions,87,108,,,espn,GWS GIANTS,Brisbane Lions,GWS,BL
espn-1132853,2023-04-22,2023,regular,Geelong Cats,Sydney Swans,130,37,,,espn,Geelong Cats,Sydney Swans,GEEL,SYD
espn-1132854,2023-04-22,2023,regular,Hawthorn,Adelaide Crows,76,79,,,espn,Hawthorn,Adelaide Crows,HAW,ADEL
espn-1132855,2023-04-23,2023,regular,Carlton,St Kilda,60,82,,,espn,Carlton,St Kilda,CARL,STK
espn-1132856,2023-04-23,2023,regular,Gold Coast SUNS,North Melbourne,97,54,,,espn,Gold Coast SUNS,North Melbourne,SUNS,NMFC
espn-1132857,2023-04-24,2023,regular,Melbourne,Richmond,96,78,,,espn,Melbourne,Richmond,MELB,RICH
espn-1132858,2023-04-25,2023,regular,Collingwood,Essendon,90,77,,,espn,Collingwood,Essendon,COLL,ESS
espn-1132859,2023-04-28,2023,regular,St Kilda,Port Adelaide,76,83,,,espn,St Kilda,Port Adelaide,STK,PORT
espn-1132860,2023-04-28,2023,regular,Brisbane Lions,Fremantle,115,67,,,espn,Brisbane Lions,Fremantle,BL,FRE
espn-1132861,2023-04-29,2023,regular,Sydney Swans,GWS GIANTS,106,107,,,espn,Sydney Swans,GWS GIANTS,SYD,GWS
espn-1132862,2023-04-29,2023,regular,Western Bulldogs,Hawthorn,94,65,,,espn,Western Bulldogs,Hawthorn,WB,HAW
espn-1132863,2023-04-29,2023,regular,West Coast Eagles,Carlton,44,152,,,espn,West Coast Eagles,Carlton,WCE,CARL
espn-1132864,2023-04-29,2023,regular,Melbourne,North Melbourne,139,49,,,espn,Melbourne,North Melbourne,MELB,NMFC
espn-1132865,2023-04-29,2023,regular,Essendon,Geelong Cats,104,132,,,espn,Essendon,Geelong Cats,ESS,GEEL
espn-1132866,2023-04-30,2023,regular,Richmond,Gold Coast SUNS,48,72,,,espn,Richmond,Gold Coast SUNS,RICH,SUNS
espn-1132867,2023-04-30,2023,regular,Adelaide Crows,Collingwood,58,59,,,espn,Adelaide Crows,Collingwood,ADEL,COLL
espn-1132868,2023-05-05,2023,regular,Carlton,Brisbane Lions,74,100,,,espn,Carlton,Brisbane Lions,CARL,BL
espn-1132869,2023-05-05,2023,regular,Richmond,West Coast Eagles,104,58,,,espn,Richmond,West Coast Eagles,RICH,WCE
espn-1132870,2023-05-06,2023,regular,Geelong Cats,Adelaide Crows,98,72,,,espn,Geelong Cats,Adelaide Crows,GEEL,ADEL
espn-1132871,2023-05-06,2023,regular,Gold Coast SUNS,Melbourne,85,90,,,espn,Gold Coast SUNS,Melbourne,SUNS,MELB
espn-1132872,2023-05-06,2023,regular,Fremantle,Hawthorn,117,48,,,espn,Fremantle,Hawthorn,FRE,HAW
espn-1132873,2023-05-06,2023,regular,GWS GIANTS,Western Bulldogs,71,86,,,espn,GWS GIANTS,Western Bulldogs,GWS,WB
espn-1132874,2023-05-06,2023,regular,Port Adelaide,Essendon,92,87,,,espn,Port Adelaide,Essendon,PORT,ESS
espn-1132875,2023-05-07,2023,regular,Collingwood,Sydney Swans,77,48,,,espn,Collingwood,Sydney Swans,COLL,SYD
espn-1132876,2023-05-07,2023,regular,North Melbourne,St Kilda,34,64,,,espn,North Melbourne,St Kilda,NMFC,STK
espn-1132877,2023-05-12,2023,regular,West Coast Eagles,Gold Coast SUNS,43,113,,,espn,West Coast Eagles,Gold Coast SUNS,WCE,SUNS
espn-1132878,2023-05-12,2023,regular,Richmond,Geelong Cats,102,78,,,espn,Richmond,Geelong Cats,RICH,GEEL
espn-1132879,2023-05-12,2023,regular,Sydney Swans,Fremantle,86,103,,,espn,Sydney Swans,Fremantle,SYD,FRE
espn-1132880,2023-05-13,2023,regular,North Melbourne,Port Adelaide,65,135,,,espn,North Melbourne,Port Adelaide,NMFC,PORT
espn-1132881,2023-05-13,2023,regular,Hawthorn,Melbourne,49,103,,,espn,Hawthorn,Melbourne,HAW,MELB
espn-1132882,2023-05-13,2023,regular,Brisbane Lions,Essendon,87,45,,,espn,Brisbane Lions,Essendon,BL,ESS
espn-1132883,2023-05-13,2023,regular,Carlton,Western Bulldogs,59,79,,,espn,Carlton,Western Bulldogs,CARL,WB
espn-1132884,2023-05-13,2023,regular,Adelaide Crows,St Kilda,121,69,,,espn,Adelaide Crows,St Kilda,ADEL,STK
espn-1132885,2023-05-14,2023,regular,Collingwood,GWS GIANTS,120,55,,,espn,Collingwood,GWS GIANTS,COLL,GWS
espn-1132886,2023-05-19,2023,regular,Port Adelaide,Melbourne,80,76,,,espn,Port Adelaide,Melbourne,PORT,MELB
espn-1132887,2023-05-19,2023,regular,North Melbourne,Sydney Swans,90,93,,,espn,North Melbourne,Sydney Swans,NMFC,SYD
espn-1132888,2023-05-20,2023,regular,Western Bulldogs,Adelaide Crows,85,40,,,espn,Western Bulldogs,Adelaide Crows,WB,ADEL
espn-1132889,2023-05-20,2023,regular,Fremantle,Geelong Cats,106,77,,,espn,Fremantle,Geelong Cats,FRE,GEEL
espn-1132890,2023-05-20,2023,regular,Brisbane Lions,Gold Coast SUNS,107,64,,,espn,Brisbane Lions,Gold Coast SUNS,BL,SUNS
espn-1132891,2023-05-20,2023,regular,Essendon,Richmond,71,70,,,espn,Essendon,Richmond,ESS,RICH
espn-1132892,2023-05-20,2023,regular,Hawthorn,West Coast Eagles,142,26,,,espn,Hawthorn,West Coast Eagles,HAW,WCE
espn-1132893,2023-05-21,2023,regular,Carlton,Collingwood,57,85,,,espn,Carlton,Collingwood,CARL,COLL
espn-1132894,2023-05-21,2023,regular,GWS GIANTS,St Kilda,80,92,,,espn,GWS GIANTS,St Kilda,GWS,STK
espn-1132895,2023-05-26,2023,regular,Sydney Swans,Carlton,77,51,,,espn,Sydney Swans,Carlton,SYD,CARL
espn-1132896,2023-05-26,2023,regular,St Kilda,Hawthorn,78,88,,,espn,St Kilda,Hawthorn,STK,HAW
espn-1132897,2023-05-27,2023,regular,Melbourne,Fremantle,72,79,,,espn,Melbourne,Fremantle,MELB,FRE
espn-1132898,2023-05-27,2023,regular,Geelong Cats,GWS GIANTS,74,81,,,espn,Geelong Cats,GWS GIANTS,GEEL,GWS
espn-1132899,2023-05-27,2023,regular,West Coast Eagles,Essendon,46,96,,,espn,West Coast Eagles,Essendon,WCE,ESS
espn-1132900,2023-05-27,2023,regular,Gold Coast SUNS,Western Bulldogs,84,77,,,espn,Gold Coast SUNS,Western Bulldogs,SUNS,WB
espn-1132901,2023-05-27,2023,regular,Richmond,Port Adelaide,67,77,,,espn,Richmond,Port Adelaide,RICH,PORT
espn-1132902,2023-05-28,2023,regular,Collingwood,North Melbourne,105,70,,,espn,Collingwood,North Melbourne,COLL,NMFC
espn-1132903,2023-05-28,2023,regular,Adelaide Crows,Brisbane Lions,95,78,,,espn,Adelaide Crows,Brisbane Lions,ADEL,BL
espn-1132904,2023-06-02,2023,regular,Melbourne,Carlton,61,44,,,espn,Melbourne,Carlton,MELB,CARL
espn-1132905,2023-06-02,2023,regular,Port Adelaide,Hawthorn,151,96,,,espn,Port Adelaide,Hawthorn,PORT,HAW
espn-1132906,2023-06-03,2023,regular,West Coast Eagles,Collingwood,57,120,,,espn,West Coast Eagles,Collingwood,WCE,COLL
espn-1132907,2023-06-03,2023,regular,Gold Coast SUNS,Adelaide Crows,112,87,,,espn,Gold Coast SUNS,Adelaide Crows,SUNS,ADEL
espn-1132908,2023-06-03,2023,regular,Western Bulldogs,Geelong Cats,75,97,,,espn,Western Bulldogs,Geelong Cats,WB,GEEL
espn-1132909,2023-06-03,2023,regular,GWS GIANTS,Richmond,104,110,,,espn,GWS GIANTS,Richmond,GWS,RICH
espn-1132910,2023-06-04,2023,regular,Essendon,North Melbourne,105,99,,,espn,Essendon,North Melbourne,ESS,NMFC
espn-1132911,2023-06-08,2023,regular,Sydney Swans,St Kilda,66,80,,,espn,Sydney Swans,St Kilda,SYD,STK
espn-1132912,2023-06-09,2023,regular,Western Bulldogs,Port Adelaide,85,107,,,espn,Western Bulldogs,Port Adelaide,WB,PORT
espn-1132913,2023-06-09,2023,regular,Hawthorn,Brisbane Lions,98,73,,,espn,Hawthorn,Brisbane Lions,HAW,BL
espn-1132914,2023-06-10,2023,regular,Adelaide Crows,West Coast Eagles,174,52,,,espn,Adelaide Crows,West Coast Eagles,ADEL,WCE
espn-1132915,2023-06-10,2023,regular,Fremantle,Richmond,70,85,,,espn,Fremantle,Richmond,FRE,RICH
espn-1132916,2023-06-11,2023,regular,North Melbourne,GWS GIANTS,75,103,,,espn,North Melbourne,GWS GIANTS,NMFC,GWS
espn-1132917,2023-06-11,2023,regular,Carlton,Essendon,52,86,,,espn,Carlton,Essendon,CARL,ESS
espn-1132918,2023-06-12,2023,regular,Melbourne,Collingwood,66,62,,,espn,Melbourne,Collingwood,MELB,COLL
espn-1132919,2023-06-15,2023,regular,Port Adelaide,Geelong Cats,110,72,,,espn,Port Adelaide,Geelong Cats,PORT,GEEL
espn-1132920,2023-06-16,2023,regular,Brisbane Lions,Sydney Swans,97,81,,,espn,Brisbane Lions,Sydney Swans,BL,SYD
espn-1132921,2023-06-17,2023,regular,GWS GIANTS,Fremantle,106,36,,,espn,GWS GIANTS,Fremantle,GWS,FRE
espn-1132922,2023-06-17,2023,regular,Richmond,St Kilda,90,70,,,espn,Richmond,St Kilda,RICH,STK
espn-1132923,2023-06-17,2023,regular,Carlton,Gold Coast SUNS,120,61,,,espn,Carlton,Gold Coast SUNS,CARL,SUNS
espn-1132924,2023-06-18,2023,regular,North Melbourne,Western Bulldogs,84,105,,,espn,North Melbourne,Western Bulldogs,NMFC,WB
espn-1132925,2023-06-22,2023,regular,Geelong Cats,Melbourne,78,63,,,espn,Geelong Cats,Melbourne,GEEL,MELB
espn-1132926,2023-06-23,2023,regular,St Kilda,Brisbane Lions,56,84,,,espn,St Kilda,Brisbane Lions,STK,BL
espn-1132927,2023-06-24,2023,regular,Sydney Swans,West Coast Eagles,205,34,,,espn,Sydney Swans,West Coast Eagles,SYD,WCE
espn-1132928,2023-06-24,2023,regular,Fremantle,Essendon,93,61,,,espn,Fremantle,Essendon,FRE,ESS
espn-1132929,2023-06-24,2023,regular,Collingwood,Adelaide Crows,82,80,,,espn,Collingwood,Adelaide Crows,COLL,ADEL
espn-1132930,2023-06-25,2023,regular,Gold Coast SUNS,Hawthorn,101,34,,,espn,Gold Coast SUNS,Hawthorn,SUNS,HAW
espn-1132932,2023-06-29,2023,regular,Brisbane Lions,Richmond,134,53,,,espn,Brisbane Lions,Richmond,BL,RICH
espn-1132931,2023-06-30,2023,regular,Sydney Swans,Geelong Cats,54,54,,,espn,Sydney Swans,Geelong Cats,SYD,GEEL
espn-1132936,2023-06-30,2023,regular,Western Bulldogs,Fremantle,102,73,,,espn,Western Bulldogs,Fremantle,WB,FRE
espn-1132937,2023-06-30,2023,regular,Adelaide Crows,North Melbourne,138,72,,,espn,Adelaide Crows,North Melbourne,ADEL,NMFC
espn-1132933,2023-07-01,2023,regular,Gold Coast SUNS,Collingwood,42,120,,,espn,Gold Coast SUNS,Collingwood,SUNS,COLL
espn-1132934,2023-07-01,2023,regular,Essendon,Port Adelaide,74,78,,,espn,Essendon,Port Adelaide,ESS,PORT
espn-1132935,2023-07-01,2023,regular,Hawthorn,Carlton,52,112,,,espn,Hawthorn,Carlton,HAW,CARL
espn-1132938,2023-07-02,2023,regular,West Coast Eagles,St Kilda,77,85,,,espn,West Coast Eagles,St Kilda,WCE,STK
espn-1132939,2023-07-02,2023,regular,Melbourne,GWS GIANTS,45,47,,,espn,Melbourne,GWS GIANTS,MELB,GWS
espn-1132944,2023-07-06,2023,regular,Richmond,Sydney Swans,88,75,,,espn,Richmond,Sydney Swans,RICH,SYD
espn-1132941,2023-07-07,2023,regular,Brisbane Lions,West Coast Eagles,116,35,,,espn,Brisbane Lions,West Coast Eagles,BL,WCE
espn-1132946,2023-07-07,2023,regular,Western Bulldogs,Collingwood,77,89,,,espn,Western Bulldogs,Collingwood,WB,COLL
espn-1132940,2023-07-08,2023,regular,GWS GIANTS,Hawthorn,85,72,,,espn,GWS GIANTS,Hawthorn,GWS,HAW
espn-1132943,2023-07-08,2023,regular,Geelong Cats,North Melbourne,125,63,,,espn,Geelong Cats,North Melbourne,GEEL,NMFC
espn-1132945,2023-07-08,2023,regular,St Kilda,Melbourne,58,79,,,espn,St Kilda,Melbourne,STK,MELB
espn-1132947,2023-07-08,2023,regular,Port Adelaide,Gold Coast SUNS,106,73,,,espn,Port Adelaide,Gold Coast SUNS,PORT,SUNS
espn-1132942,2023-07-09,2023,regular,Essendon,Adelaide Crows,115,97,,,espn,Essendon,Adelaide Crows,ESS,ADEL
espn-1132948,2023-07-09,2023,regular,Fremantle,Carlton,45,98,,,espn,Fremantle,Carlton,FRE,CARL
espn-1132949,2023-07-13,2023,regular,Sydney Swans,Western Bulldogs,78,76,,,espn,Sydney Swans,Western Bulldogs,SYD,WB
espn-1132952,2023-07-14,2023,regular,Collingwood,Fremantle,113,67,,,espn,Collingwood,Fremantle,COLL,FRE
espn-1132954,2023-07-14,2023,regular,Melbourne,Brisbane Lions,105,104,,,espn,Melbourne,Brisbane Lions,MELB,BL
espn-1132950,2023-07-15,2023,regular,Gold Coast SUNS,St Kilda,77,51,,,espn,Gold Coast SUNS,St Kilda,SUNS,STK
espn-1132951,2023-07-15,2023,regular,Carlton,Port Adelaide,122,72,,,espn,Carlton,Port Adelaide,CARL,PORT
espn-1132953,2023-07-15,2023,regular,Geelong Cats,Essendon,122,45,,,espn,Geelong Cats,Essendon,GEEL,ESS
espn-1132955,2023-07-15,2023,regular,North Melbourne,Hawthorn,40,88,,,espn,North Melbourne,Hawthorn,NMFC,HAW
espn-1132956,2023-07-15,2023,regular,Adelaide Crows,GWS GIANTS,57,71,,,espn,Adelaide Crows,GWS GIANTS,ADEL,GWS
espn-1132957,2023-07-16,2023,regular,West Coast Eagles,Richmond,60,98,,,espn,West Coast Eagles,Richmond,WCE,RICH
espn-1132960,2023-07-21,2023,regular,Essendon,Western Bulldogs,49,90,,,espn,Essendon,Western Bulldogs,ESS,WB
espn-1132962,2023-07-21,2023,regular,Richmond,Hawthorn,96,95,,,espn,Richmond,Hawthorn,RICH,HAW
espn-1132958,2023-07-22,2023,regular,Brisbane Lions,Geelong Cats,64,53,,,espn,Brisbane Lions,Geelong Cats,BL,GEEL
espn-1132959,2023-07-22,2023,regular,Carlton,West Coast Eagles,140,69,,,espn,Carlton,West Coast Eagles,CARL,WCE
espn-1132964,2023-07-22,2023,regular,Port Adelaide,Collingwood,83,85,,,espn,Port Adelaide,Collingwood,PORT,COLL
espn-1132965,2023-07-22,2023,regular,Fremantle,Sydney Swans,76,105,,,espn,Fremantle,Sydney Swans,FRE,SYD
espn-1132966,2023-07-22,2023,regular,GWS GIANTS,Gold Coast SUNS,103,63,,,espn,GWS GIANTS,Gold Coast SUNS,GWS,SUNS
espn-1132961,2023-07-23,2023,regular,Melbourne,Adelaide Crows,97,93,,,espn,Melbourne,Adelaide Crows,MELB,ADEL
espn-1132963,2023-07-23,2023,regular,St Kilda,North Melbourne,69,61,,,espn,St Kilda,North Melbourne,STK,NMFC
espn-1132968,2023-07-28,2023,regular,Collingwood,Carlton,76,93,,,espn,Collingwood,Carlton,COLL,CARL
espn-1132970,2023-07-28,2023,regular,Geelong Cats,Fremantle,64,71,,,espn,Geelong Cats,Fremantle,GEEL,FRE
espn-1132973,2023-07-28,2023,regular,Western Bulldogs,GWS GIANTS,73,78,,,espn,Western Bulldogs,GWS GIANTS,WB,GWS
espn-1132967,2023-07-29,2023,regular,Gold Coast SUNS,Brisbane Lions,96,55,,,espn,Gold Coast SUNS,Brisbane Lions,SUNS,BL
espn-1132969,2023-07-29,2023,regular,Essendon,Sydney Swans,99,101,,,espn,Essendon,Sydney Swans,ESS,SYD
espn-1132971,2023-07-29,2023,regular,Hawthorn,St Kilda,93,122,,,espn,Hawthorn,St Kilda,HAW,STK
espn-1132974,2023-07-29,2023,regular,Adelaide Crows,Port Adelaide,112,65,,,espn,Adelaide Crows,Port Adelaide,ADEL,PORT
espn-1132972,2023-07-30,2023,regular,Richmond,Melbourne,98,130,,,espn,Richmond,Melbourne,RICH,MELB
espn-1132975,2023-07-30,2023,regular,West Coast Eagles,North Melbourne,72,67,,,espn,West Coast Eagles,North Melbourne,WCE,NMFC
espn-1132977,2023-08-04,2023,regular,Essendon,West Coast Eagles,73,72,,,espn,Essendon,West Coast Eagles,ESS,WCE
espn-1132981,2023-08-04,2023,regular,Western Bulldogs,Richmond,126,71,,,espn,Western Bulldogs,Richmond,WB,RICH
espn-1132976,2023-08-05,2023,regular,GWS GIANTS,Sydney Swans,85,96,,,espn,GWS GIANTS,Sydney Swans,GWS,SYD
espn-1132978,2023-08-05,2023,regular,Geelong Cats,Port Adelaide,97,85,,,espn,Geelong Cats,Port Adelaide,GEEL,PORT
espn-1132979,2023-08-05,2023,regular,Hawthorn,Collingwood,105,73,,,espn,Hawthorn,Collingwood,HAW,COLL
espn-1132982,2023-08-05,2023,regular,Adelaide Crows,Gold Coast SUNS,89,61,,,espn,Adelaide Crows,Gold Coast SUNS,ADEL,SUNS
espn-1132984,2023-08-05,2023,regular,North Melbourne,Melbourne,71,103,,,espn,North Melbourne,Melbourne,NMFC,MELB
espn-1132980,2023-08-06,2023,regular,St Kilda,Carlton,54,73,,,espn,St Kilda,Carlton,STK,CARL
espn-1132983,2023-08-06,2023,regular,Fremantle,Brisbane Lions,74,77,,,espn,Fremantle,Brisbane Lions,FRE,BL
espn-1132985,2023-08-11,2023,regular,Sydney Swans,Gold Coast SUNS,114,90,,,espn,Sydney Swans,Gold Coast SUNS,SYD,SUNS
espn-1132988,2023-08-11,2023,regular,Collingwood,Geelong Cats,109,101,,,espn,Collingwood,Geelong Cats,COLL,GEEL
espn-1132989,2023-08-11,2023,regular,North Melbourne,Essendon,77,86,,,espn,North Melbourne,Essendon,NMFC,ESS
espn-1132986,2023-08-12,2023,regular,Brisbane Lions,Adelaide Crows,99,93,,,espn,Brisbane Lions,Adelaide Crows,BL,ADEL
espn-1132987,2023-08-12,2023,regular,Carlton,Melbourne,60,56,,,espn,Carlton,Melbourne,CARL,MELB
espn-1132992,2023-08-12,2023,regular,West Coast Eagles,Fremantle,33,134,,,espn,West Coast Eagles,Fremantle,WCE,FRE
espn-1132993,2023-08-12,2023,regular,Hawthorn,Western Bulldogs,67,64,,,espn,Hawthorn,Western Bulldogs,HAW,WB
espn-1132990,2023-08-13,2023,regular,St Kilda,Richmond,93,57,,,espn,St Kilda,Richmond,STK,RICH
espn-1132991,2023-08-13,2023,regular,Port Adelaide,GWS GIANTS,136,85,,,espn,Port Adelaide,GWS GIANTS,PORT,GWS
espn-1132996,2023-08-18,2023,regular,Collingwood,Brisbane Lions,100,124,,,espn,Collingwood,Brisbane Lions,COLL,BL
espn-1132998,2023-08-18,2023,regular,Richmond,North Melbourne,101,72,,,espn,Richmond,North Melbourne,RICH,NMFC
espn-1132994,2023-08-19,2023,regular,GWS GIANTS,Essendon,162,36,,,espn,GWS GIANTS,Essendon,GWS,ESS
espn-1132995,2023-08-19,2023,regular,Gold Coast SUNS,Carlton,87,91,,,espn,Gold Coast SUNS,Carlton,SUNS,CARL
espn-1132999,2023-08-19,2023,regular,St Kilda,Geelong Cats,88,55,,,espn,St Kilda,Geelong Cats,STK,GEEL
espn-1133000,2023-08-19,2023,regular,Western Bulldogs,West Coast Eagles,85,92,,,espn,Western Bulldogs,West Coast Eagles,WB,WCE
espn-1133001,2023-08-19,2023,regular,Adelaide Crows,Sydney Swans,73,74,,,espn,Adelaide Crows,Sydney Swans,ADEL,SYD
espn-1132997,2023-08-20,2023,regular,Melbourne,Hawthorn,87,60,,,espn,Melbourne,Hawthorn,MELB,HAW
espn-1133002,2023-08-20,2023,regular,Fremantle,Port Adelaide,58,74,,,espn,Fremantle,Port Adelaide,FRE,PORT
espn-1133006,2023-08-25,2023,regular,Essendon,Collingwood,31,101,,,espn,Essendon,Collingwood,ESS,COLL
espn-1133008,2023-08-25,2023,regular,Hawthorn,Fremantle,56,93,,,espn,Hawthorn,Fremantle,HAW,FRE
espn-1133011,2023-08-25,2023,regular,North Melbourne,Gold Coast SUNS,132,97,,,espn,North Melbourne,Gold Coast SUNS,NMFC,SUNS
espn-1133004,2023-08-26,2023,regular,Brisbane Lions,St Kilda,72,60,,,espn,Brisbane Lions,St Kilda,BL,STK
espn-1133007,2023-08-26,2023,regular,Geelong Cats,Western Bulldogs,79,104,,,espn,Geelong Cats,Western Bulldogs,GEEL,WB
espn-1133009,2023-08-26,2023,regular,Port Adelaide,Richmond,94,63,,,espn,Port Adelaide,Richmond,PORT,RICH
espn-1133010,2023-08-26,2023,regular,West Coast Eagles,Adelaide Crows,78,123,,,espn,West Coast Eagles,Adelaide Crows,WCE,ADEL
espn-1133003,2023-08-27,2023,regular,Sydney Swans,Melbourne,56,77,,,espn,Sydney Swans,Melbourne,SYD,MELB
espn-1133005,2023-08-27,2023,regular,Carlton,GWS GIANTS,73,105,,,espn,Carlton,GWS GIANTS,CARL,GWS
espn-1133021,2023-09-07,2023,postseason,Collingwood,Melbourne,60,53,,,espn,Collingwood,Melbourne,COLL,MELB
espn-1133022,2023-09-08,2023,postseason,Carlton,Sydney Swans,74,68,,,espn,Carlton,Sydney Swans,CARL,SYD
espn-1133023,2023-09-09,2023,postseason,St Kilda,GWS GIANTS,77,101,,,espn,St Kilda,GWS GIANTS,STK,GWS
espn-1133024,2023-09-09,2023,postseason,Brisbane Lions,Port Adelaide,123,75,,,espn,Brisbane Lions,Port Adelaide,BL,PORT
espn-1133025,2023-09-15,2023,postseason,Melbourne,Carlton,71,73,,,espn,Melbourne,Carlton,MELB,CARL
espn-1133026,2023-09-16,2023,postseason,Port Adelaide,GWS GIANTS,70,93,,,espn,Port Adelaide,GWS GIANTS,PORT,GWS
espn-1133027,2023-09-22,2023,postseason,Collingwood,GWS GIANTS,58,57,,,espn,Collingwood,GWS GIANTS,COLL,GWS
espn-1133028,2023-09-23,2023,postseason,Brisbane Lions,Carlton,79,63,,,espn,Brisbane Lions,Carlton,BL,CARL
espn-1133029,2023-09-30,2023,postseason,Collingwood,Brisbane Lions,90,86,,,espn,Collingwood,Brisbane Lions,COLL,BL
espn-1133241,2024-03-01,2024,regular,Geelong Cats,Essendon,83,71,,,espn,Geelong Cats,Essendon,GEEL,ESS
espn-1133242,2024-03-01,2024,regular,Port Adelaide,Fremantle,92,53,,,espn,Port Adelaide,Fremantle,PORT,FRE
espn-1133243,2024-03-01,2024,regular,Adelaide Crows,West Coast Eagles,117,50,,,espn,Adelaide Crows,West Coast Eagles,ADEL,WCE
espn-1133244,2024-03-02,2024,regular,Hawthorn,Western Bulldogs,62,119,,,espn,Hawthorn,Western Bulldogs,HAW,WB
espn-1133245,2024-03-02,2024,regular,St Kilda,North Melbourne,84,65,,,espn,St Kilda,North Melbourne,STK,NMFC
espn-1133030,2024-03-07,2024,regular,Sydney Swans,Melbourne,86,64,,,espn,Sydney Swans,Melbourne,SYD,MELB
espn-1133031,2024-03-08,2024,regular,Brisbane Lions,Carlton,85,86,,,espn,Brisbane Lions,Carlton,BL,CARL
espn-1133032,2024-03-09,2024,regular,Gold Coast SUNS,Richmond,99,60,,,espn,Gold Coast SUNS,Richmond,SUNS,RICH
espn-1133033,2024-03-09,2024,regular,GWS GIANTS,Collingwood,114,82,,,espn,GWS GIANTS,Collingwood,GWS,COLL
espn-1133034,2024-03-14,2024,regular,Carlton,Richmond,86,81,,,espn,Carlton,Richmond,CARL,RICH
espn-1133035,2024-03-15,2024,regular,Collingwood,Sydney Swans,69,102,,,espn,Collingwood,Sydney Swans,COLL,SYD
espn-1133036,2024-03-15,2024,regular,Essendon,Hawthorn,107,83,,,espn,Essendon,Hawthorn,ESS,HAW
espn-1133037,2024-03-16,2024,regular,GWS GIANTS,North Melbourne,121,82,,,espn,GWS GIANTS,North Melbourne,GWS,NMFC
espn-1133038,2024-03-16,2024,regular,Gold Coast SUNS,Adelaide Crows,60,54,,,espn,Gold Coast SUNS,Adelaide Crows,SUNS,ADEL
espn-1133039,2024-03-16,2024,regular,Geelong Cats,St Kilda,76,68,,,espn,Geelong Cats,St Kilda,GEEL,STK
espn-1133040,2024-03-16,2024,regular,Melbourne,Western Bulldogs,109,64,,,espn,Melbourne,Western Bulldogs,MELB,WB
espn-1133041,2024-03-17,2024,regular,Port Adelaide,West Coast Eagles,120,70,,,espn,Port Adelaide,West Coast Eagles,PORT,WCE
espn-1133042,2024-03-17,2024,regular,Fremantle,Brisbane Lions,93,70,,,espn,Fremantle,Brisbane Lions,FRE,BL
espn-1133043,2024-03-21,2024,regular,St Kilda,Collingwood,94,79,,,espn,St Kilda,Collingwood,STK,COLL
espn-1133044,2024-03-22,2024,regular,Adelaide Crows,Geelong Cats,77,96,,,espn,Adelaide Crows,Geelong Cats,ADEL,GEEL
espn-1133045,2024-03-22,2024,regular,North Melbourne,Fremantle,76,102,,,espn,North Melbourne,Fremantle,NMFC,FRE
espn-1133046,2024-03-23,2024,regular,Hawthorn,Melbourne,38,93,,,espn,Hawthorn,Melbourne,HAW,MELB
espn-1133047,2024-03-23,2024,regular,Sydney Swans,Essendon,131,101,,,espn,Sydney Swans,Essendon,SYD,ESS
espn-1133048,2024-03-23,2024,regular,Western Bulldogs,Gold Coast SUNS,115,67,,,espn,Western Bulldogs,Gold Coast SUNS,WB,SUNS
espn-1133049,2024-03-24,2024,regular,West Coast Eagles,GWS GIANTS,43,108,,,espn,West Coast Eagles,GWS GIANTS,WCE,GWS
espn-1133050,2024-03-24,2024,regular,Richmond,Port Adelaide,92,122,,,espn,Richmond,Port Adelaide,RICH,PORT
espn-1133051,2024-03-28,2024,regular,Brisbane Lions,Collingwood,72,92,,,espn,Brisbane Lions,Collingwood,BL,COLL
espn-1133052,2024-03-29,2024,regular,Fremantle,Adelaide Crows,69,34,,,espn,Fremantle,Adelaide Crows,FRE,ADEL
espn-1133053,2024-03-29,2024,regular,North Melbourne,Carlton,81,137,,,espn,North Melbourne,Carlton,NMFC,CARL
espn-1133054,2024-03-30,2024,regular,Essendon,St Kilda,71,67,,,espn,Essendon,St Kilda,ESS,STK
espn-1133055,2024-03-30,2024,regular,Port Adelaide,Melbourne,89,96,,,espn,Port Adelaide,Melbourne,PORT,MELB
espn-1133056,2024-03-30,2024,regular,Western Bulldogs,West Coast Eagles,106,30,,,espn,Western Bulldogs,West Coast Eagles,WB,WCE
espn-1133057,2024-03-31,2024,regular,Richmond,Sydney Swans,82,77,,,espn,Richmond,Sydney Swans,RICH,SYD
espn-1133058,2024-04-01,2024,regular,Hawthorn,Geelong Cats,70,106,,,espn,Hawthorn,Geelong Cats,HAW,GEEL
espn-1133059,2024-04-04,2024,regular,Adelaide Crows,Melbourne,63,78,,,espn,Adelaide Crows,Melbourne,ADEL,MELB
espn-1133060,2024-04-05,2024,regular,Brisbane Lions,North Melbourne,112,42,,,espn,Brisbane Lions,North Melbourne,BL,NMFC
espn-1133061,2024-04-05,2024,regular,Port Adelaide,Essendon,111,42,,,espn,Port Adelaide,Essendon,PORT,ESS
espn-1133062,2024-04-05,2024,regular,West Coast Eagles,Sydney Swans,78,104,,,espn,West Coast Eagles,Sydney Swans,WCE,SYD
espn-1133063,2024-04-06,2024,regular,Fremantle,Carlton,63,73,,,espn,Fremantle,Carlton,FRE,CARL
espn-1133064,2024-04-06,2024,regular,Western Bulldogs,Geelong Cats,91,95,,,espn,Western Bulldogs,Geelong Cats,WB,GEEL
espn-1133065,2024-04-06,2024,regular,Gold Coast SUNS,GWS GIANTS,89,117,,,espn,Gold Coast SUNS,GWS GIANTS,SUNS,GWS
espn-1133066,2024-04-07,2024,regular,Richmond,St Kilda,60,67,,,espn,Richmond,St Kilda,RICH,STK
espn-1133067,2024-04-07,2024,regular,Collingwood,Hawthorn,77,72,,,espn,Collingwood,Hawthorn,COLL,HAW
espn-1133068,2024-04-11,2024,regular,Melbourne,Brisbane Lions,60,82,,,espn,Melbourne,Brisbane Lions,MELB,BL
espn-1133069,2024-04-12,2024,regular,Western Bulldogs,Essendon,67,96,,,espn,Western Bulldogs,Essendon,WB,ESS
espn-1133070,2024-04-12,2024,regular,GWS GIANTS,St Kilda,80,79,,,espn,GWS GIANTS,St Kilda,GWS,STK
espn-1133071,2024-04-13,2024,regular,Carlton,Adelaide Crows,98,100,,,espn,Carlton,Adelaide Crows,CARL,ADEL
espn-1133072,2024-04-13,2024,regular,Port Adelaide,Fremantle,66,63,,,espn,Port Adelaide,Fremantle,PORT,FRE
espn-1133073,2024-04-13,2024,regular,Gold Coast SUNS,Hawthorn,109,56,,,espn,Gold Coast SUNS,Hawthorn,SUNS,HAW
espn-1133074,2024-04-13,2024,regular,Geelong Cats,North Melbourne,139,64,,,espn,Geelong Cats,North Melbourne,GEEL,NMFC
espn-1133075,2024-04-14,2024,regular,West Coast Eagles,Richmond,109,70,,,espn,West Coast Eagles,Richmond,WCE,RICH
espn-1133076,2024-04-18,2024,regular,St Kilda,Western Bulldogs,64,124,,,espn,St Kilda,Western Bulldogs,STK,WB
espn-1133077,2024-04-19,2024,regular,Adelaide Crows,Essendon,75,78,,,espn,Adelaide Crows,Essendon,ADEL,ESS
espn-1133078,2024-04-19,2024,regular,Collingwood,Port Adelaide,123,81,,,espn,Collingwood,Port Adelaide,COLL,PORT
espn-1133079,2024-04-20,2024,regular,Carlton,GWS GIANTS,117,98,,,espn,Carlton,GWS GIANTS,CARL,GWS
espn-1133080,2024-04-20,2024,regular,West Coast Eagles,Fremantle,105,68,,,espn,West Coast Eagles,Fremantle,WCE,FRE
espn-1133081,2024-04-20,2024,regular,Brisbane Lions,Geelong Cats,37,63,,,espn,Brisbane Lions,Geelong Cats,BL,GEEL
espn-1133082,2024-04-20,2024,regular,Sydney Swans,Gold Coast SUNS,110,57,,,espn,Sydney Swans,Gold Coast SUNS,SYD,SUNS
espn-1133083,2024-04-21,2024,regular,North Melbourne,Hawthorn,68,113,,,espn,North Melbourne,Hawthorn,NMFC,HAW
espn-1133084,2024-04-24,2024,regular,Richmond,Melbourne,42,85,,,espn,Richmond,Melbourne,RICH,MELB
espn-1133085,2024-04-25,2024,regular,Essendon,Collingwood,85,85,,,espn,Essendon,Collingwood,ESS,COLL
espn-1133086,2024-04-25,2024,regular,GWS GIANTS,Brisbane Lions,113,59,,,espn,GWS GIANTS,Brisbane Lions,GWS,BL
espn-1133087,2024-04-26,2024,regular,Port Adelaide,St Kilda,82,72,,,espn,Port Adelaide,St Kilda,PORT,STK
espn-1133088,2024-04-26,2024,regular,North Melbourne,Adelaide Crows,81,138,,,espn,North Melbourne,Adelaide Crows,NMFC,ADEL
espn-1133089,2024-04-27,2024,regular,Geelong Cats,Carlton,118,105,,,espn,Geelong Cats,Carlton,GEEL,CARL
espn-1133090,2024-04-27,2024,regular,Fremantle,Western Bulldogs,95,71,,,espn,Fremantle,Western Bulldogs,FRE,WB
espn-1133091,2024-04-27,2024,regular,Gold Coast SUNS,West Coast Eagles,112,75,,,espn,Gold Coast SUNS,West Coast Eagles,SUNS,WCE
espn-1133092,2024-04-28,2024,regular,Hawthorn,Sydney Swans,42,118,,,espn,Hawthorn,Sydney Swans,HAW,SYD
espn-1133093,2024-05-02,2024,regular,Adelaide Crows,Port Adelaide,78,48,,,espn,Adelaide Crows,Port Adelaide,ADEL,PORT
espn-1133094,2024-05-03,2024,regular,Carlton,Collingwood,79,85,,,espn,Carlton,Collingwood,CARL,COLL
espn-1133095,2024-05-03,2024,regular,Sydney Swans,GWS GIANTS,98,69,,,espn,Sydney Swans,GWS GIANTS,SYD,GWS
espn-1133096,2024-05-04,2024,regular,St Kilda,North Melbourne,103,65,,,espn,St Kilda,North Melbourne,STK,NMFC
espn-1133097,2024-05-04,2024,regular,West Coast Eagles,Essendon,71,77,,,espn,West Coast Eagles,Essendon,WCE,ESS
espn-1133098,2024-05-04,2024,regular,Melbourne,Geelong Cats,74,66,,,espn,Melbourne,Geelong Cats,MELB,GEEL
espn-1133099,2024-05-04,2024,regular,Richmond,Fremantle,49,103,,,espn,Richmond,Fremantle,RICH,FRE
espn-1133100,2024-05-05,2024,regular,Western Bulldogs,Hawthorn,91,98,,,espn,Western Bulldogs,Hawthorn,WB,HAW
espn-1133101,2024-05-05,2024,regular,Brisbane Lions,Gold Coast SUNS,79,45,,,espn,Brisbane Lions,Gold Coast SUNS,BL,SUNS
espn-1133102,2024-05-09,2024,regular,Carlton,Melbourne,77,76,,,espn,Carlton,Melbourne,CARL,MELB
espn-1133103,2024-05-10,2024,regular,Fremantle,Sydney Swans,39,87,,,espn,Fremantle,Sydney Swans,FRE,SYD
espn-1133104,2024-05-10,2024,regular,Geelong Cats,Port Adelaide,95,101,,,espn,Geelong Cats,Port Adelaide,GEEL,PORT
espn-1133105,2024-05-10,2024,regular,Hawthorn,St Kilda,58,53,,,espn,Hawthorn,St Kilda,HAW,STK
espn-1133106,2024-05-11,2024,regular,Essendon,GWS GIANTS,82,62,,,espn,Essendon,GWS GIANTS,ESS,GWS
espn-1133107,2024-05-11,2024,regular,Gold Coast SUNS,North Melbourne,120,52,,,espn,Gold Coast SUNS,North Melbourne,SUNS,NMFC
espn-1133108,2024-05-11,2024,regular,Richmond,Western Bulldogs,42,133,,,espn,Richmond,Western Bulldogs,RICH,WB
espn-1133109,2024-05-11,2024,regular,Collingwood,West Coast Eagles,103,37,,,espn,Collingwood,West Coast Eagles,COLL,WCE
espn-1133110,2024-05-12,2024,regular,Adelaide Crows,Brisbane Lions,90,90,,,espn,Adelaide Crows,Brisbane Lions,ADEL,BL
espn-1133111,2024-05-16,2024,regular,Gold Coast SUNS,Geelong Cats,164,100,,,espn,Gold Coast SUNS,Geelong Cats,SUNS,GEEL
espn-1133112,2024-05-17,2024,regular,Sydney Swans,Carlton,117,65,,,espn,Sydney Swans,Carlton,SYD,CARL
espn-1133113,2024-05-17,2024,regular,Collingwood,Adelaide Crows,78,74,,,espn,Collingwood,Adelaide Crows,COLL,ADEL
espn-1133114,2024-05-18,2024,regular,GWS GIANTS,Western Bulldogs,43,70,,,espn,GWS GIANTS,Western Bulldogs,GWS,WB
espn-1133115,2024-05-18,2024,regular,St Kilda,Fremantle,55,72,,,espn,St Kilda,Fremantle,STK,FRE
espn-1133116,2024-05-18,2024,regular,Brisbane Lions,Richmond,163,44,,,espn,Brisbane Lions,Richmond,BL,RICH
espn-1133117,2024-05-18,2024,regular,Essendon,North Melbourne,106,66,,,espn,Essendon,North Melbourne,ESS,NMFC
espn-1133118,2024-05-19,2024,regular,Port Adelaide,Hawthorn,80,79,,,espn,Port Adelaide,Hawthorn,PORT,HAW
espn-1133119,2024-05-19,2024,regular,West Coast Eagles,Melbourne,105,70,,,espn,West Coast Eagles,Melbourne,WCE,MELB
espn-1133120,2024-05-23,2024,regular,Western Bulldogs,Sydney Swans,88,102,,,espn,Western Bulldogs,Sydney Swans,WB,SYD
espn-1133121,2024-05-24,2024,regular,Fremantle,Collingwood,75,75,,,espn,Fremantle,Collingwood,FRE,COLL
espn-1133122,2024-05-24,2024,regular,North Melbourne,Port Adelaide,48,107,,,espn,North Melbourne,Port Adelaide,NMFC,PORT
espn-1133123,2024-05-24,2024,regular,Carlton,Gold Coast SUNS,102,73,,,espn,Carlton,Gold Coast SUNS,CARL,SUNS
espn-1133124,2024-05-25,2024,regular,Geelong Cats,GWS GIANTS,74,78,,,espn,Geelong Cats,GWS GIANTS,GEEL,GWS
espn-1133125,2024-05-25,2024,regular,Richmond,Essendon,74,86,,,espn,Richmond,Essendon,RICH,ESS
espn-1133126,2024-05-25,2024,regular,Hawthorn,Brisbane Lions,100,75,,,espn,Hawthorn,Brisbane Lions,HAW,BL
espn-1133127,2024-05-26,2024,regular,Melbourne,St Kilda,100,62,,,espn,Melbourne,St Kilda,MELB,STK
espn-1133128,2024-05-26,2024,regular,Adelaide Crows,West Coast Eagles,137,38,,,espn,Adelaide Crows,West Coast Eagles,ADEL,WCE
espn-1133129,2024-05-30,2024,regular,Port Adelaide,Carlton,71,107,,,espn,Port Adelaide,Carlton,PORT,CARL
espn-1133130,2024-05-31,2024,regular,Collingwood,Western Bulldogs,82,100,,,espn,Collingwood,Western Bulldogs,COLL,WB
espn-1133131,2024-05-31,2024,regular,Hawthorn,Adelaide Crows,107,80,,,espn,Hawthorn,Adelaide Crows,HAW,ADEL
espn-1133132,2024-06-01,2024,regular,West Coast Eagles,St Kilda,68,82,,,espn,West Coast Eagles,St Kilda,WCE,STK
espn-1133133,2024-06-01,2024,regular,Geelong Cats,Richmond,99,69,,,espn,Geelong Cats,Richmond,GEEL,RICH
espn-1133134,2024-06-01,2024,regular,Melbourne,Fremantle,49,141,,,espn,Melbourne,Fremantle,MELB,FRE
espn-1133135,2024-06-02,2024,regular,Gold Coast SUNS,Essendon,91,80,,,espn,Gold Coast SUNS,Essendon,SUNS,ESS
espn-1133136,2024-06-06,2024,regular,Adelaide Crows,Richmond,71,79,,,espn,Adelaide Crows,Richmond,ADEL,RICH
espn-1133137,2024-06-07,2024,regular,Western Bulldogs,Brisbane Lions,71,114,,,espn,Western Bulldogs,Brisbane Lions,WB,BL
espn-1133138,2024-06-07,2024,regular,Hawthorn,GWS GIANTS,85,79,,,espn,Hawthorn,GWS GIANTS,HAW,GWS
espn-1133139,2024-06-08,2024,regular,West Coast Eagles,North Melbourne,65,74,,,espn,West Coast Eagles,North Melbourne,WCE,NMFC
espn-1133140,2024-06-08,2024,regular,St Kilda,Gold Coast SUNS,51,48,,,espn,St Kilda,Gold Coast SUNS,STK,SUNS
espn-1133141,2024-06-09,2024,regular,Sydney Swans,Geelong Cats,112,82,,,espn,Sydney Swans,Geelong Cats,SYD,GEEL
espn-1133142,2024-06-09,2024,regular,Essendon,Carlton,70,96,,,espn,Essendon,Carlton,ESS,CARL
espn-1133143,2024-06-10,2024,regular,Collingwood,Melbourne,89,51,,,espn,Collingwood,Melbourne,COLL,MELB
espn-1133144,2024-06-14,2024,regular,Brisbane Lions,St Kilda,126,106,,,espn,Brisbane Lions,St Kilda,BL,STK
espn-1133145,2024-06-14,2024,regular,Western Bulldogs,Fremantle,149,82,,,espn,Western Bulldogs,Fremantle,WB,FRE
espn-1133146,2024-06-15,2024,regular,Richmond,Hawthorn,49,97,,,espn,Richmond,Hawthorn,RICH,HAW
espn-1133147,2024-06-15,2024,regular,Adelaide Crows,Sydney Swans,67,109,,,espn,Adelaide Crows,Sydney Swans,ADEL,SYD
espn-1133148,2024-06-15,2024,regular,North Melbourne,Collingwood,118,119,,,espn,North Melbourne,Collingwood,NMFC,COLL
espn-1133149,2024-06-16,2024,regular,GWS GIANTS,Port Adelaide,73,51,,,espn,GWS GIANTS,Port Adelaide,GWS,PORT
espn-1133150,2024-06-21,2024,regular,Carlton,Geelong Cats,138,75,,,espn,Carlton,Geelong Cats,CARL,GEEL
espn-1133151,2024-06-21,2024,regular,Port Adelaide,Brisbane Lions,73,152,,,espn,Port Adelaide,Brisbane Lions,PORT,BL
espn-1133152,2024-06-22,2024,regular,GWS GIANTS,Sydney Swans,75,102,,,espn,GWS GIANTS,Sydney Swans,GWS,SYD
espn-1133153,2024-06-22,2024,regular,Melbourne,North Melbourne,70,67,,,espn,Melbourne,North Melbourne,MELB,NMFC
espn-1133154,2024-06-22,2024,regular,Essendon,West Coast Eagles,122,92,,,espn,Essendon,West Coast Eagles,ESS,WCE
espn-1133155,2024-06-23,2024,regular,Fremantle,Gold Coast SUNS,85,65,,,espn,Fremantle,Gold Coast SUNS,FRE,SUNS
espn-1133159,2024-06-28,2024,regular,Sydney Swans,Fremantle,98,99,,,espn,Sydney Swans,Fremantle,SYD,FRE
espn-1133161,2024-06-28,2024,regular,Brisbane Lions,Melbourne,86,81,,,espn,Brisbane Lions,Melbourne,BL,MELB
espn-1133163,2024-06-28,2024,regular,North Melbourne,Western Bulldogs,60,77,,,espn,North Melbourne,Western Bulldogs,NMFC,WB
espn-1133157,2024-06-29,2024,regular,Gold Coast SUNS,Collingwood,101,90,,,espn,Gold Coast SUNS,Collingwood,SUNS,COLL
espn-1133158,2024-06-29,2024,regular,Geelong Cats,Essendon,105,60,,,espn,Geelong Cats,Essendon,GEEL,ESS
espn-1133162,2024-06-29,2024,regular,St Kilda,Port Adelaide,60,62,,,espn,St Kilda,Port Adelaide,STK,PORT
espn-1133164,2024-06-29,2024,regular,Adelaide Crows,GWS GIANTS,94,78,,,espn,Adelaide Crows,GWS GIANTS,ADEL,GWS
espn-1133156,2024-06-30,2024,regular,Richmond,Carlton,70,131,,,espn,Richmond,Carlton,RICH,CARL
espn-1133160,2024-06-30,2024,regular,West Coast Eagles,Hawthorn,33,94,,,espn,West Coast Eagles,Hawthorn,WCE,HAW
espn-1133167,2024-07-05,2024,regular,Collingwood,Essendon,80,92,,,espn,Collingwood,Essendon,COLL,ESS
espn-1133172,2024-07-05,2024,regular,Port Adelaide,Western Bulldogs,102,54,,,espn,Port Adelaide,Western Bulldogs,PORT,WB
espn-1133173,2024-07-05,2024,regular,North Melbourne,Gold Coast SUNS,87,83,,,espn,North Melbourne,Gold Coast SUNS,NMFC,SUNS
espn-1133166,2024-07-06,2024,regular,GWS GIANTS,Carlton,116,104,,,espn,GWS GIANTS,Carlton,GWS,CARL
espn-1133168,2024-07-06,2024,regular,Geelong Cats,Hawthorn,110,59,,,espn,Geelong Cats,Hawthorn,GEEL,HAW
espn-1133169,2024-07-06,2024,regular,Fremantle,Richmond,105,54,,,espn,Fremantle,Richmond,FRE,RICH
espn-1133171,2024-07-06,2024,regular,Melbourne,West Coast Eagles,112,58,,,espn,Melbourne,West Coast Eagles,MELB,WCE
espn-1133165,2024-07-07,2024,regular,Brisbane Lions,Adelaide Crows,97,86,,,espn,Brisbane Lions,Adelaide Crows,BL,ADEL
espn-1133170,2024-07-07,2024,regular,St Kilda,Sydney Swans,84,82,,,espn,St Kilda,Sydney Swans,STK,SYD
espn-1133177,2024-07-12,2024,regular,Hawthorn,Fremantle,87,74,,,espn,Hawthorn,Fremantle,HAW,FRE
espn-1133178,2024-07-12,2024,regular,Collingwood,Geelong Cats,71,91,,,espn,Collingwood,Geelong Cats,COLL,GEEL
espn-1133179,2024-07-12,2024,regular,Sydney Swans,North Melbourne,138,59,,,espn,Sydney Swans,North Melbourne,SYD,NMFC
espn-1133175,2024-07-13,2024,regular,Western Bulldogs,Carlton,100,86,,,espn,Western Bulldogs,Carlton,WB,CARL
espn-1133176,2024-07-13,2024,regular,Melbourne,Essendon,84,67,,,espn,Melbourne,Essendon,MELB,ESS
espn-1133180,2024-07-13,2024,regular,Gold Coast SUNS,Port Adelaide,96,82,,,espn,Gold Coast SUNS,Port Adelaide,SUNS,PORT
espn-1133181,2024-07-13,2024,regular,Adelaide Crows,St Kilda,71,39,,,espn,Adelaide Crows,St Kilda,ADEL,STK
espn-1133174,2024-07-14,2024,regular,West Coast Eagles,Brisbane Lions,93,106,,,espn,West Coast Eagles,Brisbane Lions,WCE,BL
espn-1133182,2024-07-14,2024,regular,Richmond,GWS GIANTS,84,108,,,espn,Richmond,GWS GIANTS,RICH,GWS
espn-1133183,2024-07-19,2024,regular,Essendon,Adelaide Crows,113,115,,,espn,Essendon,Adelaide Crows,ESS,ADEL
espn-1133189,2024-07-19,2024,regular,St Kilda,West Coast Eagles,113,41,,,espn,St Kilda,West Coast Eagles,STK,WCE
espn-1133191,2024-07-19,2024,regular,GWS GIANTS,Gold Coast SUNS,89,50,,,espn,GWS GIANTS,Gold Coast SUNS,GWS,SUNS
espn-1133184,2024-07-20,2024,regular,Hawthorn,Collingwood,133,67,,,espn,Hawthorn,Collingwood,HAW,COLL
espn-1133187,2024-07-20,2024,regular,Port Adelaide,Richmond,116,75,,,espn,Port Adelaide,Richmond,PORT,RICH
espn-1133188,2024-07-20,2024,regular,Brisbane Lions,Sydney Swans,79,77,,,espn,Brisbane Lions,Sydney Swans,BL,SYD
espn-1133190,2024-07-20,2024,regular,Geelong Cats,Western Bulldogs,48,95,,,espn,Geelong Cats,Western Bulldogs,GEEL,WB
espn-1133185,2024-07-21,2024,regular,Fremantle,Melbourne,116,66,,,espn,Fremantle,Melbourne,FRE,MELB
espn-1133186,2024-07-21,2024,regular,Carlton,North Melbourne,107,88,,,espn,Carlton,North Melbourne,CARL,NMFC
espn-1133194,2024-07-26,2024,regular,North Melbourne,Geelong Cats,66,106,,,espn,North Melbourne,Geelong Cats,NMFC,GEEL
espn-1133196,2024-07-26,2024,regular,Carlton,Port Adelaide,65,79,,,espn,Carlton,Port Adelaide,CARL,PORT
espn-1133192,2024-07-27,2024,regular,Gold Coast SUNS,Brisbane Lions,65,93,,,espn,Gold Coast SUNS,Brisbane Lions,SUNS,BL
espn-1133193,2024-07-27,2024,regular,St Kilda,Essendon,108,55,,,espn,St Kilda,Essendon,STK,ESS
espn-1133197,2024-07-27,2024,regular,Collingwood,Richmond,93,67,,,espn,Collingwood,Richmond,COLL,RICH
espn-1133198,2024-07-27,2024,regular,Fremantle,West Coast Eagles,110,75,,,espn,Fremantle,West Coast Eagles,FRE,WCE
espn-1133200,2024-07-27,2024,regular,Melbourne,GWS GIANTS,83,85,,,espn,Melbourne,GWS GIANTS,MELB,GWS
espn-1133195,2024-07-28,2024,regular,Adelaide Crows,Hawthorn,58,124,,,espn,Adelaide Crows,Hawthorn,ADEL,HAW
espn-1133199,2024-07-28,2024,regular,Sydney Swans,Western Bulldogs,48,87,,,espn,Sydney Swans,Western Bulldogs,SYD,WB
espn-1133206,2024-08-02,2024,regular,Western Bulldogs,Melbourne,110,59,,,espn,Western Bulldogs,Melbourne,WB,MELB
espn-1133207,2024-08-02,2024,regular,North Melbourne,Richmond,90,77,,,espn,North Melbourne,Richmond,NMFC,RICH
espn-1133209,2024-08-02,2024,regular,West Coast Eagles,Gold Coast SUNS,97,87,,,espn,West Coast Eagles,Gold Coast SUNS,WCE,SUNS
espn-1133201,2024-08-03,2024,regular,Geelong Cats,Adelaide Crows,90,85,,,espn,Geelong Cats,Adelaide Crows,GEEL,ADEL
espn-1133203,2024-08-03,2024,regular,Collingwood,Carlton,84,81,,,espn,Collingwood,Carlton,COLL,CARL
espn-1133205,2024-08-03,2024,regular,GWS GIANTS,Hawthorn,84,82,,,espn,GWS GIANTS,Hawthorn,GWS,HAW
espn-1133208,2024-08-03,2024,regular,Port Adelaide,Sydney Swans,148,36,,,espn,Port Adelaide,Sydney Swans,PORT,SYD
espn-1133202,2024-08-04,2024,regular,St Kilda,Brisbane Lions,39,124,,,espn,St Kilda,Brisbane Lions,STK,BL
espn-1133204,2024-08-04,2024,regular,Essendon,Fremantle,90,89,,,espn,Essendon,Fremantle,ESS,FRE
espn-1133210,2024-08-09,2024,regular,Sydney Swans,Collingwood,89,86,,,espn,Sydney Swans,Collingwood,SYD,COLL
espn-1133215,2024-08-09,2024,regular,North Melbourne,West Coast Eagles,97,102,,,espn,North Melbourne,West Coast Eagles,NMFC,WCE
espn-1133218,2024-08-09,2024,regular,Brisbane Lions,GWS GIANTS,64,82,,,espn,Brisbane Lions,GWS GIANTS,BL,GWS
espn-1133211,2024-08-10,2024,regular,Fremantle,Geelong Cats,62,73,,,espn,Fremantle,Geelong Cats,FRE,GEEL
espn-1133212,2024-08-10,2024,regular,Carlton,Hawthorn,38,112,,,espn,Carlton,Hawthorn,CARL,HAW
espn-1133213,2024-08-10,2024,regular,Melbourne,Port Adelaide,51,53,,,espn,Melbourne,Port Adelaide,MELB,PORT
espn-1133217,2024-08-10,2024,regular,Essendon,Gold Coast SUNS,86,87,,,espn,Essendon,Gold Coast SUNS,ESS,SUNS
espn-1133214,2024-08-11,2024,regular,Richmond,St Kilda,51,99,,,espn,Richmond,St Kilda,RICH,STK
espn-1133216,2024-08-11,2024,regular,Adelaide Crows,Western Bulldogs,111,72,,,espn,Adelaide Crows,Western Bulldogs,ADEL,WB
espn-1133222,2024-08-16,2024,regular,GWS GIANTS,Fremantle,101,92,,,espn,GWS GIANTS,Fremantle,GWS,FRE
espn-1133224,2024-08-16,2024,regular,Gold Coast SUNS,Melbourne,63,117,,,espn,Gold Coast SUNS,Melbourne,SUNS,MELB
espn-1133227,2024-08-16,2024,regular,Essendon,Sydney Swans,59,98,,,espn,Essendon,Sydney Swans,ESS,SYD
espn-1133219,2024-08-17,2024,regular,Port Adelaide,Adelaide Crows,80,58,,,espn,Port Adelaide,Adelaide Crows,PORT,ADEL
espn-1133220,2024-08-17,2024,regular,Collingwood,Brisbane Lions,79,78,,,espn,Collingwood,Brisbane Lions,COLL,BL
espn-1133223,2024-08-17,2024,regular,St Kilda,Geelong Cats,107,89,,,espn,St Kilda,Geelong Cats,STK,GEEL
espn-1133225,2024-08-17,2024,regular,Western Bulldogs,North Melbourne,138,42,,,espn,Western Bulldogs,North Melbourne,WB,NMFC
espn-1133221,2024-08-18,2024,regular,West Coast Eagles,Carlton,34,99,,,espn,West Coast Eagles,Carlton,WCE,CARL
espn-1133226,2024-08-18,2024,regular,Hawthorn,Richmond,131,68,,,espn,Hawthorn,Richmond,HAW,RICH
espn-1133229,2024-08-23,2024,regular,Melbourne,Collingwood,57,103,,,espn,Melbourne,Collingwood,MELB,COLL
espn-1133231,2024-08-23,2024,regular,Hawthorn,North Melbourne,170,46,,,espn,Hawthorn,North Melbourne,HAW,NMFC
espn-1133234,2024-08-23,2024,regular,Geelong Cats,West Coast Eagles,168,75,,,espn,Geelong Cats,West Coast Eagles,GEEL,WCE
espn-1133228,2024-08-24,2024,regular,Sydney Swans,Adelaide Crows,121,90,,,espn,Sydney Swans,Adelaide Crows,SYD,ADEL
espn-1133230,2024-08-24,2024,regular,Brisbane Lions,Essendon,87,67,,,espn,Brisbane Lions,Essendon,BL,ESS
espn-1133235,2024-08-24,2024,regular,Richmond,Gold Coast SUNS,66,94,,,espn,Richmond,Gold Coast SUNS,RICH,SUNS
espn-1133236,2024-08-24,2024,regular,Western Bulldogs,GWS GIANTS,98,61,,,espn,Western Bulldogs,GWS GIANTS,WB,GWS
espn-1133232,2024-08-25,2024,regular,Fremantle,Port Adelaide,67,87,,,espn,Fremantle,Port Adelaide,FRE,PORT
espn-1133233,2024-08-25,2024,regular,Carlton,St Kilda,74,76,,,espn,Carlton,St Kilda,CARL,STK
espn-1133246,2024-09-05,2024,postseason,Port Adelaide,Geelong Cats,54,138,,,espn,Port Adelaide,Geelong Cats,PORT,GEEL
espn-1133247,2024-09-06,2024,postseason,Western Bulldogs,Hawthorn,62,99,,,espn,Western Bulldogs,Hawthorn,WB,HAW
espn-1133248,2024-09-07,2024,postseason,Sydney Swans,GWS GIANTS,88,82,,,espn,Sydney Swans,GWS GIANTS,SYD,GWS
espn-1133249,2024-09-07,2024,postseason,Brisbane Lions,Carlton,99,71,,,espn,Brisbane Lions,Carlton,BL,CARL
espn-1133250,2024-09-13,2024,postseason,Port Adelaide,Hawthorn,75,72,,,espn,Port Adelaide,Hawthorn,PORT,HAW
espn-1133251,2024-09-14,2024,postseason,GWS GIANTS,Brisbane Lions,100,105,,,espn,GWS GIANTS,Brisbane Lions,GWS,BL
espn-1133252,2024-09-20,2024,postseason,Sydney Swans,Port Adelaide,95,59,,,espn,Sydney Swans,Port Adelaide,SYD,PORT
espn-1133253,2024-09-21,2024,postseason,Geelong Cats,Brisbane Lions,85,95,,,espn,Geelong Cats,Brisbane Lions,GEEL,BL
espn-1133254,2024-09-28,2024,postseason,Sydney Swans,Brisbane Lions,60,120,,,espn,Sydney Swans,Brisbane Lions,SYD,BL
espn-1133468,2025-02-28,2025,regular,St Kilda,Port Adelaide,49,93,,,espn,St Kilda,Port Adelaide,STK,PORT
espn-1133469,2025-03-01,2025,regular,West Coast Eagles,North Melbourne,71,69,,,espn,West Coast Eagles,North Melbourne,WCE,NMFC
espn-1133470,2025-03-02,2025,regular,Fremantle,Melbourne,109,90,,,espn,Fremantle,Melbourne,FRE,MELB
espn-1133256,2025-03-07,2025,regular,Sydney Swans,Hawthorn,76,96,,,espn,Sydney Swans,Hawthorn,SYD,HAW
espn-1133258,2025-03-08,2025,regular,GWS GIANTS,Collingwood,104,52,,,espn,GWS GIANTS,Collingwood,GWS,COLL
espn-1133259,2025-03-13,2025,regular,Richmond,Carlton,82,69,,,espn,Richmond,Carlton,RICH,CARL
espn-1133260,2025-03-14,2025,regular,Hawthorn,Essendon,111,85,,,espn,Hawthorn,Essendon,HAW,ESS
espn-1133261,2025-03-14,2025,regular,Geelong Cats,Fremantle,147,69,,,espn,Geelong Cats,Fremantle,GEEL,FRE
espn-1133262,2025-03-15,2025,regular,Sydney Swans,Brisbane Lions,82,86,,,espn,Sydney Swans,Brisbane Lions,SYD,BL
espn-1133263,2025-03-15,2025,regular,Western Bulldogs,North Melbourne,113,97,,,espn,Western Bulldogs,North Melbourne,WB,NMFC
espn-1133264,2025-03-15,2025,regular,Collingwood,Port Adelaide,136,45,,,espn,Collingwood,Port Adelaide,COLL,PORT
espn-1133265,2025-03-15,2025,regular,Adelaide Crows,St Kilda,135,72,,,espn,Adelaide Crows,St Kilda,ADEL,STK
espn-1133266,2025-03-16,2025,regular,Melbourne,GWS GIANTS,74,77,,,espn,Melbourne,GWS GIANTS,MELB,GWS
espn-1133267,2025-03-16,2025,regular,West Coast Eagles,Gold Coast SUNS,49,136,,,espn,West Coast Eagles,Gold Coast SUNS,WCE,SUNS
espn-1133268,2025-03-20,2025,regular,Carlton,Hawthorn,60,80,,,espn,Carlton,Hawthorn,CARL,HAW
espn-1133269,2025-03-21,2025,regular,Western Bulldogs,Collingwood,70,76,,,espn,Western Bulldogs,Collingwood,WB,COLL
espn-1133270,2025-03-21,2025,regular,Essendon,Adelaide Crows,100,161,,,espn,Essendon,Adelaide Crows,ESS,ADEL
espn-1133271,2025-03-22,2025,regular,Port Adelaide,Richmond,140,68,,,espn,Port Adelaide,Richmond,PORT,RICH
espn-1133272,2025-03-22,2025,regular,St Kilda,Geelong Cats,98,91,,,espn,St Kilda,Geelong Cats,STK,GEEL
espn-1133273,2025-03-22,2025,regular,Brisbane Lions,West Coast Eagles,94,75,,,espn,Brisbane Lions,West Coast Eagles,BL,WCE
espn-1133274,2025-03-23,2025,regular,North Melbourne,Melbourne,125,66,,,espn,North Melbourne,Melbourne,NMFC,MELB
espn-1133275,2025-03-23,2025,regular,Fremantle,Sydney Swans,65,68,,,espn,Fremantle,Sydney Swans,FRE,SYD
espn-1133276,2025-03-27,2025,regular,Essendon,Port Adelaide,72,60,,,espn,Essendon,Port Adelaide,ESS,PORT
espn-1133277,2025-03-28,2025,regular,Carlton,Western Bulldogs,75,83,,,espn,Carlton,Western Bulldogs,CARL,WB
espn-1133278,2025-03-28,2025,regular,Melbourne,Gold Coast SUNS,62,120,,,espn,Melbourne,Gold Coast SUNS,MELB,SUNS
espn-1133279,2025-03-29,2025,regular,St Kilda,Richmond,135,53,,,espn,St Kilda,Richmond,STK,RICH
espn-1133280,2025-03-29,2025,regular,Hawthorn,GWS GIANTS,76,64,,,espn,Hawthorn,GWS GIANTS,HAW,GWS
espn-1133472,2025-03-29,2025,regular,Brisbane Lions,Geelong Cats,70,61,,,espn,Brisbane Lions,Geelong Cats,BL,GEEL
espn-1133281,2025-03-30,2025,regular,Adelaide Crows,North Melbourne,114,78,,,espn,Adelaide Crows,North Melbourne,ADEL,NMFC
espn-1133282,2025-03-30,2025,regular,West Coast Eagles,Fremantle,68,106,,,espn,West Coast Eagles,Fremantle,WCE,FRE
espn-1133283,2025-04-03,2025,regular,Collingwood,Carlton,63,46,,,espn,Collingwood,Carlton,COLL,CARL
espn-1133284,2025-04-04,2025,regular,Geelong Cats,Melbourne,85,46,,,espn,Geelong Cats,Melbourne,GEEL,MELB
espn-1133285,2025-04-04,2025,regular,Gold Coast SUNS,Adelaide Crows,91,90,,,espn,Gold Coast SUNS,Adelaide Crows,SUNS,ADEL
espn-1133286,2025-04-05,2025,regular,Richmond,Brisbane Lions,90,118,,,espn,Richmond,Brisbane Lions,RICH,BL
espn-1133287,2025-04-05,2025,regular,North Melbourne,Sydney Swans,52,117,,,espn,North Melbourne,Sydney Swans,NMFC,SYD
espn-1133288,2025-04-05,2025,regular,GWS GIANTS,West Coast Eagles,132,51,,,espn,GWS GIANTS,West Coast Eagles,GWS,WCE
espn-1133289,2025-04-06,2025,regular,Port Adelaide,St Kilda,72,89,,,espn,Port Adelaide,St Kilda,PORT,STK
espn-1133290,2025-04-06,2025,regular,Fremantle,Western Bulldogs,97,81,,,espn,Fremantle,Western Bulldogs,FRE,WB
espn-1133291,2025-04-10,2025,regular,Adelaide Crows,Geelong Cats,100,119,,,espn,Adelaide Crows,Geelong Cats,ADEL,GEEL
espn-1133292,2025-04-11,2025,regular,Collingwood,Sydney Swans,109,78,,,espn,Collingwood,Sydney Swans,COLL,SYD
espn-1133293,2025-04-11,2025,regular,North Melbourne,Gold Coast SUNS,89,141,,,espn,North Melbourne,Gold Coast SUNS,NMFC,SUNS
espn-1133294,2025-04-11,2025,regular,Carlton,West Coast Eagles,121,50,,,espn,Carlton,West Coast Eagles,CARL,WCE
espn-1133295,2025-04-12,2025,regular,Western Bulldogs,Brisbane Lions,97,118,,,espn,Western Bulldogs,Brisbane Lions,WB,BL
espn-1133296,2025-04-12,2025,regular,Melbourne,Essendon,57,96,,,espn,Melbourne,Essendon,MELB,ESS
espn-1133297,2025-04-12,2025,regular,Richmond,Fremantle,47,108,,,espn,Richmond,Fremantle,RICH,FRE
espn-1133298,2025-04-13,2025,regular,St Kilda,GWS GIANTS,82,110,,,espn,St Kilda,GWS GIANTS,STK,GWS
espn-1133299,2025-04-13,2025,regular,Port Adelaide,Hawthorn,121,91,,,espn,Port Adelaide,Hawthorn,PORT,HAW
espn-1133300,2025-04-17,2025,regular,Brisbane Lions,Collingwood,53,105,,,espn,Brisbane Lions,Collingwood,BL,COLL
espn-1133301,2025-04-18,2025,regular,North Melbourne,Carlton,71,153,,,espn,North Melbourne,Carlton,NMFC,CARL
espn-1133302,2025-04-18,2025,regular,West Coast Eagles,Essendon,75,77,,,espn,West Coast Eagles,Essendon,WCE,ESS
espn-1133303,2025-04-18,2025,regular,Melbourne,Fremantle,107,97,,,espn,Melbourne,Fremantle,MELB,FRE
espn-1133304,2025-04-19,2025,regular,Adelaide Crows,GWS GIANTS,52,34,,,espn,Adelaide Crows,GWS GIANTS,ADEL,GWS
espn-1133305,2025-04-19,2025,regular,Richmond,Gold Coast SUNS,80,69,,,espn,Richmond,Gold Coast SUNS,RICH,SUNS
espn-1133306,2025-04-20,2025,regular,Sydney Swans,Port Adelaide,77,85,,,espn,Sydney Swans,Port Adelaide,SYD,PORT
espn-1133307,2025-04-20,2025,regular,Western Bulldogs,St Kilda,127,56,,,espn,Western Bulldogs,St Kilda,WB,STK
espn-1133308,2025-04-21,2025,regular,Geelong Cats,Hawthorn,86,79,,,espn,Geelong Cats,Hawthorn,GEEL,HAW
espn-1133309,2025-04-24,2025,regular,Melbourne,Richmond,83,63,,,espn,Melbourne,Richmond,MELB,RICH
espn-1133310,2025-04-25,2025,regular,Collingwood,Essendon,107,66,,,espn,Collingwood,Essendon,COLL,ESS
espn-1133311,2025-04-25,2025,regular,Fremantle,Adelaide Crows,85,67,,,espn,Fremantle,Adelaide Crows,FRE,ADEL
espn-1133312,2025-04-25,2025,regular,St Kilda,Brisbane Lions,73,118,,,espn,St Kilda,Brisbane Lions,STK,BL
espn-1133313,2025-04-26,2025,regular,Port Adelaide,North Melbourne,97,88,,,espn,Port Adelaide,North Melbourne,PORT,NMFC
espn-1133314,2025-04-26,2025,regular,GWS GIANTS,Western Bulldogs,81,113,,,espn,GWS GIANTS,Western Bulldogs,GWS,WB
espn-1133315,2025-04-26,2025,regular,Gold Coast SUNS,Sydney Swans,117,79,,,espn,Gold Coast SUNS,Sydney Swans,SUNS,SYD
espn-1133316,2025-04-27,2025,regular,Carlton,Geelong Cats,94,76,,,espn,Carlton,Geelong Cats,CARL,GEEL
espn-1133317,2025-04-27,2025,regular,Hawthorn,West Coast Eagles,124,74,,,espn,Hawthorn,West Coast Eagles,HAW,WCE
espn-1133318,2025-05-01,2025,regular,Essendon,North Melbourne,65,62,,,espn,Essendon,North Melbourne,ESS,NMFC
espn-1133319,2025-05-02,2025,regular,St Kilda,Fremantle,94,33,,,espn,St Kilda,Fremantle,STK,FRE
espn-1133320,2025-05-02,2025,regular,Western Bulldogs,Port Adelaide,131,41,,,espn,Western Bulldogs,Port Adelaide,WB,PORT
espn-1133321,2025-05-03,2025,regular,Adelaide Crows,Carlton,110,50,,,espn,Adelaide Crows,Carlton,ADEL,CARL
espn-1133322,2025-05-03,2025,regular,Collingwood,Geelong Cats,87,90,,,espn,Collingwood,Geelong Cats,COLL,GEEL
espn-1133323,2025-05-03,2025,regular,West Coast Eagles,Melbourne,76,108,,,espn,West Coast Eagles,Melbourne,WCE,MELB
espn-1133324,2025-05-03,2025,regular,Sydney Swans,GWS GIANTS,87,73,,,espn,Sydney Swans,GWS GIANTS,SYD,GWS
espn-1133325,2025-05-04,2025,regular,Hawthorn,Richmond,109,44,,,espn,Hawthorn,Richmond,HAW,RICH
espn-1133326,2025-05-04,2025,regular,Brisbane Lions,Gold Coast SUNS,66,49,,,espn,Brisbane Lions,Gold Coast SUNS,BL,SUNS
espn-1133327,2025-05-08,2025,regular,Fremantle,Collingwood,83,97,,,espn,Fremantle,Collingwood,FRE,COLL
espn-1133328,2025-05-09,2025,regular,St Kilda,Carlton,62,77,,,espn,St Kilda,Carlton,STK,CARL
espn-1133329,2025-05-09,2025,regular,Melbourne,Hawthorn,56,91,,,espn,Melbourne,Hawthorn,MELB,HAW
espn-1133330,2025-05-10,2025,regular,Essendon,Sydney Swans,71,63,,,espn,Essendon,Sydney Swans,ESS,SYD
espn-1133331,2025-05-10,2025,regular,Gold Coast SUNS,Western Bulldogs,106,96,,,espn,Gold Coast SUNS,Western Bulldogs,SUNS,WB
espn-1133332,2025-05-10,2025,regular,Port Adelaide,Adelaide Crows,84,89,,,espn,Port Adelaide,Adelaide Crows,PORT,ADEL
espn-1133333,2025-05-10,2025,regular,Richmond,West Coast Eagles,81,79,,,espn,Richmond,West Coast Eagles,RICH,WCE
espn-1133334,2025-05-11,2025,regular,Geelong Cats,GWS GIANTS,101,105,,,espn,Geelong Cats,GWS GIANTS,GEEL,GWS
espn-1133335,2025-05-11,2025,regular,North Melbourne,Brisbane Lions,71,71,,,espn,North Melbourne,Brisbane Lions,NMFC,BL
espn-1133336,2025-05-15,2025,regular,Gold Coast SUNS,Hawthorn,104,96,,,espn,Gold Coast SUNS,Hawthorn,SUNS,HAW
espn-1133337,2025-05-16,2025,regular,Sydney Swans,Carlton,78,62,,,espn,Sydney Swans,Carlton,SYD,CARL
espn-1133338,2025-05-16,2025,regular,Collingwood,Adelaide Crows,78,68,,,espn,Collingwood,Adelaide Crows,COLL,ADEL
espn-1133339,2025-05-17,2025,regular,Port Adelaide,Geelong Cats,39,115,,,espn,Port Adelaide,Geelong Cats,PORT,GEEL
espn-1133340,2025-05-17,2025,regular,GWS GIANTS,Fremantle,61,95,,,espn,GWS GIANTS,Fremantle,GWS,FRE
espn-1133341,2025-05-17,2025,regular,Western Bulldogs,Essendon,127,36,,,espn,Western Bulldogs,Essendon,WB,ESS
espn-1133342,2025-05-17,2025,regular,Richmond,North Melbourne,74,78,,,espn,Richmond,North Melbourne,RICH,NMFC
espn-1133343,2025-05-18,2025,regular,Brisbane Lions,Melbourne,88,99,,,espn,Brisbane Lions,Melbourne,BL,MELB
espn-1133344,2025-05-18,2025,regular,West Coast Eagles,St Kilda,108,80,,,espn,West Coast Eagles,St Kilda,WCE,STK
espn-1133345,2025-05-22,2025,regular,Geelong Cats,Western Bulldogs,127,113,,,espn,Geelong Cats,Western Bulldogs,GEEL,WB
espn-1133346,2025-05-23,2025,regular,Essendon,Richmond,81,58,,,espn,Essendon,Richmond,ESS,RICH
espn-1133347,2025-05-23,2025,regular,Carlton,GWS GIANTS,82,110,,,espn,Carlton,GWS GIANTS,CARL,GWS
espn-1133348,2025-05-24,2025,regular,Hawthorn,Brisbane Lions,60,93,,,espn,Hawthorn,Brisbane Lions,HAW,BL
espn-1133349,2025-05-24,2025,regular,North Melbourne,Collingwood,63,108,,,espn,North Melbourne,Collingwood,NMFC,COLL
espn-1133350,2025-05-24,2025,regular,Fremantle,Port Adelaide,100,51,,,espn,Fremantle,Port Adelaide,FRE,PORT
espn-1133351,2025-05-24,2025,regular,Adelaide Crows,West Coast Eagles,128,62,,,espn,Adelaide Crows,West Coast Eagles,ADEL,WCE
espn-1133352,2025-05-25,2025,regular,Melbourne,Sydney Swans,131,78,,,espn,Melbourne,Sydney Swans,MELB,SYD
espn-1133353,2025-05-25,2025,regular,St Kilda,Gold Coast SUNS,61,80,,,espn,St Kilda,Gold Coast SUNS,STK,SUNS
espn-1133354,2025-05-29,2025,regular,Brisbane Lions,Essendon,90,72,,,espn,Brisbane Lions,Essendon,BL,ESS
espn-1133355,2025-05-30,2025,regular,Collingwood,Hawthorn,107,56,,,espn,Collingwood,Hawthorn,COLL,HAW
espn-1133356,2025-05-30,2025,regular,Gold Coast SUNS,Fremantle,64,75,,,espn,Gold Coast SUNS,Fremantle,SUNS,FRE
espn-1133357,2025-05-31,2025,regular,GWS GIANTS,Richmond,80,77,,,espn,GWS GIANTS,Richmond,GWS,RICH
espn-1133358,2025-05-31,2025,regular,Sydney Swans,Adelaide Crows,41,131,,,espn,Sydney Swans,Adelaide Crows,SYD,ADEL
espn-1133359,2025-06-01,2025,regular,Melbourne,St Kilda,63,91,,,espn,Melbourne,St Kilda,MELB,STK
espn-1133360,2025-06-01,2025,regular,West Coast Eagles,Geelong Cats,73,116,,,espn,West Coast Eagles,Geelong Cats,WCE,GEEL
espn-1133361,2025-06-05,2025,regular,Western Bulldogs,Hawthorn,59,81,,,espn,Western Bulldogs,Hawthorn,WB,HAW
espn-1133362,2025-06-06,2025,regular,Adelaide Crows,Brisbane Lions,68,63,,,espn,Adelaide Crows,Brisbane Lions,ADEL,BL
espn-1133363,2025-06-06,2025,regular,Richmond,Sydney Swans,36,80,,,espn,Richmond,Sydney Swans,RICH,SYD
espn-1133364,2025-06-07,2025,regular,Geelong Cats,Gold Coast SUNS,61,37,,,espn,Geelong Cats,Gold Coast SUNS,GEEL,SUNS
espn-1133365,2025-06-07,2025,regular,GWS GIANTS,Port Adelaide,50,66,,,espn,GWS GIANTS,Port Adelaide,GWS,PORT
espn-1133366,2025-06-08,2025,regular,North Melbourne,West Coast Eagles,62,52,,,espn,North Melbourne,West Coast Eagles,NMFC,WCE
espn-1133367,2025-06-08,2025,regular,Carlton,Essendon,78,70,,,espn,Carlton,Essendon,CARL,ESS
espn-1133368,2025-06-09,2025,regular,Melbourne,Collingwood,71,72,,,espn,Melbourne,Collingwood,MELB,COLL
espn-1133369,2025-06-12,2025,regular,St Kilda,Western Bulldogs,60,132,,,espn,St Kilda,Western Bulldogs,STK,WB
espn-1133370,2025-06-13,2025,regular,Hawthorn,Adelaide Crows,47,44,,,espn,Hawthorn,Adelaide Crows,HAW,ADEL
espn-1133371,2025-06-13,2025,regular,Brisbane Lions,GWS GIANTS,96,107,,,espn,Brisbane Lions,GWS GIANTS,BL,GWS
espn-1133372,2025-06-14,2025,regular,Essendon,Geelong Cats,56,151,,,espn,Essendon,Geelong Cats,ESS,GEEL
espn-1133373,2025-06-14,2025,regular,North Melbourne,Fremantle,67,73,,,espn,North Melbourne,Fremantle,NMFC,FRE
espn-1133374,2025-06-15,2025,regular,Port Adelaide,Melbourne,93,68,,,espn,Port Adelaide,Melbourne,PORT,MELB
espn-1133375,2025-06-15,2025,regular,West Coast Eagles,Carlton,52,86,,,espn,West Coast Eagles,Carlton,WCE,CARL
espn-1133376,2025-06-19,2025,regular,Fremantle,Essendon,104,63,,,espn,Fremantle,Essendon,FRE,ESS
espn-1133377,2025-06-20,2025,regular,Geelong Cats,Brisbane Lions,51,92,,,espn,Geelong Cats,Brisbane Lions,GEEL,BL
espn-1133378,2025-06-20,2025,regular,Carlton,North Melbourne,73,84,,,espn,Carlton,North Melbourne,CARL,NMFC
espn-1133379,2025-06-21,2025,regular,Port Adelaide,Sydney Swans,52,71,,,espn,Port Adelaide,Sydney Swans,PORT,SYD
espn-1133380,2025-06-21,2025,regular,Collingwood,St Kilda,108,74,,,espn,Collingwood,St Kilda,COLL,STK
espn-1133381,2025-06-21,2025,regular,GWS GIANTS,Gold Coast SUNS,106,99,,,espn,GWS GIANTS,Gold Coast SUNS,GWS,SUNS
espn-1133382,2025-06-22,2025,regular,Western Bulldogs,Richmond,135,56,,,espn,Western Bulldogs,Richmond,WB,RICH
espn-1133388,2025-06-26,2025,regular,Port Adelaide,Carlton,110,60,,,espn,Port Adelaide,Carlton,PORT,CARL
espn-1133385,2025-06-27,2025,regular,Gold Coast SUNS,Melbourne,104,85,,,espn,Gold Coast SUNS,Melbourne,SUNS,MELB
espn-1133386,2025-06-27,2025,regular,Sydney Swans,Western Bulldogs,96,105,,,espn,Sydney Swans,Western Bulldogs,SYD,WB
espn-1133383,2025-06-28,2025,regular,Collingwood,West Coast Eagles,88,59,,,espn,Collingwood,West Coast Eagles,COLL,WCE
espn-1133387,2025-06-28,2025,regular,Hawthorn,North Melbourne,150,65,,,espn,Hawthorn,North Melbourne,HAW,NMFC
espn-1133384,2025-06-29,2025,regular,Richmond,Adelaide Crows,54,122,,,espn,Richmond,Adelaide Crows,RICH,ADEL
espn-1133389,2025-06-29,2025,regular,Fremantle,St Kilda,81,69,,,espn,Fremantle,St Kilda,FRE,STK
espn-1133392,2025-07-03,2025,regular,North Melbourne,Western Bulldogs,85,134,,,espn,North Melbourne,Western Bulldogs,NMFC,WB
espn-1133393,2025-07-04,2025,regular,Essendon,Gold Coast SUNS,74,115,,,espn,Essendon,Gold Coast SUNS,ESS,SUNS
espn-1133394,2025-07-04,2025,regular,Carlton,Collingwood,59,115,,,espn,Carlton,Collingwood,CARL,COLL
espn-1133398,2025-07-04,2025,regular,West Coast Eagles,GWS GIANTS,52,111,,,espn,West Coast Eagles,GWS GIANTS,WCE,GWS
espn-1133390,2025-07-05,2025,regular,Geelong Cats,Richmond,124,52,,,espn,Geelong Cats,Richmond,GEEL,RICH
espn-1133391,2025-07-05,2025,regular,St Kilda,Hawthorn,74,94,,,espn,St Kilda,Hawthorn,STK,HAW
espn-1133395,2025-07-05,2025,regular,Sydney Swans,Fremantle,94,83,,,espn,Sydney Swans,Fremantle,SYD,FRE
espn-1133396,2025-07-05,2025,regular,Brisbane Lions,Port Adelaide,120,92,,,espn,Brisbane Lions,Port Adelaide,BL,PORT
espn-1133397,2025-07-06,2025,regular,Adelaide Crows,Melbourne,90,77,,,espn,Adelaide Crows,Melbourne,ADEL,MELB
espn-1133402,2025-07-10,2025,regular,Carlton,Brisbane Lions,66,103,,,espn,Carlton,Brisbane Lions,CARL,BL
espn-1133400,2025-07-11,2025,regular,Western Bulldogs,Adelaide Crows,98,109,,,espn,Western Bulldogs,Adelaide Crows,WB,ADEL
espn-1133405,2025-07-11,2025,regular,Gold Coast SUNS,Collingwood,69,63,,,espn,Gold Coast SUNS,Collingwood,SUNS,COLL
espn-1133399,2025-07-12,2025,regular,GWS GIANTS,Geelong Cats,111,85,,,espn,GWS GIANTS,Geelong Cats,GWS,GEEL
espn-1133403,2025-07-12,2025,regular,Melbourne,North Melbourne,119,83,,,espn,Melbourne,North Melbourne,MELB,NMFC
espn-1133404,2025-07-12,2025,regular,Richmond,Essendon,46,37,,,espn,Richmond,Essendon,RICH,ESS
espn-1133407,2025-07-12,2025,regular,Fremantle,Hawthorn,77,64,,,espn,Fremantle,Hawthorn,FRE,HAW
espn-1133401,2025-07-13,2025,regular,St Kilda,Sydney Swans,87,92,,,espn,St Kilda,Sydney Swans,STK,SYD
espn-1133406,2025-07-13,2025,regular,Port Adelaide,West Coast Eagles,87,61,,,espn,Port Adelaide,West Coast Eagles,PORT,WCE
espn-1133409,2025-07-17,2025,regular,Essendon,GWS GIANTS,56,104,,,espn,Essendon,GWS GIANTS,ESS,GWS
espn-1133413,2025-07-18,2025,regular,Brisbane Lions,Western Bulldogs,86,76,,,espn,Brisbane Lions,Western Bulldogs,BL,WB
espn-1133414,2025-07-18,2025,regular,Hawthorn,Port Adelaide,87,49,,,espn,Hawthorn,Port Adelaide,HAW,PORT
espn-1133408,2025-07-19,2025,regular,Geelong Cats,St Kilda,113,82,,,espn,Geelong Cats,St Kilda,GEEL,STK
espn-1133410,2025-07-19,2025,regular,Carlton,Melbourne,78,70,,,espn,Carlton,Melbourne,CARL,MELB
espn-1133412,2025-07-19,2025,regular,Sydney Swans,North Melbourne,84,53,,,espn,Sydney Swans,North Melbourne,SYD,NMFC
espn-1133416,2025-07-19,2025,regular,West Coast Eagles,Richmond,56,105,,,espn,West Coast Eagles,Richmond,WCE,RICH
espn-1133411,2025-07-20,2025,regular,Collingwood,Fremantle,78,79,,,espn,Collingwood,Fremantle,COLL,FRE
espn-1133415,2025-07-20,2025,regular,Adelaide Crows,Gold Coast SUNS,107,46,,,espn,Adelaide Crows,Gold Coast SUNS,ADEL,SUNS
espn-1133422,2025-07-24,2025,regular,Hawthorn,Carlton,85,61,,,espn,Hawthorn,Carlton,HAW,CARL
espn-1133417,2025-07-25,2025,regular,GWS GIANTS,Sydney Swans,102,58,,,espn,GWS GIANTS,Sydney Swans,GWS,SYD
espn-1133420,2025-07-25,2025,regular,Essendon,Western Bulldogs,50,143,,,espn,Essendon,Western Bulldogs,ESS,WB
espn-1133423,2025-07-25,2025,regular,Gold Coast SUNS,Brisbane Lions,130,64,,,espn,Gold Coast SUNS,Brisbane Lions,SUNS,BL
espn-1133418,2025-07-26,2025,regular,North Melbourne,Geelong Cats,49,150,,,espn,North Melbourne,Geelong Cats,NMFC,GEEL
espn-1133424,2025-07-26,2025,regular,Adelaide Crows,Port Adelaide,133,35,,,espn,Adelaide Crows,Port Adelaide,ADEL,PORT
espn-1133425,2025-07-26,2025,regular,Fremantle,West Coast Eagles,126,77,,,espn,Fremantle,West Coast Eagles,FRE,WCE
espn-1133419,2025-07-27,2025,regular,St Kilda,Melbourne,96,90,,,espn,St Kilda,Melbourne,STK,MELB
espn-1133421,2025-07-27,2025,regular,Richmond,Collingwood,57,93,,,espn,Richmond,Collingwood,RICH,COLL
espn-1133429,2025-07-31,2025,regular,Western Bulldogs,GWS GIANTS,132,44,,,espn,Western Bulldogs,GWS GIANTS,WB,GWS
espn-1133428,2025-08-01,2025,regular,Melbourne,West Coast Eagles,139,56,,,espn,Melbourne,West Coast Eagles,MELB,WCE
espn-1133433,2025-08-01,2025,regular,Adelaide Crows,Hawthorn,101,87,,,espn,Adelaide Crows,Hawthorn,ADEL,HAW
espn-1133427,2025-08-02,2025,regular,St Kilda,North Melbourne,78,69,,,espn,St Kilda,North Melbourne,STK,NMFC
espn-1133430,2025-08-02,2025,regular,Collingwood,Brisbane Lions,65,92,,,espn,Collingwood,Brisbane Lions,COLL,BL
espn-1133431,2025-08-02,2025,regular,Gold Coast SUNS,Richmond,107,23,,,espn,Gold Coast SUNS,Richmond,SUNS,RICH
espn-1133432,2025-08-02,2025,regular,Sydney Swans,Essendon,68,54,,,espn,Sydney Swans,Essendon,SYD,ESS
espn-1133426,2025-08-03,2025,regular,Geelong Cats,Port Adelaide,153,65,,,espn,Geelong Cats,Port Adelaide,GEEL,PORT
espn-1133434,2025-08-03,2025,regular,Fremantle,Carlton,94,67,,,espn,Fremantle,Carlton,FRE,CARL
espn-1133440,2025-08-07,2025,regular,Hawthorn,Collingwood,110,46,,,espn,Hawthorn,Collingwood,HAW,COLL
espn-1133435,2025-08-08,2025,regular,Geelong Cats,Essendon,109,65,,,espn,Geelong Cats,Essendon,GEEL,ESS
espn-1133438,2025-08-08,2025,regular,Richmond,St Kilda,52,56,,,espn,Richmond,St Kilda,RICH,STK
espn-1133436,2025-08-09,2025,regular,GWS GIANTS,North Melbourne,133,79,,,espn,GWS GIANTS,North Melbourne,GWS,NMFC
espn-1133437,2025-08-09,2025,regular,Carlton,Gold Coast SUNS,74,93,,,espn,Carlton,Gold Coast SUNS,CARL,SUNS
espn-1133441,2025-08-09,2025,regular,Brisbane Lions,Sydney Swans,90,92,,,espn,Brisbane Lions,Sydney Swans,BL,SYD
espn-1133442,2025-08-09,2025,regular,Port Adelaide,Fremantle,86,92,,,espn,Port Adelaide,Fremantle,PORT,FRE
espn-1133439,2025-08-10,2025,regular,Melbourne,Western Bulldogs,99,105,,,espn,Melbourne,Western Bulldogs,MELB,WB
espn-1133443,2025-08-10,2025,regular,West Coast Eagles,Adelaide Crows,78,87,,,espn,West Coast Eagles,Adelaide Crows,WCE,ADEL
espn-1133445,2025-08-15,2025,regular,Essendon,St Kilda,75,77,,,espn,Essendon,St Kilda,ESS,STK
espn-1133447,2025-08-15,2025,regular,Carlton,Port Adelaide,118,64,,,espn,Carlton,Port Adelaide,CARL,PORT
espn-1133449,2025-08-15,2025,regular,Gold Coast SUNS,GWS GIANTS,76,111,,,espn,Gold Coast SUNS,GWS GIANTS,SUNS,GWS
espn-1133452,2025-08-15,2025,regular,Fremantle,Brisbane Lions,44,101,,,espn,Fremantle,Brisbane Lions,FRE,BL
espn-1133444,2025-08-16,2025,regular,North Melbourne,Richmond,135,87,,,espn,North Melbourne,Richmond,NMFC,RICH
espn-1133448,2025-08-16,2025,regular,Hawthorn,Melbourne,92,56,,,espn,Hawthorn,Melbourne,HAW,MELB
espn-1133451,2025-08-16,2025,regular,Adelaide Crows,Collingwood,59,56,,,espn,Adelaide Crows,Collingwood,ADEL,COLL
espn-1133446,2025-08-17,2025,regular,Western Bulldogs,West Coast Eagles,126,32,,,espn,Western Bulldogs,West Coast Eagles,WB,WCE
espn-1133450,2025-08-17,2025,regular,Sydney Swans,Geelong Cats,68,111,,,espn,Sydney Swans,Geelong Cats,SYD,GEEL
espn-1133458,2025-08-21,2025,regular,Essendon,Carlton,56,90,,,espn,Essendon,Carlton,ESS,CARL
espn-1133454,2025-08-22,2025,regular,North Melbourne,Adelaide Crows,100,113,,,espn,North Melbourne,Adelaide Crows,NMFC,ADEL
espn-1133456,2025-08-22,2025,regular,Collingwood,Melbourne,82,76,,,espn,Collingwood,Melbourne,COLL,MELB
espn-1133460,2025-08-22,2025,regular,Port Adelaide,Gold Coast SUNS,71,67,,,espn,Port Adelaide,Gold Coast SUNS,PORT,SUNS
espn-1133453,2025-08-23,2025,regular,GWS GIANTS,St Kilda,104,93,,,espn,GWS GIANTS,St Kilda,GWS,STK
espn-1133457,2025-08-23,2025,regular,Richmond,Geelong Cats,64,103,,,espn,Richmond,Geelong Cats,RICH,GEEL
espn-1133461,2025-08-23,2025,regular,West Coast Eagles,Sydney Swans,51,118,,,espn,West Coast Eagles,Sydney Swans,WCE,SYD
espn-1133455,2025-08-24,2025,regular,Western Bulldogs,Fremantle,97,112,,,espn,Western Bulldogs,Fremantle,WB,FRE
espn-1133459,2025-08-24,2025,regular,Brisbane Lions,Hawthorn,89,79,,,espn,Brisbane Lions,Hawthorn,BL,HAW
espn-1133471,2025-08-27,2025,regular,Gold Coast SUNS,Essendon,153,58,,,espn,Gold Coast SUNS,Essendon,SUNS,ESS
espn-1133474,2025-09-04,2025,postseason,Adelaide Crows,Collingwood,55,79,,,espn,Adelaide Crows,Collingwood,ADEL,COLL
espn-1133475,2025-09-05,2025,postseason,Geelong Cats,Brisbane Lions,112,74,,,espn,Geelong Cats,Brisbane Lions,GEEL,BL
espn-1133476,2025-09-06,2025,postseason,GWS GIANTS,Hawthorn,88,107,,,espn,GWS GIANTS,Hawthorn,GWS,HAW
espn-1133477,2025-09-06,2025,postseason,Fremantle,Gold Coast SUNS,79,80,,,espn,Fremantle,Gold Coast SUNS,FRE,SUNS
espn-1133478,2025-09-12,2025,postseason,Adelaide Crows,Hawthorn,67,101,,,espn,Adelaide Crows,Hawthorn,ADEL,HAW
espn-1133479,2025-09-13,2025,postseason,Brisbane Lions,Gold Coast SUNS,100,47,,,espn,Brisbane Lions,Gold Coast SUNS,BL,SUNS
espn-1133480,2025-09-19,2025,postseason,Geelong Cats,Hawthorn,115,85,,,espn,Geelong Cats,Hawthorn,GEEL,HAW
espn-1133481,2025-09-20,2025,postseason,Collingwood,Brisbane Lions,71,100,,,espn,Collingwood,Brisbane Lions,COLL,BL
espn-1133482,2025-09-27,2025,postseason,Geelong Cats,Brisbane Lions,75,122,,,espn,Geelong Cats,Brisbane Lions,GEEL,BL
espn-1133697,2026-02-28,2026,regular,North Melbourne,Collingwood,90,89,,,espn,North Melbourne,Collingwood,NMFC,COLL
espn-1133698,2026-03-01,2026,regular,West Coast Eagles,Port Adelaide,67,140,,,espn,West Coast Eagles,Port Adelaide,WCE,PORT
espn-1133483,2026-03-05,2026,regular,Sydney Swans,Carlton,132,69,,,espn,Sydney Swans,Carlton,SYD,CARL
espn-1133484,2026-03-06,2026,regular,Gold Coast SUNS,Geelong Cats,125,69,,,espn,Gold Coast SUNS,Geelong Cats,SUNS,GEEL
espn-1133485,2026-03-07,2026,regular,GWS GIANTS,Hawthorn,122,95,,,espn,GWS GIANTS,Hawthorn,GWS,HAW
espn-1133486,2026-03-07,2026,regular,Brisbane Lions,Western Bulldogs,106,111,,,espn,Brisbane Lions,Western Bulldogs,BL,WB
espn-1133487,2026-03-08,2026,regular,St Kilda,Collingwood,66,78,,,espn,St Kilda,Collingwood,STK,COLL
espn-1133488,2026-03-12,2026,regular,Carlton,Richmond,75,71,,,espn,Carlton,Richmond,CARL,RICH
espn-1133489,2026-03-13,2026,regular,Essendon,Hawthorn,83,145,,,espn,Essendon,Hawthorn,ESS,HAW
espn-1133490,2026-03-13,2026,regular,Western Bulldogs,GWS GIANTS,134,53,,,espn,Western Bulldogs,GWS GIANTS,WB,GWS
espn-1133491,2026-03-14,2026,regular,Geelong Cats,Fremantle,110,100,,,espn,Geelong Cats,Fremantle,GEEL,FRE
espn-1133492,2026-03-14,2026,regular,Sydney Swans,Brisbane Lions,104,60,,,espn,Sydney Swans,Brisbane Lions,SYD,BL
espn-1133493,2026-03-14,2026,regular,Collingwood,Adelaide Crows,79,93,,,espn,Collingwood,Adelaide Crows,COLL,ADEL
espn-1133494,2026-03-14,2026,regular,North Melbourne,Port Adelaide,113,67,,,espn,North Melbourne,Port Adelaide,NMFC,PORT
espn-1133495,2026-03-15,2026,regular,Melbourne,St Kilda,120,107,,,espn,Melbourne,St Kilda,MELB,STK
espn-1133496,2026-03-15,2026,regular,Gold Coast SUNS,West Coast Eagles,131,72,,,espn,Gold Coast SUNS,West Coast Eagles,SUNS,WCE
espn-1133497,2026-03-19,2026,regular,Hawthorn,Sydney Swans,99,82,,,espn,Hawthorn,Sydney Swans,HAW,SYD
espn-1133498,2026-03-20,2026,regular,Adelaide Crows,Western Bulldogs,88,94,,,espn,Adelaide Crows,Western Bulldogs,ADEL,WB
espn-1133499,2026-03-20,2026,regular,Richmond,Gold Coast SUNS,60,128,,,espn,Richmond,Gold Coast SUNS,RICH,SUNS
espn-1133500,2026-03-21,2026,regular,GWS GIANTS,St Kilda,74,78,,,espn,GWS GIANTS,St Kilda,GWS,STK
espn-1133501,2026-03-21,2026,regular,Fremantle,Melbourne,118,70,,,espn,Fremantle,Melbourne,FRE,MELB
espn-1133502,2026-03-22,2026,regular,Port Adelaide,Essendon,133,70,,,espn,Port Adelaide,Essendon,PORT,ESS
espn-1133503,2026-03-22,2026,regular,West Coast Eagles,North Melbourne,111,94,,,espn,West Coast Eagles,North Melbourne,WCE,NMFC
espn-1133504,2026-03-26,2026,regular,Geelong Cats,Adelaide Crows,68,60,,,espn,Geelong Cats,Adelaide Crows,GEEL,ADEL
espn-1133505,2026-03-27,2026,regular,Collingwood,GWS GIANTS,87,54,,,espn,Collingwood,GWS GIANTS,COLL,GWS
espn-1133506,2026-03-27,2026,regular,St Kilda,Brisbane Lions,80,113,,,espn,St Kilda,Brisbane Lions,STK,BL
espn-1133507,2026-03-28,2026,regular,Fremantle,Richmond,103,43,,,espn,Fremantle,Richmond,FRE,RICH
espn-1133508,2026-03-28,2026,regular,Essendon,North Melbourne,69,81,,,espn,Essendon,North Melbourne,ESS,NMFC
espn-1133509,2026-03-28,2026,regular,Port Adelaide,West Coast Eagles,90,92,,,espn,Port Adelaide,West Coast Eagles,PORT,WCE
espn-1133510,2026-03-29,2026,regular,Carlton,Melbourne,77,100,,,espn,Carlton,Melbourne,CARL,MELB
espn-1133511,2026-04-02,2026,regular,Brisbane Lions,Collingwood,119,65,,,espn,Brisbane Lions,Collingwood,BL,COLL
espn-1133512,2026-04-03,2026,regular,North Melbourne,Carlton,96,86,,,espn,North Melbourne,Carlton,NMFC,CARL
espn-1133513,2026-04-03,2026,regular,Adelaide Crows,Fremantle,76,78,,,espn,Adelaide Crows,Fremantle,ADEL,FRE
espn-1133514,2026-04-04,2026,regular,Richmond,Port Adelaide,48,90,,,espn,Richmond,Port Adelaide,RICH,PORT
espn-1133515,2026-04-04,2026,regular,West Coast Eagles,Sydney Swans,35,163,,,espn,West Coast Eagles,Sydney Swans,WCE,SYD
espn-1133516,2026-04-05,2026,regular,Melbourne,Gold Coast SUNS,109,89,,,espn,Melbourne,Gold Coast SUNS,MELB,SUNS
espn-1133517,2026-04-05,2026,regular,Western Bulldogs,Essendon,99,65,,,espn,Western Bulldogs,Essendon,WB,ESS
espn-1133518,2026-04-06,2026,regular,Hawthorn,Geelong Cats,92,91,,,espn,Hawthorn,Geelong Cats,HAW,GEEL
espn-1133519,2026-04-09,2026,regular,Adelaide Crows,Carlton,114,86,,,espn,Adelaide Crows,Carlton,ADEL,CARL
espn-1133520,2026-04-10,2026,regular,Collingwood,Fremantle,39,45,,,espn,Collingwood,Fremantle,COLL,FRE
espn-1133521,2026-04-10,2026,regular,North Melbourne,Brisbane Lions,66,92,,,espn,North Melbourne,Brisbane Lions,NMFC,BL
espn-1133522,2026-04-10,2026,regular,Essendon,Melbourne,113,68,,,espn,Essendon,Melbourne,ESS,MELB
espn-1133523,2026-04-11,2026,regular,Sydney Swans,Gold Coast SUNS,100,68,,,espn,Sydney Swans,Gold Coast SUNS,SYD,SUNS
espn-1133524,2026-04-11,2026,regular,Hawthorn,Western Bulldogs,104,64,,,espn,Hawthorn,Western Bulldogs,HAW,WB
espn-1133525,2026-04-11,2026,regular,Geelong Cats,West Coast Eagles,122,76,,,espn,Geelong Cats,West Coast Eagles,GEEL,WCE
espn-1133526,2026-04-12,2026,regular,GWS GIANTS,Richmond,131,75,,,espn,GWS GIANTS,Richmond,GWS,RICH
espn-1133527,2026-04-12,2026,regular,Port Adelaide,St Kilda,67,81,,,espn,Port Adelaide,St Kilda,PORT,STK
espn-1133528,2026-04-16,2026,regular,Carlton,Collingwood,83,88,,,espn,Carlton,Collingwood,CARL,COLL
espn-1133529,2026-04-17,2026,regular,Geelong Cats,Western Bulldogs,131,56,,,espn,Geelong Cats,Western Bulldogs,GEEL,WB
espn-1133530,2026-04-17,2026,regular,Sydney Swans,GWS GIANTS,107,66,,,espn,Sydney Swans,GWS GIANTS,SYD,GWS
espn-1133531,2026-04-17,2026,regular,Gold Coast SUNS,Essendon,119,110,,,espn,Gold Coast SUNS,Essendon,SUNS,ESS
espn-1133532,2026-04-18,2026,regular,Hawthorn,Port Adelaide,89,86,,,espn,Hawthorn,Port Adelaide,HAW,PORT
espn-1133533,2026-04-18,2026,regular,Adelaide Crows,St Kilda,103,102,,,espn,Adelaide Crows,St Kilda,ADEL,STK
espn-1133534,2026-04-18,2026,regular,North Melbourne,Richmond,130,55,,,espn,North Melbourne,Richmond,NMFC,RICH
espn-1133535,2026-04-19,2026,regular,Melbourne,Brisbane Lions,104,102,,,espn,Melbourne,Brisbane Lions,MELB,BL
espn-1133536,2026-04-19,2026,regular,West Coast Eagles,Fremantle,41,97,,,espn,West Coast Eagles,Fremantle,WCE,FRE
espn-1133537,2026-04-23,2026,regular,Western Bulldogs,Sydney Swans,60,126,,,espn,Western Bulldogs,Sydney Swans,WB,SYD
espn-1133538,2026-04-24,2026,regular,Richmond,Melbourne,72,126,,,espn,Richmond,Melbourne,RICH,MELB
espn-1133539,2026-04-24,2026,regular,Hawthorn,Gold Coast SUNS,112,63,,,espn,Hawthorn,Gold Coast SUNS,HAW,SUNS
espn-1133540,2026-04-25,2026,regular,Essendon,Collingwood,60,137,,,espn,Essendon,Collingwood,ESS,COLL
espn-1133541,2026-04-25,2026,regular,Port Adelaide,Geelong Cats,95,65,,,espn,Port Adelaide,Geelong Cats,PORT,GEEL
espn-1133542,2026-04-25,2026,regular,Fremantle,Carlton,103,89,,,espn,Fremantle,Carlton,FRE,CARL
espn-1133543,2026-04-25,2026,regular,St Kilda,West Coast Eagles,143,42,,,espn,St Kilda,West Coast Eagles,STK,WCE
espn-1133544,2026-04-26,2026,regular,Brisbane Lions,Adelaide Crows,127,75,,,espn,Brisbane Lions,Adelaide Crows,BL,ADEL
espn-1133545,2026-04-26,2026,regular,GWS GIANTS,North Melbourne,105,98,,,espn,GWS GIANTS,North Melbourne,GWS,NMFC
espn-1133546,2026-04-30,2026,regular,Collingwood,Hawthorn,93,93,,,espn,Collingwood,Hawthorn,COLL,HAW
espn-1133547,2026-05-01,2026,regular,Western Bulldogs,Fremantle,102,114,,,espn,Western Bulldogs,Fremantle,WB,FRE
espn-1133548,2026-05-01,2026,regular,Adelaide Crows,Port Adelaide,76,75,,,espn,Adelaide Crows,Port Adelaide,ADEL,PORT
espn-1133549,2026-05-01,2026,regular,Essendon,Brisbane Lions,79,143,,,espn,Essendon,Brisbane Lions,ESS,BL
espn-1133550,2026-05-02,2026,regular,West Coast Eagles,Richmond,88,99,,,espn,West Coast Eagles,Richmond,WCE,RICH
espn-1133551,2026-05-02,2026,regular,Geelong Cats,North Melbourne,135,86,,,espn,Geelong Cats,North Melbourne,GEEL,NMFC
espn-1133552,2026-05-02,2026,regular,Carlton,St Kilda,69,108,,,espn,Carlton,St Kilda,CARL,STK
espn-1133553,2026-05-03,2026,regular,Sydney Swans,Melbourne,131,114,,,espn,Sydney Swans,Melbourne,SYD,MELB
espn-1133554,2026-05-03,2026,regular,Gold Coast SUNS,GWS GIANTS,83,63,,,espn,Gold Coast SUNS,GWS GIANTS,SUNS,GWS
espn-1133555,2026-05-07,2026,regular,Fremantle,Hawthorn,88,73,,,espn,Fremantle,Hawthorn,FRE,HAW
espn-1133556,2026-05-08,2026,regular,Brisbane Lions,Carlton,100,89,,,espn,Brisbane Lions,Carlton,BL,CARL
espn-1133557,2026-05-08,2026,regular,Port Adelaide,Western Bulldogs,72,74,,,espn,Port Adelaide,Western Bulldogs,PORT,WB
espn-1133558,2026-05-08,2026,regular,North Melbourne,Sydney Swans,97,105,,,espn,North Melbourne,Sydney Swans,NMFC,SYD
espn-1133559,2026-05-09,2026,regular,GWS GIANTS,Essendon,103,89,,,espn,GWS GIANTS,Essendon,GWS,ESS
espn-1133560,2026-05-09,2026,regular,Gold Coast SUNS,St Kilda,89,60,,,espn,Gold Coast SUNS,St Kilda,SUNS,STK
espn-1133561,2026-05-09,2026,regular,Geelong Cats,Collingwood,122,68,,,espn,Geelong Cats,Collingwood,GEEL,COLL
espn-1133562,2026-05-09,2026,regular,Melbourne,West Coast Eagles,99,67,,,espn,Melbourne,West Coast Eagles,MELB,WCE
espn-1133563,2026-05-10,2026,regular,Richmond,Adelaide Crows,61,98,,,espn,Richmond,Adelaide Crows,RICH,ADEL
espn-1133564,2026-05-14,2026,regular,Brisbane Lions,Geelong Cats,76,117,,,espn,Brisbane Lions,Geelong Cats,BL,GEEL
espn-1133565,2026-05-15,2026,regular,Sydney Swans,Collingwood,81,75,,,espn,Sydney Swans,Collingwood,SYD,COLL
espn-1133566,2026-05-15,2026,regular,Gold Coast SUNS,Port Adelaide,98,73,,,espn,Gold Coast SUNS,Port Adelaide,SUNS,PORT
espn-1133567,2026-05-15,2026,regular,Adelaide Crows,North Melbourne,133,65,,,espn,Adelaide Crows,North Melbourne,ADEL,NMFC
espn-1133568,2026-05-16,2026,regular,Melbourne,Hawthorn,120,81,,,espn,Melbourne,Hawthorn,MELB,HAW
espn-1133569,2026-05-16,2026,regular,Carlton,Western Bulldogs,74,62,,,espn,Carlton,Western Bulldogs,CARL,WB
espn-1133570,2026-05-16,2026,regular,Essendon,Fremantle,61,104,,,espn,Essendon,Fremantle,ESS,FRE
espn-1133571,2026-05-17,2026,regular,St Kilda,Richmond,109,73,,,espn,St Kilda,Richmond,STK,RICH
espn-1133572,2026-05-17,2026,regular,West Coast Eagles,GWS GIANTS,88,71,,,espn,West Coast Eagles,GWS GIANTS,WCE,GWS
espn-1133573,2026-05-21,2026,regular,Hawthorn,Adelaide Crows,75,66,,,espn,Hawthorn,Adelaide Crows,HAW,ADEL
espn-1133574,2026-05-22,2026,regular,Richmond,Essendon,74,56,,,espn,Richmond,Essendon,RICH,ESS
espn-1133575,2026-05-22,2026,regular,Fremantle,St Kilda,104,74,,,espn,Fremantle,St Kilda,FRE,STK
espn-1133576,2026-05-22,2026,regular,North Melbourne,Gold Coast SUNS,111,105,,,espn,North Melbourne,Gold Coast SUNS,NMFC,SUNS
espn-1133577,2026-05-23,2026,regular,Geelong Cats,Sydney Swans,107,80,,,espn,Geelong Cats,Sydney Swans,GEEL,SYD
espn-1133578,2026-05-23,2026,regular,Collingwood,West Coast Eagles,92,82,,,espn,Collingwood,West Coast Eagles,COLL,WCE
espn-1133579,2026-05-23,2026,regular,Port Adelaide,Carlton,58,92,,,espn,Port Adelaide,Carlton,PORT,CARL
espn-1133580,2026-05-23,2026,regular,GWS GIANTS,Brisbane Lions,166,88,,,espn,GWS GIANTS,Brisbane Lions,GWS,BL
espn-1133581,2026-05-24,2026,regular,Western Bulldogs,Melbourne,93,90,,,espn,Western Bulldogs,Melbourne,WB,MELB
espn-1133582,2026-05-28,2026,regular,St Kilda,Hawthorn,67,119,,,espn,St Kilda,Hawthorn,STK,HAW
espn-1133583,2026-05-29,2026,regular,Carlton,Geelong Cats,88,84,,,espn,Carlton,Geelong Cats,CARL,GEEL
espn-1133584,2026-05-29,2026,regular,Sydney Swans,Richmond,170,56,,,espn,Sydney Swans,Richmond,SYD,RICH
espn-1133585,2026-05-30,2026,regular,Brisbane Lions,Fremantle,78,103,,,espn,Brisbane Lions,Fremantle,BL,FRE
espn-1133586,2026-05-30,2026,regular,Western Bulldogs,Collingwood,97,93,,,espn,Western Bulldogs,Collingwood,WB,COLL
espn-1133587,2026-05-31,2026,regular,Melbourne,GWS GIANTS,70,119,,,espn,Melbourne,GWS GIANTS,MELB,GWS
espn-1133588,2026-05-31,2026,regular,West Coast Eagles,Essendon,85,55,,,espn,West Coast Eagles,Essendon,WCE,ESS
espn-1133589,2026-06-04,2026,regular,Adelaide Crows,Geelong Cats,75,74,,,espn,Adelaide Crows,Geelong Cats,ADEL,GEEL
espn-1133590,2026-06-05,2026,regular,Hawthorn,Western Bulldogs,71,77,,,espn,Hawthorn,Western Bulldogs,HAW,WB
espn-1133591,2026-06-06,2026,regular,North Melbourne,Fremantle,31,155,,,espn,North Melbourne,Fremantle,NMFC,FRE
espn-1133592,2026-06-06,2026,regular,Gold Coast SUNS,Brisbane Lions,75,106,,,espn,Gold Coast SUNS,Brisbane Lions,SUNS,BL
espn-1133593,2026-06-06,2026,regular,West Coast Eagles,Port Adelaide,71,77,,,espn,West Coast Eagles,Port Adelaide,WCE,PORT
espn-1133594,2026-06-07,2026,regular,Sydney Swans,St Kilda,104,102,,,espn,Sydney Swans,St Kilda,SYD,STK
espn-1133595,2026-06-07,2026,regular,Essendon,Carlton,67,72,,,espn,Essendon,Carlton,ESS,CARL
espn-1133596,2026-06-08,2026,regular,Collingwood,Melbourne,75,83,,,espn,Collingwood,Melbourne,COLL,MELB
espn-1133597,2026-06-11,2026,regular,Western Bulldogs,Adelaide Crows,64,121,,,espn,Western Bulldogs,Adelaide Crows,WB,ADEL
espn-1133598,2026-06-12,2026,regular,Geelong Cats,Gold Coast SUNS,105,60,,,espn,Geelong Cats,Gold Coast SUNS,GEEL,SUNS
espn-1133599,2026-06-12,2026,regular,Melbourne,Essendon,95,50,,,espn,Melbourne,Essendon,MELB,ESS
espn-1133600,2026-06-13,2026,regular,North Melbourne,West Coast Eagles,74,73,,,espn,North Melbourne,West Coast Eagles,NMFC,WCE
espn-1133601,2026-06-13,2026,regular,Port Adelaide,Sydney Swans,90,93,,,espn,Port Adelaide,Sydney Swans,PORT,SYD
espn-1133602,2026-06-13,2026,regular,Richmond,Brisbane Lions,80,115,,,espn,Richmond,Brisbane Lions,RICH,BL
espn-1133603,2026-06-14,2026,regular,St Kilda,GWS GIANTS,96,88,,,espn,St Kilda,GWS GIANTS,STK,GWS
espn-1133604,2026-06-18,2026,regular,Fremantle,Geelong Cats,99,90,,,espn,Fremantle,Geelong Cats,FRE,GEEL
espn-1133605,2026-06-19,2026,regular,Gold Coast SUNS,Hawthorn,97,113,,,espn,Gold Coast SUNS,Hawthorn,SUNS,HAW
espn-1133606,2026-06-19,2026,regular,Adelaide Crows,Melbourne,79,62,,,espn,Adelaide Crows,Melbourne,ADEL,MELB
espn-1133607,2026-06-20,2026,regular,GWS GIANTS,Carlton,65,88,,,espn,GWS GIANTS,Carlton,GWS,CARL
espn-1133608,2026-06-20,2026,regular,Collingwood,Port Adelaide,78,52,,,espn,Collingwood,Port Adelaide,COLL,PORT
espn-1133609,2026-06-20,2026,regular,Richmond,North Melbourne,48,73,,,espn,Richmond,North Melbourne,RICH,NMFC
espn-1133610,2026-06-21,2026,regular,St Kilda,Western Bulldogs,61,83,,,espn,St Kilda,Western Bulldogs,STK,WB
espn-1133611,2026-06-25,2026,regular,Brisbane Lions,Sydney Swans,126,83,,,espn,Brisbane Lions,Sydney Swans,BL,SYD
espn-1133612,2026-06-26,2026,regular,Carlton,West Coast Eagles,117,64,,,espn,Carlton,West Coast Eagles,CARL,WCE
espn-1133614,2026-06-26,2026,regular,Hawthorn,GWS GIANTS,96,82,,,espn,Hawthorn,GWS GIANTS,HAW,GWS
espn-1133613,2026-06-27,2026,regular,Collingwood,Richmond,106,72,,,espn,Collingwood,Richmond,COLL,RICH
espn-1133616,2026-06-27,2026,regular,Port Adelaide,Adelaide Crows,97,71,,,espn,Port Adelaide,Adelaide Crows,PORT,ADEL
espn-1133615,2026-06-28,2026,regular,North Melbourne,Essendon,79,65,,,espn,North Melbourne,Essendon,NMFC,ESS
espn-1133617,2026-06-28,2026,regular,Fremantle,Gold Coast SUNS,80,29,,,espn,Fremantle,Gold Coast SUNS,FRE,SUNS
espn-1133619,2026-07-02,2026,regular,Geelong Cats,Brisbane Lions,101,123,,,espn,Geelong Cats,Brisbane Lions,GEEL,BL
espn-1133621,2026-07-03,2026,regular,GWS GIANTS,Fremantle,109,88,,,espn,GWS GIANTS,Fremantle,GWS,FRE
espn-1133622,2026-07-03,2026,regular,Hawthorn,Melbourne,90,125,,,espn,Hawthorn,Melbourne,HAW,MELB
espn-1133624,2026-07-03,2026,regular,Sydney Swans,Western Bulldogs,90,55,,,espn,Sydney Swans,Western Bulldogs,SYD,WB
espn-1133626,2026-07-03,2026,regular,West Coast Eagles,Adelaide Crows,74,99,,,espn,West Coast Eagles,Adelaide Crows,WCE,ADEL
espn-1133620,2026-07-04,2026,regular,Gold Coast SUNS,Collingwood,98,104,,,espn,Gold Coast SUNS,Collingwood,SUNS,COLL
espn-1133623,2026-07-04,2026,regular,Richmond,Carlton,72,74,,,espn,Richmond,Carlton,RICH,CARL
espn-1133618,2026-07-05,2026,regular,Essendon,St Kilda,50,117,,,espn,Essendon,St Kilda,ESS,STK
espn-1133625,2026-07-05,2026,regular,Port Adelaide,North Melbourne,73,52,,,espn,Port Adelaide,North Melbourne,PORT,NMFC
espn-1133635,2026-07-09,2026,regular,Fremantle,Sydney Swans,111,73,,,espn,Fremantle,Sydney Swans,FRE,SYD
espn-1133629,2026-07-10,2026,regular,Collingwood,North Melbourne,89,85,,,espn,Collingwood,North Melbourne,COLL,NMFC
espn-1133632,2026-07-10,2026,regular,St Kilda,Port Adelaide,87,73,,,espn,St Kilda,Port Adelaide,STK,PORT
espn-1133628,2026-07-11,2026,regular,Carlton,Hawthorn,39,103,,,espn,Carlton,Hawthorn,CARL,HAW
espn-1133630,2026-07-11,2026,regular,GWS GIANTS,Geelong Cats,86,73,,,espn,GWS GIANTS,Geelong Cats,GWS,GEEL
espn-1133633,2026-07-11,2026,regular,Western Bulldogs,West Coast Eagles,86,70,,,espn,Western Bulldogs,West Coast Eagles,WB,WCE
espn-1133634,2026-07-11,2026,regular,Adelaide Crows,Gold Coast SUNS,128,49,,,espn,Adelaide Crows,Gold Coast SUNS,ADEL,SUNS
espn-1133627,2026-07-12,2026,regular,Brisbane Lions,Essendon,149,59,,,espn,Brisbane Lions,Essendon,BL,ESS
espn-1133631,2026-07-12,2026,regular,Melbourne,Richmond,111,65,,,espn,Melbourne,Richmond,MELB,RICH
espn-1133638,2026-07-16,2026,regular,Geelong Cats,St Kilda,102,75,,,espn,Geelong Cats,St Kilda,GEEL,STK
espn-1133642,2026-07-17,2026,regular,Sydney Swans,Adelaide Crows,71,87,,,espn,Sydney Swans,Adelaide Crows,SYD,ADEL
espn-1133643,2026-07-17,2026,regular,Port Adelaide,Fremantle,75,103,,,espn,Port Adelaide,Fremantle,PORT,FRE
espn-1133636,2026-07-18,2026,regular,Collingwood,Carlton,90,69,,,espn,Collingwood,Carlton,COLL,CARL
espn-1133640,2026-07-18,2026,regular,North Melbourne,Melbourne,76,92,,,espn,North Melbourne,Melbourne,NMFC,MELB
espn-1133641,2026-07-18,2026,regular,Richmond,Hawthorn,52,122,,,espn,Richmond,Hawthorn,RICH,HAW
espn-1133644,2026-07-18,2026,regular,West Coast Eagles,Brisbane Lions,69,93,,,espn,West Coast Eagles,Brisbane Lions,WCE,BL
espn-1133637,2026-07-19,2026,regular,Essendon,GWS GIANTS,67,64,,,espn,Essendon,GWS GIANTS,ESS,GWS
espn-1133639,2026-07-19,2026,regular,Gold Coast SUNS,Western Bulldogs,68,77,,,espn,Gold Coast SUNS,Western Bulldogs,SUNS,WB
espn-1133652,2026-07-23,2026,regular,Adelaide Crows,Collingwood,74,108,,,espn,Adelaide Crows,Collingwood,ADEL,COLL
espn-1133646,2026-07-24,2026,regular,Carlton,Gold Coast SUNS,110,97,,,espn,Carlton,Gold Coast SUNS,CARL,SUNS
espn-1133650,2026-07-24,2026,regular,Melbourne,Geelong Cats,97,117,,,espn,Melbourne,Geelong Cats,MELB,GEEL
espn-1133653,2026-07-24,2026,regular,Fremantle,West Coast Eagles,112,42,,,espn,Fremantle,West Coast Eagles,FRE,WCE
espn-1133645,2026-07-25,2026,regular,Brisbane Lions,Port Adelaide,126,67,,,espn,Brisbane Lions,Port Adelaide,BL,PORT
espn-1133647,2026-07-25,2026,regular,GWS GIANTS,Sydney Swans,88,139,,,espn,GWS GIANTS,Sydney Swans,GWS,SYD
espn-1133648,2026-07-25,2026,regular,Hawthorn,Essendon,132,39,,,espn,Hawthorn,Essendon,HAW,ESS
espn-1133651,2026-07-25,2026,regular,Western Bulldogs,Richmond,105,48,,,espn,Western Bulldogs,Richmond,WB,RICH
espn-1133649,2026-07-26,2026,regular,North Melbourne,St Kilda,62,93,,,espn,North Melbourne,St Kilda,NMFC,STK
espn-1133655,2026-07-30,2026,regular,Collingwood,Geelong Cats,72,97,,,espn,Collingwood,Geelong Cats,COLL,GEEL
espn-1133658,2026-07-31,2026,regular,Hawthorn,North Melbourne,99,83,,,espn,Hawthorn,North Melbourne,HAW,NMFC
espn-1133660,2026-07-31,2026,regular,St Kilda,Sydney Swans,88,107,,,espn,St Kilda,Sydney Swans,STK,SYD
espn-1133662,2026-07-31,2026,regular,Fremantle,Western Bulldogs,78,41,,,espn,Fremantle,Western Bulldogs,FRE,WB
espn-1133654,2026-08-01,2026,regular,Carlton,Brisbane Lions,154,78,,,espn,Carlton,Brisbane Lions,CARL,BL
espn-1133659,2026-08-01,2026,regular,Richmond,West Coast Eagles,84,73,,,espn,Richmond,West Coast Eagles,RICH,WCE
espn-1133661,2026-08-01,2026,regular,Port Adelaide,GWS GIANTS,63,75,,,espn,Port Adelaide,GWS GIANTS,PORT,GWS
espn-1133656,2026-08-02,2026,regular,Essendon,Adelaide Crows,73,145,,,espn,Essendon,Adelaide Crows,ESS,ADEL
espn-1133657,2026-08-02,2026,regular,Gold Coast SUNS,Melbourne,105,114,,,espn,Gold Coast SUNS,Melbourne,SUNS,MELB
espn-1133669,2026-08-06,2026,regular,Western Bulldogs,North Melbourne,77,100,,,espn,Western Bulldogs,North Melbourne,WB,NMFC
espn-1133663,2026-08-07,2026,regular,Brisbane Lions,Hawthorn,125,58,,,espn,Brisbane Lions,Hawthorn,BL,HAW
espn-1133666,2026-08-07,2026,regular,Melbourne,Fremantle,113,109,,,espn,Melbourne,Fremantle,MELB,FRE
espn-1133664,2026-08-08,2026,regular,Geelong Cats,Essendon,117,50,,,espn,Geelong Cats,Essendon,GEEL,ESS
espn-1133665,2026-08-08,2026,regular,GWS GIANTS,Gold Coast SUNS,77,79,,,espn,GWS GIANTS,Gold Coast SUNS,GWS,SUNS
espn-1133668,2026-08-08,2026,regular,Sydney Swans,Port Adelaide,167,70,,,espn,Sydney Swans,Port Adelaide,SYD,PORT
espn-1133670,2026-08-08,2026,regular,Adelaide Crows,Richmond,63,54,,,espn,Adelaide Crows,Richmond,ADEL,RICH
espn-1133667,2026-08-09,2026,regular,St Kilda,Carlton,62,106,,,espn,St Kilda,Carlton,STK,CARL
espn-1133671,2026-08-09,2026,regular,West Coast Eagles,Collingwood,98,117,,,espn,West Coast Eagles,Collingwood,WCE,COLL
espn-1133677,2026-08-14,2026,regular,Richmond,St Kilda,45,94,,,espn,Richmond,St Kilda,RICH,STK
espn-1133680,2026-08-14,2026,regular,Fremantle,Adelaide Crows,112,88,,,espn,Fremantle,Adelaide Crows,FRE,ADEL
espn-1133672,2026-08-15,2026,regular,Brisbane Lions,Gold Coast SUNS,95,53,,,espn,Brisbane Lions,Gold Coast SUNS,BL,SUNS
espn-1133674,2026-08-15,2026,regular,GWS GIANTS,West Coast Eagles,111,57,,,espn,GWS GIANTS,West Coast Eagles,GWS,WCE
espn-1133675,2026-08-15,2026,regular,Hawthorn,Collingwood,92,92,,,espn,Hawthorn,Collingwood,HAW,COLL
espn-1133676,2026-08-15,2026,regular,North Melbourne,Geelong Cats,110,125,,,espn,North Melbourne,Geelong Cats,NMFC,GEEL
espn-1133679,2026-08-15,2026,regular,Port Adelaide,Melbourne,56,132,,,espn,Port Adelaide,Melbourne,PORT,MELB
espn-1133673,2026-08-16,2026,regular,Essendon,Sydney Swans,76,112,,,espn,Essendon,Sydney Swans,ESS,SYD
espn-1133678,2026-08-16,2026,regular,Western Bulldogs,Carlton,82,82,,,espn,Western Bulldogs,Carlton,WB,CARL
espn-1133686,2026-08-20,2026,regular,St Kilda,Gold Coast SUNS,80,103,,,espn,St Kilda,Gold Coast SUNS,STK,SUNS
espn-1133681,2026-08-21,2026,regular,Collingwood,Brisbane Lions,96,159,,,espn,Collingwood,Brisbane Lions,COLL,BL
espn-1133682,2026-08-21,2026,regular,Carlton,Fremantle,119,82,,,espn,Carlton,Fremantle,CARL,FRE
espn-1133683,2026-08-22,2026,regular,Essendon,Port Adelaide,95,105,,,espn,Essendon,Port Adelaide,ESS,PORT
espn-1133684,2026-08-22,2026,regular,Geelong Cats,Richmond,133,76,,,espn,Geelong Cats,Richmond,GEEL,RICH
espn-1133685,2026-08-22,2026,regular,Melbourne,Western Bulldogs,87,108,,,espn,Melbourne,Western Bulldogs,MELB,WB
espn-1133688,2026-08-22,2026,regular,Adelaide Crows,GWS GIANTS,157,101,,,espn,Adelaide Crows,GWS GIANTS,ADEL,GWS
espn-1133687,2026-08-23,2026,regular,Sydney Swans,North Melbourne,123,70,,,espn,Sydney Swans,North Melbourne,SYD,NMFC
espn-1133689,2026-08-23,2026,regular,West Coast Eagles,Hawthorn,45,107,,,espn,West Coast Eagles,Hawthorn,WCE,HAW
espn-1133705,2026-08-28,2026,postseason,Western Bulldogs,Collingwood,96,93,,,espn,Western Bulldogs,Collingwood,WB,COLL
espn-1133704,2026-08-29,2026,postseason,Melbourne,Carlton,55,74,,,espn,Melbourne,Carlton,MELB,CARL
espn-1133701,2026-09-03,2026,postseason,Fremantle,Hawthorn,40,72,,,espn,Fremantle,Hawthorn,FRE,HAW
espn-1133706,2026-09-04,2026,postseason,Geelong Cats,Carlton,107,74,,,espn,Geelong Cats,Carlton,GEEL,CARL
espn-1133702,2026-09-05,2026,postseason,Sydney Swans,Brisbane Lions,141,88,,,espn,Sydney Swans,Brisbane Lions,SYD,BL
espn-1133703,2026-09-05,2026,postseason,Adelaide Crows,Western Bulldogs,90,68,,,espn,Adelaide Crows,Western Bulldogs,ADEL,WB
espn-1133708,2026-09-11,2026,postseason,Fremantle,Geelong Cats,120,106,,,espn,Fremantle,Geelong Cats,FRE,GEEL
espn-1133707,2026-09-12,2026,postseason,Brisbane Lions,Adelaide Crows,144,91,,,espn,Brisbane Lions,Adelaide Crows,BL,ADEL
espn-1133710,2026-09-18,2026,postseason,Sydney Swans,Fremantle,71,83,,,espn,Sydney Swans,Fremantle,SYD,FRE
espn-1133709,2026-09-19,2026,postseason,Hawthorn,Brisbane Lions,122,131,,,espn,Hawthorn,Brisbane Lions,HAW,BL
espn-1133711,2026-09-26,2026,postseason,Fremantle,Brisbane Lions,89,96,,,espn,Fremantle,Brisbane Lions,FRE,BL
