id,date,season,season_type,home,away,home_points,away_points,neutral,note,source,home_name,away_name,home_abbr,away_abbr
wnbas-1029700001,1997-06-21,1997,regular,LAS,NYL,57,67,,,wnbastats,,,,
wnbas-1029700002,1997-06-21,1997,regular,CLE,HOU,56,76,,,wnbastats,,,,
wnbas-1029700003,1997-06-21,1997,regular,UTA,SAC,60,70,,,wnbastats,,,,
wnbas-1029700004,1997-06-22,1997,regular,PHO,CHA,76,59,,,wnbastats,,,,
wnbas-1029700005,1997-06-23,1997,regular,UTA,LAS,102,89,,,wnbastats,,,,
wnbas-1029700006,1997-06-23,1997,regular,SAC,NYL,62,73,,,wnbastats,,,,
wnbas-1029700007,1997-06-24,1997,regular,HOU,PHO,70,55,,,wnbastats,,,,
wnbas-1029700008,1997-06-25,1997,regular,LAS,CHA,74,54,,,wnbastats,,,,
wnbas-1029700009,1997-06-26,1997,regular,CLE,UTA,74,63,,,wnbastats,,,,
wnbas-1029700010,1997-06-26,1997,regular,SAC,CHA,78,70,,,wnbastats,,,,
wnbas-1029700011,1997-06-26,1997,regular,HOU,NYL,60,62,,,wnbastats,,,,
wnbas-1029700012,1997-06-27,1997,regular,LAS,SAC,93,73,,,wnbastats,,,,
wnbas-1029700013,1997-06-28,1997,regular,UTA,HOU,58,76,,,wnbastats,,,,
wnbas-1029700014,1997-06-28,1997,regular,CLE,PHO,63,68,,,wnbastats,,,,
wnbas-1029700015,1997-06-29,1997,regular,NYL,PHO,65,57,,,wnbastats,,,,
wnbas-1029700016,1997-06-29,1997,regular,CHA,CLE,67,44,,,wnbastats,,,,
wnbas-1029700017,1997-06-30,1997,regular,HOU,LAS,71,66,,,wnbastats,,,,
wnbas-1029700018,1997-07-02,1997,regular,SAC,UTA,68,73,,,wnbastats,,,,
wnbas-1029700019,1997-07-02,1997,regular,NYL,HOU,70,67,,,wnbastats,,,,
wnbas-1029700020,1997-07-03,1997,regular,CLE,LAS,62,74,,,wnbastats,,,,
wnbas-1029700021,1997-07-03,1997,regular,UTA,PHO,55,77,,,wnbastats,,,,
wnbas-1029700022,1997-07-04,1997,regular,HOU,NYL,58,65,,,wnbastats,,,,
wnbas-1029700023,1997-07-05,1997,regular,CHA,LAS,78,66,,,wnbastats,,,,
wnbas-1029700024,1997-07-05,1997,regular,UTA,NYL,53,66,,,wnbastats,,,,
wnbas-1029700025,1997-07-06,1997,regular,SAC,CLE,70,67,,,wnbastats,,,,
wnbas-1029700026,1997-07-07,1997,regular,PHO,NYL,69,50,,,wnbastats,,,,
wnbas-1029700027,1997-07-07,1997,regular,HOU,CHA,74,56,,,wnbastats,,,,
wnbas-1029700028,1997-07-07,1997,regular,UTA,SAC,69,79,,,wnbastats,,,,
wnbas-1029700029,1997-07-07,1997,regular,LAS,CLE,70,81,,,wnbastats,,,,
wnbas-1029700030,1997-07-09,1997,regular,PHO,HOU,69,64,,,wnbastats,,,,
wnbas-1029700031,1997-07-09,1997,regular,CHA,NYL,87,69,,,wnbastats,,,,
wnbas-1029700032,1997-07-10,1997,regular,CLE,SAC,77,61,,,wnbastats,,,,
wnbas-1029700033,1997-07-10,1997,regular,NYL,CHA,62,48,,,wnbastats,,,,
wnbas-1029700034,1997-07-11,1997,regular,LAS,UTA,75,68,,,wnbastats,,,,
wnbas-1029700035,1997-07-12,1997,regular,HOU,SAC,89,61,,,wnbastats,,,,
wnbas-1029700036,1997-07-12,1997,regular,CHA,CLE,72,43,,,wnbastats,,,,
wnbas-1029700037,1997-07-12,1997,regular,UTA,PHO,52,51,,,wnbastats,,,,
wnbas-1029700038,1997-07-13,1997,regular,LAS,PHO,56,57,,,wnbastats,,,,
wnbas-1029700039,1997-07-14,1997,regular,CLE,NYL,57,68,,,wnbastats,,,,
wnbas-1029700040,1997-07-14,1997,regular,HOU,UTA,79,56,,,wnbastats,,,,
wnbas-1029700041,1997-07-15,1997,regular,SAC,LAS,78,73,,,wnbastats,,,,
wnbas-1029700042,1997-07-15,1997,regular,NYL,CLE,76,59,,,wnbastats,,,,
wnbas-1029700043,1997-07-16,1997,regular,PHO,SAC,84,67,,,wnbastats,,,,
wnbas-1029700044,1997-07-16,1997,regular,CHA,UTA,75,63,,,wnbastats,,,,
wnbas-1029700045,1997-07-16,1997,regular,LAS,HOU,77,52,,,wnbastats,,,,
wnbas-1029700046,1997-07-17,1997,regular,CLE,CHA,65,47,,,wnbastats,,,,
wnbas-1029700047,1997-07-17,1997,regular,NYL,UTA,80,54,,,wnbastats,,,,
wnbas-1029700048,1997-07-18,1997,regular,SAC,HOU,60,82,,,wnbastats,,,,
wnbas-1029700049,1997-07-19,1997,regular,NYL,LAS,69,57,,,wnbastats,,,,
wnbas-1029700050,1997-07-19,1997,regular,CLE,UTA,95,68,,,wnbastats,,,,
wnbas-1029700051,1997-07-21,1997,regular,SAC,PHO,57,70,,,wnbastats,,,,
wnbas-1029700052,1997-07-21,1997,regular,CHA,LAS,75,64,,,wnbastats,,,,
wnbas-1029700053,1997-07-22,1997,regular,PHO,HOU,69,77,,,wnbastats,,,,
wnbas-1029700054,1997-07-22,1997,regular,NYL,UTA,71,78,,,wnbastats,,,,
wnbas-1029700055,1997-07-23,1997,regular,CHA,NYL,63,65,,,wnbastats,,,,
wnbas-1029700056,1997-07-23,1997,regular,LAS,CLE,85,89,,,wnbastats,,,,
wnbas-1029700057,1997-07-25,1997,regular,PHO,LAS,83,86,,,wnbastats,,,,
wnbas-1029700058,1997-07-25,1997,regular,SAC,HOU,76,86,,,wnbastats,,,,
wnbas-1029700059,1997-07-26,1997,regular,UTA,CLE,66,77,,,wnbastats,,,,
wnbas-1029700060,1997-07-26,1997,regular,NYL,CHA,61,64,,,wnbastats,,,,
wnbas-1029700061,1997-07-27,1997,regular,SAC,LAS,62,84,,,wnbastats,,,,
wnbas-1029700062,1997-07-28,1997,regular,PHO,CLE,64,76,,,wnbastats,,,,
wnbas-1029700063,1997-07-29,1997,regular,HOU,CLE,64,73,,,wnbastats,,,,
wnbas-1029700064,1997-07-30,1997,regular,NYL,SAC,73,68,,,wnbastats,,,,
wnbas-1029700065,1997-07-30,1997,regular,CHA,PHO,68,67,,,wnbastats,,,,
wnbas-1029700066,1997-07-30,1997,regular,LAS,UTA,91,69,,,wnbastats,,,,
wnbas-1029700067,1997-07-31,1997,regular,CLE,PHO,79,67,,,wnbastats,,,,
wnbas-1029700068,1997-08-01,1997,regular,LAS,HOU,57,81,,,wnbastats,,,,
wnbas-1029700069,1997-08-01,1997,regular,CHA,SAC,85,61,,,wnbastats,,,,
wnbas-1029700070,1997-08-02,1997,regular,NYL,PHO,78,70,,,wnbastats,,,,
wnbas-1029700071,1997-08-02,1997,regular,CLE,SAC,72,51,,,wnbastats,,,,
wnbas-1029700072,1997-08-02,1997,regular,UTA,HOU,74,63,,,wnbastats,,,,
wnbas-1029700073,1997-08-03,1997,regular,LAS,CHA,70,77,,,wnbastats,,,,
wnbas-1029700074,1997-08-04,1997,regular,PHO,SAC,83,60,,,wnbastats,,,,
wnbas-1029700075,1997-08-04,1997,regular,UTA,CHA,73,70,,,wnbastats,,,,
wnbas-1029700076,1997-08-05,1997,regular,CLE,HOU,66,76,,,wnbastats,,,,
wnbas-1029700077,1997-08-05,1997,regular,NYL,LAS,50,67,,,wnbastats,,,,
wnbas-1029700078,1997-08-06,1997,regular,PHO,UTA,78,46,,,wnbastats,,,,
wnbas-1029700079,1997-08-06,1997,regular,SAC,CHA,77,64,,,wnbastats,,,,
wnbas-1029700080,1997-08-07,1997,regular,CLE,LAS,84,87,,,wnbastats,,,,
wnbas-1029700081,1997-08-07,1997,regular,HOU,PHO,74,70,,,wnbastats,,,,
wnbas-1029700082,1997-08-08,1997,regular,SAC,UTA,93,78,,,wnbastats,,,,
wnbas-1029700083,1997-08-09,1997,regular,HOU,LAS,72,71,,,wnbastats,,,,
wnbas-1029700084,1997-08-09,1997,regular,CHA,PHO,79,59,,,wnbastats,,,,
wnbas-1029700085,1997-08-10,1997,regular,SAC,NYL,76,69,,,wnbastats,,,,
wnbas-1029700086,1997-08-11,1997,regular,CHA,HOU,62,72,,,wnbastats,,,,
wnbas-1029700087,1997-08-11,1997,regular,UTA,CLE,59,74,,,wnbastats,,,,
wnbas-1029700088,1997-08-12,1997,regular,HOU,UTA,76,56,,,wnbastats,,,,
wnbas-1029700089,1997-08-12,1997,regular,PHO,NYL,77,67,,,wnbastats,,,,
wnbas-1029700090,1997-08-12,1997,regular,SAC,CLE,81,76,,,wnbastats,,,,
wnbas-1029700091,1997-08-14,1997,regular,PHO,CLE,61,55,,,wnbastats,,,,
wnbas-1029700092,1997-08-14,1997,regular,CHA,SAC,68,51,,,wnbastats,,,,
wnbas-1029700093,1997-08-15,1997,regular,NYL,SAC,79,63,,,wnbastats,,,,
wnbas-1029700094,1997-08-16,1997,regular,CHA,HOU,80,71,,,wnbastats,,,,
wnbas-1029700095,1997-08-16,1997,regular,UTA,LAS,64,74,,,wnbastats,,,,
wnbas-1029700096,1997-08-17,1997,regular,NYL,HOU,55,70,,,wnbastats,,,,
wnbas-1029700097,1997-08-17,1997,regular,PHO,UTA,71,63,,,wnbastats,,,,
wnbas-1029700098,1997-08-17,1997,regular,CLE,CHA,81,49,,,wnbastats,,,,
wnbas-1029700099,1997-08-18,1997,regular,LAS,PHO,75,66,,,wnbastats,,,,
wnbas-1029700100,1997-08-19,1997,regular,UTA,NYL,81,75,,,wnbastats,,,,
wnbas-1029700101,1997-08-19,1997,regular,HOU,CHA,77,69,,,wnbastats,,,,
wnbas-1029700102,1997-08-20,1997,regular,SAC,PHO,54,69,,,wnbastats,,,,
wnbas-1029700103,1997-08-20,1997,regular,LAS,NYL,78,76,,,wnbastats,,,,
wnbas-1029700104,1997-08-21,1997,regular,HOU,CLE,75,76,,,wnbastats,,,,
wnbas-1029700105,1997-08-21,1997,regular,UTA,CHA,56,66,,,wnbastats,,,,
wnbas-1029700106,1997-08-22,1997,regular,PHO,CHA,78,63,,,wnbastats,,,,
wnbas-1029700107,1997-08-22,1997,regular,LAS,SAC,88,77,,,wnbastats,,,,
wnbas-1029700108,1997-08-23,1997,regular,CLE,NYL,72,71,,,wnbastats,,,,
wnbas-1029700109,1997-08-24,1997,regular,NYL,CLE,79,72,,,wnbastats,,,,
wnbas-1029700110,1997-08-24,1997,regular,PHO,LAS,73,68,,,wnbastats,,,,
wnbas-1029700111,1997-08-24,1997,regular,CHA,UTA,70,52,,,wnbastats,,,,
wnbas-1029700112,1997-08-24,1997,regular,HOU,SAC,58,68,,,wnbastats,,,,
wnbas-1049700001,1997-08-28,1997,postseason,HOU,CHA,70,54,,,wnbastats,,,,
wnbas-1049700002,1997-08-28,1997,postseason,PHO,NYL,41,59,,,wnbastats,,,,
wnbas-1049700003,1997-08-30,1997,postseason,HOU,NYL,65,51,,,wnbastats,,,,
wnbas-1029800001,1998-06-11,1998,regular,CHA,WAS,83,57,,,wnbastats,,,,
wnbas-1029800002,1998-06-11,1998,regular,CLE,NYL,78,71,,,wnbastats,,,,
wnbas-1029800003,1998-06-11,1998,regular,UTA,LAS,83,89,,,wnbastats,,,,
wnbas-1029800004,1998-06-11,1998,regular,SAC,PHO,70,73,,,wnbastats,,,,
wnbas-1029800005,1998-06-13,1998,regular,DET,CHA,69,78,,,wnbastats,,,,
wnbas-1029800006,1998-06-13,1998,regular,HOU,NYL,73,62,,,wnbastats,,,,
wnbas-1029800007,1998-06-13,1998,regular,UTA,WAS,78,77,,,wnbastats,,,,
wnbas-1029800008,1998-06-14,1998,regular,PHO,LAS,70,60,,,wnbastats,,,,
wnbas-1029800009,1998-06-15,1998,regular,CHA,HOU,65,79,,,wnbastats,,,,
wnbas-1029800010,1998-06-15,1998,regular,DET,CLE,85,96,,,wnbastats,,,,
wnbas-1029800011,1998-06-15,1998,regular,UTA,NYL,71,60,,,wnbastats,,,,
wnbas-1029800012,1998-06-15,1998,regular,PHO,WAS,69,54,,,wnbastats,,,,
wnbas-1029800013,1998-06-16,1998,regular,SAC,LAS,73,69,,,wnbastats,,,,
wnbas-1029800014,1998-06-18,1998,regular,CHA,DET,71,67,,,wnbastats,,,,
wnbas-1029800015,1998-06-18,1998,regular,HOU,CLE,87,73,,,wnbastats,,,,
wnbas-1029800016,1998-06-18,1998,regular,SAC,NYL,48,64,,,wnbastats,,,,
wnbas-1029800017,1998-06-19,1998,regular,WAS,UTA,85,76,,,wnbastats,,,,
wnbas-1029800018,1998-06-19,1998,regular,LAS,NYL,78,75,,,wnbastats,,,,
wnbas-1029800019,1998-06-20,1998,regular,CLE,DET,68,66,,,wnbastats,,,,
wnbas-1029800020,1998-06-20,1998,regular,SAC,HOU,68,79,,,wnbastats,,,,
wnbas-1029800021,1998-06-21,1998,regular,NYL,UTA,68,64,,,wnbastats,,,,
wnbas-1029800022,1998-06-21,1998,regular,WAS,DET,57,70,,,wnbastats,,,,
wnbas-1029800023,1998-06-21,1998,regular,PHO,CHA,71,72,,,wnbastats,,,,
wnbas-1029800024,1998-06-21,1998,regular,LAS,HOU,63,79,,,wnbastats,,,,
wnbas-1029800025,1998-06-22,1998,regular,CLE,UTA,88,72,,,wnbastats,,,,
wnbas-1029800026,1998-06-23,1998,regular,NYL,CLE,59,57,,,wnbastats,,,,
wnbas-1029800027,1998-06-23,1998,regular,DET,SAC,61,57,,,wnbastats,,,,
wnbas-1029800028,1998-06-24,1998,regular,PHO,HOU,69,66,,,wnbastats,,,,
wnbas-1029800029,1998-06-24,1998,regular,LAS,CHA,73,77,,,wnbastats,,,,
wnbas-1029800030,1998-06-25,1998,regular,DET,WAS,79,71,,,wnbastats,,,,
wnbas-1029800031,1998-06-25,1998,regular,UTA,CHA,83,91,,,wnbastats,,,,
wnbas-1029800032,1998-06-26,1998,regular,NYL,SAC,62,48,,,wnbastats,,,,
wnbas-1029800033,1998-06-26,1998,regular,PHO,UTA,96,63,,,wnbastats,,,,
wnbas-1029800034,1998-06-27,1998,regular,CHA,SAC,58,50,,,wnbastats,,,,
wnbas-1029800035,1998-06-27,1998,regular,CLE,DET,73,84,,,wnbastats,,,,
wnbas-1029800036,1998-06-27,1998,regular,HOU,LAS,75,64,,,wnbastats,,,,
wnbas-1029800037,1998-06-28,1998,regular,WAS,PHO,69,86,,,wnbastats,,,,
wnbas-1029800038,1998-06-29,1998,regular,NYL,PHO,71,68,,,wnbastats,,,,
wnbas-1029800039,1998-06-29,1998,regular,DET,CHA,60,49,,,wnbastats,,,,
wnbas-1029800040,1998-06-29,1998,regular,HOU,WAS,73,48,,,wnbastats,,,,
wnbas-1029800041,1998-06-30,1998,regular,UTA,HOU,73,75,,,wnbastats,,,,
wnbas-1029800042,1998-06-30,1998,regular,SAC,LAS,58,56,,,wnbastats,,,,
wnbas-1029800043,1998-07-01,1998,regular,WAS,CLE,80,92,,,wnbastats,,,,
wnbas-1029800044,1998-07-01,1998,regular,DET,NYL,82,65,,,wnbastats,,,,
wnbas-1029800045,1998-07-02,1998,regular,CLE,PHO,61,76,,,wnbastats,,,,
wnbas-1029800046,1998-07-02,1998,regular,LAS,UTA,57,58,,,wnbastats,,,,
wnbas-1029800047,1998-07-03,1998,regular,NYL,WAS,76,60,,,wnbastats,,,,
wnbas-1029800048,1998-07-03,1998,regular,HOU,SAC,84,67,,,wnbastats,,,,
wnbas-1029800049,1998-07-04,1998,regular,CHA,PHO,68,66,,,wnbastats,,,,
wnbas-1029800050,1998-07-05,1998,regular,WAS,NYL,61,62,,,wnbastats,,,,
wnbas-1029800051,1998-07-05,1998,regular,SAC,UTA,70,66,,,wnbastats,,,,
wnbas-1029800052,1998-07-06,1998,regular,NYL,DET,59,56,,,wnbastats,,,,
wnbas-1029800053,1998-07-06,1998,regular,CLE,HOU,64,78,,,wnbastats,,,,
wnbas-1029800054,1998-07-06,1998,regular,UTA,SAC,68,64,,,wnbastats,,,,
wnbas-1029800055,1998-07-07,1998,regular,LAS,CHA,86,79,,,wnbastats,,,,
wnbas-1029800056,1998-07-08,1998,regular,NYL,HOU,54,79,,,wnbastats,,,,
wnbas-1029800057,1998-07-08,1998,regular,CLE,WAS,77,65,,,wnbastats,,,,
wnbas-1029800058,1998-07-08,1998,regular,DET,PHO,76,78,,,wnbastats,,,,
wnbas-1029800059,1998-07-08,1998,regular,UTA,CHA,69,77,,,wnbastats,,,,
wnbas-1029800060,1998-07-08,1998,regular,LAS,SAC,71,76,,,wnbastats,,,,
wnbas-1029800061,1998-07-09,1998,regular,HOU,DET,96,66,,,wnbastats,,,,
wnbas-1029800062,1998-07-10,1998,regular,PHO,CLE,76,60,,,wnbastats,,,,
wnbas-1029800063,1998-07-10,1998,regular,SAC,CHA,55,63,,,wnbastats,,,,
wnbas-1029800064,1998-07-11,1998,regular,WAS,DET,78,53,,,wnbastats,,,,
wnbas-1029800065,1998-07-11,1998,regular,HOU,UTA,72,68,,,wnbastats,,,,
wnbas-1029800066,1998-07-12,1998,regular,NYL,CHA,57,75,,,wnbastats,,,,
wnbas-1029800067,1998-07-12,1998,regular,LAS,CLE,87,66,,,wnbastats,,,,
wnbas-1029800068,1998-07-13,1998,regular,HOU,WAS,81,67,,,wnbastats,,,,
wnbas-1029800069,1998-07-13,1998,regular,UTA,DET,67,74,,,wnbastats,,,,
wnbas-1029800070,1998-07-13,1998,regular,PHO,LAS,72,62,,,wnbastats,,,,
wnbas-1029800071,1998-07-14,1998,regular,SAC,CLE,58,61,,,wnbastats,,,,
wnbas-1029800072,1998-07-15,1998,regular,CHA,NYL,72,65,,,wnbastats,,,,
wnbas-1029800073,1998-07-15,1998,regular,PHO,DET,73,60,,,wnbastats,,,,
wnbas-1029800074,1998-07-15,1998,regular,LAS,SAC,81,76,,,wnbastats,,,,
wnbas-1029800075,1998-07-16,1998,regular,CLE,NYL,60,51,,,wnbastats,,,,
wnbas-1029800076,1998-07-17,1998,regular,CHA,WAS,86,56,,,wnbastats,,,,
wnbas-1029800077,1998-07-17,1998,regular,DET,UTA,79,67,,,wnbastats,,,,
wnbas-1029800078,1998-07-17,1998,regular,LAS,HOU,68,74,,,wnbastats,,,,
wnbas-1029800079,1998-07-18,1998,regular,DET,CLE,72,57,,,wnbastats,,,,
wnbas-1029800080,1998-07-18,1998,regular,PHO,NYL,63,69,,,wnbastats,,,,
wnbas-1029800081,1998-07-18,1998,regular,SAC,HOU,44,75,,,wnbastats,,,,
wnbas-1029800082,1998-07-19,1998,regular,WAS,UTA,88,99,,,wnbastats,,,,
wnbas-1029800083,1998-07-19,1998,regular,CLE,CHA,85,69,,,wnbastats,,,,
wnbas-1029800084,1998-07-20,1998,regular,PHO,SAC,88,67,,,wnbastats,,,,
wnbas-1029800085,1998-07-21,1998,regular,WAS,CHA,67,84,,,wnbastats,,,,
wnbas-1029800086,1998-07-21,1998,regular,PHO,HOU,62,65,,,wnbastats,,,,
wnbas-1029800087,1998-07-21,1998,regular,LAS,NYL,77,92,,,wnbastats,,,,
wnbas-1029800088,1998-07-22,1998,regular,CHA,UTA,58,61,,,wnbastats,,,,
wnbas-1029800089,1998-07-22,1998,regular,DET,WAS,76,61,,,wnbastats,,,,
wnbas-1029800090,1998-07-23,1998,regular,LAS,PHO,70,68,,,wnbastats,,,,
wnbas-1029800091,1998-07-24,1998,regular,SAC,NYL,54,76,,,wnbastats,,,,
wnbas-1029800092,1998-07-25,1998,regular,CHA,HOU,58,67,,,wnbastats,,,,
wnbas-1029800093,1998-07-25,1998,regular,CLE,UTA,69,59,,,wnbastats,,,,
wnbas-1029800094,1998-07-25,1998,regular,DET,LAS,69,67,,,wnbastats,,,,
wnbas-1029800095,1998-07-26,1998,regular,NYL,DET,78,62,,,wnbastats,,,,
wnbas-1029800096,1998-07-26,1998,regular,WAS,SAC,65,79,,,wnbastats,,,,
wnbas-1029800097,1998-07-27,1998,regular,CHA,SAC,70,76,,,wnbastats,,,,
wnbas-1029800098,1998-07-27,1998,regular,CLE,LAS,83,67,,,wnbastats,,,,
wnbas-1029800099,1998-07-27,1998,regular,UTA,PHO,90,80,,,wnbastats,,,,
wnbas-1029800100,1998-07-28,1998,regular,HOU,PHO,72,62,,,wnbastats,,,,
wnbas-1029800101,1998-07-29,1998,regular,WAS,LAS,68,77,,,wnbastats,,,,
wnbas-1029800102,1998-07-29,1998,regular,CLE,SAC,75,67,,,wnbastats,,,,
wnbas-1029800103,1998-07-30,1998,regular,CHA,CLE,79,64,,,wnbastats,,,,
wnbas-1029800104,1998-07-30,1998,regular,HOU,UTA,88,65,,,wnbastats,,,,
wnbas-1029800105,1998-07-31,1998,regular,DET,SAC,78,77,,,wnbastats,,,,
wnbas-1029800106,1998-07-31,1998,regular,LAS,PHO,71,56,,,wnbastats,,,,
wnbas-1029800107,1998-08-01,1998,regular,WAS,NYL,53,67,,,wnbastats,,,,
wnbas-1029800108,1998-08-01,1998,regular,HOU,CLE,71,74,,,wnbastats,,,,
wnbas-1029800109,1998-08-01,1998,regular,UTA,LAS,65,73,,,wnbastats,,,,
wnbas-1029800110,1998-08-02,1998,regular,NYL,CHA,85,67,,,wnbastats,,,,
wnbas-1029800111,1998-08-02,1998,regular,HOU,SAC,70,53,,,wnbastats,,,,
wnbas-1029800112,1998-08-03,1998,regular,CHA,DET,71,68,,,wnbastats,,,,
wnbas-1029800113,1998-08-03,1998,regular,LAS,WAS,86,72,,,wnbastats,,,,
wnbas-1029800114,1998-08-04,1998,regular,UTA,HOU,57,77,,,wnbastats,,,,
wnbas-1029800115,1998-08-04,1998,regular,PHO,WAS,88,59,,,wnbastats,,,,
wnbas-1029800116,1998-08-04,1998,regular,SAC,CLE,60,72,,,wnbastats,,,,
wnbas-1029800117,1998-08-05,1998,regular,CHA,NYL,69,61,,,wnbastats,,,,
wnbas-1029800118,1998-08-05,1998,regular,DET,LAS,73,61,,,wnbastats,,,,
wnbas-1029800119,1998-08-06,1998,regular,HOU,PHO,75,64,,,wnbastats,,,,
wnbas-1029800120,1998-08-06,1998,regular,UTA,CLE,69,79,,,wnbastats,,,,
wnbas-1029800121,1998-08-07,1998,regular,DET,HOU,57,61,,,wnbastats,,,,
wnbas-1029800122,1998-08-07,1998,regular,SAC,WAS,76,55,,,wnbastats,,,,
wnbas-1029800123,1998-08-08,1998,regular,NYL,LAS,80,62,,,wnbastats,,,,
wnbas-1029800124,1998-08-08,1998,regular,CLE,CHA,65,58,,,wnbastats,,,,
wnbas-1029800125,1998-08-08,1998,regular,PHO,UTA,68,62,,,wnbastats,,,,
wnbas-1029800126,1998-08-09,1998,regular,WAS,LAS,76,74,,,wnbastats,,,,
wnbas-1029800127,1998-08-10,1998,regular,CLE,PHO,80,82,,,wnbastats,,,,
wnbas-1029800128,1998-08-10,1998,regular,HOU,CHA,70,67,,,wnbastats,,,,
wnbas-1029800129,1998-08-10,1998,regular,UTA,DET,73,77,,,wnbastats,,,,
wnbas-1029800130,1998-08-11,1998,regular,NYL,PHO,79,78,,,wnbastats,,,,
wnbas-1029800131,1998-08-11,1998,regular,SAC,DET,41,50,,,wnbastats,,,,
wnbas-1029800132,1998-08-12,1998,regular,WAS,CLE,55,75,,,wnbastats,,,,
wnbas-1029800133,1998-08-12,1998,regular,CHA,LAS,52,65,,,wnbastats,,,,
wnbas-1029800134,1998-08-12,1998,regular,UTA,SAC,81,71,,,wnbastats,,,,
wnbas-1029800135,1998-08-13,1998,regular,NYL,WAS,88,45,,,wnbastats,,,,
wnbas-1029800136,1998-08-14,1998,regular,CHA,CLE,72,85,,,wnbastats,,,,
wnbas-1029800137,1998-08-14,1998,regular,PHO,DET,84,59,,,wnbastats,,,,
wnbas-1029800138,1998-08-14,1998,regular,LAS,UTA,87,67,,,wnbastats,,,,
wnbas-1029800139,1998-08-15,1998,regular,NYL,HOU,70,54,,,wnbastats,,,,
wnbas-1029800140,1998-08-15,1998,regular,CLE,WAS,90,71,,,wnbastats,,,,
wnbas-1029800141,1998-08-15,1998,regular,SAC,UTA,82,55,,,wnbastats,,,,
wnbas-1029800142,1998-08-16,1998,regular,LAS,DET,76,77,,,wnbastats,,,,
wnbas-1029800143,1998-08-16,1998,regular,SAC,PHO,69,85,,,wnbastats,,,,
wnbas-1029800144,1998-08-17,1998,regular,NYL,CLE,64,70,,,wnbastats,,,,
wnbas-1029800145,1998-08-17,1998,regular,WAS,HOU,65,110,,,wnbastats,,,,
wnbas-1029800146,1998-08-17,1998,regular,UTA,PHO,64,75,,,wnbastats,,,,
wnbas-1029800147,1998-08-19,1998,regular,WAS,CHA,69,105,,,wnbastats,,,,
wnbas-1029800148,1998-08-19,1998,regular,DET,NYL,82,68,,,wnbastats,,,,
wnbas-1029800149,1998-08-19,1998,regular,HOU,LAS,80,71,,,wnbastats,,,,
wnbas-1029800150,1998-08-19,1998,regular,PHO,SAC,71,62,,,wnbastats,,,,
wnbas-1049800001,1998-08-22,1998,postseason,CHA,HOU,71,85,,,wnbastats,,,,
wnbas-1049800002,1998-08-22,1998,postseason,PHO,CLE,78,68,,,wnbastats,,,,
wnbas-1049800003,1998-08-24,1998,postseason,HOU,CHA,77,61,,,wnbastats,,,,
wnbas-1049800004,1998-08-24,1998,postseason,CLE,PHO,67,66,,,wnbastats,,,,
wnbas-1049800006,1998-08-25,1998,postseason,CLE,PHO,60,71,,,wnbastats,,,,
wnbas-1049800007,1998-08-27,1998,postseason,PHO,HOU,54,51,,,wnbastats,,,,
wnbas-1049800008,1998-08-29,1998,postseason,HOU,PHO,74,69,,,wnbastats,,,,
wnbas-1049800009,1998-09-01,1998,postseason,HOU,PHO,80,71,,,wnbastats,,,,
wnbas-1029900001,1999-06-10,1999,regular,NYL,CLE,87,60,,,wnbastats,,,,
wnbas-1029900002,1999-06-10,1999,regular,WAS,CHA,73,83,,,wnbastats,,,,
wnbas-1029900003,1999-06-10,1999,regular,ORL,HOU,63,77,,,wnbastats,,,,
wnbas-1029900004,1999-06-10,1999,regular,LAS,SAC,100,78,,,wnbastats,,,,
wnbas-1029900005,1999-06-12,1999,regular,CHA,NYL,57,68,,,wnbastats,,,,
wnbas-1029900006,1999-06-12,1999,regular,CLE,LAS,59,75,,,wnbastats,,,,
wnbas-1029900007,1999-06-12,1999,regular,MIN,DET,68,51,,,wnbastats,,,,
wnbas-1029900008,1999-06-12,1999,regular,HOU,WAS,88,63,,,wnbastats,,,,
wnbas-1029900009,1999-06-12,1999,regular,UTA,ORL,71,65,,,wnbastats,,,,
wnbas-1029900010,1999-06-12,1999,regular,SAC,PHO,96,85,,,wnbastats,,,,
wnbas-1029900011,1999-06-14,1999,regular,NYL,WAS,61,83,,,wnbastats,,,,
wnbas-1029900013,1999-06-14,1999,regular,CLE,DET,71,73,,,wnbastats,,,,
wnbas-1029900014,1999-06-14,1999,regular,MIN,UTA,78,54,,,wnbastats,,,,
wnbas-1029900015,1999-06-14,1999,regular,PHO,SAC,64,74,,,wnbastats,,,,
wnbas-1029900012,1999-06-15,1999,regular,ORL,LAS,88,86,,,wnbastats,,,,
wnbas-1029900016,1999-06-17,1999,regular,DET,ORL,79,74,,,wnbastats,,,,
wnbas-1029900017,1999-06-17,1999,regular,HOU,UTA,93,73,,,wnbastats,,,,
wnbas-1029900018,1999-06-17,1999,regular,SAC,CLE,70,50,,,wnbastats,,,,
wnbas-1029900019,1999-06-18,1999,regular,NYL,LAS,84,72,,,wnbastats,,,,
wnbas-1029900020,1999-06-18,1999,regular,WAS,DET,69,76,,,wnbastats,,,,
wnbas-1029900021,1999-06-19,1999,regular,CHA,LAS,69,73,,,wnbastats,,,,
wnbas-1029900022,1999-06-19,1999,regular,ORL,WAS,73,68,,,wnbastats,,,,
wnbas-1029900023,1999-06-19,1999,regular,MIN,HOU,55,69,,,wnbastats,,,,
wnbas-1029900024,1999-06-19,1999,regular,UTA,SAC,85,75,,,wnbastats,,,,
wnbas-1029900025,1999-06-19,1999,regular,PHO,CLE,76,67,,,wnbastats,,,,
wnbas-1029900026,1999-06-20,1999,regular,NYL,DET,69,62,,,wnbastats,,,,
wnbas-1029900027,1999-06-21,1999,regular,ORL,PHO,80,76,,,wnbastats,,,,
wnbas-1029900028,1999-06-22,1999,regular,WAS,PHO,76,79,,,wnbastats,,,,
wnbas-1029900029,1999-06-22,1999,regular,CLE,ORL,62,71,,,wnbastats,,,,
wnbas-1029900030,1999-06-22,1999,regular,DET,CHA,75,69,,,wnbastats,,,,
wnbas-1029900031,1999-06-22,1999,regular,HOU,LAS,84,76,,,wnbastats,,,,
wnbas-1029900032,1999-06-22,1999,regular,SAC,MIN,79,62,,,wnbastats,,,,
wnbas-1029900033,1999-06-24,1999,regular,CHA,PHO,88,72,,,wnbastats,,,,
wnbas-1029900034,1999-06-24,1999,regular,DET,HOU,65,77,,,wnbastats,,,,
wnbas-1029900035,1999-06-24,1999,regular,LAS,MIN,73,86,,,wnbastats,,,,
wnbas-1029900036,1999-06-24,1999,regular,SAC,UTA,107,69,,,wnbastats,,,,
wnbas-1029900038,1999-06-25,1999,regular,WAS,HOU,69,72,,,wnbastats,,,,
wnbas-1029900039,1999-06-25,1999,regular,CLE,CHA,57,59,,,wnbastats,,,,
wnbas-1029900040,1999-06-26,1999,regular,CLE,WAS,76,65,,,wnbastats,,,,
wnbas-1029900041,1999-06-26,1999,regular,DET,PHO,60,66,,,wnbastats,,,,
wnbas-1029900042,1999-06-26,1999,regular,UTA,MIN,62,72,,,wnbastats,,,,
wnbas-1029900043,1999-06-26,1999,regular,SAC,LAS,73,76,,,wnbastats,,,,
wnbas-1029900044,1999-06-27,1999,regular,NYL,CHA,72,58,,,wnbastats,,,,
wnbas-1029900045,1999-06-28,1999,regular,CLE,PHO,70,51,,,wnbastats,,,,
wnbas-1029900046,1999-06-28,1999,regular,DET,NYL,91,71,,,wnbastats,,,,
wnbas-1029900047,1999-06-28,1999,regular,HOU,ORL,66,68,,,wnbastats,,,,
wnbas-1029900048,1999-06-28,1999,regular,LAS,UTA,102,70,,,wnbastats,,,,
wnbas-1029900049,1999-06-29,1999,regular,MIN,SAC,72,86,,,wnbastats,,,,
wnbas-1029900050,1999-06-30,1999,regular,CHA,WAS,63,68,,,wnbastats,,,,
wnbas-1029900051,1999-06-30,1999,regular,UTA,HOU,68,78,,,wnbastats,,,,
wnbas-1029900052,1999-07-01,1999,regular,NYL,PHO,83,67,,,wnbastats,,,,
wnbas-1029900053,1999-07-01,1999,regular,MIN,LAS,77,81,,,wnbastats,,,,
wnbas-1029900054,1999-07-01,1999,regular,HOU,CLE,76,64,,,wnbastats,,,,
wnbas-1029900055,1999-07-02,1999,regular,WAS,SAC,74,79,,,wnbastats,,,,
wnbas-1029900056,1999-07-02,1999,regular,DET,LAS,81,91,,,wnbastats,,,,
wnbas-1029900057,1999-07-02,1999,regular,UTA,CLE,83,68,,,wnbastats,,,,
wnbas-1029900058,1999-07-03,1999,regular,ORL,CHA,58,75,,,wnbastats,,,,
wnbas-1029900059,1999-07-03,1999,regular,MIN,PHO,56,47,,,wnbastats,,,,
wnbas-1029900060,1999-07-03,1999,regular,HOU,NYL,65,50,,,wnbastats,,,,
wnbas-1029900061,1999-07-04,1999,regular,DET,SAC,78,92,,,wnbastats,,,,
wnbas-1029900062,1999-07-05,1999,regular,NYL,SAC,76,63,,,wnbastats,,,,
wnbas-1029900063,1999-07-05,1999,regular,LAS,CLE,74,72,,,wnbastats,,,,
wnbas-1029900064,1999-07-06,1999,regular,WAS,NYL,71,63,,,wnbastats,,,,
wnbas-1029900065,1999-07-06,1999,regular,HOU,MIN,80,54,,,wnbastats,,,,
wnbas-1029900066,1999-07-06,1999,regular,UTA,DET,104,94,,,wnbastats,,,,
wnbas-1029900067,1999-07-07,1999,regular,CHA,CLE,75,62,,,wnbastats,,,,
wnbas-1029900068,1999-07-07,1999,regular,ORL,MIN,66,71,,,wnbastats,,,,
wnbas-1029900069,1999-07-07,1999,regular,PHO,LAS,61,67,,,wnbastats,,,,
wnbas-1029900070,1999-07-08,1999,regular,WAS,UTA,65,81,,,wnbastats,,,,
wnbas-1029900071,1999-07-08,1999,regular,CLE,NYL,49,84,,,wnbastats,,,,
wnbas-1029900072,1999-07-08,1999,regular,SAC,HOU,74,63,,,wnbastats,,,,
wnbas-1029900073,1999-07-09,1999,regular,CHA,ORL,61,66,,,wnbastats,,,,
wnbas-1029900074,1999-07-09,1999,regular,PHO,HOU,70,71,,,wnbastats,,,,
wnbas-1029900075,1999-07-09,1999,regular,LAS,SAC,72,77,,,wnbastats,,,,
wnbas-1029900076,1999-07-10,1999,regular,ORL,UTA,62,56,,,wnbastats,,,,
wnbas-1029900077,1999-07-10,1999,regular,CLE,CHA,82,56,,,wnbastats,,,,
wnbas-1029900078,1999-07-10,1999,regular,DET,WAS,78,83,,,wnbastats,,,,
wnbas-1029900079,1999-07-11,1999,regular,NYL,MIN,56,58,,,wnbastats,,,,
wnbas-1029900080,1999-07-11,1999,regular,HOU,SAC,68,63,,,wnbastats,,,,
wnbas-1029900081,1999-07-11,1999,regular,LAS,PHO,67,58,,,wnbastats,,,,
wnbas-1029900082,1999-07-12,1999,regular,WAS,CHA,74,71,,,wnbastats,,,,
wnbas-1029900083,1999-07-12,1999,regular,ORL,DET,67,76,,,wnbastats,,,,
wnbas-1029900084,1999-07-12,1999,regular,CLE,MIN,67,55,,,wnbastats,,,,
wnbas-1029900085,1999-07-12,1999,regular,UTA,PHO,66,80,,,wnbastats,,,,
wnbas-1029900086,1999-07-16,1999,regular,WAS,DET,68,78,,,wnbastats,,,,
wnbas-1029900087,1999-07-16,1999,regular,ORL,CHA,50,56,,,wnbastats,,,,
wnbas-1029900088,1999-07-16,1999,regular,CLE,SAC,71,85,,,wnbastats,,,,
wnbas-1029900089,1999-07-16,1999,regular,UTA,HOU,84,88,,,wnbastats,,,,
wnbas-1029900090,1999-07-17,1999,regular,CHA,WAS,63,56,,,wnbastats,,,,
wnbas-1029900091,1999-07-17,1999,regular,ORL,SAC,70,76,,,wnbastats,,,,
wnbas-1029900092,1999-07-17,1999,regular,DET,CLE,77,61,,,wnbastats,,,,
wnbas-1029900093,1999-07-17,1999,regular,MIN,NYL,60,58,,,wnbastats,,,,
wnbas-1029900094,1999-07-17,1999,regular,PHO,LAS,84,76,,,wnbastats,,,,
wnbas-1029900095,1999-07-18,1999,regular,NYL,UTA,88,82,,,wnbastats,,,,
wnbas-1029900096,1999-07-18,1999,regular,LAS,HOU,78,65,,,wnbastats,,,,
wnbas-1029900097,1999-07-19,1999,regular,WAS,ORL,52,77,,,wnbastats,,,,
wnbas-1029900098,1999-07-19,1999,regular,CHA,UTA,73,66,,,wnbastats,,,,
wnbas-1029900099,1999-07-19,1999,regular,MIN,SAC,76,69,,,wnbastats,,,,
wnbas-1029900100,1999-07-19,1999,regular,PHO,HOU,60,48,,,wnbastats,,,,
wnbas-1029900037,1999-07-20,1999,regular,NYL,ORL,61,56,,,wnbastats,,,,
wnbas-1029900101,1999-07-21,1999,regular,WAS,CLE,68,85,,,wnbastats,,,,
wnbas-1029900102,1999-07-21,1999,regular,CHA,MIN,67,76,,,wnbastats,,,,
wnbas-1029900103,1999-07-21,1999,regular,DET,UTA,86,77,,,wnbastats,,,,
wnbas-1029900104,1999-07-21,1999,regular,LAS,PHO,84,63,,,wnbastats,,,,
wnbas-1029900105,1999-07-22,1999,regular,SAC,NYL,71,55,,,wnbastats,,,,
wnbas-1029900106,1999-07-23,1999,regular,CHA,HOU,62,75,,,wnbastats,,,,
wnbas-1029900107,1999-07-23,1999,regular,CLE,DET,60,69,,,wnbastats,,,,
wnbas-1029900108,1999-07-23,1999,regular,MIN,WAS,55,60,,,wnbastats,,,,
wnbas-1029900109,1999-07-23,1999,regular,PHO,ORL,73,67,,,wnbastats,,,,
wnbas-1029900110,1999-07-24,1999,regular,CLE,UTA,70,76,,,wnbastats,,,,
wnbas-1029900111,1999-07-24,1999,regular,LAS,NYL,75,72,,,wnbastats,,,,
wnbas-1029900112,1999-07-24,1999,regular,SAC,ORL,64,73,,,wnbastats,,,,
wnbas-1029900113,1999-07-25,1999,regular,DET,CHA,66,78,,,wnbastats,,,,
wnbas-1029900114,1999-07-25,1999,regular,MIN,HOU,57,62,,,wnbastats,,,,
wnbas-1029900115,1999-07-25,1999,regular,PHO,WAS,72,59,,,wnbastats,,,,
wnbas-1029900116,1999-07-26,1999,regular,NYL,CHA,69,75,,,wnbastats,,,,
wnbas-1029900117,1999-07-26,1999,regular,UTA,WAS,73,61,,,wnbastats,,,,
wnbas-1029900118,1999-07-27,1999,regular,HOU,DET,85,46,,,wnbastats,,,,
wnbas-1029900119,1999-07-27,1999,regular,PHO,UTA,86,73,,,wnbastats,,,,
wnbas-1029900120,1999-07-27,1999,regular,LAS,ORL,81,60,,,wnbastats,,,,
wnbas-1029900121,1999-07-27,1999,regular,SAC,MIN,59,61,,,wnbastats,,,,
wnbas-1029900122,1999-07-28,1999,regular,CHA,DET,84,65,,,wnbastats,,,,
wnbas-1029900123,1999-07-29,1999,regular,ORL,NYL,65,73,,,wnbastats,,,,
wnbas-1029900124,1999-07-29,1999,regular,CLE,HOU,65,71,,,wnbastats,,,,
wnbas-1029900125,1999-07-29,1999,regular,PHO,MIN,79,46,,,wnbastats,,,,
wnbas-1029900126,1999-07-29,1999,regular,SAC,WAS,70,54,,,wnbastats,,,,
wnbas-1029900127,1999-07-30,1999,regular,CHA,NYL,62,58,,,wnbastats,,,,
wnbas-1029900128,1999-07-30,1999,regular,LAS,UTA,87,77,,,wnbastats,,,,
wnbas-1029900129,1999-07-31,1999,regular,DET,CLE,53,55,,,wnbastats,,,,
wnbas-1029900130,1999-07-31,1999,regular,MIN,CHA,52,56,,,wnbastats,,,,
wnbas-1029900131,1999-07-31,1999,regular,HOU,PHO,77,70,,,wnbastats,,,,
wnbas-1029900132,1999-07-31,1999,regular,UTA,SAC,63,59,,,wnbastats,,,,
wnbas-1029900133,1999-07-31,1999,regular,LAS,WAS,81,64,,,wnbastats,,,,
wnbas-1029900134,1999-08-01,1999,regular,NYL,ORL,74,61,,,wnbastats,,,,
wnbas-1029900135,1999-08-02,1999,regular,CHA,CLE,62,56,,,wnbastats,,,,
wnbas-1029900136,1999-08-02,1999,regular,DET,WAS,70,75,,,wnbastats,,,,
wnbas-1029900137,1999-08-02,1999,regular,MIN,PHO,73,56,,,wnbastats,,,,
wnbas-1029900138,1999-08-02,1999,regular,HOU,SAC,75,70,,,wnbastats,,,,
wnbas-1029900139,1999-08-03,1999,regular,UTA,NYL,59,61,,,wnbastats,,,,
wnbas-1029900140,1999-08-04,1999,regular,CHA,SAC,62,68,,,wnbastats,,,,
wnbas-1029900141,1999-08-04,1999,regular,ORL,CLE,70,62,,,wnbastats,,,,
wnbas-1029900142,1999-08-04,1999,regular,DET,MIN,59,56,,,wnbastats,,,,
wnbas-1029900143,1999-08-05,1999,regular,WAS,ORL,72,68,,,wnbastats,,,,
wnbas-1029900144,1999-08-05,1999,regular,UTA,LAS,81,75,,,wnbastats,,,,
wnbas-1029900145,1999-08-06,1999,regular,MIN,LAS,59,77,,,wnbastats,,,,
wnbas-1029900146,1999-08-06,1999,regular,HOU,CHA,81,51,,,wnbastats,,,,
wnbas-1029900147,1999-08-06,1999,regular,PHO,NYL,68,55,,,wnbastats,,,,
wnbas-1029900148,1999-08-06,1999,regular,SAC,DET,71,58,,,wnbastats,,,,
wnbas-1029900149,1999-08-07,1999,regular,CHA,ORL,64,60,,,wnbastats,,,,
wnbas-1029900150,1999-08-07,1999,regular,CLE,WAS,62,63,,,wnbastats,,,,
wnbas-1029900151,1999-08-07,1999,regular,UTA,MIN,80,70,,,wnbastats,,,,
wnbas-1029900152,1999-08-07,1999,regular,SAC,PHO,71,60,,,wnbastats,,,,
wnbas-1029900153,1999-08-08,1999,regular,NYL,HOU,74,71,,,wnbastats,,,,
wnbas-1029900154,1999-08-08,1999,regular,WAS,CLE,80,45,,,wnbastats,,,,
wnbas-1029900155,1999-08-09,1999,regular,ORL,NYL,75,80,,,wnbastats,,,,
wnbas-1029900156,1999-08-09,1999,regular,UTA,CHA,67,65,,,wnbastats,,,,
wnbas-1029900157,1999-08-09,1999,regular,PHO,MIN,64,55,,,wnbastats,,,,
wnbas-1029900158,1999-08-09,1999,regular,LAS,DET,59,84,,,wnbastats,,,,
wnbas-1029900159,1999-08-10,1999,regular,SAC,LAS,82,80,,,wnbastats,,,,
wnbas-1029900160,1999-08-11,1999,regular,WAS,NYL,59,56,,,wnbastats,,,,
wnbas-1029900161,1999-08-11,1999,regular,MIN,UTA,83,73,,,wnbastats,,,,
wnbas-1029900162,1999-08-11,1999,regular,PHO,DET,68,57,,,wnbastats,,,,
wnbas-1029900163,1999-08-12,1999,regular,ORL,CLE,55,54,,,wnbastats,,,,
wnbas-1029900164,1999-08-12,1999,regular,HOU,LAS,83,61,,,wnbastats,,,,
wnbas-1029900165,1999-08-13,1999,regular,DET,NYL,56,60,,,wnbastats,,,,
wnbas-1029900166,1999-08-13,1999,regular,UTA,PHO,67,64,,,wnbastats,,,,
wnbas-1029900167,1999-08-13,1999,regular,SAC,CHA,78,64,,,wnbastats,,,,
wnbas-1029900168,1999-08-14,1999,regular,WAS,LAS,55,53,,,wnbastats,,,,
wnbas-1029900169,1999-08-14,1999,regular,CLE,ORL,61,73,,,wnbastats,,,,
wnbas-1029900170,1999-08-14,1999,regular,HOU,MIN,71,53,,,wnbastats,,,,
wnbas-1029900171,1999-08-14,1999,regular,SAC,UTA,89,97,,,wnbastats,,,,
wnbas-1029900172,1999-08-15,1999,regular,NYL,DET,57,63,,,wnbastats,,,,
wnbas-1029900173,1999-08-15,1999,regular,ORL,WAS,81,54,,,wnbastats,,,,
wnbas-1029900174,1999-08-15,1999,regular,PHO,CHA,65,54,,,wnbastats,,,,
wnbas-1029900175,1999-08-16,1999,regular,MIN,CLE,57,50,,,wnbastats,,,,
wnbas-1029900176,1999-08-16,1999,regular,HOU,UTA,80,71,,,wnbastats,,,,
wnbas-1029900177,1999-08-16,1999,regular,LAS,CHA,76,65,,,wnbastats,,,,
wnbas-1029900178,1999-08-17,1999,regular,NYL,WAS,66,54,,,wnbastats,,,,
wnbas-1029900179,1999-08-17,1999,regular,PHO,SAC,71,59,,,wnbastats,,,,
wnbas-1029900180,1999-08-18,1999,regular,ORL,DET,93,81,,,wnbastats,,,,
wnbas-1029900181,1999-08-18,1999,regular,HOU,PHO,70,60,,,wnbastats,,,,
wnbas-1029900182,1999-08-18,1999,regular,LAS,MIN,72,54,,,wnbastats,,,,
wnbas-1029900183,1999-08-19,1999,regular,NYL,CLE,72,55,,,wnbastats,,,,
wnbas-1029900184,1999-08-20,1999,regular,CHA,DET,57,58,,,wnbastats,,,,
wnbas-1029900185,1999-08-20,1999,regular,MIN,ORL,80,83,,,wnbastats,,,,
wnbas-1029900186,1999-08-20,1999,regular,PHO,UTA,62,70,,,wnbastats,,,,
wnbas-1029900187,1999-08-20,1999,regular,LAS,HOU,68,64,,,wnbastats,,,,
wnbas-1029900188,1999-08-21,1999,regular,WAS,MIN,45,48,,,wnbastats,,,,
wnbas-1029900189,1999-08-21,1999,regular,CLE,NYL,66,56,,,wnbastats,,,,
wnbas-1029900190,1999-08-21,1999,regular,DET,ORL,74,68,,,wnbastats,,,,
wnbas-1029900191,1999-08-21,1999,regular,UTA,LAS,89,81,,,wnbastats,,,,
wnbas-1029900192,1999-08-21,1999,regular,SAC,HOU,65,74,,,wnbastats,,,,
wnbas-1049900001,1999-08-24,1999,postseason,DET,CHA,54,60,,,wnbastats,,,,
wnbas-1049900002,1999-08-24,1999,postseason,LAS,SAC,71,58,,,wnbastats,,,,
wnbas-1049900003,1999-08-26,1999,postseason,LAS,HOU,75,60,,,wnbastats,,,,
wnbas-1049900004,1999-08-27,1999,postseason,CHA,NYL,78,67,,,wnbastats,,,,
wnbas-1049900005,1999-08-29,1999,postseason,HOU,LAS,83,55,,,wnbastats,,,,
wnbas-1049900006,1999-08-29,1999,postseason,NYL,CHA,74,70,,,wnbastats,,,,
wnbas-1049900007,1999-08-30,1999,postseason,NYL,CHA,69,54,,,wnbastats,,,,
wnbas-1049900008,1999-08-30,1999,postseason,HOU,LAS,72,62,,,wnbastats,,,,
wnbas-1049900009,1999-09-02,1999,postseason,NYL,HOU,60,73,,,wnbastats,,,,
wnbas-1049900010,1999-09-04,1999,postseason,HOU,NYL,67,68,,,wnbastats,,,,
wnbas-1049900011,1999-09-05,1999,postseason,HOU,NYL,59,47,,,wnbastats,,,,
wnbas-1020000001,2000-05-29,2000,regular,HOU,NYL,84,68,,,wnbastats,,,,
wnbas-1020000002,2000-05-31,2000,regular,WAS,ORL,92,66,,,wnbastats,,,,
wnbas-1020000003,2000-05-31,2000,regular,MIN,CLE,73,62,,,wnbastats,,,,
wnbas-1020000004,2000-05-31,2000,regular,PHO,NYL,51,48,,,wnbastats,,,,
wnbas-1020000005,2000-05-31,2000,regular,LAS,UTA,69,62,,,wnbastats,,,,
wnbas-1020000006,2000-05-31,2000,regular,SAC,SEA,76,60,,,wnbastats,,,,
wnbas-1020000007,2000-05-31,2000,regular,POR,HOU,89,93,,,wnbastats,,,,
wnbas-1020000008,2000-06-01,2000,regular,ORL,CHA,82,79,,,wnbastats,,,,
wnbas-1020000009,2000-06-01,2000,regular,MIA,IND,54,57,,,wnbastats,,,,
wnbas-1020000010,2000-06-01,2000,regular,UTA,MIN,83,74,,,wnbastats,,,,
wnbas-1020000011,2000-06-01,2000,regular,SEA,HOU,47,77,,,wnbastats,,,,
wnbas-1020000012,2000-06-03,2000,regular,NYL,UTA,87,76,,,wnbastats,,,,
wnbas-1020000013,2000-06-03,2000,regular,CHA,MIA,63,74,,,wnbastats,,,,
wnbas-1020000014,2000-06-03,2000,regular,DET,SAC,77,74,,,wnbastats,,,,
wnbas-1020000015,2000-06-03,2000,regular,CLE,WAS,72,49,,,wnbastats,,,,
wnbas-1020000016,2000-06-03,2000,regular,IND,ORL,82,88,,,wnbastats,,,,
wnbas-1020000017,2000-06-03,2000,regular,MIN,LAS,75,82,,,wnbastats,,,,
wnbas-1020000018,2000-06-03,2000,regular,HOU,PHO,62,80,,,wnbastats,,,,
wnbas-1020000019,2000-06-03,2000,regular,SEA,POR,58,65,,,wnbastats,,,,
wnbas-1020000020,2000-06-04,2000,regular,WAS,NYL,79,67,,,wnbastats,,,,
wnbas-1020000021,2000-06-05,2000,regular,CHA,CLE,53,69,,,wnbastats,,,,
wnbas-1020000022,2000-06-05,2000,regular,ORL,SAC,75,68,,,wnbastats,,,,
wnbas-1020000023,2000-06-05,2000,regular,IND,MIA,80,59,,,wnbastats,,,,
wnbas-1020000024,2000-06-05,2000,regular,MIN,DET,88,68,,,wnbastats,,,,
wnbas-1020000025,2000-06-06,2000,regular,HOU,SAC,78,70,,,wnbastats,,,,
wnbas-1020000026,2000-06-06,2000,regular,UTA,PHO,76,61,,,wnbastats,,,,
wnbas-1020000027,2000-06-06,2000,regular,LAS,POR,70,57,,,wnbastats,,,,
wnbas-1020000028,2000-06-07,2000,regular,WAS,HOU,54,81,,,wnbastats,,,,
wnbas-1020000029,2000-06-07,2000,regular,DET,NYL,69,73,,,wnbastats,,,,
wnbas-1020000030,2000-06-07,2000,regular,CLE,ORL,83,79,,,wnbastats,,,,
wnbas-1020000031,2000-06-07,2000,regular,PHO,SEA,82,49,,,wnbastats,,,,
wnbas-1020000032,2000-06-08,2000,regular,ORL,MIN,57,71,,,wnbastats,,,,
wnbas-1020000033,2000-06-08,2000,regular,MIA,WAS,51,73,,,wnbastats,,,,
wnbas-1020000034,2000-06-08,2000,regular,POR,UTA,72,81,,,wnbastats,,,,
wnbas-1020000035,2000-06-09,2000,regular,NYL,SAC,56,77,,,wnbastats,,,,
wnbas-1020000036,2000-06-09,2000,regular,CHA,SEA,62,67,,,wnbastats,,,,
wnbas-1020000037,2000-06-09,2000,regular,DET,IND,80,76,,,wnbastats,,,,
wnbas-1020000038,2000-06-10,2000,regular,CHA,ORL,71,74,,,wnbastats,,,,
wnbas-1020000039,2000-06-10,2000,regular,MIA,MIN,55,66,,,wnbastats,,,,
wnbas-1020000040,2000-06-10,2000,regular,CLE,SEA,61,49,,,wnbastats,,,,
wnbas-1020000041,2000-06-10,2000,regular,IND,NYL,62,70,,,wnbastats,,,,
wnbas-1020000042,2000-06-10,2000,regular,UTA,HOU,71,73,,,wnbastats,,,,
wnbas-1020000043,2000-06-10,2000,regular,LAS,PHO,76,57,,,wnbastats,,,,
wnbas-1020000044,2000-06-11,2000,regular,SAC,LAS,75,68,,,wnbastats,,,,
wnbas-1020000045,2000-06-12,2000,regular,DET,CHA,67,78,,,wnbastats,,,,
wnbas-1020000046,2000-06-12,2000,regular,IND,CLE,70,83,,,wnbastats,,,,
wnbas-1020000047,2000-06-12,2000,regular,HOU,UTA,107,85,,,wnbastats,,,,
wnbas-1020000048,2000-06-13,2000,regular,NYL,WAS,56,57,,,wnbastats,,,,
wnbas-1020000049,2000-06-13,2000,regular,MIA,DET,74,61,,,wnbastats,,,,
wnbas-1020000050,2000-06-13,2000,regular,UTA,ORL,80,88,,,wnbastats,,,,
wnbas-1020000051,2000-06-13,2000,regular,POR,PHO,69,75,,,wnbastats,,,,
wnbas-1020000052,2000-06-13,2000,regular,SEA,LAS,69,59,,,wnbastats,,,,
wnbas-1020000053,2000-06-14,2000,regular,PHO,POR,81,80,,,wnbastats,,,,
wnbas-1020000055,2000-06-15,2000,regular,MIN,ORL,72,66,,,wnbastats,,,,
wnbas-1020000056,2000-06-15,2000,regular,HOU,MIA,77,53,,,wnbastats,,,,
wnbas-1020000057,2000-06-15,2000,regular,UTA,CHA,96,68,,,wnbastats,,,,
wnbas-1020000058,2000-06-15,2000,regular,SEA,SAC,50,54,,,wnbastats,,,,
wnbas-1020000059,2000-06-16,2000,regular,CLE,DET,81,93,,,wnbastats,,,,
wnbas-1020000060,2000-06-17,2000,regular,ORL,IND,54,79,,,wnbastats,,,,
wnbas-1020000061,2000-06-17,2000,regular,MIA,CLE,55,48,,,wnbastats,,,,
wnbas-1020000062,2000-06-17,2000,regular,UTA,WAS,70,67,,,wnbastats,,,,
wnbas-1020000063,2000-06-17,2000,regular,PHO,MIN,62,69,,,wnbastats,,,,
wnbas-1020000064,2000-06-17,2000,regular,SAC,CHA,74,63,,,wnbastats,,,,
wnbas-1020000065,2000-06-17,2000,regular,POR,LAS,81,94,,,wnbastats,,,,
wnbas-1020000066,2000-06-18,2000,regular,NYL,MIA,58,52,,,wnbastats,,,,
wnbas-1020000067,2000-06-18,2000,regular,DET,IND,111,74,,,wnbastats,,,,
wnbas-1020000068,2000-06-18,2000,regular,HOU,MIN,78,66,,,wnbastats,,,,
wnbas-1020000069,2000-06-18,2000,regular,LAS,CHA,70,62,,,wnbastats,,,,
wnbas-1020000070,2000-06-18,2000,regular,SEA,UTA,53,56,,,wnbastats,,,,
wnbas-1020000071,2000-06-19,2000,regular,WAS,DET,80,55,,,wnbastats,,,,
wnbas-1020000072,2000-06-19,2000,regular,CLE,SAC,81,70,,,wnbastats,,,,
wnbas-1020000073,2000-06-20,2000,regular,MIN,PHO,55,74,,,wnbastats,,,,
wnbas-1020000074,2000-06-20,2000,regular,UTA,SEA,66,63,,,wnbastats,,,,
wnbas-1020000075,2000-06-20,2000,regular,LAS,HOU,90,84,,,wnbastats,,,,
wnbas-1020000076,2000-06-20,2000,regular,POR,CHA,85,87,,,wnbastats,,,,
wnbas-1020000077,2000-06-21,2000,regular,NYL,DET,63,67,,,wnbastats,,,,
wnbas-1020000078,2000-06-21,2000,regular,WAS,MIA,55,57,,,wnbastats,,,,
wnbas-1020000079,2000-06-21,2000,regular,IND,SAC,58,70,,,wnbastats,,,,
wnbas-1020000080,2000-06-22,2000,regular,CHA,PHO,57,90,,,wnbastats,,,,
wnbas-1020000081,2000-06-22,2000,regular,ORL,CLE,77,64,,,wnbastats,,,,
wnbas-1020000082,2000-06-22,2000,regular,MIN,UTA,86,64,,,wnbastats,,,,
wnbas-1020000083,2000-06-23,2000,regular,WAS,SAC,69,84,,,wnbastats,,,,
wnbas-1020000084,2000-06-23,2000,regular,MIA,LAS,54,68,,,wnbastats,,,,
wnbas-1020000085,2000-06-23,2000,regular,IND,NYL,60,69,,,wnbastats,,,,
wnbas-1020000086,2000-06-23,2000,regular,UTA,HOU,66,83,,,wnbastats,,,,
wnbas-1020000087,2000-06-23,2000,regular,POR,SEA,72,61,,,wnbastats,,,,
wnbas-1020000088,2000-06-24,2000,regular,ORL,CHA,69,68,,,wnbastats,,,,
wnbas-1020000089,2000-06-24,2000,regular,MIA,PHO,44,67,,,wnbastats,,,,
wnbas-1020000090,2000-06-24,2000,regular,DET,WAS,70,76,,,wnbastats,,,,
wnbas-1020000091,2000-06-24,2000,regular,CLE,MIN,57,60,,,wnbastats,,,,
wnbas-1020000092,2000-06-24,2000,regular,HOU,IND,93,67,,,wnbastats,,,,
wnbas-1020000093,2000-06-25,2000,regular,NYL,LAS,67,72,,,wnbastats,,,,
wnbas-1020000094,2000-06-25,2000,regular,CHA,DET,81,84,,,wnbastats,,,,
wnbas-1020000095,2000-06-25,2000,regular,CLE,PHO,64,61,,,wnbastats,,,,
wnbas-1020000096,2000-06-25,2000,regular,SAC,POR,92,76,,,wnbastats,,,,
wnbas-1020000097,2000-06-26,2000,regular,WAS,LAS,72,74,,,wnbastats,,,,
wnbas-1020000098,2000-06-26,2000,regular,ORL,HOU,58,70,,,wnbastats,,,,
wnbas-1020000099,2000-06-26,2000,regular,UTA,SAC,89,80,,,wnbastats,,,,
wnbas-1020000100,2000-06-28,2000,regular,NYL,PHO,82,69,,,wnbastats,,,,
wnbas-1020000101,2000-06-28,2000,regular,CHA,HOU,66,76,,,wnbastats,,,,
wnbas-1020000102,2000-06-28,2000,regular,ORL,MIA,61,53,,,wnbastats,,,,
wnbas-1020000103,2000-06-28,2000,regular,IND,LAS,73,82,,,wnbastats,,,,
wnbas-1020000104,2000-06-28,2000,regular,SAC,MIN,82,74,,,wnbastats,,,,
wnbas-1020000105,2000-06-28,2000,regular,POR,CLE,80,69,,,wnbastats,,,,
wnbas-1020000106,2000-06-28,2000,regular,SEA,DET,78,82,,,wnbastats,,,,
wnbas-1020000107,2000-06-30,2000,regular,NYL,IND,72,70,,,wnbastats,,,,
wnbas-1020000108,2000-06-30,2000,regular,WAS,PHO,57,66,,,wnbastats,,,,
wnbas-1020000109,2000-06-30,2000,regular,MIA,ORL,63,66,,,wnbastats,,,,
wnbas-1020000110,2000-06-30,2000,regular,HOU,POR,79,39,,,wnbastats,,,,
wnbas-1020000111,2000-06-30,2000,regular,SAC,UTA,85,62,,,wnbastats,,,,
wnbas-1020000112,2000-06-30,2000,regular,SEA,MIN,53,65,,,wnbastats,,,,
wnbas-1020000113,2000-07-01,2000,regular,CHA,WAS,74,78,,,wnbastats,,,,
wnbas-1020000114,2000-07-01,2000,regular,ORL,NYL,69,57,,,wnbastats,,,,
wnbas-1020000115,2000-07-01,2000,regular,IND,MIA,52,54,,,wnbastats,,,,
wnbas-1020000116,2000-07-01,2000,regular,LAS,CLE,75,67,,,wnbastats,,,,
wnbas-1020000117,2000-07-01,2000,regular,SAC,DET,108,96,,,wnbastats,,,,
wnbas-1020000118,2000-07-01,2000,regular,SEA,UTA,60,81,,,wnbastats,,,,
wnbas-1020000119,2000-07-02,2000,regular,MIN,POR,81,75,,,wnbastats,,,,
wnbas-1020000120,2000-07-02,2000,regular,HOU,PHO,69,58,,,wnbastats,,,,
wnbas-1020000121,2000-07-02,2000,regular,LAS,DET,85,63,,,wnbastats,,,,
wnbas-1020000122,2000-07-03,2000,regular,CLE,NYL,66,65,,,wnbastats,,,,
wnbas-1020000123,2000-07-03,2000,regular,IND,POR,64,68,,,wnbastats,,,,
wnbas-1020000124,2000-07-03,2000,regular,SEA,WAS,55,60,,,wnbastats,,,,
wnbas-1020000125,2000-07-05,2000,regular,NYL,POR,62,45,,,wnbastats,,,,
wnbas-1020000126,2000-07-05,2000,regular,CHA,MIA,76,70,,,wnbastats,,,,
wnbas-1020000127,2000-07-05,2000,regular,MIN,SEA,60,67,,,wnbastats,,,,
wnbas-1020000128,2000-07-05,2000,regular,SAC,LAS,61,76,,,wnbastats,,,,
wnbas-1020000129,2000-07-06,2000,regular,ORL,IND,72,60,,,wnbastats,,,,
wnbas-1020000130,2000-07-06,2000,regular,HOU,SEA,80,50,,,wnbastats,,,,
wnbas-1020000131,2000-07-06,2000,regular,PHO,DET,81,69,,,wnbastats,,,,
wnbas-1020000132,2000-07-06,2000,regular,LAS,WAS,79,70,,,wnbastats,,,,
wnbas-1020000133,2000-07-07,2000,regular,MIA,CLE,49,46,,,wnbastats,,,,
wnbas-1020000134,2000-07-07,2000,regular,MIN,NYL,70,76,,,wnbastats,,,,
wnbas-1020000135,2000-07-07,2000,regular,HOU,CHA,86,71,,,wnbastats,,,,
wnbas-1020000136,2000-07-07,2000,regular,UTA,DET,69,73,,,wnbastats,,,,
wnbas-1020000137,2000-07-07,2000,regular,POR,SAC,60,63,,,wnbastats,,,,
wnbas-1020000138,2000-07-08,2000,regular,NYL,MIA,63,51,,,wnbastats,,,,
wnbas-1020000139,2000-07-08,2000,regular,CHA,CLE,59,80,,,wnbastats,,,,
wnbas-1020000140,2000-07-08,2000,regular,ORL,SEA,64,53,,,wnbastats,,,,
wnbas-1020000141,2000-07-08,2000,regular,IND,PHO,65,66,,,wnbastats,,,,
wnbas-1020000142,2000-07-08,2000,regular,SAC,WAS,78,56,,,wnbastats,,,,
wnbas-1020000143,2000-07-09,2000,regular,DET,ORL,62,68,,,wnbastats,,,,
wnbas-1020000144,2000-07-09,2000,regular,MIN,HOU,60,70,,,wnbastats,,,,
wnbas-1020000145,2000-07-09,2000,regular,LAS,UTA,92,72,,,wnbastats,,,,
wnbas-1020000146,2000-07-09,2000,regular,POR,WAS,75,58,,,wnbastats,,,,
wnbas-1020000147,2000-07-10,2000,regular,MIA,SEA,59,42,,,wnbastats,,,,
wnbas-1020000148,2000-07-10,2000,regular,CLE,CHA,72,65,,,wnbastats,,,,
wnbas-1020000149,2000-07-11,2000,regular,PHO,MIN,64,54,,,wnbastats,,,,
wnbas-1020000150,2000-07-11,2000,regular,LAS,POR,77,80,,,wnbastats,,,,
wnbas-1020000151,2000-07-12,2000,regular,NYL,CHA,84,70,,,wnbastats,,,,
wnbas-1020000152,2000-07-12,2000,regular,WAS,IND,58,81,,,wnbastats,,,,
wnbas-1020000153,2000-07-12,2000,regular,DET,SEA,61,56,,,wnbastats,,,,
wnbas-1020000154,2000-07-12,2000,regular,CLE,ORL,74,72,,,wnbastats,,,,
wnbas-1020000155,2000-07-12,2000,regular,HOU,SAC,77,62,,,wnbastats,,,,
wnbas-1020000156,2000-07-12,2000,regular,UTA,POR,76,67,,,wnbastats,,,,
wnbas-1020000157,2000-07-13,2000,regular,MIA,WAS,48,60,,,wnbastats,,,,
wnbas-1020000158,2000-07-13,2000,regular,PHO,SAC,72,64,,,wnbastats,,,,
wnbas-1020000159,2000-07-14,2000,regular,ORL,NYL,51,55,,,wnbastats,,,,
wnbas-1020000160,2000-07-14,2000,regular,DET,MIA,80,50,,,wnbastats,,,,
wnbas-1020000161,2000-07-14,2000,regular,IND,SEA,64,45,,,wnbastats,,,,
wnbas-1020000162,2000-07-14,2000,regular,UTA,PHO,87,84,,,wnbastats,,,,
wnbas-1020000163,2000-07-14,2000,regular,LAS,HOU,63,58,,,wnbastats,,,,
wnbas-1020000164,2000-07-14,2000,regular,POR,MIN,65,54,,,wnbastats,,,,
wnbas-1020000165,2000-07-15,2000,regular,WAS,CHA,73,76,,,wnbastats,,,,
wnbas-1020000166,2000-07-15,2000,regular,CLE,IND,79,55,,,wnbastats,,,,
wnbas-1020000167,2000-07-15,2000,regular,LAS,MIN,58,57,,,wnbastats,,,,
wnbas-1020000168,2000-07-15,2000,regular,SAC,UTA,69,75,,,wnbastats,,,,
wnbas-1020000169,2000-07-19,2000,regular,ORL,DET,88,78,,,wnbastats,,,,
wnbas-1020000170,2000-07-19,2000,regular,MIA,POR,69,62,,,wnbastats,,,,
wnbas-1020000171,2000-07-19,2000,regular,PHO,UTA,86,76,,,wnbastats,,,,
wnbas-1020000172,2000-07-19,2000,regular,SEA,NYL,55,78,,,wnbastats,,,,
wnbas-1020000173,2000-07-20,2000,regular,WAS,IND,85,74,,,wnbastats,,,,
wnbas-1020000174,2000-07-20,2000,regular,CLE,HOU,56,74,,,wnbastats,,,,
wnbas-1020000175,2000-07-20,2000,regular,LAS,NYL,82,66,,,wnbastats,,,,
wnbas-1020000176,2000-07-20,2000,regular,SAC,MIN,73,56,,,wnbastats,,,,
wnbas-1020000177,2000-07-21,2000,regular,WAS,ORL,61,59,,,wnbastats,,,,
wnbas-1020000178,2000-07-21,2000,regular,CHA,POR,73,64,,,wnbastats,,,,
wnbas-1020000179,2000-07-21,2000,regular,MIA,UTA,76,65,,,wnbastats,,,,
wnbas-1020000180,2000-07-21,2000,regular,DET,HOU,74,76,,,wnbastats,,,,
wnbas-1020000181,2000-07-21,2000,regular,PHO,LAS,68,74,,,wnbastats,,,,
wnbas-1020000182,2000-07-21,2000,regular,SEA,MIN,67,61,,,wnbastats,,,,
wnbas-1020000183,2000-07-22,2000,regular,CLE,MIA,76,47,,,wnbastats,,,,
wnbas-1020000184,2000-07-22,2000,regular,IND,CHA,80,59,,,wnbastats,,,,
wnbas-1020000185,2000-07-22,2000,regular,SAC,PHO,61,60,,,wnbastats,,,,
wnbas-1020000186,2000-07-23,2000,regular,NYL,HOU,69,64,,,wnbastats,,,,
wnbas-1020000187,2000-07-23,2000,regular,ORL,UTA,66,69,,,wnbastats,,,,
wnbas-1020000188,2000-07-23,2000,regular,MIN,POR,80,63,,,wnbastats,,,,
wnbas-1020000189,2000-07-23,2000,regular,LAS,SAC,73,68,,,wnbastats,,,,
wnbas-1020000190,2000-07-24,2000,regular,WAS,NYL,64,78,,,wnbastats,,,,
wnbas-1020000191,2000-07-24,2000,regular,CHA,IND,82,78,,,wnbastats,,,,
wnbas-1020000192,2000-07-24,2000,regular,DET,POR,57,61,,,wnbastats,,,,
wnbas-1020000193,2000-07-24,2000,regular,PHO,CLE,67,57,,,wnbastats,,,,
wnbas-1020000194,2000-07-25,2000,regular,HOU,SEA,79,53,,,wnbastats,,,,
wnbas-1020000195,2000-07-25,2000,regular,LAS,ORL,78,63,,,wnbastats,,,,
wnbas-1020000196,2000-07-26,2000,regular,CHA,WAS,87,80,,,wnbastats,,,,
wnbas-1020000197,2000-07-26,2000,regular,DET,MIA,78,62,,,wnbastats,,,,
wnbas-1020000198,2000-07-26,2000,regular,UTA,CLE,84,77,,,wnbastats,,,,
wnbas-1020000199,2000-07-26,2000,regular,PHO,IND,79,65,,,wnbastats,,,,
wnbas-1020000200,2000-07-26,2000,regular,POR,SAC,70,73,,,wnbastats,,,,
wnbas-1020000201,2000-07-27,2000,regular,LAS,SEA,76,63,,,wnbastats,,,,
wnbas-1020000202,2000-07-27,2000,regular,SAC,ORL,73,66,,,wnbastats,,,,
wnbas-1020000203,2000-07-28,2000,regular,CHA,NYL,56,66,,,wnbastats,,,,
wnbas-1020000204,2000-07-28,2000,regular,CLE,DET,80,60,,,wnbastats,,,,
wnbas-1020000205,2000-07-28,2000,regular,MIN,MIA,68,44,,,wnbastats,,,,
wnbas-1020000206,2000-07-28,2000,regular,SEA,PHO,55,65,,,wnbastats,,,,
wnbas-1020000207,2000-07-28,2000,regular,POR,IND,58,73,,,wnbastats,,,,
wnbas-1020000208,2000-07-29,2000,regular,NYL,CLE,81,67,,,wnbastats,,,,
wnbas-1020000209,2000-07-29,2000,regular,WAS,MIN,85,87,,,wnbastats,,,,
wnbas-1020000210,2000-07-29,2000,regular,DET,CHA,75,72,,,wnbastats,,,,
wnbas-1020000211,2000-07-29,2000,regular,HOU,LAS,74,84,,,wnbastats,,,,
wnbas-1020000212,2000-07-29,2000,regular,UTA,IND,79,71,,,wnbastats,,,,
wnbas-1020000213,2000-07-30,2000,regular,PHO,SAC,63,70,,,wnbastats,,,,
wnbas-1020000214,2000-07-30,2000,regular,POR,ORL,76,55,,,wnbastats,,,,
wnbas-1020000215,2000-07-30,2000,regular,SEA,MIA,51,64,,,wnbastats,,,,
wnbas-1020000216,2000-07-31,2000,regular,NYL,CHA,81,56,,,wnbastats,,,,
wnbas-1020000217,2000-07-31,2000,regular,DET,CLE,65,76,,,wnbastats,,,,
wnbas-1020000218,2000-07-31,2000,regular,MIN,LAS,66,73,,,wnbastats,,,,
wnbas-1020000219,2000-08-01,2000,regular,HOU,WAS,68,60,,,wnbastats,,,,
wnbas-1020000220,2000-08-01,2000,regular,PHO,ORL,84,77,,,wnbastats,,,,
wnbas-1020000221,2000-08-01,2000,regular,POR,MIA,54,50,,,wnbastats,,,,
wnbas-1020000222,2000-08-01,2000,regular,SEA,IND,66,60,,,wnbastats,,,,
wnbas-1020000223,2000-08-02,2000,regular,DET,LAS,81,84,,,wnbastats,,,,
wnbas-1020000224,2000-08-02,2000,regular,MIN,UTA,62,72,,,wnbastats,,,,
wnbas-1020000225,2000-08-02,2000,regular,SAC,MIA,73,55,,,wnbastats,,,,
wnbas-1020000054,2000-08-03,2000,regular,IND,WAS,71,75,,,wnbastats,,,,
wnbas-1020000226,2000-08-03,2000,regular,CLE,UTA,74,71,,,wnbastats,,,,
wnbas-1020000227,2000-08-03,2000,regular,PHO,SEA,85,63,,,wnbastats,,,,
wnbas-1020000228,2000-08-04,2000,regular,NYL,ORL,70,57,,,wnbastats,,,,
wnbas-1020000229,2000-08-04,2000,regular,WAS,DET,96,72,,,wnbastats,,,,
wnbas-1020000230,2000-08-04,2000,regular,MIA,CHA,60,50,,,wnbastats,,,,
wnbas-1020000231,2000-08-04,2000,regular,IND,CLE,87,75,,,wnbastats,,,,
wnbas-1020000232,2000-08-04,2000,regular,MIN,SAC,63,74,,,wnbastats,,,,
wnbas-1020000233,2000-08-04,2000,regular,POR,HOU,56,81,,,wnbastats,,,,
wnbas-1020000234,2000-08-05,2000,regular,CHA,UTA,84,82,,,wnbastats,,,,
wnbas-1020000235,2000-08-05,2000,regular,PHO,LAS,63,77,,,wnbastats,,,,
wnbas-1020000236,2000-08-06,2000,regular,ORL,DET,92,63,,,wnbastats,,,,
wnbas-1020000237,2000-08-06,2000,regular,MIA,NYL,57,41,,,wnbastats,,,,
wnbas-1020000238,2000-08-06,2000,regular,CLE,WAS,77,60,,,wnbastats,,,,
wnbas-1020000239,2000-08-06,2000,regular,MIN,IND,80,75,,,wnbastats,,,,
wnbas-1020000240,2000-08-06,2000,regular,SAC,HOU,63,76,,,wnbastats,,,,
wnbas-1020000241,2000-08-06,2000,regular,SEA,POR,66,58,,,wnbastats,,,,
wnbas-1020000242,2000-08-07,2000,regular,ORL,WAS,65,57,,,wnbastats,,,,
wnbas-1020000243,2000-08-07,2000,regular,IND,DET,63,74,,,wnbastats,,,,
wnbas-1020000244,2000-08-07,2000,regular,UTA,POR,83,73,,,wnbastats,,,,
wnbas-1020000245,2000-08-07,2000,regular,PHO,HOU,54,71,,,wnbastats,,,,
wnbas-1020000246,2000-08-08,2000,regular,NYL,CLE,57,44,,,wnbastats,,,,
wnbas-1020000247,2000-08-08,2000,regular,CHA,MIN,67,76,,,wnbastats,,,,
wnbas-1020000248,2000-08-08,2000,regular,SEA,LAS,52,60,,,wnbastats,,,,
wnbas-1020000249,2000-08-09,2000,regular,WAS,CLE,60,48,,,wnbastats,,,,
wnbas-1020000250,2000-08-09,2000,regular,MIA,ORL,68,64,,,wnbastats,,,,
wnbas-1020000251,2000-08-09,2000,regular,DET,NYL,66,63,,,wnbastats,,,,
wnbas-1020000252,2000-08-09,2000,regular,IND,CHA,67,51,,,wnbastats,,,,
wnbas-1020000253,2000-08-09,2000,regular,HOU,MIN,77,64,,,wnbastats,,,,
wnbas-1020000254,2000-08-09,2000,regular,UTA,LAS,89,77,,,wnbastats,,,,
wnbas-1020000255,2000-08-09,2000,regular,SAC,SEA,79,46,,,wnbastats,,,,
wnbas-1020000256,2000-08-09,2000,regular,POR,PHO,60,68,,,wnbastats,,,,
wnbas-1040000001,2000-08-11,2000,postseason,PHO,LAS,71,86,,,wnbastats,,,,
wnbas-1040000007,2000-08-11,2000,postseason,ORL,CLE,62,55,,,wnbastats,,,,
wnbas-1040000002,2000-08-12,2000,postseason,SAC,HOU,64,72,,,wnbastats,,,,
wnbas-1040000008,2000-08-12,2000,postseason,WAS,NYL,63,72,,,wnbastats,,,,
wnbas-1040000003,2000-08-13,2000,postseason,LAS,PHO,101,76,,,wnbastats,,,,
wnbas-1040000009,2000-08-13,2000,postseason,CLE,ORL,63,54,,,wnbastats,,,,
wnbas-1040000004,2000-08-14,2000,postseason,HOU,SAC,75,70,,,wnbastats,,,,
wnbas-1040000010,2000-08-14,2000,postseason,NYL,WAS,78,57,,,wnbastats,,,,
wnbas-1040000011,2000-08-15,2000,postseason,CLE,ORL,72,43,,,wnbastats,,,,
wnbas-1040000013,2000-08-17,2000,postseason,HOU,LAS,77,56,,,wnbastats,,,,
wnbas-1040000016,2000-08-17,2000,postseason,CLE,NYL,56,43,,,wnbastats,,,,
wnbas-1040000014,2000-08-20,2000,postseason,LAS,HOU,69,74,,,wnbastats,,,,
wnbas-1040000017,2000-08-20,2000,postseason,NYL,CLE,51,45,,,wnbastats,,,,
wnbas-1040000018,2000-08-21,2000,postseason,NYL,CLE,81,67,,,wnbastats,,,,
wnbas-1040000019,2000-08-24,2000,postseason,NYL,HOU,52,59,,,wnbastats,,,,
wnbas-1040000020,2000-08-26,2000,postseason,HOU,NYL,79,73,,,wnbastats,,,,
wnbas-1020100001,2001-05-28,2001,regular,HOU,LAS,63,66,,,wnbastats,,,,
wnbas-1020100002,2001-05-30,2001,regular,PHO,UTA,62,81,,,wnbastats,,,,
wnbas-1020100003,2001-05-31,2001,regular,MIA,NYL,68,59,,,wnbastats,,,,
wnbas-1020100004,2001-05-31,2001,regular,CLE,WAS,69,34,,,wnbastats,,,,
wnbas-1020100005,2001-05-31,2001,regular,IND,HOU,78,82,,,wnbastats,,,,
wnbas-1020100006,2001-05-31,2001,regular,POR,MIN,65,82,,,wnbastats,,,,
wnbas-1020100007,2001-05-31,2001,regular,SEA,PHO,83,70,,,wnbastats,,,,
wnbas-1020100008,2001-06-01,2001,regular,ORL,LAS,62,68,,,wnbastats,,,,
wnbas-1020100009,2001-06-02,2001,regular,NYL,IND,75,58,,,wnbastats,,,,
wnbas-1020100010,2001-06-02,2001,regular,CHA,LAS,67,76,,,wnbastats,,,,
wnbas-1020100011,2001-06-02,2001,regular,DET,HOU,73,74,,,wnbastats,,,,
wnbas-1020100012,2001-06-02,2001,regular,MIN,PHO,80,89,,,wnbastats,,,,
wnbas-1020100013,2001-06-02,2001,regular,UTA,POR,71,76,,,wnbastats,,,,
wnbas-1020100014,2001-06-02,2001,regular,SAC,CLE,70,65,,,wnbastats,,,,
wnbas-1020100015,2001-06-03,2001,regular,WAS,SEA,68,63,,,wnbastats,,,,
wnbas-1020100016,2001-06-04,2001,regular,NYL,SAC,63,80,,,wnbastats,,,,
wnbas-1020100017,2001-06-04,2001,regular,IND,SEA,71,74,,,wnbastats,,,,
wnbas-1020100035,2001-06-04,2001,regular,POR,PHO,71,69,,,wnbastats,,,,
wnbas-1020100018,2001-06-05,2001,regular,WAS,SAC,75,72,,,wnbastats,,,,
wnbas-1020100019,2001-06-05,2001,regular,MIA,IND,63,61,,,wnbastats,,,,
wnbas-1020100020,2001-06-05,2001,regular,DET,ORL,71,92,,,wnbastats,,,,
wnbas-1020100021,2001-06-05,2001,regular,UTA,HOU,68,72,,,wnbastats,,,,
wnbas-1020100022,2001-06-05,2001,regular,PHO,CHA,76,69,,,wnbastats,,,,
wnbas-1020100023,2001-06-05,2001,regular,LAS,CLE,58,50,,,wnbastats,,,,
wnbas-1020100024,2001-06-07,2001,regular,CLE,NYL,67,49,,,wnbastats,,,,
wnbas-1020100025,2001-06-07,2001,regular,UTA,ORL,82,79,,,wnbastats,,,,
wnbas-1020100026,2001-06-07,2001,regular,SAC,CHA,77,65,,,wnbastats,,,,
wnbas-1020100027,2001-06-07,2001,regular,SEA,MIA,57,70,,,wnbastats,,,,
wnbas-1020100032,2001-06-07,2001,regular,HOU,DET,87,66,,,wnbastats,,,,
wnbas-1020100029,2001-06-09,2001,regular,ORL,CHA,79,86,,,wnbastats,,,,
wnbas-1020100030,2001-06-09,2001,regular,CLE,IND,86,76,,,wnbastats,,,,
wnbas-1020100031,2001-06-09,2001,regular,MIN,LAS,60,62,,,wnbastats,,,,
wnbas-1020100033,2001-06-09,2001,regular,UTA,SEA,65,73,,,wnbastats,,,,
wnbas-1020100034,2001-06-09,2001,regular,SAC,MIA,67,71,,,wnbastats,,,,
wnbas-1020100028,2001-06-10,2001,regular,PHO,HOU,58,60,,,wnbastats,,,,
wnbas-1020100036,2001-06-10,2001,regular,WAS,NYL,80,81,,,wnbastats,,,,
wnbas-1020100038,2001-06-12,2001,regular,NYL,CHA,79,70,,,wnbastats,,,,
wnbas-1020100039,2001-06-12,2001,regular,MIA,DET,67,68,,,wnbastats,,,,
wnbas-1020100040,2001-06-12,2001,regular,MIN,IND,60,65,,,wnbastats,,,,
wnbas-1020100041,2001-06-12,2001,regular,PHO,SAC,78,64,,,wnbastats,,,,
wnbas-1020100042,2001-06-12,2001,regular,POR,CLE,67,62,,,wnbastats,,,,
wnbas-1020100043,2001-06-12,2001,regular,SEA,ORL,70,63,,,wnbastats,,,,
wnbas-1020100044,2001-06-14,2001,regular,CHA,UTA,59,73,,,wnbastats,,,,
wnbas-1020100045,2001-06-14,2001,regular,DET,WAS,80,65,,,wnbastats,,,,
wnbas-1020100047,2001-06-14,2001,regular,LAS,ORL,84,68,,,wnbastats,,,,
wnbas-1020100048,2001-06-14,2001,regular,SAC,PHO,81,59,,,wnbastats,,,,
wnbas-1020100049,2001-06-14,2001,regular,SEA,CLE,36,58,,,wnbastats,,,,
wnbas-1020100050,2001-06-16,2001,regular,NYL,WAS,86,63,,,wnbastats,,,,
wnbas-1020100051,2001-06-16,2001,regular,CHA,DET,69,72,,,wnbastats,,,,
wnbas-1020100052,2001-06-16,2001,regular,CLE,MIA,70,53,,,wnbastats,,,,
wnbas-1020100053,2001-06-16,2001,regular,IND,MIN,67,65,,,wnbastats,,,,
wnbas-1020100054,2001-06-16,2001,regular,PHO,ORL,72,68,,,wnbastats,,,,
wnbas-1020100055,2001-06-16,2001,regular,SAC,POR,74,81,,,wnbastats,,,,
wnbas-1020100056,2001-06-16,2001,regular,SEA,LAS,60,73,,,wnbastats,,,,
wnbas-1020100057,2001-06-17,2001,regular,WAS,CLE,55,57,,,wnbastats,,,,
wnbas-1020100058,2001-06-17,2001,regular,MIA,NYL,48,55,,,wnbastats,,,,
wnbas-1020100059,2001-06-17,2001,regular,DET,MIN,63,71,,,wnbastats,,,,
wnbas-1020100061,2001-06-17,2001,regular,LAS,POR,90,75,,,wnbastats,,,,
wnbas-1020100062,2001-06-18,2001,regular,IND,ORL,65,72,,,wnbastats,,,,
wnbas-1020100063,2001-06-18,2001,regular,SEA,CHA,60,52,,,wnbastats,,,,
wnbas-1020100065,2001-06-19,2001,regular,LAS,CHA,73,69,,,wnbastats,,,,
wnbas-1020100066,2001-06-19,2001,regular,SAC,NYL,56,65,,,wnbastats,,,,
wnbas-1020100067,2001-06-19,2001,regular,POR,SEA,58,43,,,wnbastats,,,,
wnbas-1020100037,2001-06-21,2001,regular,HOU,LAS,69,65,,,wnbastats,,,,
wnbas-1020100068,2001-06-21,2001,regular,WAS,MIA,63,74,,,wnbastats,,,,
wnbas-1020100069,2001-06-21,2001,regular,UTA,SAC,75,87,,,wnbastats,,,,
wnbas-1020100070,2001-06-21,2001,regular,PHO,NYL,70,95,,,wnbastats,,,,
wnbas-1020100071,2001-06-22,2001,regular,CLE,LAS,74,70,,,wnbastats,,,,
wnbas-1020100072,2001-06-22,2001,regular,IND,DET,77,56,,,wnbastats,,,,
wnbas-1020100073,2001-06-22,2001,regular,MIN,MIA,63,57,,,wnbastats,,,,
wnbas-1020100074,2001-06-22,2001,regular,PHO,SEA,55,58,,,wnbastats,,,,
wnbas-1020100075,2001-06-22,2001,regular,POR,CHA,66,62,,,wnbastats,,,,
wnbas-1020100076,2001-06-23,2001,regular,ORL,WAS,67,59,,,wnbastats,,,,
wnbas-1020100077,2001-06-23,2001,regular,DET,IND,70,74,,,wnbastats,,,,
wnbas-1020100078,2001-06-23,2001,regular,HOU,SAC,70,56,,,wnbastats,,,,
wnbas-1020100079,2001-06-23,2001,regular,UTA,MIN,87,80,,,wnbastats,,,,
wnbas-1020100046,2001-06-24,2001,regular,HOU,POR,67,57,,,wnbastats,,,,
wnbas-1020100080,2001-06-24,2001,regular,NYL,LAS,82,69,,,wnbastats,,,,
wnbas-1020100081,2001-06-24,2001,regular,CHA,SAC,82,85,,,wnbastats,,,,
wnbas-1020100082,2001-06-24,2001,regular,MIA,CLE,35,54,,,wnbastats,,,,
wnbas-1020100083,2001-06-25,2001,regular,WAS,MIN,51,55,,,wnbastats,,,,
wnbas-1020100084,2001-06-25,2001,regular,ORL,NYL,67,54,,,wnbastats,,,,
wnbas-1020100085,2001-06-25,2001,regular,UTA,SEA,47,65,,,wnbastats,,,,
wnbas-1020100086,2001-06-26,2001,regular,DET,LAS,89,98,,,wnbastats,,,,
wnbas-1020100087,2001-06-26,2001,regular,CLE,POR,61,57,,,wnbastats,,,,
wnbas-1020100064,2001-06-27,2001,regular,HOU,WAS,76,63,,,wnbastats,,,,
wnbas-1020100088,2001-06-27,2001,regular,CHA,DET,74,50,,,wnbastats,,,,
wnbas-1020100089,2001-06-27,2001,regular,ORL,CLE,41,65,,,wnbastats,,,,
wnbas-1020100090,2001-06-27,2001,regular,MIA,UTA,63,68,,,wnbastats,,,,
wnbas-1020100091,2001-06-27,2001,regular,IND,POR,65,68,,,wnbastats,,,,
wnbas-1020100092,2001-06-28,2001,regular,MIN,SEA,68,59,,,wnbastats,,,,
wnbas-1020100093,2001-06-28,2001,regular,SAC,HOU,64,54,,,wnbastats,,,,
wnbas-1020100094,2001-06-29,2001,regular,WAS,UTA,74,64,,,wnbastats,,,,
wnbas-1020100095,2001-06-29,2001,regular,MIA,POR,72,74,,,wnbastats,,,,
wnbas-1020100096,2001-06-29,2001,regular,DET,PHO,75,71,,,wnbastats,,,,
wnbas-1020100097,2001-06-29,2001,regular,IND,CHA,67,75,,,wnbastats,,,,
wnbas-1020100098,2001-06-30,2001,regular,NYL,ORL,72,60,,,wnbastats,,,,
wnbas-1020100099,2001-06-30,2001,regular,CHA,CLE,58,55,,,wnbastats,,,,
wnbas-1020100100,2001-06-30,2001,regular,MIN,HOU,52,59,,,wnbastats,,,,
wnbas-1020100101,2001-06-30,2001,regular,SEA,SAC,59,65,,,wnbastats,,,,
wnbas-1020100102,2001-07-01,2001,regular,WAS,ORL,76,64,,,wnbastats,,,,
wnbas-1020100103,2001-07-01,2001,regular,CLE,MIN,52,47,,,wnbastats,,,,
wnbas-1020100104,2001-07-01,2001,regular,IND,PHO,86,78,,,wnbastats,,,,
wnbas-1020100105,2001-07-01,2001,regular,LAS,MIA,86,60,,,wnbastats,,,,
wnbas-1020100106,2001-07-02,2001,regular,NYL,DET,66,60,,,wnbastats,,,,
wnbas-1020100107,2001-07-02,2001,regular,HOU,POR,74,67,,,wnbastats,,,,
wnbas-1020100108,2001-07-02,2001,regular,UTA,MIA,59,69,,,wnbastats,,,,
wnbas-1020100109,2001-07-03,2001,regular,CHA,NYL,66,61,,,wnbastats,,,,
wnbas-1020100110,2001-07-03,2001,regular,MIN,SAC,52,91,,,wnbastats,,,,
wnbas-1020100111,2001-07-03,2001,regular,LAS,UTA,84,71,,,wnbastats,,,,
wnbas-1020100112,2001-07-03,2001,regular,SEA,WAS,69,72,,,wnbastats,,,,
wnbas-1020100113,2001-07-04,2001,regular,PHO,MIA,60,47,,,wnbastats,,,,
wnbas-1020100114,2001-07-04,2001,regular,POR,SEA,56,61,,,wnbastats,,,,
wnbas-1020100115,2001-07-05,2001,regular,LAS,PHO,73,50,,,wnbastats,,,,
wnbas-1020100116,2001-07-06,2001,regular,ORL,SAC,68,75,,,wnbastats,,,,
wnbas-1020100117,2001-07-06,2001,regular,DET,CHA,50,67,,,wnbastats,,,,
wnbas-1020100118,2001-07-06,2001,regular,MIN,NYL,57,70,,,wnbastats,,,,
wnbas-1020100119,2001-07-06,2001,regular,HOU,IND,79,64,,,wnbastats,,,,
wnbas-1020100120,2001-07-06,2001,regular,UTA,CLE,73,69,,,wnbastats,,,,
wnbas-1020100121,2001-07-06,2001,regular,POR,WAS,69,58,,,wnbastats,,,,
wnbas-1020100122,2001-07-07,2001,regular,CHA,SEA,48,38,,,wnbastats,,,,
wnbas-1020100123,2001-07-07,2001,regular,MIA,SAC,66,54,,,wnbastats,,,,
wnbas-1020100124,2001-07-07,2001,regular,PHO,WAS,66,52,,,wnbastats,,,,
wnbas-1020100125,2001-07-08,2001,regular,ORL,DET,73,67,,,wnbastats,,,,
wnbas-1020100126,2001-07-08,2001,regular,IND,NYL,56,58,,,wnbastats,,,,
wnbas-1020100127,2001-07-08,2001,regular,HOU,CLE,53,63,,,wnbastats,,,,
wnbas-1020100128,2001-07-08,2001,regular,LAS,MIN,100,95,,,wnbastats,,,,
wnbas-1020100129,2001-07-08,2001,regular,POR,UTA,63,65,,,wnbastats,,,,
wnbas-1020100130,2001-07-09,2001,regular,NYL,IND,72,65,,,wnbastats,,,,
wnbas-1020100131,2001-07-10,2001,regular,ORL,MIA,63,65,,,wnbastats,,,,
wnbas-1020100132,2001-07-10,2001,regular,CLE,SEA,59,53,,,wnbastats,,,,
wnbas-1020100133,2001-07-10,2001,regular,MIN,POR,73,52,,,wnbastats,,,,
wnbas-1020100134,2001-07-10,2001,regular,UTA,LAS,67,79,,,wnbastats,,,,
wnbas-1020100135,2001-07-10,2001,regular,SAC,HOU,78,76,,,wnbastats,,,,
wnbas-1020100136,2001-07-11,2001,regular,NYL,SEA,67,53,,,wnbastats,,,,
wnbas-1020100137,2001-07-11,2001,regular,WAS,DET,52,64,,,wnbastats,,,,
wnbas-1020100138,2001-07-11,2001,regular,IND,CLE,58,76,,,wnbastats,,,,
wnbas-1020100139,2001-07-11,2001,regular,PHO,LAS,61,75,,,wnbastats,,,,
wnbas-1020100140,2001-07-12,2001,regular,CHA,ORL,69,72,,,wnbastats,,,,
wnbas-1020100141,2001-07-12,2001,regular,SAC,UTA,69,67,,,wnbastats,,,,
wnbas-1020100142,2001-07-12,2001,regular,POR,HOU,57,71,,,wnbastats,,,,
wnbas-1020100143,2001-07-13,2001,regular,NYL,MIN,67,64,,,wnbastats,,,,
wnbas-1020100144,2001-07-13,2001,regular,DET,MIA,55,56,,,wnbastats,,,,
wnbas-1020100145,2001-07-13,2001,regular,CLE,PHO,69,61,,,wnbastats,,,,
wnbas-1020100146,2001-07-13,2001,regular,IND,ORL,74,60,,,wnbastats,,,,
wnbas-1020100147,2001-07-13,2001,regular,SEA,HOU,55,58,,,wnbastats,,,,
wnbas-1020100148,2001-07-14,2001,regular,WAS,LAS,50,62,,,wnbastats,,,,
wnbas-1020100149,2001-07-14,2001,regular,CHA,IND,71,58,,,wnbastats,,,,
wnbas-1020100150,2001-07-14,2001,regular,MIA,DET,66,51,,,wnbastats,,,,
wnbas-1020100151,2001-07-14,2001,regular,MIN,PHO,67,80,,,wnbastats,,,,
wnbas-1020100152,2001-07-14,2001,regular,UTA,SAC,69,57,,,wnbastats,,,,
wnbas-1020100153,2001-07-18,2001,regular,ORL,HOU,57,52,,,wnbastats,,,,
wnbas-1020100154,2001-07-18,2001,regular,MIA,CHA,68,48,,,wnbastats,,,,
wnbas-1020100155,2001-07-18,2001,regular,DET,NYL,67,80,,,wnbastats,,,,
wnbas-1020100156,2001-07-18,2001,regular,IND,UTA,57,61,,,wnbastats,,,,
wnbas-1020100157,2001-07-18,2001,regular,MIN,SEA,68,58,,,wnbastats,,,,
wnbas-1020100158,2001-07-19,2001,regular,CLE,NYL,65,60,,,wnbastats,,,,
wnbas-1020100159,2001-07-19,2001,regular,PHO,POR,60,58,,,wnbastats,,,,
wnbas-1020100160,2001-07-19,2001,regular,SAC,LAS,68,83,,,wnbastats,,,,
wnbas-1020100161,2001-07-20,2001,regular,CHA,ORL,72,65,,,wnbastats,,,,
wnbas-1020100162,2001-07-20,2001,regular,MIA,HOU,64,50,,,wnbastats,,,,
wnbas-1020100163,2001-07-20,2001,regular,IND,WAS,73,65,,,wnbastats,,,,
wnbas-1020100164,2001-07-20,2001,regular,SEA,POR,49,56,,,wnbastats,,,,
wnbas-1020100165,2001-07-21,2001,regular,ORL,MIN,71,49,,,wnbastats,,,,
wnbas-1020100166,2001-07-21,2001,regular,CLE,CHA,56,41,,,wnbastats,,,,
wnbas-1020100167,2001-07-21,2001,regular,PHO,UTA,59,50,,,wnbastats,,,,
wnbas-1020100168,2001-07-21,2001,regular,LAS,SEA,85,79,,,wnbastats,,,,
wnbas-1020100169,2001-07-21,2001,regular,SAC,DET,66,52,,,wnbastats,,,,
wnbas-1020100170,2001-07-22,2001,regular,NYL,MIA,52,68,,,wnbastats,,,,
wnbas-1020100171,2001-07-22,2001,regular,WAS,IND,69,61,,,wnbastats,,,,
wnbas-1020100172,2001-07-22,2001,regular,POR,DET,77,80,,,wnbastats,,,,
wnbas-1020100173,2001-07-23,2001,regular,MIN,HOU,46,51,,,wnbastats,,,,
wnbas-1020100174,2001-07-24,2001,regular,CHA,IND,75,66,,,wnbastats,,,,
wnbas-1020100175,2001-07-24,2001,regular,ORL,WAS,71,63,,,wnbastats,,,,
wnbas-1020100176,2001-07-24,2001,regular,HOU,UTA,67,76,,,wnbastats,,,,
wnbas-1020100177,2001-07-24,2001,regular,POR,NYL,86,68,,,wnbastats,,,,
wnbas-1020100178,2001-07-24,2001,regular,SEA,DET,74,69,,,wnbastats,,,,
wnbas-1020100179,2001-07-25,2001,regular,CLE,MIA,52,48,,,wnbastats,,,,
wnbas-1020100180,2001-07-25,2001,regular,LAS,SAC,80,78,,,wnbastats,,,,
wnbas-1020100181,2001-07-26,2001,regular,CHA,WAS,62,60,,,wnbastats,,,,
wnbas-1020100182,2001-07-26,2001,regular,UTA,NYL,71,63,,,wnbastats,,,,
wnbas-1020100183,2001-07-26,2001,regular,PHO,DET,63,62,,,wnbastats,,,,
wnbas-1020100184,2001-07-27,2001,regular,MIA,ORL,71,63,,,wnbastats,,,,
wnbas-1020100185,2001-07-27,2001,regular,CLE,IND,63,67,,,wnbastats,,,,
wnbas-1020100186,2001-07-27,2001,regular,MIN,WAS,60,62,,,wnbastats,,,,
wnbas-1020100187,2001-07-27,2001,regular,SAC,POR,85,62,,,wnbastats,,,,
wnbas-1020100188,2001-07-27,2001,regular,SEA,PHO,54,56,,,wnbastats,,,,
wnbas-1020100189,2001-07-28,2001,regular,DET,CLE,50,57,,,wnbastats,,,,
wnbas-1020100190,2001-07-28,2001,regular,IND,MIA,63,69,,,wnbastats,,,,
wnbas-1020100191,2001-07-28,2001,regular,HOU,NYL,61,64,,,wnbastats,,,,
wnbas-1020100192,2001-07-28,2001,regular,UTA,MIN,68,60,,,wnbastats,,,,
wnbas-1020100193,2001-07-28,2001,regular,POR,LAS,83,88,,,wnbastats,,,,
wnbas-1020100194,2001-07-29,2001,regular,WAS,CHA,55,42,,,wnbastats,,,,
wnbas-1020100195,2001-07-29,2001,regular,DET,ORL,64,62,,,wnbastats,,,,
wnbas-1020100196,2001-07-29,2001,regular,SAC,PHO,63,47,,,wnbastats,,,,
wnbas-1020100197,2001-07-30,2001,regular,CLE,ORL,65,47,,,wnbastats,,,,
wnbas-1020100198,2001-07-30,2001,regular,HOU,SEA,55,51,,,wnbastats,,,,
wnbas-1020100199,2001-07-30,2001,regular,LAS,MIN,78,69,,,wnbastats,,,,
wnbas-1020100200,2001-07-30,2001,regular,POR,UTA,73,79,,,wnbastats,,,,
wnbas-1020100201,2001-07-31,2001,regular,CHA,MIA,63,45,,,wnbastats,,,,
wnbas-1020100060,2001-08-01,2001,regular,HOU,UTA,63,71,,,wnbastats,,,,
wnbas-1020100202,2001-08-01,2001,regular,NYL,DET,66,63,,,wnbastats,,,,
wnbas-1020100203,2001-08-01,2001,regular,ORL,POR,65,63,,,wnbastats,,,,
wnbas-1020100204,2001-08-01,2001,regular,IND,WAS,70,64,,,wnbastats,,,,
wnbas-1020100205,2001-08-01,2001,regular,PHO,MIN,63,68,,,wnbastats,,,,
wnbas-1020100206,2001-08-02,2001,regular,LAS,SAC,67,62,,,wnbastats,,,,
wnbas-1020100207,2001-08-03,2001,regular,WAS,POR,64,50,,,wnbastats,,,,
wnbas-1020100208,2001-08-03,2001,regular,MIA,PHO,72,61,,,wnbastats,,,,
wnbas-1020100209,2001-08-03,2001,regular,MIN,CHA,64,72,,,wnbastats,,,,
wnbas-1020100210,2001-08-03,2001,regular,HOU,ORL,72,60,,,wnbastats,,,,
wnbas-1020100211,2001-08-03,2001,regular,SAC,IND,81,69,,,wnbastats,,,,
wnbas-1020100212,2001-08-03,2001,regular,SEA,UTA,61,64,,,wnbastats,,,,
wnbas-1020100213,2001-08-04,2001,regular,NYL,CLE,43,58,,,wnbastats,,,,
wnbas-1020100214,2001-08-04,2001,regular,CHA,HOU,54,49,,,wnbastats,,,,
wnbas-1020100215,2001-08-04,2001,regular,DET,POR,70,65,,,wnbastats,,,,
wnbas-1020100216,2001-08-04,2001,regular,UTA,IND,65,54,,,wnbastats,,,,
wnbas-1020100217,2001-08-04,2001,regular,LAS,SEA,79,60,,,wnbastats,,,,
wnbas-1020100218,2001-08-05,2001,regular,ORL,PHO,78,69,,,wnbastats,,,,
wnbas-1020100219,2001-08-05,2001,regular,MIA,WAS,52,44,,,wnbastats,,,,
wnbas-1020100220,2001-08-05,2001,regular,MIN,SAC,79,76,,,wnbastats,,,,
wnbas-1020100221,2001-08-06,2001,regular,WAS,CHA,60,65,,,wnbastats,,,,
wnbas-1020100222,2001-08-06,2001,regular,HOU,PHO,62,48,,,wnbastats,,,,
wnbas-1020100223,2001-08-06,2001,regular,LAS,IND,81,66,,,wnbastats,,,,
wnbas-1020100224,2001-08-07,2001,regular,ORL,CLE,74,67,,,wnbastats,,,,
wnbas-1020100225,2001-08-07,2001,regular,DET,UTA,69,76,,,wnbastats,,,,
wnbas-1020100226,2001-08-07,2001,regular,SAC,MIN,76,59,,,wnbastats,,,,
wnbas-1020100227,2001-08-08,2001,regular,NYL,UTA,82,63,,,wnbastats,,,,
wnbas-1020100228,2001-08-08,2001,regular,WAS,MIA,36,42,,,wnbastats,,,,
wnbas-1020100229,2001-08-08,2001,regular,CLE,DET,73,66,,,wnbastats,,,,
wnbas-1020100230,2001-08-08,2001,regular,LAS,PHO,79,67,,,wnbastats,,,,
wnbas-1020100231,2001-08-08,2001,regular,POR,MIN,58,70,,,wnbastats,,,,
wnbas-1020100232,2001-08-08,2001,regular,SEA,HOU,72,55,,,wnbastats,,,,
wnbas-1020100233,2001-08-10,2001,regular,NYL,ORL,77,67,,,wnbastats,,,,
wnbas-1020100234,2001-08-10,2001,regular,MIA,IND,72,67,,,wnbastats,,,,
wnbas-1020100235,2001-08-10,2001,regular,DET,WAS,69,63,,,wnbastats,,,,
wnbas-1020100236,2001-08-10,2001,regular,CLE,CHA,53,55,,,wnbastats,,,,
wnbas-1020100237,2001-08-10,2001,regular,UTA,PHO,69,57,,,wnbastats,,,,
wnbas-1020100238,2001-08-10,2001,regular,SEA,MIN,51,65,,,wnbastats,,,,
wnbas-1020100239,2001-08-11,2001,regular,CHA,NYL,80,60,,,wnbastats,,,,
wnbas-1020100240,2001-08-11,2001,regular,ORL,MIA,64,75,,,wnbastats,,,,
wnbas-1020100241,2001-08-11,2001,regular,PHO,POR,73,62,,,wnbastats,,,,
wnbas-1020100242,2001-08-11,2001,regular,LAS,HOU,65,54,,,wnbastats,,,,
wnbas-1020100243,2001-08-11,2001,regular,SAC,SEA,81,61,,,wnbastats,,,,
wnbas-1020100244,2001-08-12,2001,regular,WAS,CLE,57,49,,,wnbastats,,,,
wnbas-1020100245,2001-08-12,2001,regular,IND,DET,83,66,,,wnbastats,,,,
wnbas-1020100246,2001-08-12,2001,regular,MIN,UTA,69,62,,,wnbastats,,,,
wnbas-1020100247,2001-08-12,2001,regular,POR,SAC,58,64,,,wnbastats,,,,
wnbas-1020100248,2001-08-13,2001,regular,HOU,MIN,74,60,,,wnbastats,,,,
wnbas-1020100249,2001-08-13,2001,regular,UTA,LAS,80,78,,,wnbastats,,,,
wnbas-1020100250,2001-08-14,2001,regular,NYL,WAS,71,56,,,wnbastats,,,,
wnbas-1020100251,2001-08-14,2001,regular,ORL,IND,78,72,,,wnbastats,,,,
wnbas-1020100252,2001-08-14,2001,regular,MIA,CHA,41,48,,,wnbastats,,,,
wnbas-1020100253,2001-08-14,2001,regular,DET,CLE,76,65,,,wnbastats,,,,
wnbas-1020100254,2001-08-14,2001,regular,PHO,HOU,56,38,,,wnbastats,,,,
wnbas-1020100255,2001-08-14,2001,regular,POR,LAS,58,67,,,wnbastats,,,,
wnbas-1020100256,2001-08-14,2001,regular,SEA,SAC,62,72,,,wnbastats,,,,
wnbas-1040100001,2001-08-16,2001,postseason,CHA,CLE,53,46,,,wnbastats,,,,
wnbas-1040100002,2001-08-17,2001,postseason,MIA,NYL,46,62,,,wnbastats,,,,
wnbas-1040100007,2001-08-17,2001,postseason,UTA,SAC,65,89,,,wnbastats,,,,
wnbas-1040100003,2001-08-18,2001,postseason,CLE,CHA,69,51,,,wnbastats,,,,
wnbas-1040100008,2001-08-18,2001,postseason,HOU,LAS,59,64,,,wnbastats,,,,
wnbas-1040100004,2001-08-19,2001,postseason,NYL,MIA,50,53,,,wnbastats,,,,
wnbas-1040100009,2001-08-19,2001,postseason,SAC,UTA,71,66,,,wnbastats,,,,
wnbas-1040100005,2001-08-20,2001,postseason,CLE,CHA,64,72,,,wnbastats,,,,
wnbas-1040100010,2001-08-20,2001,postseason,LAS,HOU,70,58,,,wnbastats,,,,
wnbas-1040100006,2001-08-21,2001,postseason,NYL,MIA,72,61,,,wnbastats,,,,
wnbas-1040100013,2001-08-24,2001,postseason,SAC,LAS,73,74,,,wnbastats,,,,
wnbas-1040100016,2001-08-24,2001,postseason,CHA,NYL,57,61,,,wnbastats,,,,
wnbas-1040100014,2001-08-26,2001,postseason,LAS,SAC,60,80,,,wnbastats,,,,
wnbas-1040100017,2001-08-26,2001,postseason,NYL,CHA,53,62,,,wnbastats,,,,
wnbas-1040100015,2001-08-27,2001,postseason,LAS,SAC,93,62,,,wnbastats,,,,
wnbas-1040100018,2001-08-27,2001,postseason,NYL,CHA,44,48,,,wnbastats,,,,
wnbas-1040100019,2001-08-30,2001,postseason,CHA,LAS,66,75,,,wnbastats,,,,
wnbas-1040100020,2001-09-01,2001,postseason,LAS,CHA,82,54,,,wnbastats,,,,
espn-220525006,2002-05-25,2002,regular,LOS,NYL,72,64,,,espn,,,,
espn-220525008,2002-05-25,2002,regular,MIN,UTH,75,79,,,espn,,,,
espn-220527004,2002-05-27,2002,regular,HOU,LOS,55,68,,,espn,,,,
espn-220528007,2002-05-28,2002,regular,MIA,MIN,63,66,,,espn,,,,
espn-220529004,2002-05-29,2002,regular,HOU,PHO,61,56,,,espn,,,,
espn-220529012,2002-05-29,2002,regular,POR,NYL,62,84,,,espn,,,,
espn-220530007,2002-05-30,2002,regular,MIA,LOS,65,69,,,espn,,,,
espn-220530010,2002-05-30,2002,regular,ORL,TUL,80,66,,,espn,,,,
espn-220530014,2002-05-30,2002,regular,SEA,NYL,61,78,,,espn,,,,
espn-220530015,2002-05-30,2002,regular,UTH,POR,69,64,,,espn,,,,
espn-220601001,2002-06-01,2002,regular,CHA,LOS,94,87,,,espn,,,,
espn-220601002,2002-06-01,2002,regular,CLE,HOU,65,69,,,espn,,,,
espn-220601005,2002-06-01,2002,regular,IND,TUL,79,62,,,espn,,,,
espn-220601011,2002-06-01,2002,regular,PHO,UTH,71,66,,,espn,,,,
espn-220601013,2002-06-01,2002,regular,SAC,MIN,61,63,,,espn,,,,
espn-220601016,2002-06-01,2002,regular,WAS,ORL,93,82,,,espn,,,,
espn-220602003,2002-06-02,2002,regular,TUL,IND,65,78,,,espn,,,,
espn-220602009,2002-06-02,2002,regular,NYL,MIA,58,52,,,espn,,,,
espn-220602012,2002-06-02,2002,regular,POR,SEA,47,57,,,espn,,,,
espn-220603001,2002-06-03,2002,regular,CHA,HOU,67,52,,,espn,,,,
espn-220603006,2002-06-03,2002,regular,LOS,POR,89,72,,,espn,,,,
espn-220603011,2002-06-03,2002,regular,PHO,WAS,71,65,,,espn,,,,
espn-220604007,2002-06-04,2002,regular,MIA,ORL,69,71,,,espn,,,,
espn-220604014,2002-06-04,2002,regular,SEA,MIN,78,68,,,espn,,,,
espn-220604015,2002-06-04,2002,regular,UTH,WAS,89,97,,,espn,,,,
espn-220605005,2002-06-05,2002,regular,IND,HOU,45,56,,,espn,,,,
espn-220605009,2002-06-05,2002,regular,NYL,TUL,60,59,,,espn,,,,
espn-220606002,2002-06-06,2002,regular,CLE,TUL,72,55,,,espn,,,,
espn-220606012,2002-06-06,2002,regular,POR,SAC,86,73,,,espn,,,,
espn-220606014,2002-06-06,2002,regular,SEA,CHA,65,59,,,espn,,,,
espn-220607016,2002-06-07,2002,regular,WAS,IND,89,68,,,espn,,,,
espn-220608005,2002-06-08,2002,regular,IND,NYL,71,62,,,espn,,,,
espn-220608008,2002-06-08,2002,regular,MIN,LOS,72,76,,,espn,,,,
espn-220608010,2002-06-08,2002,regular,ORL,CLE,103,99,,,espn,,,,
espn-220608015,2002-06-08,2002,regular,UTH,CHA,69,64,,,espn,,,,
espn-220609003,2002-06-09,2002,regular,TUL,NYL,63,70,,,espn,,,,
espn-220609004,2002-06-09,2002,regular,HOU,SAC,75,62,,,espn,,,,
espn-220609011,2002-06-09,2002,regular,PHO,CHA,80,77,,,espn,,,,
espn-220609014,2002-06-09,2002,regular,SEA,UTH,68,71,,,espn,,,,
espn-220609016,2002-06-09,2002,regular,WAS,MIA,76,67,,,espn,,,,
espn-220611004,2002-06-11,2002,regular,HOU,CHA,78,66,,,espn,,,,
espn-220611006,2002-06-11,2002,regular,LOS,TUL,90,80,,,espn,,,,
espn-220611007,2002-06-11,2002,regular,MIA,CLE,74,65,,,espn,,,,
espn-220611008,2002-06-11,2002,regular,MIN,SAC,72,63,,,espn,,,,
espn-220611010,2002-06-11,2002,regular,ORL,IND,69,75,,,espn,,,,
espn-220611014,2002-06-11,2002,regular,SEA,POR,63,70,,,espn,,,,
espn-220611015,2002-06-11,2002,regular,UTH,NYL,68,71,,,espn,,,,
espn-220613001,2002-06-13,2002,regular,CHA,IND,75,64,,,espn,,,,
espn-220613008,2002-06-13,2002,regular,MIN,POR,60,46,,,espn,,,,
espn-220613011,2002-06-13,2002,regular,PHO,TUL,70,67,,,espn,,,,
espn-220613013,2002-06-13,2002,regular,SAC,NYL,78,77,,,espn,,,,
espn-220613016,2002-06-13,2002,regular,WAS,HOU,70,64,,,espn,,,,
espn-220614002,2002-06-14,2002,regular,CLE,WAS,63,69,,,espn,,,,
espn-220614011,2002-06-14,2002,regular,PHO,SEA,82,90,,,espn,,,,
espn-220615004,2002-06-15,2002,regular,HOU,MIN,51,50,,,espn,,,,
espn-220615005,2002-06-15,2002,regular,IND,CLE,68,79,,,espn,,,,
espn-220615010,2002-06-15,2002,regular,ORL,MIA,65,69,,,espn,,,,
espn-220615012,2002-06-15,2002,regular,POR,TUL,67,60,,,espn,,,,
espn-220615013,2002-06-15,2002,regular,SAC,LOS,66,72,,,espn,,,,
espn-220615015,2002-06-15,2002,regular,UTH,SEA,61,54,,,espn,,,,
espn-220616009,2002-06-16,2002,regular,NYL,CHA,54,53,,,espn,,,,
espn-220618007,2002-06-18,2002,regular,MIA,HOU,46,53,,,espn,,,,
espn-220618009,2002-06-18,2002,regular,NYL,ORL,62,71,,,espn,,,,
espn-220618011,2002-06-18,2002,regular,PHO,SAC,78,63,,,espn,,,,
espn-220618012,2002-06-18,2002,regular,POR,MIN,59,51,,,espn,,,,
espn-220618014,2002-06-18,2002,regular,SEA,LOS,68,80,,,espn,,,,
espn-220618015,2002-06-18,2002,regular,UTH,IND,79,71,,,espn,,,,
espn-220618016,2002-06-18,2002,regular,WAS,TUL,75,67,,,espn,,,,
espn-220619001,2002-06-19,2002,regular,CHA,WAS,78,64,,,espn,,,,
espn-220619002,2002-06-19,2002,regular,CLE,ORL,62,66,,,espn,,,,
espn-220620012,2002-06-20,2002,regular,POR,IND,72,81,,,espn,,,,
espn-220620013,2002-06-20,2002,regular,SAC,SEA,72,64,,,espn,,,,
espn-220621002,2002-06-21,2002,regular,CLE,NYL,80,69,,,espn,,,,
espn-220621003,2002-06-21,2002,regular,TUL,ORL,59,80,,,espn,,,,
espn-220621004,2002-06-21,2002,regular,HOU,PHO,61,59,,,espn,,,,
espn-220621006,2002-06-21,2002,regular,LOS,MIN,73,64,,,espn,,,,
espn-220621007,2002-06-21,2002,regular,MIA,WAS,60,65,,,espn,,,,
espn-220621014,2002-06-21,2002,regular,SEA,IND,63,51,,,espn,,,,
espn-220622001,2002-06-22,2002,regular,CHA,MIA,76,63,,,espn,,,,
espn-220622013,2002-06-22,2002,regular,SAC,UTH,61,77,,,espn,,,,
espn-220623010,2002-06-23,2002,regular,ORL,NYL,77,65,,,espn,,,,
espn-220623011,2002-06-23,2002,regular,PHO,MIN,70,61,,,espn,,,,
espn-220623012,2002-06-23,2002,regular,POR,HOU,58,71,,,espn,,,,
espn-220623014,2002-06-23,2002,regular,SEA,SAC,86,60,,,espn,,,,
espn-220623016,2002-06-23,2002,regular,WAS,CLE,63,45,,,espn,,,,
espn-220625002,2002-06-25,2002,regular,CLE,MIA,71,50,,,espn,,,,
espn-220625006,2002-06-25,2002,regular,LOS,PHO,89,66,,,espn,,,,
espn-220625008,2002-06-25,2002,regular,MIN,HOU,55,73,,,espn,,,,
espn-220625009,2002-06-25,2002,regular,NYL,IND,74,55,,,espn,,,,
espn-220625013,2002-06-25,2002,regular,SAC,WAS,86,87,,,espn,,,,
espn-220625015,2002-06-25,2002,regular,UTH,POR,86,83,,,espn,,,,
espn-220626003,2002-06-26,2002,regular,TUL,CHA,73,80,,,espn,,,,
espn-220626011,2002-06-26,2002,regular,PHO,SEA,62,53,,,espn,,,,
espn-220626012,2002-06-26,2002,regular,POR,ORL,64,57,,,espn,,,,
espn-220627002,2002-06-27,2002,regular,CLE,SAC,73,50,,,espn,,,,
espn-220627006,2002-06-27,2002,regular,LOS,WAS,73,69,,,espn,,,,
espn-220627014,2002-06-27,2002,regular,SEA,ORL,73,71,,,espn,,,,
espn-220628003,2002-06-28,2002,regular,TUL,MIA,74,78,,,espn,,,,
espn-220628004,2002-06-28,2002,regular,HOU,UTH,73,57,,,espn,,,,
espn-220628005,2002-06-28,2002,regular,IND,SAC,67,60,,,espn,,,,
espn-220628009,2002-06-28,2002,regular,NYL,CLE,58,67,,,espn,,,,
espn-220628011,2002-06-28,2002,regular,PHO,LOS,72,84,,,espn,,,,
espn-220628012,2002-06-28,2002,regular,POR,WAS,72,66,,,espn,,,,
espn-220629008,2002-06-29,2002,regular,MIN,ORL,67,59,,,espn,,,,
espn-220630002,2002-06-30,2002,regular,CLE,UTH,62,79,,,espn,,,,
espn-220630003,2002-06-30,2002,regular,TUL,SAC,71,60,,,espn,,,,
espn-220630006,2002-06-30,2002,regular,LOS,HOU,58,60,,,espn,,,,
espn-220630007,2002-06-30,2002,regular,MIA,IND,65,59,,,espn,,,,
espn-220630009,2002-06-30,2002,regular,NYL,POR,44,54,,,espn,,,,
espn-220630016,2002-06-30,2002,regular,WAS,CHA,56,55,,,espn,,,,
espn-220701001,2002-07-01,2002,regular,CHA,PHO,90,68,,,espn,,,,
espn-220701008,2002-07-01,2002,regular,MIN,TUL,85,80,,,espn,,,,
espn-220702002,2002-07-02,2002,regular,CLE,POR,64,68,,,espn,,,,
espn-220702009,2002-07-02,2002,regular,NYL,SEA,74,63,,,espn,,,,
espn-220703001,2002-07-03,2002,regular,CHA,POR,73,76,,,espn,,,,
espn-220703007,2002-07-03,2002,regular,MIA,PHO,86,61,,,espn,,,,
espn-220703008,2002-07-03,2002,regular,MIN,WAS,63,64,,,espn,,,,
espn-220703010,2002-07-03,2002,regular,ORL,IND,79,71,,,espn,,,,
espn-220703015,2002-07-03,2002,regular,UTH,HOU,67,78,,,espn,,,,
espn-220705002,2002-07-05,2002,regular,CLE,SEA,65,73,,,espn,,,,
espn-220705006,2002-07-05,2002,regular,LOS,SAC,87,65,,,espn,,,,
espn-220705007,2002-07-05,2002,regular,MIA,CHA,68,72,,,espn,,,,
espn-220705015,2002-07-05,2002,regular,UTH,MIN,87,56,,,espn,,,,
espn-220706001,2002-07-06,2002,regular,CHA,CLE,78,67,,,espn,,,,
espn-220706004,2002-07-06,2002,regular,HOU,TUL,61,40,,,espn,,,,
espn-220706005,2002-07-06,2002,regular,IND,WAS,50,45,,,espn,,,,
espn-220706010,2002-07-06,2002,regular,ORL,PHO,72,70,,,espn,,,,
espn-220707006,2002-07-07,2002,regular,LOS,UTH,102,75,,,espn,,,,
espn-220707007,2002-07-07,2002,regular,MIA,SEA,65,61,,,espn,,,,
espn-220707012,2002-07-07,2002,regular,POR,SAC,74,59,,,espn,,,,
espn-220708005,2002-07-08,2002,regular,IND,CLE,68,59,,,espn,,,,
espn-220708009,2002-07-08,2002,regular,NYL,PHO,77,71,,,espn,,,,
espn-220708010,2002-07-08,2002,regular,ORL,WAS,51,63,,,espn,,,,
espn-220708015,2002-07-08,2002,regular,UTH,TUL,94,76,,,espn,,,,
espn-220709001,2002-07-09,2002,regular,CHA,MIA,55,66,,,espn,,,,
espn-220709004,2002-07-09,2002,regular,HOU,SEA,67,59,,,espn,,,,
espn-220709016,2002-07-09,2002,regular,WAS,PHO,68,54,,,espn,,,,
espn-220710003,2002-07-10,2002,regular,TUL,NYL,66,63,,,espn,,,,
espn-220710005,2002-07-10,2002,regular,IND,UTH,69,82,,,espn,,,,
espn-220710008,2002-07-10,2002,regular,MIN,POR,72,75,,,espn,,,,
espn-220711011,2002-07-11,2002,regular,PHO,HOU,58,52,,,espn,,,,
espn-220711013,2002-07-11,2002,regular,SAC,CLE,71,69,,,espn,,,,
espn-220711014,2002-07-11,2002,regular,SEA,LOS,79,60,,,espn,,,,
espn-220712003,2002-07-12,2002,regular,TUL,MIN,72,69,,,espn,,,,
espn-220712005,2002-07-12,2002,regular,IND,MIA,62,68,,,espn,,,,
espn-220712010,2002-07-12,2002,regular,ORL,CHA,67,72,,,espn,,,,
espn-220712012,2002-07-12,2002,regular,POR,LOS,76,82,,,espn,,,,
espn-220712013,2002-07-12,2002,regular,SAC,HOU,60,74,,,espn,,,,
espn-220712014,2002-07-12,2002,regular,SEA,CLE,58,62,,,espn,,,,
espn-220713001,2002-07-13,2002,regular,CHA,MIN,63,60,,,espn,,,,
espn-220713007,2002-07-13,2002,regular,MIA,ORL,70,56,,,espn,,,,
espn-220713015,2002-07-13,2002,regular,UTH,PHO,75,66,,,espn,,,,
espn-220713016,2002-07-13,2002,regular,WAS,NYL,53,67,,,espn,,,,
espn-220715098,2002-07-15,2002,regular,EAST,WEST,76,81,,,espn,,,,
espn-220717001,2002-07-17,2002,regular,CHA,ORL,89,62,,,espn,,,,
espn-220717005,2002-07-17,2002,regular,IND,LOS,58,73,,,espn,,,,
espn-220717007,2002-07-17,2002,regular,MIA,SAC,62,78,,,espn,,,,
espn-220717008,2002-07-17,2002,regular,MIN,CLE,48,58,,,espn,,,,
espn-220717012,2002-07-17,2002,regular,POR,PHO,73,61,,,espn,,,,
espn-220717015,2002-07-17,2002,regular,UTH,HOU,75,67,,,espn,,,,
espn-220718009,2002-07-18,2002,regular,NYL,LOS,72,59,,,espn,,,,
espn-220718016,2002-07-18,2002,regular,WAS,TUL,63,59,,,espn,,,,
espn-220719001,2002-07-19,2002,regular,CHA,SAC,70,51,,,espn,,,,
espn-220719005,2002-07-19,2002,regular,IND,NYL,62,70,,,espn,,,,
espn-220719008,2002-07-19,2002,regular,MIN,MIA,58,61,,,espn,,,,
espn-220719010,2002-07-19,2002,regular,ORL,UTH,84,73,,,espn,,,,
espn-220719012,2002-07-19,2002,regular,POR,HOU,70,60,,,espn,,,,
espn-220719014,2002-07-19,2002,regular,SEA,PHO,89,48,,,espn,,,,
espn-220720002,2002-07-20,2002,regular,CLE,LOS,50,63,,,espn,,,,
espn-220720003,2002-07-20,2002,regular,TUL,MIA,69,48,,,espn,,,,
espn-220720014,2002-07-20,2002,regular,SEA,HOU,54,56,,,espn,,,,
espn-220720016,2002-07-20,2002,regular,WAS,UTH,73,83,,,espn,,,,
espn-220721011,2002-07-21,2002,regular,PHO,POR,75,87,,,espn,,,,
espn-220721013,2002-07-21,2002,regular,SAC,ORL,62,60,,,espn,,,,
espn-220722005,2002-07-22,2002,regular,IND,CHA,73,72,,,espn,,,,
espn-220722006,2002-07-22,2002,regular,LOS,ORL,92,84,,,espn,,,,
espn-220722009,2002-07-22,2002,regular,NYL,CLE,73,52,,,espn,,,,
espn-220723003,2002-07-23,2002,regular,TUL,UTH,75,86,,,espn,,,,
espn-220723004,2002-07-23,2002,regular,HOU,SEA,66,54,,,espn,,,,
espn-220723007,2002-07-23,2002,regular,MIA,NYL,54,46,,,espn,,,,
espn-220724002,2002-07-24,2002,regular,CLE,CHA,66,73,,,espn,,,,
espn-220724006,2002-07-24,2002,regular,LOS,POR,73,69,,,espn,,,,
espn-220724008,2002-07-24,2002,regular,MIN,UTH,70,62,,,espn,,,,
espn-220725001,2002-07-25,2002,regular,CHA,CLE,73,83,,,espn,,,,
espn-220725003,2002-07-25,2002,regular,TUL,WAS,64,58,,,espn,,,,
espn-220725004,2002-07-25,2002,regular,HOU,MIA,69,60,,,espn,,,,
espn-220725010,2002-07-25,2002,regular,ORL,SEA,76,79,,,espn,,,,
espn-220725013,2002-07-25,2002,regular,SAC,POR,81,80,,,espn,,,,
espn-220726005,2002-07-26,2002,regular,IND,MIN,73,63,,,espn,,,,
espn-220726015,2002-07-26,2002,regular,UTH,PHO,74,61,,,espn,,,,
espn-220727001,2002-07-27,2002,regular,CHA,TUL,66,74,,,espn,,,,
espn-220727011,2002-07-27,2002,regular,PHO,SAC,64,79,,,espn,,,,
espn-220727012,2002-07-27,2002,regular,POR,MIA,71,61,,,espn,,,,
espn-220727016,2002-07-27,2002,regular,WAS,SEA,71,80,,,espn,,,,
espn-220728002,2002-07-28,2002,regular,CLE,ORL,70,76,,,espn,,,,
espn-220728003,2002-07-28,2002,regular,TUL,SEA,59,72,,,espn,,,,
espn-220728006,2002-07-28,2002,regular,LOS,IND,80,62,,,espn,,,,
espn-220728009,2002-07-28,2002,regular,NYL,HOU,62,56,,,espn,,,,
espn-220728013,2002-07-28,2002,regular,SAC,MIN,66,56,,,espn,,,,
espn-220729011,2002-07-29,2002,regular,PHO,MIN,57,45,,,espn,,,,
espn-220730004,2002-07-30,2002,regular,HOU,POR,89,59,,,espn,,,,
espn-220730006,2002-07-30,2002,regular,LOS,MIA,73,82,,,espn,,,,
espn-220730013,2002-07-30,2002,regular,SAC,IND,74,65,,,espn,,,,
espn-220730016,2002-07-30,2002,regular,WAS,ORL,55,70,,,espn,,,,
espn-220731011,2002-07-31,2002,regular,PHO,IND,56,58,,,espn,,,,
espn-220731014,2002-07-31,2002,regular,SEA,MIN,75,63,,,espn,,,,
espn-220731015,2002-07-31,2002,regular,UTH,MIA,81,76,,,espn,,,,
espn-220801003,2002-08-01,2002,regular,TUL,CLE,66,68,,,espn,,,,
espn-220801006,2002-08-01,2002,regular,LOS,SEA,76,81,,,espn,,,,
espn-220801010,2002-08-01,2002,regular,ORL,CHA,65,63,,,espn,,,,
espn-220801013,2002-08-01,2002,regular,SAC,UTH,80,71,,,espn,,,,
espn-220802008,2002-08-02,2002,regular,MIN,PHO,75,51,,,espn,,,,
espn-220802009,2002-08-02,2002,regular,NYL,MIA,66,54,,,espn,,,,
espn-220802016,2002-08-02,2002,regular,WAS,POR,65,67,,,espn,,,,
espn-220803002,2002-08-03,2002,regular,CLE,TUL,57,68,,,espn,,,,
espn-220803004,2002-08-03,2002,regular,HOU,ORL,69,62,,,espn,,,,
espn-220803005,2002-08-03,2002,regular,IND,CHA,69,48,,,espn,,,,
espn-220803013,2002-08-03,2002,regular,SAC,LOS,71,81,,,espn,,,,
espn-220804001,2002-08-04,2002,regular,CHA,NYL,58,71,,,espn,,,,
espn-220804003,2002-08-04,2002,regular,TUL,PHO,91,75,,,espn,,,,
espn-220804006,2002-08-04,2002,regular,LOS,UTH,90,86,,,espn,,,,
espn-220804007,2002-08-04,2002,regular,MIA,WAS,55,50,,,espn,,,,
espn-220804008,2002-08-04,2002,regular,MIN,SEA,73,60,,,espn,,,,
espn-220804010,2002-08-04,2002,regular,ORL,POR,63,61,,,espn,,,,
espn-220806003,2002-08-06,2002,regular,TUL,CHA,65,76,,,espn,,,,
espn-220806004,2002-08-06,2002,regular,HOU,CLE,67,54,,,espn,,,,
espn-220806009,2002-08-06,2002,regular,NYL,MIN,49,52,,,espn,,,,
espn-220806012,2002-08-06,2002,regular,POR,UTH,69,82,,,espn,,,,
espn-220806013,2002-08-06,2002,regular,SAC,PHO,73,70,,,espn,,,,
espn-220806016,2002-08-06,2002,regular,WAS,IND,55,64,,,espn,,,,
espn-220807005,2002-08-07,2002,regular,IND,ORL,70,63,,,espn,,,,
espn-220807011,2002-08-07,2002,regular,PHO,CLE,59,57,,,espn,,,,
espn-220808006,2002-08-08,2002,regular,LOS,HOU,64,67,,,espn,,,,
espn-220808009,2002-08-08,2002,regular,NYL,WAS,54,65,,,espn,,,,
espn-220808010,2002-08-08,2002,regular,ORL,SAC,72,82,,,espn,,,,
espn-220809003,2002-08-09,2002,regular,TUL,IND,55,54,,,espn,,,,
espn-220809007,2002-08-09,2002,regular,MIA,CLE,65,59,,,espn,,,,
espn-220809008,2002-08-09,2002,regular,MIN,CHA,62,68,,,espn,,,,
espn-220809014,2002-08-09,2002,regular,SEA,POR,83,74,,,espn,,,,
espn-220809015,2002-08-09,2002,regular,UTH,LOS,77,85,,,espn,,,,
espn-220809016,2002-08-09,2002,regular,WAS,NYL,66,74,,,espn,,,,
espn-220810004,2002-08-10,2002,regular,HOU,SAC,59,61,,,espn,,,,
espn-220811002,2002-08-11,2002,regular,CLE,WAS,54,60,,,espn,,,,
espn-220811005,2002-08-11,2002,regular,IND,MIA,77,63,,,espn,,,,
espn-220811008,2002-08-11,2002,regular,MIN,LOS,58,69,,,espn,,,,
espn-220811009,2002-08-11,2002,regular,NYL,CHA,58,71,,,espn,,,,
espn-220811010,2002-08-11,2002,regular,ORL,TUL,71,58,,,espn,,,,
espn-220811012,2002-08-11,2002,regular,POR,PHO,70,73,,,espn,,,,
espn-220811014,2002-08-11,2002,regular,SEA,UTH,74,57,,,espn,,,,
espn-220812015,2002-08-12,2002,regular,UTH,SAC,81,79,,,espn,,,,
espn-220813001,2002-08-13,2002,regular,CHA,WAS,67,57,,,espn,,,,
espn-220813002,2002-08-13,2002,regular,CLE,IND,56,60,,,espn,,,,
espn-220813004,2002-08-13,2002,regular,HOU,MIN,63,51,,,espn,,,,
espn-220813007,2002-08-13,2002,regular,MIA,TUL,61,56,,,espn,,,,
espn-220813010,2002-08-13,2002,regular,ORL,NYL,70,63,,,espn,,,,
espn-220813011,2002-08-13,2002,regular,PHO,LOS,56,63,,,espn,,,,
espn-220813013,2002-08-13,2002,regular,SAC,SEA,59,51,,,espn,,,,
espn-220815014,2002-08-15,2002,postseason,SEA,LOS,61,78,,,espn,,,,
espn-220815016,2002-08-15,2002,postseason,WAS,CHA,74,62,,,espn,,,,
espn-220816005,2002-08-16,2002,postseason,IND,NYL,73,55,,,espn,,,,
espn-220816015,2002-08-16,2002,postseason,UTH,HOU,66,59,,,espn,,,,
espn-220817001,2002-08-17,2002,postseason,CHA,WAS,59,62,,,espn,,,,
espn-220817006,2002-08-17,2002,postseason,LOS,SEA,69,59,,,espn,,,,
espn-220818004,2002-08-18,2002,postseason,HOU,UTH,83,77,,,espn,,,,
espn-220818009,2002-08-18,2002,postseason,NYL,IND,84,65,,,espn,,,,
espn-220822015,2002-08-22,2002,postseason,UTH,LOS,67,75,,,espn,,,,
espn-220822016,2002-08-22,2002,postseason,WAS,NYL,79,74,,,espn,,,,
espn-220824006,2002-08-24,2002,postseason,LOS,UTH,103,77,,,espn,,,,
espn-220824009,2002-08-24,2002,postseason,NYL,WAS,96,79,,,espn,,,,
espn-220825009,2002-08-25,2002,postseason,NYL,WAS,64,57,,,espn,,,,
espn-220829009,2002-08-29,2002,postseason,NYL,LOS,63,71,,,espn,,,,
espn-220831006,2002-08-31,2002,postseason,LOS,NYL,69,66,,,espn,,,,
espn-230522004,2003-05-22,2003,regular,HOU,SEA,75,64,,,espn,,,,
espn-230522011,2003-05-22,2003,regular,PHO,SAC,56,65,,,espn,,,,
espn-230523001,2003-05-23,2003,regular,CHA,WAS,70,74,,,espn,,,,
espn-230524008,2003-05-24,2003,regular,MIN,SAC,72,71,,,espn,,,,
espn-230524011,2003-05-24,2003,regular,PHO,HOU,62,69,,,espn,,,,
espn-230524017,2003-05-24,2003,regular,SAS,SEA,65,56,,,espn,,,,
espn-230524018,2003-05-24,2003,regular,CT,LOS,73,82,,,espn,,,,
espn-230527002,2003-05-27,2003,regular,CLE,LOS,71,79,,,espn,,,,
espn-230528008,2003-05-28,2003,regular,MIN,LOS,80,83,,,espn,,,,
espn-230528011,2003-05-28,2003,regular,PHO,SAS,51,50,,,espn,,,,
espn-230529001,2003-05-29,2003,regular,CHA,IND,66,57,,,espn,,,,
espn-230530004,2003-05-30,2003,regular,HOU,CT,83,91,,,espn,,,,
espn-230530013,2003-05-30,2003,regular,SAC,PHO,69,49,,,espn,,,,
espn-230530014,2003-05-30,2003,regular,SEA,LOS,74,77,,,espn,,,,
espn-230530017,2003-05-30,2003,regular,SAS,MIN,65,75,,,espn,,,,
espn-230531002,2003-05-31,2003,regular,CLE,NYL,74,50,,,espn,,,,
espn-230531003,2003-05-31,2003,regular,TUL,CHA,67,70,,,espn,,,,
espn-230531005,2003-05-31,2003,regular,IND,WAS,71,60,,,espn,,,,
espn-230601008,2003-06-01,2003,regular,MIN,HOU,68,64,,,espn,,,,
espn-230601009,2003-06-01,2003,regular,NYL,WAS,70,57,,,espn,,,,
espn-230601017,2003-06-01,2003,regular,SAS,CT,64,83,,,espn,,,,
espn-230603004,2003-06-03,2003,regular,HOU,PHO,66,51,,,espn,,,,
espn-230603014,2003-06-03,2003,regular,SEA,SAC,70,56,,,espn,,,,
espn-230604001,2003-06-04,2003,regular,CHA,SAS,67,52,,,espn,,,,
espn-230605003,2003-06-05,2003,regular,TUL,CT,103,89,,,espn,,,,
espn-230605006,2003-06-05,2003,regular,LOS,SAC,63,61,,,espn,,,,
espn-230605017,2003-06-05,2003,regular,SAS,PHO,70,55,,,espn,,,,
espn-230606001,2003-06-06,2003,regular,CHA,HOU,69,58,,,espn,,,,
espn-230606008,2003-06-06,2003,regular,MIN,NYL,60,70,,,espn,,,,
espn-230606016,2003-06-06,2003,regular,WAS,CLE,53,63,,,espn,,,,
espn-230607002,2003-06-07,2003,regular,CLE,CHA,67,57,,,espn,,,,
espn-230607005,2003-06-07,2003,regular,IND,NYL,86,66,,,espn,,,,
espn-230607013,2003-06-07,2003,regular,SAC,LOS,61,79,,,espn,,,,
espn-230607014,2003-06-07,2003,regular,SEA,PHO,66,57,,,espn,,,,
espn-230607017,2003-06-07,2003,regular,SAS,TUL,55,74,,,espn,,,,
espn-230607018,2003-06-07,2003,regular,CT,HOU,65,58,,,espn,,,,
espn-230610004,2003-06-10,2003,regular,HOU,SAC,71,66,,,espn,,,,
espn-230610006,2003-06-10,2003,regular,LOS,MIN,76,75,,,espn,,,,
espn-230610009,2003-06-10,2003,regular,NYL,CLE,73,65,,,espn,,,,
espn-230610014,2003-06-10,2003,regular,SEA,IND,78,51,,,espn,,,,
espn-230610016,2003-06-10,2003,regular,WAS,SAS,79,72,,,espn,,,,
espn-230612006,2003-06-12,2003,regular,LOS,IND,74,66,,,espn,,,,
espn-230612013,2003-06-12,2003,regular,SAC,MIN,68,55,,,espn,,,,
espn-230613018,2003-06-13,2003,regular,CT,WAS,84,70,,,espn,,,,
espn-230614002,2003-06-14,2003,regular,CLE,CT,84,56,,,espn,,,,
espn-230614009,2003-06-14,2003,regular,NYL,LOS,60,67,,,espn,,,,
espn-230614011,2003-06-14,2003,regular,PHO,HOU,76,61,,,espn,,,,
espn-230614013,2003-06-14,2003,regular,SAC,IND,67,79,,,espn,,,,
espn-230614014,2003-06-14,2003,regular,SEA,MIN,72,77,,,espn,,,,
espn-230614016,2003-06-14,2003,regular,WAS,TUL,56,93,,,espn,,,,
espn-230614017,2003-06-14,2003,regular,SAS,CHA,62,52,,,espn,,,,
espn-230617003,2003-06-17,2003,regular,TUL,LOS,87,78,,,espn,,,,
espn-230617005,2003-06-17,2003,regular,IND,CHA,71,60,,,espn,,,,
espn-230617008,2003-06-17,2003,regular,MIN,HOU,68,77,,,espn,,,,
espn-230617009,2003-06-17,2003,regular,NYL,SAC,70,61,,,espn,,,,
espn-230617011,2003-06-17,2003,regular,PHO,SEA,60,61,,,espn,,,,
espn-230618016,2003-06-18,2003,regular,WAS,SAC,61,69,,,espn,,,,
espn-230618018,2003-06-18,2003,regular,CT,CLE,70,57,,,espn,,,,
espn-230619006,2003-06-19,2003,regular,LOS,SEA,67,69,,,espn,,,,
espn-230620001,2003-06-20,2003,regular,CHA,MIN,76,72,,,espn,,,,
espn-230620002,2003-06-20,2003,regular,CLE,WAS,79,74,,,espn,,,,
espn-230620003,2003-06-20,2003,regular,TUL,NYL,88,83,,,espn,,,,
espn-230620005,2003-06-20,2003,regular,IND,CT,84,74,,,espn,,,,
espn-230620017,2003-06-20,2003,regular,SAS,HOU,76,69,,,espn,,,,
espn-230621004,2003-06-21,2003,regular,HOU,CLE,63,62,,,espn,,,,
espn-230621008,2003-06-21,2003,regular,MIN,IND,66,58,,,espn,,,,
espn-230621011,2003-06-21,2003,regular,PHO,LOS,48,54,,,espn,,,,
espn-230621013,2003-06-21,2003,regular,SAC,SEA,69,64,,,espn,,,,
espn-230622009,2003-06-22,2003,regular,NYL,CHA,69,57,,,espn,,,,
espn-230622014,2003-06-22,2003,regular,SEA,SAS,93,53,,,espn,,,,
espn-230622018,2003-06-22,2003,regular,CT,TUL,73,82,,,espn,,,,
espn-230624003,2003-06-24,2003,regular,TUL,IND,68,60,,,espn,,,,
espn-230624004,2003-06-24,2003,regular,HOU,LOS,62,71,,,espn,,,,
espn-230624013,2003-06-24,2003,regular,SAC,SAS,57,60,,,espn,,,,
espn-230624016,2003-06-24,2003,regular,WAS,CT,63,65,,,espn,,,,
espn-230625001,2003-06-25,2003,regular,CHA,CLE,61,50,,,espn,,,,
espn-230625009,2003-06-25,2003,regular,NYL,PHO,70,64,,,espn,,,,
espn-230626017,2003-06-26,2003,regular,SAS,LOS,58,67,,,espn,,,,
espn-230626018,2003-06-26,2003,regular,CT,IND,90,94,,,espn,,,,
espn-230627002,2003-06-27,2003,regular,CLE,SEA,59,71,,,espn,,,,
espn-230627008,2003-06-27,2003,regular,MIN,PHO,67,59,,,espn,,,,
espn-230627009,2003-06-27,2003,regular,NYL,TUL,69,75,,,espn,,,,
espn-230628001,2003-06-28,2003,regular,CHA,CT,69,55,,,espn,,,,
espn-230628003,2003-06-28,2003,regular,TUL,PHO,65,68,,,espn,,,,
espn-230628004,2003-06-28,2003,regular,HOU,SAS,64,49,,,espn,,,,
espn-230628005,2003-06-28,2003,regular,IND,SEA,79,70,,,espn,,,,
espn-230628006,2003-06-28,2003,regular,LOS,SAC,60,69,,,espn,,,,
espn-230629002,2003-06-29,2003,regular,CLE,IND,66,53,,,espn,,,,
espn-230629016,2003-06-29,2003,regular,WAS,MIN,50,59,,,espn,,,,
espn-230630001,2003-06-30,2003,regular,CHA,SEA,71,83,,,espn,,,,
espn-230701003,2003-07-01,2003,regular,TUL,SAS,99,88,,,espn,,,,
espn-230701004,2003-07-01,2003,regular,HOU,MIN,71,69,,,espn,,,,
espn-230701009,2003-07-01,2003,regular,NYL,CT,90,64,,,espn,,,,
espn-230702005,2003-07-02,2003,regular,IND,PHO,79,68,,,espn,,,,
espn-230702013,2003-07-02,2003,regular,SAC,WAS,83,62,,,espn,,,,
espn-230702018,2003-07-02,2003,regular,CT,CLE,64,57,,,espn,,,,
espn-230703003,2003-07-03,2003,regular,TUL,CHA,79,92,,,espn,,,,
espn-230703014,2003-07-03,2003,regular,SEA,WAS,76,72,,,espn,,,,
espn-230704018,2003-07-04,2003,regular,CT,SAC,69,67,,,espn,,,,
espn-230705001,2003-07-05,2003,regular,CHA,SAC,67,65,,,espn,,,,
espn-230705004,2003-07-05,2003,regular,HOU,WAS,76,54,,,espn,,,,
espn-230705006,2003-07-05,2003,regular,LOS,SEA,84,75,,,espn,,,,
espn-230705008,2003-07-05,2003,regular,MIN,CLE,71,79,,,espn,,,,
espn-230705017,2003-07-05,2003,regular,SAS,PHO,81,70,,,espn,,,,
espn-230706005,2003-07-06,2003,regular,IND,TUL,85,54,,,espn,,,,
espn-230706018,2003-07-06,2003,regular,CT,NYL,62,58,,,espn,,,,
espn-230707006,2003-07-07,2003,regular,LOS,CLE,81,75,,,espn,,,,
espn-230707016,2003-07-07,2003,regular,WAS,CHA,56,62,,,espn,,,,
espn-230708003,2003-07-08,2003,regular,TUL,CT,66,50,,,espn,,,,
espn-230708004,2003-07-08,2003,regular,HOU,IND,60,56,,,espn,,,,
espn-230708008,2003-07-08,2003,regular,MIN,SAC,77,59,,,espn,,,,
espn-230709016,2003-07-09,2003,regular,WAS,LOS,91,97,,,espn,,,,
espn-230710001,2003-07-10,2003,regular,CHA,TUL,65,58,,,espn,,,,
espn-230710005,2003-07-10,2003,regular,IND,NYL,76,69,,,espn,,,,
espn-230710008,2003-07-10,2003,regular,MIN,CT,83,75,,,espn,,,,
espn-230710011,2003-07-10,2003,regular,PHO,CLE,67,68,,,espn,,,,
espn-230710013,2003-07-10,2003,regular,SAC,SAS,89,76,,,espn,,,,
espn-230712098,2003-07-12,2003,regular,EAST,WEST,75,84,,,espn,,,,
espn-230715002,2003-07-15,2003,regular,CLE,SAC,57,66,,,espn,,,,
espn-230715006,2003-07-15,2003,regular,LOS,PHO,80,77,,,espn,,,,
espn-230715009,2003-07-15,2003,regular,NYL,WAS,64,77,,,espn,,,,
espn-230715014,2003-07-15,2003,regular,SEA,HOU,69,55,,,espn,,,,
espn-230716005,2003-07-16,2003,regular,IND,TUL,68,70,,,espn,,,,
espn-230716008,2003-07-16,2003,regular,MIN,SAS,85,78,,,espn,,,,
espn-230717002,2003-07-17,2003,regular,CLE,MIN,70,61,,,espn,,,,
espn-230717016,2003-07-17,2003,regular,WAS,CHA,68,60,,,espn,,,,
espn-230717017,2003-07-17,2003,regular,SAS,SAC,60,62,,,espn,,,,
espn-230717018,2003-07-17,2003,regular,CT,SEA,65,67,,,espn,,,,
espn-230718003,2003-07-18,2003,regular,TUL,SEA,74,61,,,espn,,,,
espn-230718006,2003-07-18,2003,regular,LOS,HOU,74,79,,,espn,,,,
espn-230718009,2003-07-18,2003,regular,NYL,CHA,56,48,,,espn,,,,
espn-230719002,2003-07-19,2003,regular,CLE,TUL,57,58,,,espn,,,,
espn-230719011,2003-07-19,2003,regular,PHO,CT,67,75,,,espn,,,,
espn-230719013,2003-07-19,2003,regular,SAC,HOU,71,74,,,espn,,,,
espn-230719017,2003-07-19,2003,regular,SAS,WAS,77,85,,,espn,,,,
espn-230720001,2003-07-20,2003,regular,CHA,CLE,57,59,,,espn,,,,
espn-230720006,2003-07-20,2003,regular,LOS,CT,73,76,,,espn,,,,
espn-230720008,2003-07-20,2003,regular,MIN,SEA,69,58,,,espn,,,,
espn-230720009,2003-07-20,2003,regular,NYL,IND,73,65,,,espn,,,,
espn-230722003,2003-07-22,2003,regular,TUL,CLE,74,71,,,espn,,,,
espn-230723005,2003-07-23,2003,regular,IND,SAS,81,47,,,espn,,,,
espn-230723014,2003-07-23,2003,regular,SEA,NYL,75,65,,,espn,,,,
espn-230723018,2003-07-23,2003,regular,CT,MIN,84,70,,,espn,,,,
espn-230724001,2003-07-24,2003,regular,CHA,TUL,67,61,,,espn,,,,
espn-230724006,2003-07-24,2003,regular,LOS,PHO,82,65,,,espn,,,,
espn-230724013,2003-07-24,2003,regular,SAC,NYL,67,53,,,espn,,,,
espn-230724016,2003-07-24,2003,regular,WAS,IND,75,80,,,espn,,,,
espn-230725008,2003-07-25,2003,regular,MIN,SAS,81,54,,,espn,,,,
espn-230725014,2003-07-25,2003,regular,SEA,PHO,82,53,,,espn,,,,
espn-230726002,2003-07-26,2003,regular,CLE,WAS,89,78,,,espn,,,,
espn-230726004,2003-07-26,2003,regular,HOU,NYL,61,53,,,espn,,,,
espn-230726005,2003-07-26,2003,regular,IND,MIN,65,70,,,espn,,,,
espn-230726013,2003-07-26,2003,regular,SAC,SEA,76,63,,,espn,,,,
espn-230726018,2003-07-26,2003,regular,CT,CHA,74,70,,,espn,,,,
espn-230727003,2003-07-27,2003,regular,TUL,WAS,81,71,,,espn,,,,
espn-230727017,2003-07-27,2003,regular,SAS,CLE,64,55,,,espn,,,,
espn-230729002,2003-07-29,2003,regular,CLE,TUL,65,77,,,espn,,,,
espn-230729004,2003-07-29,2003,regular,HOU,MIN,73,58,,,espn,,,,
espn-230729011,2003-07-29,2003,regular,PHO,NYL,66,59,,,espn,,,,
espn-230729016,2003-07-29,2003,regular,WAS,IND,91,92,,,espn,,,,
espn-230730006,2003-07-30,2003,regular,LOS,SAS,62,70,,,espn,,,,
espn-230731013,2003-07-31,2003,regular,SAC,LOS,83,75,,,espn,,,,
espn-230731014,2003-07-31,2003,regular,SEA,CHA,69,54,,,espn,,,,
espn-230801002,2003-08-01,2003,regular,CLE,PHO,73,56,,,espn,,,,
espn-230801009,2003-08-01,2003,regular,NYL,TUL,60,62,,,espn,,,,
espn-230801017,2003-08-01,2003,regular,SAS,HOU,63,53,,,espn,,,,
espn-230801018,2003-08-01,2003,regular,CT,WAS,45,48,,,espn,,,,
espn-230802003,2003-08-02,2003,regular,TUL,IND,72,58,,,espn,,,,
espn-230802004,2003-08-02,2003,regular,HOU,SAS,64,55,,,espn,,,,
espn-230802006,2003-08-02,2003,regular,LOS,CHA,73,84,,,espn,,,,
espn-230802008,2003-08-02,2003,regular,MIN,SEA,73,71,,,espn,,,,
espn-230803009,2003-08-03,2003,regular,NYL,CLE,60,48,,,espn,,,,
espn-230803013,2003-08-03,2003,regular,SAC,CHA,76,60,,,espn,,,,
espn-230803016,2003-08-03,2003,regular,WAS,PHO,69,70,,,espn,,,,
espn-230803018,2003-08-03,2003,regular,CT,IND,66,55,,,espn,,,,
espn-230804008,2003-08-04,2003,regular,MIN,PHO,61,56,,,espn,,,,
espn-230805004,2003-08-05,2003,regular,HOU,SAC,74,47,,,espn,,,,
espn-230805009,2003-08-05,2003,regular,NYL,SAS,69,60,,,espn,,,,
espn-230805018,2003-08-05,2003,regular,CT,TUL,61,78,,,espn,,,,
espn-230806011,2003-08-06,2003,regular,PHO,MIN,56,49,,,espn,,,,
espn-230806014,2003-08-06,2003,regular,SEA,LOS,92,56,,,espn,,,,
espn-230806016,2003-08-06,2003,regular,WAS,TUL,92,81,,,espn,,,,
espn-230807001,2003-08-07,2003,regular,CHA,NYL,65,54,,,espn,,,,
espn-230807005,2003-08-07,2003,regular,IND,HOU,55,68,,,espn,,,,
espn-230807017,2003-08-07,2003,regular,SAS,SAC,61,86,,,espn,,,,
espn-230808003,2003-08-08,2003,regular,TUL,HOU,56,66,,,espn,,,,
espn-230808011,2003-08-08,2003,regular,PHO,LOS,64,67,,,espn,,,,
espn-230808014,2003-08-08,2003,regular,SEA,MIN,68,65,,,espn,,,,
espn-230809001,2003-08-09,2003,regular,CHA,CT,69,68,,,espn,,,,
espn-230809005,2003-08-09,2003,regular,IND,CLE,62,66,,,espn,,,,
espn-230809013,2003-08-09,2003,regular,SAC,MIN,73,77,,,espn,,,,
espn-230809016,2003-08-09,2003,regular,WAS,NYL,56,65,,,espn,,,,
espn-230809017,2003-08-09,2003,regular,SAS,LOS,69,52,,,espn,,,,
espn-230810002,2003-08-10,2003,regular,CLE,IND,71,67,,,espn,,,,
espn-230810003,2003-08-10,2003,regular,TUL,NYL,90,87,,,espn,,,,
espn-230810004,2003-08-10,2003,regular,HOU,PHO,69,46,,,espn,,,,
espn-230812005,2003-08-12,2003,regular,IND,WAS,80,84,,,espn,,,,
espn-230812014,2003-08-12,2003,regular,SEA,SAS,77,87,,,espn,,,,
espn-230812018,2003-08-12,2003,regular,CT,NYL,73,74,,,espn,,,,
espn-230813011,2003-08-13,2003,regular,PHO,TUL,76,78,,,espn,,,,
espn-230814001,2003-08-14,2003,regular,CHA,WAS,69,76,,,espn,,,,
espn-230814008,2003-08-14,2003,regular,MIN,LOS,83,87,,,espn,,,,
espn-230815011,2003-08-15,2003,regular,PHO,SEA,64,50,,,espn,,,,
espn-230815013,2003-08-15,2003,regular,SAC,TUL,75,63,,,espn,,,,
espn-230816004,2003-08-16,2003,regular,HOU,LOS,63,64,,,espn,,,,
espn-230816005,2003-08-16,2003,regular,IND,CHA,69,63,,,espn,,,,
espn-230816009,2003-08-16,2003,regular,NYL,CT,71,84,,,espn,,,,
espn-230816011,2003-08-16,2003,regular,PHO,SAC,61,65,,,espn,,,,
espn-230816016,2003-08-16,2003,regular,WAS,CLE,68,72,,,espn,,,,
espn-230816017,2003-08-16,2003,regular,SAS,MIN,64,73,,,espn,,,,
espn-230817002,2003-08-17,2003,regular,CLE,NYL,54,71,,,espn,,,,
espn-230817014,2003-08-17,2003,regular,SEA,TUL,86,95,,,espn,,,,
espn-230818009,2003-08-18,2003,regular,NYL,HOU,67,64,,,espn,,,,
espn-230819002,2003-08-19,2003,regular,CLE,CT,69,52,,,espn,,,,
espn-230819004,2003-08-19,2003,regular,HOU,SEA,52,47,,,espn,,,,
espn-230820001,2003-08-20,2003,regular,CHA,IND,80,50,,,espn,,,,
espn-230820011,2003-08-20,2003,regular,PHO,MIN,66,69,,,espn,,,,
espn-230820017,2003-08-20,2003,regular,SAS,SEA,78,70,,,espn,,,,
espn-230821003,2003-08-21,2003,regular,TUL,CLE,71,56,,,espn,,,,
espn-230821006,2003-08-21,2003,regular,LOS,MIN,88,65,,,espn,,,,
espn-230821013,2003-08-21,2003,regular,SAC,HOU,62,54,,,espn,,,,
espn-230821016,2003-08-21,2003,regular,WAS,NYL,60,65,,,espn,,,,
espn-230822009,2003-08-22,2003,regular,NYL,IND,51,64,,,espn,,,,
espn-230822011,2003-08-22,2003,regular,PHO,SAS,89,62,,,espn,,,,
espn-230822018,2003-08-22,2003,regular,CT,CHA,63,55,,,espn,,,,
espn-230823005,2003-08-23,2003,regular,IND,CLE,59,46,,,espn,,,,
espn-230823006,2003-08-23,2003,regular,LOS,SAS,83,70,,,espn,,,,
espn-230823008,2003-08-23,2003,regular,MIN,TUL,77,86,,,espn,,,,
espn-230823013,2003-08-23,2003,regular,SAC,PHO,61,54,,,espn,,,,
espn-230823014,2003-08-23,2003,regular,SEA,HOU,71,64,,,espn,,,,
espn-230823016,2003-08-23,2003,regular,WAS,CT,67,74,,,espn,,,,
espn-230824001,2003-08-24,2003,regular,CHA,NYL,61,59,,,espn,,,,
espn-230825002,2003-08-25,2003,regular,CLE,CHA,75,66,,,espn,,,,
espn-230825003,2003-08-25,2003,regular,TUL,WAS,68,60,,,espn,,,,
espn-230825005,2003-08-25,2003,regular,IND,CT,62,72,,,espn,,,,
espn-230825006,2003-08-25,2003,regular,LOS,HOU,67,64,,,espn,,,,
espn-230825014,2003-08-25,2003,regular,SEA,SAC,70,57,,,espn,,,,
espn-230828008,2003-08-28,2003,postseason,MIN,LOS,74,72,,,espn,,,,
espn-230828018,2003-08-28,2003,postseason,CT,CHA,68,66,,,espn,,,,
espn-230829002,2003-08-29,2003,postseason,CLE,TUL,74,76,,,espn,,,,
espn-230829013,2003-08-29,2003,postseason,SAC,HOU,65,59,,,espn,,,,
espn-230830001,2003-08-30,2003,postseason,CHA,CT,62,68,,,espn,,,,
espn-230830006,2003-08-30,2003,postseason,LOS,MIN,80,69,,,espn,,,,
espn-230831003,2003-08-31,2003,postseason,TUL,CLE,59,66,,,espn,,,,
espn-230831004,2003-08-31,2003,postseason,HOU,SAC,69,48,,,espn,,,,
espn-230901006,2003-09-01,2003,postseason,LOS,MIN,74,64,,,espn,,,,
espn-230902003,2003-09-02,2003,postseason,TUL,CLE,77,63,,,espn,,,,
espn-230902004,2003-09-02,2003,postseason,HOU,SAC,68,70,,,espn,,,,
espn-230905013,2003-09-05,2003,postseason,SAC,LOS,77,69,,,espn,,,,
espn-230905018,2003-09-05,2003,postseason,CT,TUL,63,73,,,espn,,,,
espn-230907003,2003-09-07,2003,postseason,TUL,CT,79,73,,,espn,,,,
espn-230907006,2003-09-07,2003,postseason,LOS,SAC,79,54,,,espn,,,,
espn-230908006,2003-09-08,2003,postseason,LOS,SAC,66,63,,,espn,,,,
espn-230912006,2003-09-12,2003,postseason,LOS,TUL,75,63,,,espn,,,,
espn-230914003,2003-09-14,2003,postseason,TUL,LOS,62,61,,,espn,,,,
espn-230916003,2003-09-16,2003,postseason,TUL,LOS,83,78,,,espn,,,,
espn-240520014,2004-05-20,2004,regular,SEA,MIN,88,85,,,espn,,,,
espn-240521001,2004-05-21,2004,regular,CHA,HOU,53,60,,,espn,,,,
espn-240521005,2004-05-21,2004,regular,IND,NYL,69,67,,,espn,,,,
espn-240522013,2004-05-22,2004,regular,SAC,MIN,61,69,,,espn,,,,
espn-240522014,2004-05-22,2004,regular,SEA,LOS,93,67,,,espn,,,,
espn-240522016,2004-05-22,2004,regular,WAS,CHA,68,71,,,espn,,,,
espn-240522017,2004-05-22,2004,regular,SAS,TUL,60,73,,,espn,,,,
espn-240522018,2004-05-22,2004,regular,CT,PHO,58,65,,,espn,,,,
espn-240523005,2004-05-23,2004,regular,IND,WAS,67,68,,,espn,,,,
espn-240523009,2004-05-23,2004,regular,NYL,HOU,68,62,,,espn,,,,
espn-240525018,2004-05-25,2004,regular,CT,HOU,57,68,,,espn,,,,
espn-240526009,2004-05-26,2004,regular,NYL,TUL,64,52,,,espn,,,,
espn-240526017,2004-05-26,2004,regular,SAS,MIN,56,44,,,espn,,,,
espn-240527018,2004-05-27,2004,regular,CT,LOS,82,73,,,espn,,,,
espn-240528001,2004-05-28,2004,regular,CHA,IND,63,41,,,espn,,,,
espn-240528008,2004-05-28,2004,regular,MIN,WAS,73,62,,,espn,,,,
espn-240528011,2004-05-28,2004,regular,PHO,SEA,84,76,,,espn,,,,
espn-240528017,2004-05-28,2004,regular,SAS,SAC,72,63,,,espn,,,,
espn-240529003,2004-05-29,2004,regular,TUL,LOS,60,63,,,espn,,,,
espn-240530004,2004-05-30,2004,regular,HOU,SAC,63,57,,,espn,,,,
espn-240530008,2004-05-30,2004,regular,MIN,NYL,64,68,,,espn,,,,
espn-240601001,2004-06-01,2004,regular,CHA,NYL,53,63,,,espn,,,,
espn-240601006,2004-06-01,2004,regular,LOS,SEA,73,70,,,espn,,,,
espn-240601011,2004-06-01,2004,regular,PHO,HOU,73,63,,,espn,,,,
espn-240601017,2004-06-01,2004,regular,SAS,IND,60,79,,,espn,,,,
espn-240602003,2004-06-02,2004,regular,TUL,WAS,63,65,,,espn,,,,
espn-240603004,2004-06-03,2004,regular,HOU,NYL,62,71,,,espn,,,,
espn-240603008,2004-06-03,2004,regular,MIN,SAS,55,47,,,espn,,,,
espn-240603013,2004-06-03,2004,regular,SAC,LOS,68,51,,,espn,,,,
espn-240603014,2004-06-03,2004,regular,SEA,PHO,72,45,,,espn,,,,
espn-240603018,2004-06-03,2004,regular,CT,CHA,71,62,,,espn,,,,
espn-240604016,2004-06-04,2004,regular,WAS,CT,63,72,,,espn,,,,
espn-240605004,2004-06-05,2004,regular,HOU,LOS,75,71,,,espn,,,,
espn-240605005,2004-06-05,2004,regular,IND,CHA,70,57,,,espn,,,,
espn-240605008,2004-06-05,2004,regular,MIN,PHO,76,68,,,espn,,,,
espn-240605013,2004-06-05,2004,regular,SAC,SEA,63,65,,,espn,,,,
espn-240605017,2004-06-05,2004,regular,SAS,NYL,57,62,,,espn,,,,
espn-240606018,2004-06-06,2004,regular,CT,TUL,73,74,,,espn,,,,
espn-240609004,2004-06-09,2004,regular,HOU,SAS,59,47,,,espn,,,,
espn-240609005,2004-06-09,2004,regular,IND,TUL,79,83,,,espn,,,,
espn-240609006,2004-06-09,2004,regular,LOS,CHA,82,68,,,espn,,,,
espn-240609011,2004-06-09,2004,regular,PHO,CT,75,59,,,espn,,,,
espn-240611006,2004-06-11,2004,regular,LOS,MIN,69,55,,,espn,,,,
espn-240611009,2004-06-11,2004,regular,NYL,IND,68,72,,,espn,,,,
espn-240611011,2004-06-11,2004,regular,PHO,CHA,51,59,,,espn,,,,
espn-240611014,2004-06-11,2004,regular,SEA,CT,68,63,,,espn,,,,
espn-240611016,2004-06-11,2004,regular,WAS,TUL,60,74,,,espn,,,,
espn-240612003,2004-06-12,2004,regular,TUL,IND,72,68,,,espn,,,,
espn-240612013,2004-06-12,2004,regular,SAC,CT,76,83,,,espn,,,,
espn-240612017,2004-06-12,2004,regular,SAS,HOU,66,69,,,espn,,,,
espn-240613016,2004-06-13,2004,regular,WAS,NYL,62,60,,,espn,,,,
espn-240614006,2004-06-14,2004,regular,LOS,CT,76,74,,,espn,,,,
espn-240615001,2004-06-15,2004,regular,CHA,SAS,59,57,,,espn,,,,
espn-240615009,2004-06-15,2004,regular,NYL,SEA,62,86,,,espn,,,,
espn-240616005,2004-06-16,2004,regular,IND,SAC,63,50,,,espn,,,,
espn-240617008,2004-06-17,2004,regular,MIN,SAC,50,60,,,espn,,,,
espn-240617016,2004-06-17,2004,regular,WAS,SAS,76,60,,,espn,,,,
espn-240618004,2004-06-18,2004,regular,HOU,SEA,63,69,,,espn,,,,
espn-240618011,2004-06-18,2004,regular,PHO,LOS,74,76,,,espn,,,,
espn-240618018,2004-06-18,2004,regular,CT,CHA,58,63,,,espn,,,,
espn-240619005,2004-06-19,2004,regular,IND,NYL,70,65,,,espn,,,,
espn-240619008,2004-06-19,2004,regular,MIN,HOU,66,58,,,espn,,,,
espn-240619013,2004-06-19,2004,regular,SAC,TUL,74,84,,,espn,,,,
espn-240619017,2004-06-19,2004,regular,SAS,SEA,61,74,,,espn,,,,
espn-240620001,2004-06-20,2004,regular,CHA,LOS,68,63,,,espn,,,,
espn-240620018,2004-06-20,2004,regular,CT,WAS,75,65,,,espn,,,,
espn-240622003,2004-06-22,2004,regular,TUL,WAS,72,78,,,espn,,,,
espn-240622005,2004-06-22,2004,regular,IND,CT,58,63,,,espn,,,,
espn-240622009,2004-06-22,2004,regular,NYL,LOS,49,65,,,espn,,,,
espn-240622011,2004-06-22,2004,regular,PHO,MIN,69,46,,,espn,,,,
espn-240622014,2004-06-22,2004,regular,SEA,HOU,57,63,,,espn,,,,
espn-240623001,2004-06-23,2004,regular,CHA,TUL,60,65,,,espn,,,,
espn-240624011,2004-06-24,2004,regular,PHO,NYL,72,60,,,espn,,,,
espn-240624017,2004-06-24,2004,regular,SAS,MIN,70,57,,,espn,,,,
espn-240625005,2004-06-25,2004,regular,IND,LOS,71,67,,,espn,,,,
espn-240625013,2004-06-25,2004,regular,SAC,HOU,61,55,,,espn,,,,
espn-240625018,2004-06-25,2004,regular,CT,TUL,71,67,,,espn,,,,
espn-240626001,2004-06-26,2004,regular,CHA,IND,46,37,,,espn,,,,
espn-240626011,2004-06-26,2004,regular,PHO,SAS,72,80,,,espn,,,,
espn-240626014,2004-06-26,2004,regular,SEA,NYL,62,67,,,espn,,,,
espn-240627003,2004-06-27,2004,regular,TUL,CT,72,74,,,espn,,,,
espn-240627004,2004-06-27,2004,regular,HOU,WAS,72,67,,,espn,,,,
espn-240627008,2004-06-27,2004,regular,MIN,LOS,67,83,,,espn,,,,
espn-240627013,2004-06-27,2004,regular,SAC,PHO,63,57,,,espn,,,,
espn-240629003,2004-06-29,2004,regular,TUL,IND,68,69,,,espn,,,,
espn-240629006,2004-06-29,2004,regular,LOS,NYL,69,65,,,espn,,,,
espn-240629017,2004-06-29,2004,regular,SAS,PHO,65,77,,,espn,,,,
espn-240630008,2004-06-30,2004,regular,MIN,HOU,58,50,,,espn,,,,
espn-240630018,2004-06-30,2004,regular,CT,WAS,78,69,,,espn,,,,
espn-240701001,2004-07-01,2004,regular,CHA,PHO,59,71,,,espn,,,,
espn-240701013,2004-07-01,2004,regular,SAC,NYL,73,47,,,espn,,,,
espn-240701014,2004-07-01,2004,regular,SEA,SAS,76,52,,,espn,,,,
espn-240701016,2004-07-01,2004,regular,WAS,IND,69,64,,,espn,,,,
espn-240702006,2004-07-02,2004,regular,LOS,SAS,87,80,,,espn,,,,
espn-240703004,2004-07-03,2004,regular,HOU,CHA,55,62,,,espn,,,,
espn-240703005,2004-07-03,2004,regular,IND,PHO,61,60,,,espn,,,,
espn-240703008,2004-07-03,2004,regular,MIN,TUL,78,70,,,espn,,,,
espn-240703014,2004-07-03,2004,regular,SEA,SAC,75,61,,,espn,,,,
espn-240706003,2004-07-06,2004,regular,TUL,HOU,82,63,,,espn,,,,
espn-240706009,2004-07-06,2004,regular,NYL,SAC,73,66,,,espn,,,,
espn-240706018,2004-07-06,2004,regular,CT,IND,79,77,,,espn,,,,
espn-240707006,2004-07-07,2004,regular,LOS,PHO,73,71,,,espn,,,,
espn-240707016,2004-07-07,2004,regular,WAS,SEA,72,69,,,espn,,,,
espn-240708001,2004-07-08,2004,regular,CHA,SEA,70,67,,,espn,,,,
espn-240708005,2004-07-08,2004,regular,IND,MIN,58,56,,,espn,,,,
espn-240708009,2004-07-08,2004,regular,NYL,WAS,54,71,,,espn,,,,
espn-240709008,2004-07-09,2004,regular,MIN,PHO,61,59,,,espn,,,,
espn-240709017,2004-07-09,2004,regular,SAS,LOS,61,66,,,espn,,,,
espn-240709018,2004-07-09,2004,regular,CT,SAC,70,85,,,espn,,,,
espn-240710001,2004-07-10,2004,regular,CHA,WAS,67,65,,,espn,,,,
espn-240710003,2004-07-10,2004,regular,TUL,SEA,70,65,,,espn,,,,
espn-240710004,2004-07-10,2004,regular,HOU,LOS,56,59,,,espn,,,,
espn-240711005,2004-07-11,2004,regular,IND,CT,61,65,,,espn,,,,
espn-240711008,2004-07-11,2004,regular,MIN,SAC,83,73,,,espn,,,,
espn-240711009,2004-07-11,2004,regular,NYL,PHO,77,69,,,espn,,,,
espn-240712003,2004-07-12,2004,regular,TUL,SAC,51,67,,,espn,,,,
espn-240712014,2004-07-12,2004,regular,SEA,SAS,75,59,,,espn,,,,
espn-240714005,2004-07-14,2004,regular,IND,HOU,70,62,,,espn,,,,
espn-240714008,2004-07-14,2004,regular,MIN,CT,66,63,,,espn,,,,
espn-240715004,2004-07-15,2004,regular,HOU,TUL,97,61,,,espn,,,,
espn-240715009,2004-07-15,2004,regular,NYL,MIN,66,69,,,espn,,,,
espn-240715013,2004-07-15,2004,regular,SAC,SEA,63,66,,,espn,,,,
espn-240715016,2004-07-15,2004,regular,WAS,CHA,68,54,,,espn,,,,
espn-240715017,2004-07-15,2004,regular,SAS,CT,78,67,,,espn,,,,
espn-240716005,2004-07-16,2004,regular,IND,TUL,85,73,,,espn,,,,
espn-240717004,2004-07-17,2004,regular,HOU,CT,72,56,,,espn,,,,
espn-240717006,2004-07-17,2004,regular,LOS,SAC,70,79,,,espn,,,,
espn-240717014,2004-07-17,2004,regular,SEA,WAS,85,83,,,espn,,,,
espn-240718003,2004-07-18,2004,regular,TUL,SAS,77,71,,,espn,,,,
espn-240718009,2004-07-18,2004,regular,NYL,CHA,75,58,,,espn,,,,
espn-240718011,2004-07-18,2004,regular,PHO,MIN,60,63,,,espn,,,,
espn-240718013,2004-07-18,2004,regular,SAC,WAS,81,71,,,espn,,,,
espn-240719006,2004-07-19,2004,regular,LOS,IND,82,51,,,espn,,,,
espn-240720001,2004-07-20,2004,regular,CHA,NYL,74,80,,,espn,,,,
espn-240721003,2004-07-21,2004,regular,TUL,CT,68,78,,,espn,,,,
espn-240721006,2004-07-21,2004,regular,LOS,WAS,96,76,,,espn,,,,
espn-240721011,2004-07-21,2004,regular,PHO,SAS,87,55,,,espn,,,,
espn-240722013,2004-07-22,2004,regular,SAC,PHO,69,71,,,espn,,,,
espn-240722014,2004-07-22,2004,regular,SEA,IND,59,54,,,espn,,,,
espn-240722018,2004-07-22,2004,regular,CT,MIN,52,68,,,espn,,,,
espn-240723003,2004-07-23,2004,regular,TUL,CHA,63,53,,,espn,,,,
espn-240723006,2004-07-23,2004,regular,LOS,HOU,70,67,,,espn,,,,
espn-240723016,2004-07-23,2004,regular,WAS,MIN,65,61,,,espn,,,,
espn-240724001,2004-07-24,2004,regular,CHA,WAS,70,41,,,espn,,,,
espn-240724009,2004-07-24,2004,regular,NYL,TUL,78,69,,,espn,,,,
espn-240724011,2004-07-24,2004,regular,PHO,IND,71,56,,,espn,,,,
espn-240724014,2004-07-24,2004,regular,SEA,HOU,67,63,,,espn,,,,
espn-240724018,2004-07-24,2004,regular,CT,SAS,69,55,,,espn,,,,
espn-240725013,2004-07-25,2004,regular,SAC,IND,71,62,,,espn,,,,
espn-240727004,2004-07-27,2004,regular,HOU,SEA,80,55,,,espn,,,,
espn-240728005,2004-07-28,2004,regular,IND,CHA,53,63,,,espn,,,,
espn-240728008,2004-07-28,2004,regular,MIN,SAS,66,53,,,espn,,,,
espn-240728016,2004-07-28,2004,regular,WAS,TUL,65,73,,,espn,,,,
espn-240729013,2004-07-29,2004,regular,SAC,LOS,80,85,,,espn,,,,
espn-240730003,2004-07-30,2004,regular,TUL,NYL,88,79,,,espn,,,,
espn-240730008,2004-07-30,2004,regular,MIN,SEA,55,70,,,espn,,,,
espn-240730016,2004-07-30,2004,regular,WAS,CT,69,68,,,espn,,,,
espn-240730017,2004-07-30,2004,regular,SAS,PHO,59,68,,,espn,,,,
espn-240731004,2004-07-31,2004,regular,HOU,IND,62,54,,,espn,,,,
espn-240731009,2004-07-31,2004,regular,NYL,CT,80,66,,,espn,,,,
espn-240731013,2004-07-31,2004,regular,SAC,CHA,62,61,,,espn,,,,
espn-240731017,2004-07-31,2004,regular,SAS,LOS,67,79,,,espn,,,,
espn-240801003,2004-08-01,2004,regular,TUL,MIN,58,59,,,espn,,,,
espn-240801014,2004-08-01,2004,regular,SEA,CHA,87,55,,,espn,,,,
espn-240801016,2004-08-01,2004,regular,WAS,PHO,82,62,,,espn,,,,
espn-240805096,2004-08-05,2004,regular,ALL,USA,58,74,,,espn,,,,
espn-240901001,2004-09-01,2004,regular,CHA,CT,62,55,,,espn,,,,
espn-240901003,2004-09-01,2004,regular,TUL,PHO,58,63,,,espn,,,,
espn-240901004,2004-09-01,2004,regular,HOU,MIN,64,72,,,espn,,,,
espn-240901006,2004-09-01,2004,regular,LOS,SAS,77,69,,,espn,,,,
espn-240901014,2004-09-01,2004,regular,SEA,SAC,65,73,,,espn,,,,
espn-240901016,2004-09-01,2004,regular,WAS,IND,58,75,,,espn,,,,
espn-240902009,2004-09-02,2004,regular,NYL,CHA,56,52,,,espn,,,,
espn-240902013,2004-09-02,2004,regular,SAC,SAS,66,64,,,espn,,,,
espn-240903004,2004-09-03,2004,regular,HOU,PHO,60,70,,,espn,,,,
espn-240903006,2004-09-03,2004,regular,LOS,SEA,82,81,,,espn,,,,
espn-240903008,2004-09-03,2004,regular,MIN,IND,61,69,,,espn,,,,
espn-240903018,2004-09-03,2004,regular,CT,NYL,61,43,,,espn,,,,
espn-240904001,2004-09-04,2004,regular,CHA,TUL,58,66,,,espn,,,,
espn-240904005,2004-09-04,2004,regular,IND,WAS,69,42,,,espn,,,,
espn-240904011,2004-09-04,2004,regular,PHO,SEA,63,55,,,espn,,,,
espn-240904017,2004-09-04,2004,regular,SAS,SAC,70,80,,,espn,,,,
espn-240907016,2004-09-07,2004,regular,WAS,SAC,67,63,,,espn,,,,
espn-240908008,2004-09-08,2004,regular,MIN,CHA,68,72,,,espn,,,,
espn-240908011,2004-09-08,2004,regular,PHO,LOS,72,58,,,espn,,,,
espn-240908014,2004-09-08,2004,regular,SEA,TUL,86,67,,,espn,,,,
espn-240909001,2004-09-09,2004,regular,CHA,SAC,74,69,,,espn,,,,
espn-240909006,2004-09-09,2004,regular,LOS,TUL,81,63,,,espn,,,,
espn-240909016,2004-09-09,2004,regular,WAS,NYL,71,59,,,espn,,,,
espn-240909017,2004-09-09,2004,regular,SAS,HOU,77,72,,,espn,,,,
espn-240910005,2004-09-10,2004,regular,IND,SAS,65,82,,,espn,,,,
espn-240910008,2004-09-10,2004,regular,MIN,SEA,64,61,,,espn,,,,
espn-240910009,2004-09-10,2004,regular,NYL,CT,66,77,,,espn,,,,
espn-240911001,2004-09-11,2004,regular,CHA,MIN,60,50,,,espn,,,,
espn-240911011,2004-09-11,2004,regular,PHO,TUL,72,80,,,espn,,,,
espn-240912006,2004-09-12,2004,regular,LOS,SAC,65,52,,,espn,,,,
espn-240912009,2004-09-12,2004,regular,NYL,SAS,64,62,,,espn,,,,
espn-240912016,2004-09-12,2004,regular,WAS,HOU,75,63,,,espn,,,,
espn-240912018,2004-09-12,2004,regular,CT,SEA,71,64,,,espn,,,,
espn-240913005,2004-09-13,2004,regular,IND,SEA,70,76,,,espn,,,,
espn-240914003,2004-09-14,2004,regular,TUL,NYL,82,71,,,espn,,,,
espn-240914004,2004-09-14,2004,regular,HOU,MIN,70,59,,,espn,,,,
espn-240914006,2004-09-14,2004,regular,LOS,PHO,73,60,,,espn,,,,
espn-240915001,2004-09-15,2004,regular,CHA,CT,67,81,,,espn,,,,
espn-240915014,2004-09-15,2004,regular,SEA,PHO,73,58,,,espn,,,,
espn-240915017,2004-09-15,2004,regular,SAS,WAS,73,84,,,espn,,,,
espn-240916004,2004-09-16,2004,regular,HOU,SAC,62,71,,,espn,,,,
espn-240916009,2004-09-16,2004,regular,NYL,IND,77,71,,,espn,,,,
espn-240917006,2004-09-17,2004,regular,LOS,MIN,66,78,,,espn,,,,
espn-240917011,2004-09-17,2004,regular,PHO,WAS,67,74,,,espn,,,,
espn-240917017,2004-09-17,2004,regular,SAS,CHA,82,65,,,espn,,,,
espn-240917018,2004-09-17,2004,regular,CT,NYL,66,69,,,espn,,,,
espn-240918013,2004-09-18,2004,regular,SAC,HOU,68,48,,,espn,,,,
espn-240918014,2004-09-18,2004,regular,SEA,LOS,80,83,,,espn,,,,
espn-240919003,2004-09-19,2004,regular,TUL,CHA,68,54,,,espn,,,,
espn-240919009,2004-09-19,2004,regular,NYL,WAS,79,75,,,espn,,,,
espn-240919011,2004-09-19,2004,regular,PHO,HOU,78,64,,,espn,,,,
espn-240919013,2004-09-19,2004,regular,SAC,MIN,72,63,,,espn,,,,
espn-240919018,2004-09-19,2004,regular,CT,IND,80,60,,,espn,,,,
espn-240924003,2004-09-24,2004,postseason,TUL,NYL,62,75,,,espn,,,,
espn-240924013,2004-09-24,2004,postseason,SAC,LOS,72,52,,,espn,,,,
espn-240925008,2004-09-25,2004,postseason,MIN,SEA,58,70,,,espn,,,,
espn-240925016,2004-09-25,2004,postseason,WAS,CT,67,59,,,espn,,,,
espn-240926006,2004-09-26,2004,postseason,LOS,SAC,71,57,,,espn,,,,
espn-240926009,2004-09-26,2004,postseason,NYL,TUL,66,76,,,espn,,,,
espn-240927014,2004-09-27,2004,postseason,SEA,MIN,64,54,,,espn,,,,
espn-240927018,2004-09-27,2004,postseason,CT,WAS,80,70,,,espn,,,,
espn-240928006,2004-09-28,2004,postseason,LOS,SAC,58,73,,,espn,,,,
espn-240928009,2004-09-28,2004,postseason,NYL,TUL,66,64,,,espn,,,,
espn-240929018,2004-09-29,2004,postseason,CT,WAS,76,56,,,espn,,,,
espn-241001009,2004-10-01,2004,postseason,NYL,CT,51,61,,,espn,,,,
espn-241001013,2004-10-01,2004,postseason,SAC,SEA,74,72,,,espn,,,,
espn-241003014,2004-10-03,2004,postseason,SEA,SAC,66,54,,,espn,,,,
espn-241003018,2004-10-03,2004,postseason,CT,NYL,60,57,,,espn,,,,
espn-241005014,2004-10-05,2004,postseason,SEA,SAC,82,62,,,espn,,,,
espn-241008018,2004-10-08,2004,postseason,CT,SEA,68,64,,,espn,,,,
espn-241010014,2004-10-10,2004,postseason,SEA,CT,67,65,,,espn,,,,
espn-241012014,2004-10-12,2004,postseason,SEA,CT,74,60,,,espn,,,,
espn-250521001,2005-05-21,2005,regular,CHA,WAS,42,60,,,espn,,,,
espn-250521003,2005-05-21,2005,regular,TUL,CT,78,67,,,espn,,,,
espn-250521011,2005-05-21,2005,regular,PHO,SAC,72,77,,,espn,,,,
espn-250521014,2005-05-21,2005,regular,SEA,LOS,50,68,,,espn,,,,
espn-250521017,2005-05-21,2005,regular,SAS,HOU,70,78,,,espn,,,,
espn-250522004,2005-05-22,2005,regular,HOU,MIN,79,65,,,espn,,,,
espn-250522005,2005-05-22,2005,regular,IND,CHA,68,58,,,espn,,,,
espn-250522009,2005-05-22,2005,regular,NYL,TUL,71,78,,,espn,,,,
espn-250522016,2005-05-22,2005,regular,WAS,CT,67,69,,,espn,,,,
espn-250524003,2005-05-24,2005,regular,TUL,SAS,74,65,,,espn,,,,
espn-250524005,2005-05-24,2005,regular,IND,PHO,83,76,,,espn,,,,
espn-250525008,2005-05-25,2005,regular,MIN,LOS,68,65,,,espn,,,,
espn-250526001,2005-05-26,2005,regular,CHA,PHO,58,68,,,espn,,,,
espn-250526009,2005-05-26,2005,regular,NYL,IND,59,67,,,espn,,,,
espn-250526016,2005-05-26,2005,regular,WAS,LOS,75,84,,,espn,,,,
espn-250527014,2005-05-27,2005,regular,SEA,HOU,79,69,,,espn,,,,
espn-250527017,2005-05-27,2005,regular,SAS,SAC,67,71,,,espn,,,,
espn-250528001,2005-05-28,2005,regular,CHA,LOS,84,75,,,espn,,,,
espn-250528018,2005-05-28,2005,regular,CT,PHO,85,68,,,espn,,,,
espn-250529004,2005-05-29,2005,regular,HOU,IND,86,78,,,espn,,,,
espn-250529008,2005-05-29,2005,regular,MIN,SAC,66,67,,,espn,,,,
espn-250529014,2005-05-29,2005,regular,SEA,SAS,79,51,,,espn,,,,
espn-250531006,2005-05-31,2005,regular,LOS,SAS,81,70,,,espn,,,,
espn-250601005,2005-06-01,2005,regular,IND,SAC,61,60,,,espn,,,,
espn-250601016,2005-06-01,2005,regular,WAS,NYL,68,77,,,espn,,,,
espn-250602011,2005-06-02,2005,regular,PHO,SEA,67,78,,,espn,,,,
espn-250602017,2005-06-02,2005,regular,SAS,CHA,69,62,,,espn,,,,
espn-250603003,2005-06-03,2005,regular,TUL,NYL,68,66,,,espn,,,,
espn-250603016,2005-06-03,2005,regular,WAS,MIN,74,71,,,espn,,,,
espn-250604004,2005-06-04,2005,regular,HOU,PHO,59,57,,,espn,,,,
espn-250604008,2005-06-04,2005,regular,MIN,CHA,73,67,,,espn,,,,
espn-250604013,2005-06-04,2005,regular,SAC,LOS,81,53,,,espn,,,,
espn-250604014,2005-06-04,2005,regular,SEA,IND,83,77,,,espn,,,,
espn-250604018,2005-06-04,2005,regular,CT,SAS,80,69,,,espn,,,,
espn-250605009,2005-06-05,2005,regular,NYL,WAS,61,58,,,espn,,,,
espn-250607004,2005-06-07,2005,regular,HOU,MIN,58,62,,,espn,,,,
espn-250607013,2005-06-07,2005,regular,SAC,IND,65,51,,,espn,,,,
espn-250607017,2005-06-07,2005,regular,SAS,WAS,71,62,,,espn,,,,
espn-250607018,2005-06-07,2005,regular,CT,SEA,81,69,,,espn,,,,
espn-250608003,2005-06-08,2005,regular,TUL,SEA,61,76,,,espn,,,,
espn-250608006,2005-06-08,2005,regular,LOS,PHO,63,66,,,espn,,,,
espn-250610003,2005-06-10,2005,regular,TUL,CHA,69,55,,,espn,,,,
espn-250610004,2005-06-10,2005,regular,HOU,CT,57,77,,,espn,,,,
espn-250610005,2005-06-10,2005,regular,IND,NYL,62,59,,,espn,,,,
espn-250610013,2005-06-10,2005,regular,SAC,PHO,73,61,,,espn,,,,
espn-250610016,2005-06-10,2005,regular,WAS,SEA,64,52,,,espn,,,,
espn-250611006,2005-06-11,2005,regular,LOS,SAC,81,74,,,espn,,,,
espn-250611008,2005-06-11,2005,regular,MIN,WAS,78,60,,,espn,,,,
espn-250611017,2005-06-11,2005,regular,SAS,CT,69,78,,,espn,,,,
espn-250612001,2005-06-12,2005,regular,CHA,SEA,60,62,,,espn,,,,
espn-250612009,2005-06-12,2005,regular,NYL,TUL,72,69,,,espn,,,,
espn-250613013,2005-06-13,2005,regular,SAC,HOU,74,68,,,espn,,,,
espn-250615005,2005-06-15,2005,regular,IND,TUL,84,79,,,espn,,,,
espn-250615006,2005-06-15,2005,regular,LOS,HOU,83,64,,,espn,,,,
espn-250615011,2005-06-15,2005,regular,PHO,SAS,76,62,,,espn,,,,
espn-250615014,2005-06-15,2005,regular,SEA,MIN,81,86,,,espn,,,,
espn-250616001,2005-06-16,2005,regular,CHA,IND,57,60,,,espn,,,,
espn-250617013,2005-06-17,2005,regular,SAC,MIN,67,50,,,espn,,,,
espn-250618006,2005-06-18,2005,regular,LOS,MIN,69,56,,,espn,,,,
espn-250618009,2005-06-18,2005,regular,NYL,PHO,65,54,,,espn,,,,
espn-250618016,2005-06-18,2005,regular,WAS,IND,88,78,,,espn,,,,
espn-250618017,2005-06-18,2005,regular,SAS,HOU,69,75,,,espn,,,,
espn-250618018,2005-06-18,2005,regular,CT,TUL,73,63,,,espn,,,,
espn-250620006,2005-06-20,2005,regular,LOS,CT,70,90,,,espn,,,,
espn-250621009,2005-06-21,2005,regular,NYL,SAS,77,59,,,espn,,,,
espn-250621016,2005-06-21,2005,regular,WAS,PHO,77,56,,,espn,,,,
espn-250622008,2005-06-22,2005,regular,MIN,PHO,75,59,,,espn,,,,
espn-250622014,2005-06-22,2005,regular,SEA,CT,95,86,,,espn,,,,
espn-250623001,2005-06-23,2005,regular,CHA,SAS,49,64,,,espn,,,,
espn-250624003,2005-06-24,2005,regular,TUL,WAS,55,69,,,espn,,,,
espn-250624005,2005-06-24,2005,regular,IND,MIN,57,55,,,espn,,,,
espn-250624006,2005-06-24,2005,regular,LOS,SEA,76,65,,,espn,,,,
espn-250624013,2005-06-24,2005,regular,SAC,CT,50,61,,,espn,,,,
espn-250625001,2005-06-25,2005,regular,CHA,NYL,67,61,,,espn,,,,
espn-250625004,2005-06-25,2005,regular,HOU,SAS,62,44,,,espn,,,,
espn-250625011,2005-06-25,2005,regular,PHO,CT,69,77,,,espn,,,,
espn-250626003,2005-06-26,2005,regular,TUL,LOS,79,73,,,espn,,,,
espn-250626008,2005-06-26,2005,regular,MIN,SEA,73,70,,,espn,,,,
espn-250626016,2005-06-26,2005,regular,WAS,SAC,57,62,,,espn,,,,
espn-250628001,2005-06-28,2005,regular,CHA,WAS,61,66,,,espn,,,,
espn-250628004,2005-06-28,2005,regular,HOU,SEA,71,67,,,espn,,,,
espn-250628005,2005-06-28,2005,regular,IND,LOS,58,61,,,espn,,,,
espn-250628008,2005-06-28,2005,regular,MIN,SAS,63,53,,,espn,,,,
espn-250628018,2005-06-28,2005,regular,CT,SAC,70,66,,,espn,,,,
espn-250630009,2005-06-30,2005,regular,NYL,SAC,50,61,,,espn,,,,
espn-250630016,2005-06-30,2005,regular,WAS,CHA,65,50,,,espn,,,,
espn-250630017,2005-06-30,2005,regular,SAS,SEA,81,69,,,espn,,,,
espn-250630018,2005-06-30,2005,regular,CT,MIN,71,56,,,espn,,,,
espn-250701003,2005-07-01,2005,regular,TUL,SAC,63,80,,,espn,,,,
espn-250702004,2005-07-02,2005,regular,HOU,CHA,75,65,,,espn,,,,
espn-250702006,2005-07-02,2005,regular,LOS,PHO,86,63,,,espn,,,,
espn-250702017,2005-07-02,2005,regular,SAS,NYL,69,57,,,espn,,,,
espn-250703014,2005-07-03,2005,regular,SEA,SAC,74,67,,,espn,,,,
espn-250705003,2005-07-05,2005,regular,TUL,HOU,66,75,,,espn,,,,
espn-250705006,2005-07-05,2005,regular,LOS,NYL,55,67,,,espn,,,,
espn-250705017,2005-07-05,2005,regular,SAS,PHO,69,76,,,espn,,,,
espn-250706011,2005-07-06,2005,regular,PHO,SEA,73,61,,,espn,,,,
espn-250707001,2005-07-07,2005,regular,CHA,MIN,66,58,,,espn,,,,
espn-250707005,2005-07-07,2005,regular,IND,HOU,63,65,,,espn,,,,
espn-250707009,2005-07-07,2005,regular,NYL,CT,89,79,,,espn,,,,
espn-250707016,2005-07-07,2005,regular,WAS,TUL,62,76,,,espn,,,,
espn-250709099,2005-07-09,2005,regular,WEST,EAST,122,99,,,espn,,,,
espn-250712004,2005-07-12,2005,regular,HOU,NYL,65,68,,,espn,,,,
espn-250712006,2005-07-12,2005,regular,LOS,CHA,71,59,,,espn,,,,
espn-250713005,2005-07-13,2005,regular,IND,CT,64,53,,,espn,,,,
espn-250713008,2005-07-13,2005,regular,MIN,TUL,71,61,,,espn,,,,
espn-250713011,2005-07-13,2005,regular,PHO,CHA,82,62,,,espn,,,,
espn-250713014,2005-07-13,2005,regular,SEA,WAS,71,78,,,espn,,,,
espn-250714013,2005-07-14,2005,regular,SAC,SAS,72,61,,,espn,,,,
espn-250715005,2005-07-15,2005,regular,IND,TUL,62,57,,,espn,,,,
espn-250715009,2005-07-15,2005,regular,NYL,MIN,60,64,,,espn,,,,
espn-250715011,2005-07-15,2005,regular,PHO,WAS,77,66,,,espn,,,,
espn-250715014,2005-07-15,2005,regular,SEA,SAS,92,70,,,espn,,,,
espn-250715018,2005-07-15,2005,regular,CT,HOU,70,66,,,espn,,,,
espn-250716006,2005-07-16,2005,regular,LOS,SEA,70,78,,,espn,,,,
espn-250716013,2005-07-16,2005,regular,SAC,WAS,73,59,,,espn,,,,
espn-250717001,2005-07-17,2005,regular,CHA,HOU,55,67,,,espn,,,,
espn-250717003,2005-07-17,2005,regular,TUL,IND,58,59,,,espn,,,,
espn-250717008,2005-07-17,2005,regular,MIN,CT,53,72,,,espn,,,,
espn-250719001,2005-07-19,2005,regular,CHA,CT,55,64,,,espn,,,,
espn-250719004,2005-07-19,2005,regular,HOU,SAC,58,54,,,espn,,,,
espn-250719006,2005-07-19,2005,regular,LOS,WAS,68,74,,,espn,,,,
espn-250719008,2005-07-19,2005,regular,MIN,IND,66,45,,,espn,,,,
espn-250719014,2005-07-19,2005,regular,SEA,NYL,87,78,,,espn,,,,
espn-250720003,2005-07-20,2005,regular,TUL,CT,66,57,,,espn,,,,
espn-250721004,2005-07-21,2005,regular,HOU,WAS,65,70,,,espn,,,,
espn-250721005,2005-07-21,2005,regular,IND,SAS,66,53,,,espn,,,,
espn-250721011,2005-07-21,2005,regular,PHO,NYL,70,80,,,espn,,,,
espn-250722013,2005-07-22,2005,regular,SAC,NYL,63,73,,,espn,,,,
espn-250722018,2005-07-22,2005,regular,CT,CHA,73,63,,,espn,,,,
espn-250723001,2005-07-23,2005,regular,CHA,IND,46,63,,,espn,,,,
espn-250723004,2005-07-23,2005,regular,HOU,LOS,59,69,,,espn,,,,
espn-250723014,2005-07-23,2005,regular,SEA,TUL,74,71,,,espn,,,,
espn-250723017,2005-07-23,2005,regular,SAS,PHO,49,66,,,espn,,,,
espn-250724008,2005-07-24,2005,regular,MIN,NYL,47,59,,,espn,,,,
espn-250724013,2005-07-24,2005,regular,SAC,TUL,91,51,,,espn,,,,
espn-250726011,2005-07-26,2005,regular,PHO,LOS,77,60,,,espn,,,,
espn-250726013,2005-07-26,2005,regular,SAC,CHA,64,54,,,espn,,,,
espn-250726016,2005-07-26,2005,regular,WAS,HOU,65,83,,,espn,,,,
espn-250726017,2005-07-26,2005,regular,SAS,MIN,78,71,,,espn,,,,
espn-250726018,2005-07-26,2005,regular,CT,IND,68,55,,,espn,,,,
espn-250727009,2005-07-27,2005,regular,NYL,HOU,69,71,,,espn,,,,
espn-250728016,2005-07-28,2005,regular,WAS,SAS,73,58,,,espn,,,,
espn-250728018,2005-07-28,2005,regular,CT,NYL,73,70,,,espn,,,,
espn-250729005,2005-07-29,2005,regular,IND,WAS,62,58,,,espn,,,,
espn-250729008,2005-07-29,2005,regular,MIN,PHO,65,69,,,espn,,,,
espn-250729013,2005-07-29,2005,regular,SAC,LOS,79,59,,,espn,,,,
espn-250729014,2005-07-29,2005,regular,SEA,CHA,79,68,,,espn,,,,
espn-250730004,2005-07-30,2005,regular,HOU,SAS,63,68,,,espn,,,,
espn-250730018,2005-07-30,2005,regular,CT,TUL,66,75,,,espn,,,,
espn-250731003,2005-07-31,2005,regular,TUL,PHO,66,63,,,espn,,,,
espn-250731009,2005-07-31,2005,regular,NYL,IND,67,53,,,espn,,,,
espn-250731013,2005-07-31,2005,regular,SAC,MIN,67,54,,,espn,,,,
espn-250731014,2005-07-31,2005,regular,SEA,LOS,77,72,,,espn,,,,
espn-250802004,2005-08-02,2005,regular,HOU,TUL,62,61,,,espn,,,,
espn-250802009,2005-08-02,2005,regular,NYL,CT,65,72,,,espn,,,,
espn-250802016,2005-08-02,2005,regular,WAS,CHA,65,63,,,espn,,,,
espn-250802017,2005-08-02,2005,regular,SAS,SAC,57,67,,,espn,,,,
espn-250803011,2005-08-03,2005,regular,PHO,MIN,70,64,,,espn,,,,
espn-250804001,2005-08-04,2005,regular,CHA,SAC,58,76,,,espn,,,,
espn-250804005,2005-08-04,2005,regular,IND,SEA,78,68,,,espn,,,,
espn-250805011,2005-08-05,2005,regular,PHO,HOU,80,75,,,espn,,,,
espn-250805017,2005-08-05,2005,regular,SAS,LOS,63,66,,,espn,,,,
espn-250806001,2005-08-06,2005,regular,CHA,TUL,82,73,,,espn,,,,
espn-250806005,2005-08-06,2005,regular,IND,CT,65,74,,,espn,,,,
espn-250806009,2005-08-06,2005,regular,NYL,SEA,79,67,,,espn,,,,
espn-250807003,2005-08-07,2005,regular,TUL,NYL,72,67,,,espn,,,,
espn-250807008,2005-08-07,2005,regular,MIN,LOS,76,72,,,espn,,,,
espn-250807013,2005-08-07,2005,regular,SAC,HOU,55,45,,,espn,,,,
espn-250807016,2005-08-07,2005,regular,WAS,IND,61,60,,,espn,,,,
espn-250809003,2005-08-09,2005,regular,TUL,CHA,71,64,,,espn,,,,
espn-250809008,2005-08-09,2005,regular,MIN,SAS,76,72,,,espn,,,,
espn-250809014,2005-08-09,2005,regular,SEA,HOU,71,68,,,espn,,,,
espn-250809018,2005-08-09,2005,regular,CT,LOS,64,51,,,espn,,,,
espn-250810009,2005-08-10,2005,regular,NYL,LOS,74,69,,,espn,,,,
espn-250811003,2005-08-11,2005,regular,TUL,MIN,72,66,,,espn,,,,
espn-250811016,2005-08-11,2005,regular,WAS,CT,65,80,,,espn,,,,
espn-250811017,2005-08-11,2005,regular,SAS,IND,48,57,,,espn,,,,
espn-250812001,2005-08-12,2005,regular,CHA,NYL,74,82,,,espn,,,,
espn-250812008,2005-08-12,2005,regular,MIN,SEA,66,72,,,espn,,,,
espn-250812011,2005-08-12,2005,regular,PHO,SAC,76,62,,,espn,,,,
espn-250813006,2005-08-13,2005,regular,LOS,IND,69,59,,,espn,,,,
espn-250813017,2005-08-13,2005,regular,SAS,TUL,59,60,,,espn,,,,
espn-250814004,2005-08-14,2005,regular,HOU,SEA,75,72,,,espn,,,,
espn-250814009,2005-08-14,2005,regular,NYL,CHA,73,65,,,espn,,,,
espn-250814011,2005-08-14,2005,regular,PHO,IND,56,62,,,espn,,,,
espn-250814018,2005-08-14,2005,regular,CT,WAS,80,77,,,espn,,,,
espn-250816006,2005-08-16,2005,regular,LOS,SAC,63,72,,,espn,,,,
espn-250816008,2005-08-16,2005,regular,MIN,HOU,73,62,,,espn,,,,
espn-250816009,2005-08-16,2005,regular,NYL,WAS,72,66,,,espn,,,,
espn-250816011,2005-08-16,2005,regular,PHO,TUL,58,51,,,espn,,,,
espn-250818004,2005-08-18,2005,regular,HOU,PHO,77,66,,,espn,,,,
espn-250818005,2005-08-18,2005,regular,IND,WAS,67,57,,,espn,,,,
espn-250818013,2005-08-18,2005,regular,SAC,SAS,64,57,,,espn,,,,
espn-250818014,2005-08-18,2005,regular,SEA,MIN,76,60,,,espn,,,,
espn-250818018,2005-08-18,2005,regular,CT,CHA,84,70,,,espn,,,,
espn-250819006,2005-08-19,2005,regular,LOS,TUL,74,67,,,espn,,,,
espn-250819011,2005-08-19,2005,regular,PHO,SAS,91,57,,,espn,,,,
espn-250820005,2005-08-20,2005,regular,IND,CHA,62,53,,,espn,,,,
espn-250820013,2005-08-20,2005,regular,SAC,SEA,75,65,,,espn,,,,
espn-250820018,2005-08-20,2005,regular,CT,NYL,58,64,,,espn,,,,
espn-250821003,2005-08-21,2005,regular,TUL,WAS,66,52,,,espn,,,,
espn-250821006,2005-08-21,2005,regular,LOS,HOU,55,50,,,espn,,,,
espn-250821011,2005-08-21,2005,regular,PHO,MIN,83,69,,,espn,,,,
espn-250823001,2005-08-23,2005,regular,CHA,TUL,56,49,,,espn,,,,
espn-250823006,2005-08-23,2005,regular,LOS,MIN,74,63,,,espn,,,,
espn-250823013,2005-08-23,2005,regular,SAC,PHO,76,70,,,espn,,,,
espn-250823016,2005-08-23,2005,regular,WAS,NYL,82,69,,,espn,,,,
espn-250823017,2005-08-23,2005,regular,SAS,SEA,51,78,,,espn,,,,
espn-250823018,2005-08-23,2005,regular,CT,IND,63,69,,,espn,,,,
espn-250825003,2005-08-25,2005,regular,TUL,IND,55,40,,,espn,,,,
espn-250825009,2005-08-25,2005,regular,NYL,CHA,66,78,,,espn,,,,
espn-250825011,2005-08-25,2005,regular,PHO,HOU,72,80,,,espn,,,,
espn-250825014,2005-08-25,2005,regular,SEA,SAC,76,63,,,espn,,,,
espn-250826017,2005-08-26,2005,regular,SAS,LOS,67,70,,,espn,,,,
espn-250826018,2005-08-26,2005,regular,CT,WAS,81,47,,,espn,,,,
espn-250827001,2005-08-27,2005,regular,CHA,CT,69,78,,,espn,,,,
espn-250827004,2005-08-27,2005,regular,HOU,LOS,77,51,,,espn,,,,
espn-250827005,2005-08-27,2005,regular,IND,NYL,75,50,,,espn,,,,
espn-250827008,2005-08-27,2005,regular,MIN,SAC,52,61,,,espn,,,,
espn-250827014,2005-08-27,2005,regular,SEA,PHO,85,74,,,espn,,,,
espn-250827016,2005-08-27,2005,regular,WAS,TUL,76,67,,,espn,,,,
espn-250830004,2005-08-30,2005,postseason,HOU,SEA,67,75,,,espn,,,,
espn-250830009,2005-08-30,2005,postseason,NYL,IND,51,63,,,espn,,,,
espn-250831003,2005-08-31,2005,postseason,TUL,CT,62,73,,,espn,,,,
espn-250831006,2005-08-31,2005,postseason,LOS,SAC,72,75,,,espn,,,,
espn-250901005,2005-09-01,2005,postseason,IND,NYL,58,50,,,espn,,,,
espn-250901014,2005-09-01,2005,postseason,SEA,HOU,64,67,,,espn,,,,
espn-250902013,2005-09-02,2005,postseason,SAC,LOS,81,63,,,espn,,,,
espn-250902018,2005-09-02,2005,postseason,CT,TUL,75,67,,,espn,,,,
espn-250903014,2005-09-03,2005,postseason,SEA,HOU,58,75,,,espn,,,,
espn-250908004,2005-09-08,2005,postseason,HOU,SAC,69,73,,,espn,,,,
espn-250908005,2005-09-08,2005,postseason,IND,CT,68,73,,,espn,,,,
espn-250910013,2005-09-10,2005,postseason,SAC,HOU,74,65,,,espn,,,,
espn-250910018,2005-09-10,2005,postseason,CT,IND,77,67,,,espn,,,,
espn-250914018,2005-09-14,2005,postseason,CT,SAC,65,69,,,espn,,,,
espn-250915018,2005-09-15,2005,postseason,CT,SAC,77,70,,,espn,,,,
espn-250918013,2005-09-18,2005,postseason,SAC,CT,66,55,,,espn,,,,
espn-250920013,2005-09-20,2005,postseason,SAC,CT,62,59,,,espn,,,,
espn-260520001,2006-05-20,2006,regular,CHA,CHI,82,83,,,espn,,,,
espn-260520005,2006-05-20,2006,regular,IND,TUL,67,60,,,espn,,,,
espn-260520013,2006-05-20,2006,regular,SAC,PHO,105,78,,,espn,,,,
espn-260520018,2006-05-20,2006,regular,CT,NYL,91,74,,,espn,,,,
espn-260521004,2006-05-21,2006,regular,HOU,SAS,63,79,,,espn,,,,
espn-260521014,2006-05-21,2006,regular,SEA,LOS,90,67,,,espn,,,,
espn-260523001,2006-05-23,2006,regular,CHA,LOS,65,72,,,espn,,,,
espn-260523008,2006-05-23,2006,regular,MIN,CT,69,81,,,espn,,,,
espn-260523014,2006-05-23,2006,regular,SEA,HOU,59,84,,,espn,,,,
espn-260523016,2006-05-23,2006,regular,WAS,NYL,95,60,,,espn,,,,
espn-260523017,2006-05-23,2006,regular,SAS,IND,53,62,,,espn,,,,
espn-260523019,2006-05-23,2006,regular,CHI,SAC,63,76,,,espn,,,,
espn-260524003,2006-05-24,2006,regular,TUL,MIN,78,69,,,espn,,,,
espn-260525001,2006-05-25,2006,regular,CHA,WAS,73,63,,,espn,,,,
espn-260525011,2006-05-25,2006,regular,PHO,SEA,81,94,,,espn,,,,
espn-260525013,2006-05-25,2006,regular,SAC,HOU,66,81,,,espn,,,,
espn-260525017,2006-05-25,2006,regular,SAS,LOS,71,80,,,espn,,,,
espn-260526019,2006-05-26,2006,regular,CHI,IND,60,75,,,espn,,,,
espn-260527016,2006-05-27,2006,regular,WAS,MIN,90,75,,,espn,,,,
espn-260527018,2006-05-27,2006,regular,CT,TUL,73,77,,,espn,,,,
espn-260530005,2006-05-30,2006,regular,IND,NYL,91,70,,,espn,,,,
espn-260530019,2006-05-30,2006,regular,CHI,LOS,55,64,,,espn,,,,
espn-260531004,2006-05-31,2006,regular,HOU,IND,73,60,,,espn,,,,
espn-260531008,2006-05-31,2006,regular,MIN,LOS,114,71,,,espn,,,,
espn-260531011,2006-05-31,2006,regular,PHO,SAS,76,82,,,espn,,,,
espn-260531013,2006-05-31,2006,regular,SAC,SEA,87,66,,,espn,,,,
espn-260601001,2006-06-01,2006,regular,CHA,CT,65,89,,,espn,,,,
espn-260601003,2006-06-01,2006,regular,TUL,NYL,64,63,,,espn,,,,
espn-260602004,2006-06-02,2006,regular,HOU,CHI,71,60,,,espn,,,,
espn-260602008,2006-06-02,2006,regular,MIN,IND,92,87,,,espn,,,,
espn-260602013,2006-06-02,2006,regular,SAC,SAS,71,74,,,espn,,,,
espn-260602014,2006-06-02,2006,regular,SEA,PHO,97,87,,,espn,,,,
espn-260603009,2006-06-03,2006,regular,NYL,LOS,89,79,,,espn,,,,
espn-260603016,2006-06-03,2006,regular,WAS,TUL,92,68,,,espn,,,,
espn-260603018,2006-06-03,2006,regular,CT,CHA,89,71,,,espn,,,,
espn-260604004,2006-06-04,2006,regular,HOU,MIN,85,62,,,espn,,,,
espn-260604014,2006-06-04,2006,regular,SEA,SAS,87,89,,,espn,,,,
espn-260604019,2006-06-04,2006,regular,CHI,TUL,66,81,,,espn,,,,
espn-260606011,2006-06-06,2006,regular,PHO,SAC,90,76,,,espn,,,,
espn-260606016,2006-06-06,2006,regular,WAS,HOU,93,79,,,espn,,,,
espn-260607005,2006-06-07,2006,regular,IND,WAS,83,70,,,espn,,,,
espn-260607006,2006-06-07,2006,regular,LOS,TUL,86,78,,,espn,,,,
espn-260607009,2006-06-07,2006,regular,NYL,CT,60,75,,,espn,,,,
espn-260607014,2006-06-07,2006,regular,SEA,CHI,86,73,,,espn,,,,
espn-260609001,2006-06-09,2006,regular,CHA,IND,70,59,,,espn,,,,
espn-260609004,2006-06-09,2006,regular,HOU,NYL,97,62,,,espn,,,,
espn-260609006,2006-06-09,2006,regular,LOS,CHI,73,65,,,espn,,,,
espn-260609011,2006-06-09,2006,regular,PHO,TUL,93,79,,,espn,,,,
espn-260609017,2006-06-09,2006,regular,SAS,MIN,79,86,,,espn,,,,
espn-260609018,2006-06-09,2006,regular,CT,SEA,85,81,,,espn,,,,
espn-260610013,2006-06-10,2006,regular,SAC,CHI,80,70,,,espn,,,,
espn-260610017,2006-06-10,2006,regular,SAS,NYL,67,71,,,espn,,,,
espn-260611005,2006-06-11,2006,regular,IND,SEA,69,62,,,espn,,,,
espn-260611008,2006-06-11,2006,regular,MIN,HOU,75,62,,,espn,,,,
espn-260611018,2006-06-11,2006,regular,CT,WAS,85,71,,,espn,,,,
espn-260613006,2006-06-13,2006,regular,LOS,PHO,98,84,,,espn,,,,
espn-260613009,2006-06-13,2006,regular,NYL,IND,78,80,,,espn,,,,
espn-260613016,2006-06-13,2006,regular,WAS,CHA,87,70,,,espn,,,,
espn-260614004,2006-06-14,2006,regular,HOU,SAC,73,66,,,espn,,,,
espn-260614008,2006-06-14,2006,regular,MIN,SEA,66,74,,,espn,,,,
espn-260615001,2006-06-15,2006,regular,CHA,WAS,77,96,,,espn,,,,
espn-260615019,2006-06-15,2006,regular,CHI,SEA,61,74,,,espn,,,,
espn-260616003,2006-06-16,2006,regular,TUL,IND,71,63,,,espn,,,,
espn-260616009,2006-06-16,2006,regular,NYL,HOU,58,72,,,espn,,,,
espn-260616011,2006-06-16,2006,regular,PHO,CT,91,86,,,espn,,,,
espn-260616017,2006-06-16,2006,regular,SAS,MIN,90,60,,,espn,,,,
espn-260617003,2006-06-17,2006,regular,TUL,HOU,71,55,,,espn,,,,
espn-260617006,2006-06-17,2006,regular,LOS,CT,82,70,,,espn,,,,
espn-260617013,2006-06-17,2006,regular,SAC,SEA,76,74,,,espn,,,,
espn-260617016,2006-06-17,2006,regular,WAS,NYL,88,70,,,espn,,,,
espn-260617019,2006-06-17,2006,regular,CHI,SAS,65,69,,,espn,,,,
espn-260618005,2006-06-18,2006,regular,IND,CHA,92,85,,,espn,,,,
espn-260618006,2006-06-18,2006,regular,LOS,SAC,80,69,,,espn,,,,
espn-260618008,2006-06-18,2006,regular,MIN,PHO,94,82,,,espn,,,,
espn-260620001,2006-06-20,2006,regular,CHA,CT,66,90,,,espn,,,,
espn-260621005,2006-06-21,2006,regular,IND,CHI,77,55,,,espn,,,,
espn-260621006,2006-06-21,2006,regular,LOS,HOU,75,55,,,espn,,,,
espn-260621009,2006-06-21,2006,regular,NYL,WAS,72,66,,,espn,,,,
espn-260621013,2006-06-21,2006,regular,SAC,SAS,75,69,,,espn,,,,
espn-260621014,2006-06-21,2006,regular,SEA,PHO,80,87,,,espn,,,,
espn-260622001,2006-06-22,2006,regular,CHA,TUL,74,86,,,espn,,,,
espn-260622018,2006-06-22,2006,regular,CT,MIN,79,62,,,espn,,,,
espn-260623004,2006-06-23,2006,regular,HOU,CHA,85,70,,,espn,,,,
espn-260623011,2006-06-23,2006,regular,PHO,IND,73,83,,,espn,,,,
espn-260623013,2006-06-23,2006,regular,SAC,LOS,63,77,,,espn,,,,
espn-260623014,2006-06-23,2006,regular,SEA,SAS,87,57,,,espn,,,,
espn-260623019,2006-06-23,2006,regular,CHI,CT,79,84,,,espn,,,,
espn-260624003,2006-06-24,2006,regular,TUL,WAS,92,86,,,espn,,,,
espn-260624008,2006-06-24,2006,regular,MIN,NYL,83,93,,,espn,,,,
espn-260625003,2006-06-25,2006,regular,TUL,CHA,71,61,,,espn,,,,
espn-260625004,2006-06-25,2006,regular,HOU,SEA,84,74,,,espn,,,,
espn-260625006,2006-06-25,2006,regular,LOS,SAS,105,80,,,espn,,,,
espn-260625011,2006-06-25,2006,regular,PHO,CHI,90,77,,,espn,,,,
espn-260625013,2006-06-25,2006,regular,SAC,IND,82,61,,,espn,,,,
espn-260625016,2006-06-25,2006,regular,WAS,CT,87,80,,,espn,,,,
espn-260627009,2006-06-27,2006,regular,NYL,CHA,67,73,,,espn,,,,
espn-260627014,2006-06-27,2006,regular,SEA,SAC,68,53,,,espn,,,,
espn-260627016,2006-06-27,2006,regular,WAS,IND,67,74,,,espn,,,,
espn-260627017,2006-06-27,2006,regular,SAS,TUL,59,63,,,espn,,,,
espn-260627018,2006-06-27,2006,regular,CT,HOU,73,57,,,espn,,,,
espn-260628006,2006-06-28,2006,regular,LOS,SEA,67,75,,,espn,,,,
espn-260628011,2006-06-28,2006,regular,PHO,MIN,81,78,,,espn,,,,
espn-260629004,2006-06-29,2006,regular,HOU,WAS,83,76,,,espn,,,,
espn-260629005,2006-06-29,2006,regular,IND,TUL,66,56,,,espn,,,,
espn-260629013,2006-06-29,2006,regular,SAC,MIN,87,78,,,espn,,,,
espn-260629019,2006-06-29,2006,regular,CHI,CHA,75,69,,,espn,,,,
espn-260630006,2006-06-30,2006,regular,LOS,PHO,85,83,,,espn,,,,
espn-260630009,2006-06-30,2006,regular,NYL,SAS,78,91,,,espn,,,,
espn-260630018,2006-06-30,2006,regular,CT,TUL,64,70,,,espn,,,,
espn-260701001,2006-07-01,2006,regular,CHA,SAC,57,65,,,espn,,,,
espn-260701005,2006-07-01,2006,regular,IND,CT,66,76,,,espn,,,,
espn-260701006,2006-07-01,2006,regular,LOS,WAS,80,75,,,espn,,,,
espn-260701014,2006-07-01,2006,regular,SEA,MIN,92,75,,,espn,,,,
espn-260701017,2006-07-01,2006,regular,SAS,CHI,69,57,,,espn,,,,
espn-260702004,2006-07-02,2006,regular,HOU,SAC,77,62,,,espn,,,,
espn-260702011,2006-07-02,2006,regular,PHO,WAS,78,81,,,espn,,,,
espn-260703006,2006-07-03,2006,regular,LOS,SAS,63,85,,,espn,,,,
espn-260705006,2006-07-05,2006,regular,LOS,HOU,74,62,,,espn,,,,
espn-260705008,2006-07-05,2006,regular,MIN,WAS,84,74,,,espn,,,,
espn-260706003,2006-07-06,2006,regular,TUL,PHO,76,91,,,espn,,,,
espn-260706009,2006-07-06,2006,regular,NYL,SAC,58,79,,,espn,,,,
espn-260706018,2006-07-06,2006,regular,CT,CHA,76,71,,,espn,,,,
espn-260707006,2006-07-07,2006,regular,LOS,IND,72,60,,,espn,,,,
espn-260707008,2006-07-07,2006,regular,MIN,TUL,80,92,,,espn,,,,
espn-260707016,2006-07-07,2006,regular,WAS,SAC,60,73,,,espn,,,,
espn-260707017,2006-07-07,2006,regular,SAS,HOU,94,75,,,espn,,,,
espn-260707019,2006-07-07,2006,regular,CHI,NYL,78,73,,,espn,,,,
espn-260708006,2006-07-08,2006,regular,LOS,CHA,66,64,,,espn,,,,
espn-260708018,2006-07-08,2006,regular,CT,PHO,82,77,,,espn,,,,
espn-260709004,2006-07-09,2006,regular,HOU,TUL,60,66,,,espn,,,,
espn-260709008,2006-07-09,2006,regular,MIN,SAS,85,80,,,espn,,,,
espn-260709009,2006-07-09,2006,regular,NYL,PHO,88,94,,,espn,,,,
espn-260709013,2006-07-09,2006,regular,SAC,CHA,70,61,,,espn,,,,
espn-260709014,2006-07-09,2006,regular,SEA,IND,62,74,,,espn,,,,
espn-260709016,2006-07-09,2006,regular,WAS,CHI,89,83,,,espn,,,,
espn-260712098,2006-07-12,2006,regular,EAST,WEST,98,82,,,espn,,,,
espn-260714001,2006-07-14,2006,regular,CHA,SAS,81,65,,,espn,,,,
espn-260714011,2006-07-14,2006,regular,PHO,LOS,85,95,,,espn,,,,
espn-260714014,2006-07-14,2006,regular,SEA,NYL,86,66,,,espn,,,,
espn-260714019,2006-07-14,2006,regular,CHI,HOU,77,82,,,espn,,,,
espn-260715001,2006-07-15,2006,regular,CHA,IND,75,65,,,espn,,,,
espn-260715013,2006-07-15,2006,regular,SAC,CT,69,63,,,espn,,,,
espn-260716003,2006-07-16,2006,regular,TUL,SAS,77,67,,,espn,,,,
espn-260716005,2006-07-16,2006,regular,IND,HOU,60,56,,,espn,,,,
espn-260716008,2006-07-16,2006,regular,MIN,LOS,78,90,,,espn,,,,
espn-260716011,2006-07-16,2006,regular,PHO,NYL,80,70,,,espn,,,,
espn-260716014,2006-07-16,2006,regular,SEA,CT,83,92,,,espn,,,,
espn-260716019,2006-07-16,2006,regular,CHI,WAS,75,83,,,espn,,,,
espn-260718005,2006-07-18,2006,regular,IND,PHO,71,65,,,espn,,,,
espn-260718006,2006-07-18,2006,regular,LOS,NYL,70,62,,,espn,,,,
espn-260718014,2006-07-18,2006,regular,SEA,SAC,61,74,,,espn,,,,
espn-260718017,2006-07-18,2006,regular,SAS,HOU,67,64,,,espn,,,,
espn-260719003,2006-07-19,2006,regular,TUL,CHA,67,73,,,espn,,,,
espn-260719008,2006-07-19,2006,regular,MIN,CHI,90,82,,,espn,,,,
espn-260719016,2006-07-19,2006,regular,WAS,PHO,83,96,,,espn,,,,
espn-260720001,2006-07-20,2006,regular,CHA,SEA,86,72,,,espn,,,,
espn-260720004,2006-07-20,2006,regular,HOU,MIN,78,55,,,espn,,,,
espn-260720013,2006-07-20,2006,regular,SAC,NYL,71,62,,,espn,,,,
espn-260720018,2006-07-20,2006,regular,CT,CHI,86,72,,,espn,,,,
espn-260721003,2006-07-21,2006,regular,TUL,LOS,73,59,,,espn,,,,
espn-260721017,2006-07-21,2006,regular,SAS,WAS,77,80,,,espn,,,,
espn-260722001,2006-07-22,2006,regular,CHA,PHO,74,78,,,espn,,,,
espn-260722003,2006-07-22,2006,regular,TUL,CHI,89,70,,,espn,,,,
espn-260722005,2006-07-22,2006,regular,IND,LOS,68,73,,,espn,,,,
espn-260722008,2006-07-22,2006,regular,MIN,SAC,59,86,,,espn,,,,
espn-260722009,2006-07-22,2006,regular,NYL,SEA,54,91,,,espn,,,,
espn-260722017,2006-07-22,2006,regular,SAS,CT,61,79,,,espn,,,,
espn-260723016,2006-07-23,2006,regular,WAS,SEA,71,73,,,espn,,,,
espn-260724009,2006-07-24,2006,regular,NYL,CT,71,89,,,espn,,,,
espn-260725001,2006-07-25,2006,regular,CHA,MIN,62,70,,,espn,,,,
espn-260725004,2006-07-25,2006,regular,HOU,LOS,52,56,,,espn,,,,
espn-260725005,2006-07-25,2006,regular,IND,SAC,75,60,,,espn,,,,
espn-260725011,2006-07-25,2006,regular,PHO,SEA,85,91,,,espn,,,,
espn-260725018,2006-07-25,2006,regular,CT,WAS,86,73,,,espn,,,,
espn-260725019,2006-07-25,2006,regular,CHI,NYL,72,79,,,espn,,,,
espn-260726003,2006-07-26,2006,regular,TUL,SAC,91,71,,,espn,,,,
espn-260726017,2006-07-26,2006,regular,SAS,LOS,67,81,,,espn,,,,
espn-260727004,2006-07-27,2006,regular,HOU,PHO,98,95,,,espn,,,,
espn-260727008,2006-07-27,2006,regular,MIN,CHA,68,81,,,espn,,,,
espn-260727016,2006-07-27,2006,regular,WAS,CHI,92,74,,,espn,,,,
espn-260728014,2006-07-28,2006,regular,SEA,TUL,67,77,,,espn,,,,
espn-260728017,2006-07-28,2006,regular,SAS,PHO,98,96,,,espn,,,,
espn-260728018,2006-07-28,2006,regular,CT,SAC,75,68,,,espn,,,,
espn-260728019,2006-07-28,2006,regular,CHI,MIN,83,65,,,espn,,,,
espn-260729001,2006-07-29,2006,regular,CHA,NYL,80,85,,,espn,,,,
espn-260729005,2006-07-29,2006,regular,IND,WAS,67,74,,,espn,,,,
espn-260730009,2006-07-30,2006,regular,NYL,MIN,78,69,,,espn,,,,
espn-260730011,2006-07-30,2006,regular,PHO,HOU,80,82,,,espn,,,,
espn-260730013,2006-07-30,2006,regular,SAC,TUL,94,61,,,espn,,,,
espn-260730014,2006-07-30,2006,regular,SEA,LOS,70,71,,,espn,,,,
espn-260730016,2006-07-30,2006,regular,WAS,CHA,78,73,,,espn,,,,
espn-260730018,2006-07-30,2006,regular,CT,SAS,72,65,,,espn,,,,
espn-260730019,2006-07-30,2006,regular,CHI,IND,64,69,,,espn,,,,
espn-260801003,2006-08-01,2006,regular,TUL,IND,70,66,,,espn,,,,
espn-260801008,2006-08-01,2006,regular,MIN,SEA,75,77,,,espn,,,,
espn-260801013,2006-08-01,2006,regular,SAC,HOU,74,62,,,espn,,,,
espn-260801016,2006-08-01,2006,regular,WAS,LOS,84,74,,,espn,,,,
espn-260801017,2006-08-01,2006,regular,SAS,CHA,65,68,,,espn,,,,
espn-260801018,2006-08-01,2006,regular,CT,NYL,66,52,,,espn,,,,
espn-260801019,2006-08-01,2006,regular,CHI,PHO,70,90,,,espn,,,,
espn-260803005,2006-08-03,2006,regular,IND,MIN,69,59,,,espn,,,,
espn-260803009,2006-08-03,2006,regular,NYL,TUL,75,67,,,espn,,,,
espn-260803011,2006-08-03,2006,regular,PHO,CHA,112,84,,,espn,,,,
espn-260803014,2006-08-03,2006,regular,SEA,WAS,86,78,,,espn,,,,
espn-260803017,2006-08-03,2006,regular,SAS,SAC,69,87,,,espn,,,,
espn-260803018,2006-08-03,2006,regular,CT,LOS,72,63,,,espn,,,,
espn-260804008,2006-08-04,2006,regular,MIN,HOU,73,77,,,espn,,,,
espn-260804019,2006-08-04,2006,regular,CHI,TUL,49,76,,,espn,,,,
espn-260805005,2006-08-05,2006,regular,IND,SAS,76,70,,,espn,,,,
espn-260805009,2006-08-05,2006,regular,NYL,CHI,80,69,,,espn,,,,
espn-260805011,2006-08-05,2006,regular,PHO,LOS,96,80,,,espn,,,,
espn-260805013,2006-08-05,2006,regular,SAC,WAS,99,95,,,espn,,,,
espn-260805014,2006-08-05,2006,regular,SEA,CHA,87,81,,,espn,,,,
espn-260806003,2006-08-06,2006,regular,TUL,NYL,65,53,,,espn,,,,
espn-260806004,2006-08-06,2006,regular,HOU,CT,67,86,,,espn,,,,
espn-260806008,2006-08-06,2006,regular,MIN,SAS,82,68,,,espn,,,,
espn-260808001,2006-08-08,2006,regular,CHA,HOU,68,57,,,espn,,,,
espn-260808003,2006-08-08,2006,regular,TUL,SEA,79,81,,,espn,,,,
espn-260808009,2006-08-08,2006,regular,NYL,IND,44,77,,,espn,,,,
espn-260808011,2006-08-08,2006,regular,PHO,MIN,99,68,,,espn,,,,
espn-260808016,2006-08-08,2006,regular,WAS,SAS,91,79,,,espn,,,,
espn-260808019,2006-08-08,2006,regular,CHI,CT,59,85,,,espn,,,,
espn-260809005,2006-08-09,2006,regular,IND,CT,63,71,,,espn,,,,
espn-260809006,2006-08-09,2006,regular,LOS,SAC,69,58,,,espn,,,,
espn-260810003,2006-08-10,2006,regular,TUL,CHI,82,48,,,espn,,,,
espn-260810004,2006-08-10,2006,regular,HOU,PHO,110,111,,,espn,,,,
espn-260810013,2006-08-10,2006,regular,SAC,MIN,74,66,,,espn,,,,
espn-260810017,2006-08-10,2006,regular,SAS,SEA,75,65,,,espn,,,,
espn-260811009,2006-08-11,2006,regular,NYL,CHA,64,62,,,espn,,,,
espn-260811016,2006-08-11,2006,regular,WAS,TUL,78,66,,,espn,,,,
espn-260811018,2006-08-11,2006,regular,CT,IND,68,87,,,espn,,,,
espn-260812001,2006-08-12,2006,regular,CHA,CHI,84,57,,,espn,,,,
espn-260812004,2006-08-12,2006,regular,HOU,SEA,89,72,,,espn,,,,
espn-260812017,2006-08-12,2006,regular,SAS,PHO,93,95,,,espn,,,,
espn-260813003,2006-08-13,2006,regular,TUL,CT,88,65,,,espn,,,,
espn-260813005,2006-08-13,2006,regular,IND,CHI,73,80,,,espn,,,,
espn-260813006,2006-08-13,2006,regular,LOS,MIN,78,59,,,espn,,,,
espn-260813009,2006-08-13,2006,regular,NYL,WAS,93,81,,,espn,,,,
espn-260813011,2006-08-13,2006,regular,PHO,SAC,81,71,,,espn,,,,
espn-260817004,2006-08-17,2006,postseason,HOU,SAC,78,93,,,espn,,,,
espn-260817005,2006-08-17,2006,postseason,IND,TUL,56,68,,,espn,,,,
espn-260818014,2006-08-18,2006,postseason,SEA,LOS,84,72,,,espn,,,,
espn-260818016,2006-08-18,2006,postseason,WAS,CT,61,76,,,espn,,,,
espn-260819003,2006-08-19,2006,postseason,TUL,IND,98,83,,,espn,,,,
espn-260819013,2006-08-19,2006,postseason,SAC,HOU,92,64,,,espn,,,,
espn-260820006,2006-08-20,2006,postseason,LOS,SEA,78,70,,,espn,,,,
espn-260820018,2006-08-20,2006,postseason,CT,WAS,68,65,,,espn,,,,
espn-260822006,2006-08-22,2006,postseason,LOS,SEA,68,63,,,espn,,,,
espn-260824003,2006-08-24,2006,postseason,TUL,CT,70,59,,,espn,,,,
espn-260824013,2006-08-24,2006,postseason,SAC,LOS,64,61,,,espn,,,,
espn-260826006,2006-08-26,2006,postseason,LOS,SAC,58,72,,,espn,,,,
espn-260826018,2006-08-26,2006,postseason,CT,TUL,77,68,,,espn,,,,
espn-260827018,2006-08-27,2006,postseason,CT,TUL,55,79,,,espn,,,,
espn-260830003,2006-08-30,2006,postseason,TUL,SAC,71,95,,,espn,,,,
espn-260901003,2006-09-01,2006,postseason,TUL,SAC,73,63,,,espn,,,,
espn-260903013,2006-09-03,2006,postseason,SAC,TUL,89,69,,,espn,,,,
espn-260906013,2006-09-06,2006,postseason,SAC,TUL,52,72,,,espn,,,,
espn-260909003,2006-09-09,2006,postseason,TUL,SAC,80,75,,,espn,,,,
espn-270519003,2007-05-19,2007,regular,TUL,SAC,75,68,,,espn,,,,
espn-270519005,2007-05-19,2007,regular,IND,MIN,83,64,,,espn,,,,
espn-270519011,2007-05-19,2007,regular,PHO,SAS,81,72,,,espn,,,,
espn-270519014,2007-05-19,2007,regular,SEA,HOU,82,69,,,espn,,,,
espn-270519016,2007-05-19,2007,regular,WAS,CT,80,89,,,espn,,,,
espn-270520008,2007-05-20,2007,regular,MIN,SAC,64,74,,,espn,,,,
espn-270520009,2007-05-20,2007,regular,NYL,CHI,83,71,,,espn,,,,
espn-270522003,2007-05-22,2007,regular,TUL,MIN,85,75,,,espn,,,,
espn-270522016,2007-05-22,2007,regular,WAS,SAC,52,70,,,espn,,,,
espn-270522019,2007-05-22,2007,regular,CHI,LOS,64,81,,,espn,,,,
espn-270523014,2007-05-23,2007,regular,SEA,PHO,100,87,,,espn,,,,
espn-270523017,2007-05-23,2007,regular,SAS,CT,74,71,,,espn,,,,
espn-270524005,2007-05-24,2007,regular,IND,LOS,83,70,,,espn,,,,
espn-270524009,2007-05-24,2007,regular,NYL,WAS,81,76,,,espn,,,,
espn-270525008,2007-05-25,2007,regular,MIN,CHI,77,82,,,espn,,,,
espn-270525011,2007-05-25,2007,regular,PHO,HOU,111,85,,,espn,,,,
espn-270525017,2007-05-25,2007,regular,SAS,SEA,82,71,,,espn,,,,
espn-270526018,2007-05-26,2007,regular,CT,LOS,68,88,,,espn,,,,
espn-270529004,2007-05-29,2007,regular,HOU,SAS,71,82,,,espn,,,,
espn-270529008,2007-05-29,2007,regular,MIN,IND,75,89,,,espn,,,,
espn-270529011,2007-05-29,2007,regular,PHO,SAC,76,75,,,espn,,,,
espn-270530003,2007-05-30,2007,regular,TUL,WAS,94,79,,,espn,,,,
espn-270531017,2007-05-31,2007,regular,SAS,PHO,85,97,,,espn,,,,
espn-270531019,2007-05-31,2007,regular,CHI,CT,97,102,,,espn,,,,
espn-270601008,2007-06-01,2007,regular,MIN,NYL,60,70,,,espn,,,,
espn-270601016,2007-06-01,2007,regular,WAS,CHI,70,75,,,espn,,,,
espn-270602004,2007-06-02,2007,regular,HOU,TUL,71,77,,,espn,,,,
espn-270602013,2007-06-02,2007,regular,SAC,LOS,88,85,,,espn,,,,
espn-270602014,2007-06-02,2007,regular,SEA,SAS,68,78,,,espn,,,,
espn-270602018,2007-06-02,2007,regular,CT,PHO,76,67,,,espn,,,,
espn-270603005,2007-06-03,2007,regular,IND,WAS,70,66,,,espn,,,,
espn-270603009,2007-06-03,2007,regular,NYL,PHO,83,82,,,espn,,,,
espn-270603019,2007-06-03,2007,regular,CHI,MIN,78,72,,,espn,,,,
espn-270605009,2007-06-05,2007,regular,NYL,IND,78,67,,,espn,,,,
espn-270605011,2007-06-05,2007,regular,PHO,MIN,85,90,,,espn,,,,
espn-270605013,2007-06-05,2007,regular,SAC,SAS,74,57,,,espn,,,,
espn-270606005,2007-06-06,2007,regular,IND,HOU,84,59,,,espn,,,,
espn-270607011,2007-06-07,2007,regular,PHO,CHI,80,66,,,espn,,,,
espn-270607013,2007-06-07,2007,regular,SAC,SEA,81,72,,,espn,,,,
espn-270608004,2007-06-08,2007,regular,HOU,CT,77,88,,,espn,,,,
espn-270608006,2007-06-08,2007,regular,LOS,MIN,90,87,,,espn,,,,
espn-270608009,2007-06-08,2007,regular,NYL,TUL,57,67,,,espn,,,,
espn-270608016,2007-06-08,2007,regular,WAS,IND,69,74,,,espn,,,,
espn-270609013,2007-06-09,2007,regular,SAC,PHO,70,74,,,espn,,,,
espn-270609014,2007-06-09,2007,regular,SEA,MIN,90,76,,,espn,,,,
espn-270609017,2007-06-09,2007,regular,SAS,CHI,60,70,,,espn,,,,
espn-270610005,2007-06-10,2007,regular,IND,NYL,80,61,,,espn,,,,
espn-270610018,2007-06-10,2007,regular,CT,TUL,74,79,,,espn,,,,
espn-270611004,2007-06-11,2007,regular,HOU,SAC,67,82,,,espn,,,,
espn-270612009,2007-06-12,2007,regular,NYL,WAS,79,69,,,espn,,,,
espn-270612019,2007-06-12,2007,regular,CHI,SEA,69,81,,,espn,,,,
espn-270613005,2007-06-13,2007,regular,IND,SEA,90,62,,,espn,,,,
espn-270613006,2007-06-13,2007,regular,LOS,HOU,74,71,,,espn,,,,
espn-270613008,2007-06-13,2007,regular,MIN,CT,77,73,,,espn,,,,
espn-270613016,2007-06-13,2007,regular,WAS,PHO,86,70,,,espn,,,,
espn-270615003,2007-06-15,2007,regular,TUL,CT,75,72,,,espn,,,,
espn-270615005,2007-06-15,2007,regular,IND,PHO,78,89,,,espn,,,,
espn-270615014,2007-06-15,2007,regular,SEA,HOU,84,71,,,espn,,,,
espn-270615016,2007-06-15,2007,regular,WAS,LOS,80,89,,,espn,,,,
espn-270615019,2007-06-15,2007,regular,CHI,NYL,73,66,,,espn,,,,
espn-270616003,2007-06-16,2007,regular,TUL,IND,67,77,,,espn,,,,
espn-270616008,2007-06-16,2007,regular,MIN,LOS,83,58,,,espn,,,,
espn-270616013,2007-06-16,2007,regular,SAC,HOU,75,63,,,espn,,,,
espn-270616017,2007-06-16,2007,regular,SAS,NYL,79,71,,,espn,,,,
espn-270617018,2007-06-17,2007,regular,CT,CHI,74,87,,,espn,,,,
espn-270618006,2007-06-18,2007,regular,LOS,TUL,73,79,,,espn,,,,
espn-270619019,2007-06-19,2007,regular,CHI,SAC,52,54,,,espn,,,,
espn-270620004,2007-06-20,2007,regular,HOU,LOS,74,64,,,espn,,,,
espn-270620011,2007-06-20,2007,regular,PHO,WAS,101,106,,,espn,,,,
espn-270620014,2007-06-20,2007,regular,SEA,TUL,71,87,,,espn,,,,
espn-270620017,2007-06-20,2007,regular,SAS,MIN,80,73,,,espn,,,,
espn-270620018,2007-06-20,2007,regular,CT,NYL,73,76,,,espn,,,,
espn-270622004,2007-06-22,2007,regular,HOU,WAS,95,85,,,espn,,,,
espn-270622005,2007-06-22,2007,regular,IND,CT,74,78,,,espn,,,,
espn-270622006,2007-06-22,2007,regular,LOS,SAC,96,88,,,espn,,,,
espn-270622008,2007-06-22,2007,regular,MIN,SEA,78,76,,,espn,,,,
espn-270622009,2007-06-22,2007,regular,NYL,SAS,63,70,,,espn,,,,
espn-270622011,2007-06-22,2007,regular,PHO,TUL,84,87,,,espn,,,,
espn-270623013,2007-06-23,2007,regular,SAC,TUL,85,75,,,espn,,,,
espn-270623018,2007-06-23,2007,regular,CT,SAS,58,71,,,espn,,,,
espn-270623019,2007-06-23,2007,regular,CHI,WAS,86,99,,,espn,,,,
espn-270624006,2007-06-24,2007,regular,LOS,SEA,71,83,,,espn,,,,
espn-270624009,2007-06-24,2007,regular,NYL,IND,63,74,,,espn,,,,
espn-270624011,2007-06-24,2007,regular,PHO,HOU,90,85,,,espn,,,,
espn-270626004,2007-06-26,2007,regular,HOU,SAS,75,67,,,espn,,,,
espn-270626013,2007-06-26,2007,regular,SAC,NYL,59,46,,,espn,,,,
espn-270626014,2007-06-26,2007,regular,SEA,CHI,94,76,,,espn,,,,
espn-270626018,2007-06-26,2007,regular,CT,WAS,75,91,,,espn,,,,
espn-270627003,2007-06-27,2007,regular,TUL,CT,77,74,,,espn,,,,
espn-270627006,2007-06-27,2007,regular,LOS,SAC,74,66,,,espn,,,,
espn-270628004,2007-06-28,2007,regular,HOU,SEA,81,76,,,espn,,,,
espn-270629006,2007-06-29,2007,regular,LOS,NYL,68,80,,,espn,,,,
espn-270629013,2007-06-29,2007,regular,SAC,CHI,84,92,,,espn,,,,
espn-270629016,2007-06-29,2007,regular,WAS,TUL,65,64,,,espn,,,,
espn-270629017,2007-06-29,2007,regular,SAS,MIN,66,77,,,espn,,,,
espn-270629018,2007-06-29,2007,regular,CT,IND,72,67,,,espn,,,,
espn-270630004,2007-06-30,2007,regular,HOU,PHO,75,92,,,espn,,,,
espn-270701003,2007-07-01,2007,regular,TUL,SAS,68,71,,,espn,,,,
espn-270701006,2007-07-01,2007,regular,LOS,CHI,71,74,,,espn,,,,
espn-270701013,2007-07-01,2007,regular,SAC,MIN,76,68,,,espn,,,,
espn-270701014,2007-07-01,2007,regular,SEA,NYL,84,53,,,espn,,,,
espn-270701016,2007-07-01,2007,regular,WAS,IND,62,69,,,espn,,,,
espn-270703008,2007-07-03,2007,regular,MIN,PHO,79,95,,,espn,,,,
espn-270703014,2007-07-03,2007,regular,SEA,LOS,90,71,,,espn,,,,
espn-270703016,2007-07-03,2007,regular,WAS,SAS,79,84,,,espn,,,,
espn-270705006,2007-07-05,2007,regular,LOS,IND,56,57,,,espn,,,,
espn-270706003,2007-07-06,2007,regular,TUL,NYL,81,82,,,espn,,,,
espn-270706004,2007-07-06,2007,regular,HOU,SEA,55,71,,,espn,,,,
espn-270706008,2007-07-06,2007,regular,MIN,SAC,80,85,,,espn,,,,
espn-270706011,2007-07-06,2007,regular,PHO,CT,111,109,,,espn,,,,
espn-270707006,2007-07-07,2007,regular,LOS,CT,89,110,,,espn,,,,
espn-270707017,2007-07-07,2007,regular,SAS,SEA,80,73,,,espn,,,,
espn-270707019,2007-07-07,2007,regular,CHI,WAS,73,77,,,espn,,,,
espn-270708003,2007-07-08,2007,regular,TUL,PHO,111,82,,,espn,,,,
espn-270708005,2007-07-08,2007,regular,IND,CHI,86,70,,,espn,,,,
espn-270708008,2007-07-08,2007,regular,MIN,HOU,67,79,,,espn,,,,
espn-270708009,2007-07-08,2007,regular,NYL,SAC,71,61,,,espn,,,,
espn-270710003,2007-07-10,2007,regular,TUL,CHI,92,84,,,espn,,,,
espn-270710004,2007-07-10,2007,regular,HOU,IND,77,79,,,espn,,,,
espn-270710006,2007-07-10,2007,regular,LOS,SEA,47,82,,,espn,,,,
espn-270710016,2007-07-10,2007,regular,WAS,MIN,91,83,,,espn,,,,
espn-270711011,2007-07-11,2007,regular,PHO,SAS,77,87,,,espn,,,,
espn-270711014,2007-07-11,2007,regular,SEA,CT,63,76,,,espn,,,,
espn-270712004,2007-07-12,2007,regular,HOU,MIN,87,77,,,espn,,,,
espn-270712005,2007-07-12,2007,regular,IND,NYL,79,63,,,espn,,,,
espn-270712013,2007-07-12,2007,regular,SAC,CT,78,82,,,espn,,,,
espn-270712019,2007-07-12,2007,regular,CHI,TUL,65,78,,,espn,,,,
espn-270715098,2007-07-15,2007,regular,EAST,WEST,103,99,,,espn,,,,
espn-270717006,2007-07-17,2007,regular,LOS,SAS,61,63,,,espn,,,,
espn-270717011,2007-07-17,2007,regular,PHO,SEA,89,79,,,espn,,,,
espn-270717018,2007-07-17,2007,regular,CT,MIN,84,79,,,espn,,,,
espn-270718003,2007-07-18,2007,regular,TUL,NYL,87,82,,,espn,,,,
espn-270718005,2007-07-18,2007,regular,IND,CHI,75,74,,,espn,,,,
espn-270718016,2007-07-18,2007,regular,WAS,HOU,65,58,,,espn,,,,
espn-270720005,2007-07-20,2007,regular,IND,TUL,80,89,,,espn,,,,
espn-270720008,2007-07-20,2007,regular,MIN,WAS,87,91,,,espn,,,,
espn-270720009,2007-07-20,2007,regular,NYL,HOU,74,80,,,espn,,,,
espn-270720011,2007-07-20,2007,regular,PHO,LOS,77,87,,,espn,,,,
espn-270720017,2007-07-20,2007,regular,SAS,SAC,81,71,,,espn,,,,
espn-270720018,2007-07-20,2007,regular,CT,SEA,76,58,,,espn,,,,
espn-270721003,2007-07-21,2007,regular,TUL,WAS,66,58,,,espn,,,,
espn-270721019,2007-07-21,2007,regular,CHI,IND,68,65,,,espn,,,,
espn-270722009,2007-07-22,2007,regular,NYL,SEA,75,77,,,espn,,,,
espn-270722011,2007-07-22,2007,regular,PHO,MIN,106,93,,,espn,,,,
espn-270722018,2007-07-22,2007,regular,CT,HOU,81,79,,,espn,,,,
espn-270722019,2007-07-22,2007,regular,CHI,SAS,84,82,,,espn,,,,
espn-270724005,2007-07-24,2007,regular,IND,SAS,63,71,,,espn,,,,
espn-270724013,2007-07-24,2007,regular,SAC,LOS,67,59,,,espn,,,,
espn-270724016,2007-07-24,2007,regular,WAS,SEA,97,96,,,espn,,,,
espn-270724018,2007-07-24,2007,regular,CT,TUL,88,92,,,espn,,,,
espn-270725008,2007-07-25,2007,regular,MIN,PHO,79,103,,,espn,,,,
espn-270726003,2007-07-26,2007,regular,TUL,CHI,73,83,,,espn,,,,
espn-270726013,2007-07-26,2007,regular,SAC,IND,60,50,,,espn,,,,
espn-270726018,2007-07-26,2007,regular,CT,NYL,79,75,,,espn,,,,
espn-270727008,2007-07-27,2007,regular,MIN,LOS,85,76,,,espn,,,,
espn-270727014,2007-07-27,2007,regular,SEA,IND,89,75,,,espn,,,,
espn-270727017,2007-07-27,2007,regular,SAS,HOU,63,69,,,espn,,,,
espn-270727019,2007-07-27,2007,regular,CHI,PHO,96,98,,,espn,,,,
espn-270728016,2007-07-28,2007,regular,WAS,TUL,64,76,,,espn,,,,
espn-270729003,2007-07-29,2007,regular,TUL,LOS,75,73,,,espn,,,,
espn-270729009,2007-07-29,2007,regular,NYL,CT,61,67,,,espn,,,,
espn-270729011,2007-07-29,2007,regular,PHO,IND,80,75,,,espn,,,,
espn-270729013,2007-07-29,2007,regular,SAC,MIN,73,78,,,espn,,,,
espn-270729014,2007-07-29,2007,regular,SEA,SAS,88,92,,,espn,,,,
espn-270729019,2007-07-29,2007,regular,CHI,HOU,88,70,,,espn,,,,
espn-270731004,2007-07-31,2007,regular,HOU,PHO,74,76,,,espn,,,,
espn-270731005,2007-07-31,2007,regular,IND,WAS,66,57,,,espn,,,,
espn-270731009,2007-07-31,2007,regular,NYL,LOS,63,73,,,espn,,,,
espn-270731014,2007-07-31,2007,regular,SEA,SAC,74,78,,,espn,,,,
espn-270731017,2007-07-31,2007,regular,SAS,TUL,79,84,,,espn,,,,
espn-270731018,2007-07-31,2007,regular,CT,CHI,74,56,,,espn,,,,
espn-270802009,2007-08-02,2007,regular,NYL,MIN,71,66,,,espn,,,,
espn-270802017,2007-08-02,2007,regular,SAS,PHO,79,84,,,espn,,,,
espn-270803004,2007-08-03,2007,regular,HOU,LOS,66,56,,,espn,,,,
espn-270803013,2007-08-03,2007,regular,SAC,SEA,82,76,,,espn,,,,
espn-270803016,2007-08-03,2007,regular,WAS,NYL,80,68,,,espn,,,,
espn-270803019,2007-08-03,2007,regular,CHI,TUL,60,66,,,espn,,,,
espn-270804008,2007-08-04,2007,regular,MIN,HOU,77,80,,,espn,,,,
espn-270804014,2007-08-04,2007,regular,SEA,PHO,111,101,,,espn,,,,
espn-270804017,2007-08-04,2007,regular,SAS,LOS,86,67,,,espn,,,,
espn-270804018,2007-08-04,2007,regular,CT,IND,84,59,,,espn,,,,
espn-270805005,2007-08-05,2007,regular,IND,SAC,63,55,,,espn,,,,
espn-270805016,2007-08-05,2007,regular,WAS,CHI,71,66,,,espn,,,,
espn-270807004,2007-08-07,2007,regular,HOU,NYL,71,77,,,espn,,,,
espn-270807006,2007-08-07,2007,regular,LOS,PHO,93,96,,,espn,,,,
espn-270807008,2007-08-07,2007,regular,MIN,SEA,95,74,,,espn,,,,
espn-270807017,2007-08-07,2007,regular,SAS,WAS,73,77,,,espn,,,,
espn-270807018,2007-08-07,2007,regular,CT,SAC,79,81,,,espn,,,,
espn-270807019,2007-08-07,2007,regular,CHI,IND,70,75,,,espn,,,,
espn-270809003,2007-08-09,2007,regular,TUL,SEA,97,70,,,espn,,,,
espn-270809006,2007-08-09,2007,regular,LOS,WAS,75,80,,,espn,,,,
espn-270809011,2007-08-09,2007,regular,PHO,NYL,97,86,,,espn,,,,
espn-270809017,2007-08-09,2007,regular,SAS,SAC,72,61,,,espn,,,,
espn-270810004,2007-08-10,2007,regular,HOU,SAC,83,75,,,espn,,,,
espn-270811003,2007-08-11,2007,regular,TUL,IND,74,69,,,espn,,,,
espn-270811011,2007-08-11,2007,regular,PHO,LOS,100,83,,,espn,,,,
espn-270811014,2007-08-11,2007,regular,SEA,WAS,91,68,,,espn,,,,
espn-270811017,2007-08-11,2007,regular,SAS,HOU,63,60,,,espn,,,,
espn-270811019,2007-08-11,2007,regular,CHI,CT,66,88,,,espn,,,,
espn-270812006,2007-08-12,2007,regular,LOS,MIN,89,80,,,espn,,,,
espn-270812009,2007-08-12,2007,regular,NYL,TUL,85,84,,,espn,,,,
espn-270812013,2007-08-12,2007,regular,SAC,WAS,86,82,,,espn,,,,
espn-270814003,2007-08-14,2007,regular,TUL,HOU,73,81,,,espn,,,,
espn-270814006,2007-08-14,2007,regular,LOS,SAS,77,84,,,espn,,,,
espn-270814014,2007-08-14,2007,regular,SEA,MIN,81,67,,,espn,,,,
espn-270814016,2007-08-14,2007,regular,WAS,CT,65,64,,,espn,,,,
espn-270814019,2007-08-14,2007,regular,CHI,NYL,77,65,,,espn,,,,
espn-270815005,2007-08-15,2007,regular,IND,CT,74,77,,,espn,,,,
espn-270815013,2007-08-15,2007,regular,SAC,SAS,81,74,,,espn,,,,
espn-270816004,2007-08-16,2007,regular,HOU,CHI,70,81,,,espn,,,,
espn-270816008,2007-08-16,2007,regular,MIN,TUL,87,77,,,espn,,,,
espn-270816016,2007-08-16,2007,regular,WAS,NYL,72,73,,,espn,,,,
espn-270817009,2007-08-17,2007,regular,NYL,CT,74,66,,,espn,,,,
espn-270817013,2007-08-17,2007,regular,SAC,PHO,91,101,,,espn,,,,
espn-270817014,2007-08-17,2007,regular,SEA,LOS,97,77,,,espn,,,,
espn-270817017,2007-08-17,2007,regular,SAS,IND,55,59,,,espn,,,,
espn-270819005,2007-08-19,2007,regular,IND,TUL,72,66,,,espn,,,,
espn-270819006,2007-08-19,2007,regular,LOS,HOU,72,82,,,espn,,,,
espn-270819008,2007-08-19,2007,regular,MIN,SAS,81,55,,,espn,,,,
espn-270819009,2007-08-19,2007,regular,NYL,CHI,58,52,,,espn,,,,
espn-270819011,2007-08-19,2007,regular,PHO,SAC,87,73,,,espn,,,,
espn-270819018,2007-08-19,2007,regular,CT,WAS,74,76,,,espn,,,,
espn-270823013,2007-08-23,2007,postseason,SAC,SAS,86,65,,,espn,,,,
espn-270823018,2007-08-23,2007,postseason,CT,IND,93,88,,,espn,,,,
espn-270824009,2007-08-24,2007,postseason,NYL,TUL,73,51,,,espn,,,,
espn-270824014,2007-08-24,2007,postseason,SEA,PHO,84,101,,,espn,,,,
espn-270825005,2007-08-25,2007,postseason,IND,CT,78,59,,,espn,,,,
espn-270825017,2007-08-25,2007,postseason,SAS,SAC,86,61,,,espn,,,,
espn-270826003,2007-08-26,2007,postseason,TUL,NYL,76,73,,,espn,,,,
espn-270826011,2007-08-26,2007,postseason,PHO,SEA,95,89,,,espn,,,,
espn-270827005,2007-08-27,2007,postseason,IND,CT,93,88,,,espn,,,,
espn-270827017,2007-08-27,2007,postseason,SAS,SAC,80,78,,,espn,,,,
espn-270828003,2007-08-28,2007,postseason,TUL,NYL,71,70,,,espn,,,,
espn-270830017,2007-08-30,2007,postseason,SAS,PHO,100,102,,,espn,,,,
espn-270831005,2007-08-31,2007,postseason,IND,TUL,75,65,,,espn,,,,
espn-270901011,2007-09-01,2007,postseason,PHO,SAS,98,92,,,espn,,,,
espn-270902003,2007-09-02,2007,postseason,TUL,IND,77,63,,,espn,,,,
espn-270903003,2007-09-03,2007,postseason,TUL,IND,81,65,,,espn,,,,
espn-270905003,2007-09-05,2007,postseason,TUL,PHO,108,100,,,espn,,,,
espn-270908003,2007-09-08,2007,postseason,TUL,PHO,70,98,,,espn,,,,
espn-270911011,2007-09-11,2007,postseason,PHO,TUL,83,88,,,espn,,,,
espn-270913011,2007-09-13,2007,postseason,PHO,TUL,77,76,,,espn,,,,
espn-270916003,2007-09-16,2007,postseason,TUL,PHO,92,108,,,espn,,,,
espn-280517003,2008-05-17,2008,regular,TUL,HOU,85,66,,,espn,,,,
espn-280517005,2008-05-17,2008,regular,IND,WAS,64,53,,,espn,,,,
espn-280517011,2008-05-17,2008,regular,PHO,LOS,94,99,,,espn,,,,
espn-280517013,2008-05-17,2008,regular,SAC,SAS,73,64,,,espn,,,,
espn-280517014,2008-05-17,2008,regular,SEA,CHI,67,61,,,espn,,,,
espn-280517018,2008-05-17,2008,regular,CT,ATL,100,67,,,espn,,,,
espn-280518008,2008-05-18,2008,regular,MIN,TUL,84,70,,,espn,,,,
espn-280518009,2008-05-18,2008,regular,NYL,CT,63,77,,,espn,,,,
espn-280520014,2008-05-20,2008,regular,SEA,SAC,74,62,,,espn,,,,
espn-280520017,2008-05-20,2008,regular,SAS,PHO,81,76,,,espn,,,,
espn-280521003,2008-05-21,2008,regular,TUL,IND,76,71,,,espn,,,,
espn-280522009,2008-05-22,2008,regular,NYL,WAS,79,60,,,espn,,,,
espn-280522011,2008-05-22,2008,regular,PHO,SEA,83,87,,,espn,,,,
espn-280522019,2008-05-22,2008,regular,CHI,SAC,87,77,,,espn,,,,
espn-280523020,2008-05-23,2008,regular,ATL,TUL,76,88,,,espn,,,,
espn-280524017,2008-05-24,2008,regular,SAS,SEA,87,72,,,espn,,,,
espn-280524018,2008-05-24,2008,regular,CT,SAC,87,64,,,espn,,,,
espn-280525003,2008-05-25,2008,regular,TUL,NYL,72,62,,,espn,,,,
espn-280525016,2008-05-25,2008,regular,WAS,HOU,69,66,,,espn,,,,
espn-280525020,2008-05-25,2008,regular,ATL,LOS,56,74,,,espn,,,,
espn-280527004,2008-05-27,2008,regular,HOU,MIN,92,98,,,espn,,,,
espn-280527016,2008-05-27,2008,regular,WAS,ATL,80,74,,,espn,,,,
espn-280527018,2008-05-27,2008,regular,CT,IND,46,75,,,espn,,,,
espn-280529005,2008-05-29,2008,regular,IND,LOS,82,78,,,espn,,,,
espn-280529019,2008-05-29,2008,regular,CHI,MIN,69,75,,,espn,,,,
espn-280530013,2008-05-30,2008,regular,SAC,HOU,73,66,,,espn,,,,
espn-280530014,2008-05-30,2008,regular,SEA,SAS,78,57,,,espn,,,,
espn-280530018,2008-05-30,2008,regular,CT,NYL,89,84,,,espn,,,,
espn-280531005,2008-05-31,2008,regular,IND,TUL,65,74,,,espn,,,,
espn-280531008,2008-05-31,2008,regular,MIN,PHO,94,83,,,espn,,,,
espn-280531016,2008-05-31,2008,regular,WAS,LOS,59,70,,,espn,,,,
espn-280601014,2008-06-01,2008,regular,SEA,HOU,64,63,,,espn,,,,
espn-280601019,2008-06-01,2008,regular,CHI,CT,73,75,,,espn,,,,
espn-280603004,2008-06-03,2008,regular,HOU,SAS,75,72,,,espn,,,,
espn-280603009,2008-06-03,2008,regular,NYL,SEA,77,63,,,espn,,,,
espn-280603011,2008-06-03,2008,regular,PHO,WAS,98,93,,,espn,,,,
espn-280603019,2008-06-03,2008,regular,CHI,LOS,77,81,,,espn,,,,
espn-280603020,2008-06-03,2008,regular,ATL,MIN,81,85,,,espn,,,,
espn-280604003,2008-06-04,2008,regular,TUL,SEA,77,67,,,espn,,,,
espn-280606006,2008-06-06,2008,regular,LOS,PHO,79,85,,,espn,,,,
espn-280606009,2008-06-06,2008,regular,NYL,HOU,81,73,,,espn,,,,
espn-280606013,2008-06-06,2008,regular,SAC,TUL,70,84,,,espn,,,,
espn-280606017,2008-06-06,2008,regular,SAS,WAS,63,52,,,espn,,,,
espn-280606018,2008-06-06,2008,regular,CT,MIN,78,77,,,espn,,,,
espn-280606020,2008-06-06,2008,regular,ATL,CHI,72,86,,,espn,,,,
espn-280607005,2008-06-07,2008,regular,IND,HOU,84,75,,,espn,,,,
espn-280607014,2008-06-07,2008,regular,SEA,TUL,75,67,,,espn,,,,
espn-280607019,2008-06-07,2008,regular,CHI,ATL,91,70,,,espn,,,,
espn-280608008,2008-06-08,2008,regular,MIN,SAS,90,78,,,espn,,,,
espn-280608009,2008-06-08,2008,regular,NYL,SAC,63,70,,,espn,,,,
espn-280608018,2008-06-08,2008,regular,CT,WAS,87,79,,,espn,,,,
espn-280610008,2008-06-10,2008,regular,MIN,CT,66,75,,,espn,,,,
espn-280611006,2008-06-11,2008,regular,LOS,TUL,80,73,,,espn,,,,
espn-280611014,2008-06-11,2008,regular,SEA,PHO,83,77,,,espn,,,,
espn-280611016,2008-06-11,2008,regular,WAS,SAC,76,79,,,espn,,,,
espn-280611017,2008-06-11,2008,regular,SAS,IND,64,53,,,espn,,,,
espn-280611020,2008-06-11,2008,regular,ATL,NYL,77,81,,,espn,,,,
espn-280612008,2008-06-12,2008,regular,MIN,SAC,78,82,,,espn,,,,
espn-280613006,2008-06-13,2008,regular,LOS,CT,98,93,,,espn,,,,
espn-280613017,2008-06-13,2008,regular,SAS,SEA,74,69,,,espn,,,,
espn-280613019,2008-06-13,2008,regular,CHI,WAS,57,64,,,espn,,,,
espn-280613020,2008-06-13,2008,regular,ATL,IND,67,76,,,espn,,,,
espn-280614004,2008-06-14,2008,regular,HOU,SEA,68,60,,,espn,,,,
espn-280614009,2008-06-14,2008,regular,NYL,MIN,77,76,,,espn,,,,
espn-280614011,2008-06-14,2008,regular,PHO,TUL,79,89,,,espn,,,,
espn-280614013,2008-06-14,2008,regular,SAC,LOS,66,74,,,espn,,,,
espn-280615005,2008-06-15,2008,regular,IND,SAS,60,70,,,espn,,,,
espn-280616004,2008-06-16,2008,regular,HOU,ATL,88,79,,,espn,,,,
espn-280616014,2008-06-16,2008,regular,SEA,CT,67,74,,,espn,,,,
espn-280618004,2008-06-18,2008,regular,HOU,WAS,63,67,,,espn,,,,
espn-280618005,2008-06-18,2008,regular,IND,NYL,83,69,,,espn,,,,
espn-280618006,2008-06-18,2008,regular,LOS,CHI,80,67,,,espn,,,,
espn-280618011,2008-06-18,2008,regular,PHO,CT,102,81,,,espn,,,,
espn-280618020,2008-06-18,2008,regular,ATL,SAS,66,81,,,espn,,,,
espn-280620003,2008-06-20,2008,regular,TUL,MIN,98,93,,,espn,,,,
espn-280620011,2008-06-20,2008,regular,PHO,CHI,112,105,,,espn,,,,
espn-280620013,2008-06-20,2008,regular,SAC,CT,56,72,,,espn,,,,
espn-280620014,2008-06-20,2008,regular,SEA,IND,78,70,,,espn,,,,
espn-280620016,2008-06-20,2008,regular,WAS,ATL,72,61,,,espn,,,,
espn-280620017,2008-06-20,2008,regular,SAS,LOS,77,75,,,espn,,,,
espn-280621008,2008-06-21,2008,regular,MIN,HOU,65,72,,,espn,,,,
espn-280622006,2008-06-22,2008,regular,LOS,IND,77,63,,,espn,,,,
espn-280622009,2008-06-22,2008,regular,NYL,PHO,105,72,,,espn,,,,
espn-280622013,2008-06-22,2008,regular,SAC,CHI,82,70,,,espn,,,,
espn-280622020,2008-06-22,2008,regular,ATL,TUL,76,97,,,espn,,,,
espn-280624005,2008-06-24,2008,regular,IND,SAC,78,73,,,espn,,,,
espn-280624006,2008-06-24,2008,regular,LOS,SEA,76,62,,,espn,,,,
espn-280624008,2008-06-24,2008,regular,MIN,NYL,91,69,,,espn,,,,
espn-280624016,2008-06-24,2008,regular,WAS,PHO,90,98,,,espn,,,,
espn-280624017,2008-06-24,2008,regular,SAS,HOU,81,82,,,espn,,,,
espn-280624018,2008-06-24,2008,regular,CT,TUL,85,68,,,espn,,,,
espn-280626003,2008-06-26,2008,regular,TUL,CT,70,61,,,espn,,,,
espn-280626004,2008-06-26,2008,regular,HOU,SAS,77,71,,,espn,,,,
espn-280626006,2008-06-26,2008,regular,LOS,WAS,74,77,,,espn,,,,
espn-280626008,2008-06-26,2008,regular,MIN,SAC,80,76,,,espn,,,,
espn-280626009,2008-06-26,2008,regular,NYL,IND,102,96,,,espn,,,,
espn-280626019,2008-06-26,2008,regular,CHI,PHO,79,89,,,espn,,,,
espn-280627018,2008-06-27,2008,regular,CT,ATL,109,101,,,espn,,,,
espn-280628004,2008-06-28,2008,regular,HOU,IND,75,61,,,espn,,,,
espn-280628013,2008-06-28,2008,regular,SAC,NYL,82,78,,,espn,,,,
espn-280628017,2008-06-28,2008,regular,SAS,MIN,73,65,,,espn,,,,
espn-280628019,2008-06-28,2008,regular,CHI,TUL,76,59,,,espn,,,,
espn-280629003,2008-06-29,2008,regular,TUL,ATL,100,92,,,espn,,,,
espn-280629014,2008-06-29,2008,regular,SEA,WAS,64,49,,,espn,,,,
espn-280629018,2008-06-29,2008,regular,CT,PHO,80,87,,,espn,,,,
espn-280701006,2008-07-01,2008,regular,LOS,NYL,78,89,,,espn,,,,
espn-280701008,2008-07-01,2008,regular,MIN,CHI,71,73,,,espn,,,,
espn-280701013,2008-07-01,2008,regular,SAC,WAS,87,81,,,espn,,,,
espn-280701017,2008-07-01,2008,regular,SAS,TUL,79,72,,,espn,,,,
espn-280701018,2008-07-01,2008,regular,CT,HOU,78,68,,,espn,,,,
espn-280701020,2008-07-01,2008,regular,ATL,PHO,79,97,,,espn,,,,
espn-280702005,2008-07-02,2008,regular,IND,CHI,74,67,,,espn,,,,
espn-280703006,2008-07-03,2008,regular,LOS,MIN,70,88,,,espn,,,,
espn-280703014,2008-07-03,2008,regular,SEA,NYL,84,71,,,espn,,,,
espn-280703017,2008-07-03,2008,regular,SAS,SAC,68,67,,,espn,,,,
espn-280703020,2008-07-03,2008,regular,ATL,HOU,65,72,,,espn,,,,
espn-280705004,2008-07-05,2008,regular,HOU,SAC,73,65,,,espn,,,,
espn-280705005,2008-07-05,2008,regular,IND,CT,81,74,,,espn,,,,
espn-280705011,2008-07-05,2008,regular,PHO,NYL,83,93,,,espn,,,,
espn-280705014,2008-07-05,2008,regular,SEA,MIN,96,71,,,espn,,,,
espn-280705020,2008-07-05,2008,regular,ATL,CHI,91,84,,,espn,,,,
espn-280706006,2008-07-06,2008,regular,LOS,PHO,91,80,,,espn,,,,
espn-280706016,2008-07-06,2008,regular,WAS,SAS,75,83,,,espn,,,,
espn-280708003,2008-07-08,2008,regular,TUL,CT,88,82,,,espn,,,,
espn-280708011,2008-07-08,2008,regular,PHO,HOU,99,94,,,espn,,,,
espn-280708013,2008-07-08,2008,regular,SAC,SEA,64,79,,,espn,,,,
espn-280708016,2008-07-08,2008,regular,WAS,IND,50,48,,,espn,,,,
espn-280708017,2008-07-08,2008,regular,SAS,NYL,83,79,,,espn,,,,
espn-280709006,2008-07-09,2008,regular,LOS,HOU,82,74,,,espn,,,,
espn-280709008,2008-07-09,2008,regular,MIN,ATL,67,73,,,espn,,,,
espn-280710013,2008-07-10,2008,regular,SAC,LOS,87,69,,,espn,,,,
espn-280710014,2008-07-10,2008,regular,SEA,PHO,89,78,,,espn,,,,
espn-280710019,2008-07-10,2008,regular,CHI,SAS,67,75,,,espn,,,,
espn-280711003,2008-07-11,2008,regular,TUL,WAS,79,66,,,espn,,,,
espn-280711017,2008-07-11,2008,regular,SAS,ATL,82,74,,,espn,,,,
espn-280712005,2008-07-12,2008,regular,IND,CHI,66,57,,,espn,,,,
espn-280712008,2008-07-12,2008,regular,MIN,HOU,85,71,,,espn,,,,
espn-280712009,2008-07-12,2008,regular,NYL,TUL,74,64,,,espn,,,,
espn-280712013,2008-07-12,2008,regular,SAC,PHO,105,97,,,espn,,,,
espn-280712014,2008-07-12,2008,regular,SEA,LOS,70,52,,,espn,,,,
espn-280713016,2008-07-13,2008,regular,WAS,CT,69,64,,,espn,,,,
espn-280713019,2008-07-13,2008,regular,CHI,ATL,79,66,,,espn,,,,
espn-280714006,2008-07-14,2008,regular,LOS,SAS,75,62,,,espn,,,,
espn-280715011,2008-07-15,2008,regular,PHO,SAS,87,97,,,espn,,,,
espn-280715018,2008-07-15,2008,regular,CT,NYL,71,77,,,espn,,,,
espn-280716003,2008-07-16,2008,regular,TUL,CHI,66,63,,,espn,,,,
espn-280716005,2008-07-16,2008,regular,IND,ATL,77,81,,,espn,,,,
espn-280717004,2008-07-17,2008,regular,HOU,MIN,96,88,,,espn,,,,
espn-280717009,2008-07-17,2008,regular,NYL,WAS,77,56,,,espn,,,,
espn-280717011,2008-07-17,2008,regular,PHO,LOS,99,92,,,espn,,,,
espn-280718005,2008-07-18,2008,regular,IND,SEA,59,65,,,espn,,,,
espn-280718013,2008-07-18,2008,regular,SAC,ATL,77,73,,,espn,,,,
espn-280718016,2008-07-18,2008,regular,WAS,TUL,62,99,,,espn,,,,
espn-280718019,2008-07-18,2008,regular,CHI,CT,73,65,,,espn,,,,
espn-280719004,2008-07-19,2008,regular,HOU,LOS,75,72,,,espn,,,,
espn-280719009,2008-07-19,2008,regular,NYL,IND,55,71,,,espn,,,,
espn-280719011,2008-07-19,2008,regular,PHO,ATL,110,84,,,espn,,,,
espn-280719017,2008-07-19,2008,regular,SAS,MIN,74,87,,,espn,,,,
espn-280720003,2008-07-20,2008,regular,TUL,SAC,85,88,,,espn,,,,
espn-280720016,2008-07-20,2008,regular,WAS,SEA,89,57,,,espn,,,,
espn-280720018,2008-07-20,2008,regular,CT,CHI,74,67,,,espn,,,,
espn-280722003,2008-07-22,2008,regular,TUL,LOS,81,84,,,espn,,,,
espn-280722004,2008-07-22,2008,regular,HOU,PHO,94,92,,,espn,,,,
espn-280722008,2008-07-22,2008,regular,MIN,SEA,73,76,,,espn,,,,
espn-280722019,2008-07-22,2008,regular,CHI,IND,68,60,,,espn,,,,
espn-280722020,2008-07-22,2008,regular,ATL,SAC,66,79,,,espn,,,,
espn-280723016,2008-07-23,2008,regular,WAS,NYL,73,80,,,espn,,,,
espn-280724004,2008-07-24,2008,regular,HOU,TUL,79,61,,,espn,,,,
espn-280724005,2008-07-24,2008,regular,IND,MIN,80,84,,,espn,,,,
espn-280724013,2008-07-24,2008,regular,SAC,PHO,83,74,,,espn,,,,
espn-280724017,2008-07-24,2008,regular,SAS,CHI,78,67,,,espn,,,,
espn-280724018,2008-07-24,2008,regular,CT,LOS,87,61,,,espn,,,,
espn-280725008,2008-07-25,2008,regular,MIN,SAS,78,68,,,espn,,,,
espn-280725009,2008-07-25,2008,regular,NYL,LOS,69,68,,,espn,,,,
espn-280725011,2008-07-25,2008,regular,PHO,SEA,94,80,,,espn,,,,
espn-280725020,2008-07-25,2008,regular,ATL,WAS,75,81,,,espn,,,,
espn-280726004,2008-07-26,2008,regular,HOU,CHI,79,65,,,espn,,,,
espn-280726013,2008-07-26,2008,regular,SAC,IND,70,62,,,espn,,,,
espn-280727003,2008-07-27,2008,regular,TUL,SAS,64,76,,,espn,,,,
espn-280727008,2008-07-27,2008,regular,MIN,LOS,84,92,,,espn,,,,
espn-280727011,2008-07-27,2008,regular,PHO,IND,84,88,,,espn,,,,
espn-280727014,2008-07-27,2008,regular,SEA,SAC,77,71,,,espn,,,,
espn-280727016,2008-07-27,2008,regular,WAS,CT,60,82,,,espn,,,,
espn-280727020,2008-07-27,2008,regular,ATL,NYL,76,86,,,espn,,,,
espn-280828005,2008-08-28,2008,regular,IND,CT,58,84,,,espn,,,,
espn-280828006,2008-08-28,2008,regular,LOS,SAC,78,63,,,espn,,,,
espn-280828009,2008-08-28,2008,regular,NYL,CHI,60,69,,,espn,,,,
espn-280828011,2008-08-28,2008,regular,PHO,SAS,55,77,,,espn,,,,
espn-280828014,2008-08-28,2008,regular,SEA,HOU,66,49,,,espn,,,,
espn-280829003,2008-08-29,2008,regular,TUL,NYL,83,69,,,espn,,,,
espn-280829016,2008-08-29,2008,regular,WAS,CHI,75,79,,,espn,,,,
espn-280829020,2008-08-29,2008,regular,ATL,CT,72,98,,,espn,,,,
espn-280830005,2008-08-30,2008,regular,IND,ATL,87,72,,,espn,,,,
espn-280830006,2008-08-30,2008,regular,LOS,SAS,58,53,,,espn,,,,
espn-280830008,2008-08-30,2008,regular,MIN,WAS,92,78,,,espn,,,,
espn-280830013,2008-08-30,2008,regular,SAC,HOU,80,65,,,espn,,,,
espn-280831018,2008-08-31,2008,regular,CT,SEA,80,76,,,espn,,,,
espn-280831019,2008-08-31,2008,regular,CHI,TUL,82,81,,,espn,,,,
espn-280901006,2008-09-01,2008,regular,LOS,MIN,82,58,,,espn,,,,
espn-280902004,2008-09-02,2008,regular,HOU,NYL,87,90,,,espn,,,,
espn-280902016,2008-09-02,2008,regular,WAS,IND,68,79,,,espn,,,,
espn-280902020,2008-09-02,2008,regular,ATL,SEA,69,83,,,espn,,,,
espn-280903011,2008-09-03,2008,regular,PHO,MIN,103,96,,,espn,,,,
espn-280904019,2008-09-04,2008,regular,CHI,SEA,62,70,,,espn,,,,
espn-280905003,2008-09-05,2008,regular,TUL,IND,90,68,,,espn,,,,
espn-280905009,2008-09-05,2008,regular,NYL,ATL,82,71,,,espn,,,,
espn-280905011,2008-09-05,2008,regular,PHO,SAC,81,69,,,espn,,,,
espn-280905017,2008-09-05,2008,regular,SAS,LOS,76,58,,,espn,,,,
espn-280905018,2008-09-05,2008,regular,CT,CHI,80,75,,,espn,,,,
espn-280906004,2008-09-06,2008,regular,HOU,LOS,66,84,,,espn,,,,
espn-280906014,2008-09-06,2008,regular,SEA,MIN,96,88,,,espn,,,,
espn-280906016,2008-09-06,2008,regular,WAS,TUL,69,84,,,espn,,,,
espn-280907009,2008-09-07,2008,regular,NYL,CHI,69,61,,,espn,,,,
espn-280907011,2008-09-07,2008,regular,PHO,HOU,99,74,,,espn,,,,
espn-280907013,2008-09-07,2008,regular,SAC,MIN,78,71,,,espn,,,,
espn-280907018,2008-09-07,2008,regular,CT,SAS,73,85,,,espn,,,,
espn-280908020,2008-09-08,2008,regular,ATL,IND,77,81,,,espn,,,,
espn-280909003,2008-09-09,2008,regular,TUL,PHO,89,78,,,espn,,,,
espn-280909004,2008-09-09,2008,regular,HOU,CT,75,68,,,espn,,,,
espn-280909008,2008-09-09,2008,regular,MIN,IND,86,76,,,espn,,,,
espn-280909009,2008-09-09,2008,regular,NYL,SAS,76,82,,,espn,,,,
espn-280909013,2008-09-09,2008,regular,SAC,SEA,77,74,,,espn,,,,
espn-280909019,2008-09-09,2008,regular,CHI,WAS,78,59,,,espn,,,,
espn-280911003,2008-09-11,2008,regular,TUL,WAS,78,66,,,espn,,,,
espn-280911005,2008-09-11,2008,regular,IND,NYL,74,59,,,espn,,,,
espn-280911006,2008-09-11,2008,regular,LOS,ATL,72,83,,,espn,,,,
espn-280911017,2008-09-11,2008,regular,SAS,CT,78,74,,,espn,,,,
espn-280912008,2008-09-12,2008,regular,MIN,PHO,87,96,,,espn,,,,
espn-280912014,2008-09-12,2008,regular,SEA,ATL,77,72,,,espn,,,,
espn-280912019,2008-09-12,2008,regular,CHI,NYL,62,69,,,espn,,,,
espn-280913017,2008-09-13,2008,regular,SAS,SAC,77,69,,,espn,,,,
espn-280913018,2008-09-13,2008,regular,CT,WAS,87,81,,,espn,,,,
espn-280914005,2008-09-14,2008,regular,IND,PHO,103,89,,,espn,,,,
espn-280914006,2008-09-14,2008,regular,LOS,SEA,65,48,,,espn,,,,
espn-280914009,2008-09-14,2008,regular,NYL,TUL,59,61,,,espn,,,,
espn-280914016,2008-09-14,2008,regular,WAS,MIN,70,96,,,espn,,,,
espn-280914019,2008-09-14,2008,regular,CHI,HOU,76,79,,,espn,,,,
espn-280915004,2008-09-15,2008,regular,HOU,SAC,90,81,,,espn,,,,
espn-280918009,2008-09-18,2008,postseason,NYL,CT,72,63,,,espn,,,,
espn-280918013,2008-09-18,2008,postseason,SAC,SAS,78,85,,,espn,,,,
espn-280919005,2008-09-19,2008,postseason,IND,TUL,72,81,,,espn,,,,
espn-280919006,2008-09-19,2008,postseason,LOS,SEA,77,69,,,espn,,,,
espn-280920017,2008-09-20,2008,postseason,SAS,SAC,67,84,,,espn,,,,
espn-280920018,2008-09-20,2008,postseason,CT,NYL,73,70,,,espn,,,,
espn-280921003,2008-09-21,2008,postseason,TUL,IND,82,89,,,espn,,,,
espn-280921014,2008-09-21,2008,postseason,SEA,LOS,64,50,,,espn,,,,
espn-280922017,2008-09-22,2008,postseason,SAS,SAC,86,81,,,espn,,,,
espn-280922018,2008-09-22,2008,postseason,CT,NYL,62,66,,,espn,,,,
espn-280923003,2008-09-23,2008,postseason,TUL,IND,80,61,,,espn,,,,
espn-280923014,2008-09-23,2008,postseason,SEA,LOS,64,71,,,espn,,,,
espn-280925006,2008-09-25,2008,postseason,LOS,SAS,85,70,,,espn,,,,
espn-280926009,2008-09-26,2008,postseason,NYL,TUL,60,56,,,espn,,,,
espn-280927017,2008-09-27,2008,postseason,SAS,LOS,67,66,,,espn,,,,
espn-280928003,2008-09-28,2008,postseason,TUL,NYL,64,55,,,espn,,,,
espn-280928017,2008-09-28,2008,postseason,SAS,LOS,76,72,,,espn,,,,
espn-280929003,2008-09-29,2008,postseason,TUL,NYL,75,73,,,espn,,,,
espn-281001017,2008-10-01,2008,postseason,SAS,TUL,69,77,,,espn,,,,
espn-281003017,2008-10-03,2008,postseason,SAS,TUL,61,69,,,espn,,,,
espn-281005003,2008-10-05,2008,postseason,TUL,SAS,76,60,,,espn,,,,
espn-290606006,2009-06-06,2009,regular,LOS,TUL,78,58,,,espn,,,,
espn-290606008,2009-06-06,2009,regular,MIN,CHI,102,85,,,espn,,,,
espn-290606011,2009-06-06,2009,regular,PHO,SAS,90,79,,,espn,,,,
espn-290606013,2009-06-06,2009,regular,SAC,SEA,61,71,,,espn,,,,
espn-290606018,2009-06-06,2009,regular,CT,WAS,70,82,,,espn,,,,
espn-290606020,2009-06-06,2009,regular,ATL,IND,87,86,,,espn,,,,
espn-290607005,2009-06-07,2009,regular,IND,MIN,74,96,,,espn,,,,
espn-290607009,2009-06-07,2009,regular,NYL,CT,57,66,,,espn,,,,
espn-290607014,2009-06-07,2009,regular,SEA,SAC,80,70,,,espn,,,,
espn-290607016,2009-06-07,2009,regular,WAS,ATL,77,71,,,espn,,,,
espn-290608003,2009-06-08,2009,regular,TUL,LOS,81,52,,,espn,,,,
espn-290609005,2009-06-09,2009,regular,IND,SEA,73,66,,,espn,,,,
espn-290610003,2009-06-10,2009,regular,TUL,WAS,69,75,,,espn,,,,
espn-290610008,2009-06-10,2009,regular,MIN,LOS,87,76,,,espn,,,,
espn-290610011,2009-06-10,2009,regular,PHO,NYL,91,84,,,espn,,,,
espn-290612005,2009-06-12,2009,regular,IND,LOS,73,61,,,espn,,,,
espn-290612008,2009-06-12,2009,regular,MIN,SEA,71,88,,,espn,,,,
espn-290612013,2009-06-12,2009,regular,SAC,PHO,90,71,,,espn,,,,
espn-290612019,2009-06-12,2009,regular,CHI,ATL,81,73,,,espn,,,,
espn-290613011,2009-06-13,2009,regular,PHO,SAC,115,104,,,espn,,,,
espn-290613017,2009-06-13,2009,regular,SAS,NYL,63,60,,,espn,,,,
espn-290614018,2009-06-14,2009,regular,CT,ATL,62,67,,,espn,,,,
espn-290614019,2009-06-14,2009,regular,CHI,SEA,64,57,,,espn,,,,
espn-290616013,2009-06-16,2009,regular,SAC,MIN,83,86,,,espn,,,,
espn-290616019,2009-06-16,2009,regular,CHI,CT,78,75,,,espn,,,,
espn-290617011,2009-06-17,2009,regular,PHO,MIN,104,80,,,espn,,,,
espn-290619003,2009-06-19,2009,regular,TUL,IND,54,66,,,espn,,,,
espn-290619009,2009-06-19,2009,regular,NYL,SAS,77,61,,,espn,,,,
espn-290619011,2009-06-19,2009,regular,PHO,LOS,89,80,,,espn,,,,
espn-290619014,2009-06-19,2009,regular,SEA,MIN,90,62,,,espn,,,,
espn-290619018,2009-06-19,2009,regular,CT,CHI,91,61,,,espn,,,,
espn-290619020,2009-06-19,2009,regular,ATL,WAS,93,81,,,espn,,,,
espn-290620016,2009-06-20,2009,regular,WAS,CHI,81,72,,,espn,,,,
espn-290621005,2009-06-21,2009,regular,IND,TUL,82,70,,,espn,,,,
espn-290621006,2009-06-21,2009,regular,LOS,SAC,67,47,,,espn,,,,
espn-290621011,2009-06-21,2009,regular,PHO,SEA,84,93,,,espn,,,,
espn-290621018,2009-06-21,2009,regular,CT,SAS,71,58,,,espn,,,,
espn-290621020,2009-06-21,2009,regular,ATL,NYL,81,93,,,espn,,,,
espn-290623008,2009-06-23,2009,regular,MIN,NYL,69,57,,,espn,,,,
espn-290623017,2009-06-23,2009,regular,SAS,PHO,91,87,,,espn,,,,
espn-290623020,2009-06-23,2009,regular,ATL,CHI,98,99,,,espn,,,,
espn-290625016,2009-06-25,2009,regular,WAS,PHO,87,93,,,espn,,,,
espn-290626009,2009-06-26,2009,regular,NYL,IND,81,82,,,espn,,,,
espn-290626014,2009-06-26,2009,regular,SEA,LOS,69,67,,,espn,,,,
espn-290626017,2009-06-26,2009,regular,SAS,SAC,62,52,,,espn,,,,
espn-290626020,2009-06-26,2009,regular,ATL,TUL,96,86,,,espn,,,,
espn-290627005,2009-06-27,2009,regular,IND,NYL,63,54,,,espn,,,,
espn-290627008,2009-06-27,2009,regular,MIN,PHO,109,80,,,espn,,,,
espn-290627018,2009-06-27,2009,regular,CT,ATL,82,68,,,espn,,,,
espn-290627019,2009-06-27,2009,regular,CHI,WAS,68,63,,,espn,,,,
espn-290628003,2009-06-28,2009,regular,TUL,SAC,86,72,,,espn,,,,
espn-290628006,2009-06-28,2009,regular,LOS,SEA,82,55,,,espn,,,,
espn-290630017,2009-06-30,2009,regular,SAS,WAS,82,84,,,espn,,,,
espn-290630019,2009-06-30,2009,regular,CHI,SAC,74,72,,,espn,,,,
espn-290630020,2009-06-30,2009,regular,ATL,MIN,85,91,,,espn,,,,
espn-290701011,2009-07-01,2009,regular,PHO,SEA,93,81,,,espn,,,,
espn-290702005,2009-07-02,2009,regular,IND,CT,67,53,,,espn,,,,
espn-290702008,2009-07-02,2009,regular,MIN,SAC,68,74,,,espn,,,,
espn-290702009,2009-07-02,2009,regular,NYL,TUL,80,64,,,espn,,,,
espn-290703017,2009-07-03,2009,regular,SAS,CHI,85,72,,,espn,,,,
espn-290703020,2009-07-03,2009,regular,ATL,WAS,72,65,,,espn,,,,
espn-290705003,2009-07-05,2009,regular,TUL,CT,92,95,,,espn,,,,
espn-290705005,2009-07-05,2009,regular,IND,ATL,78,74,,,espn,,,,
espn-290705006,2009-07-05,2009,regular,LOS,PHO,89,104,,,espn,,,,
espn-290707008,2009-07-07,2009,regular,MIN,WAS,96,94,,,espn,,,,
espn-290707013,2009-07-07,2009,regular,SAC,CHI,83,73,,,espn,,,,
espn-290707014,2009-07-07,2009,regular,SEA,SAS,66,53,,,espn,,,,
espn-290707020,2009-07-07,2009,regular,ATL,CT,72,67,,,espn,,,,
espn-290708011,2009-07-08,2009,regular,PHO,CHI,90,70,,,espn,,,,
espn-290709009,2009-07-09,2009,regular,NYL,LOS,60,69,,,espn,,,,
espn-290709014,2009-07-09,2009,regular,SEA,SAC,66,55,,,espn,,,,
espn-290710008,2009-07-10,2009,regular,MIN,SAS,61,77,,,espn,,,,
espn-290710019,2009-07-10,2009,regular,CHI,IND,54,83,,,espn,,,,
espn-290711009,2009-07-11,2009,regular,NYL,ATL,71,69,,,espn,,,,
espn-290711013,2009-07-11,2009,regular,SAC,PHO,105,107,,,espn,,,,
espn-290711016,2009-07-11,2009,regular,WAS,LOS,75,63,,,espn,,,,
espn-290711018,2009-07-11,2009,regular,CT,TUL,77,79,,,espn,,,,
espn-290712014,2009-07-12,2009,regular,SEA,CHI,81,86,,,espn,,,,
espn-290712017,2009-07-12,2009,regular,SAS,MIN,76,83,,,espn,,,,
espn-290714018,2009-07-14,2009,regular,CT,LOS,82,71,,,espn,,,,
espn-290715005,2009-07-15,2009,regular,IND,CHI,84,74,,,espn,,,,
espn-290715008,2009-07-15,2009,regular,MIN,ATL,77,91,,,espn,,,,
espn-290715011,2009-07-15,2009,regular,PHO,SAC,100,81,,,espn,,,,
espn-290715014,2009-07-15,2009,regular,SEA,TUL,63,66,,,espn,,,,
espn-290715016,2009-07-15,2009,regular,WAS,SAS,78,79,,,espn,,,,
espn-290717005,2009-07-17,2009,regular,IND,ATL,84,79,,,espn,,,,
espn-290717013,2009-07-17,2009,regular,SAC,SEA,56,69,,,espn,,,,
espn-290717017,2009-07-17,2009,regular,SAS,CT,64,72,,,espn,,,,
espn-290718011,2009-07-18,2009,regular,PHO,TUL,97,90,,,espn,,,,
espn-290718016,2009-07-18,2009,regular,WAS,NYL,68,67,,,espn,,,,
espn-290719009,2009-07-19,2009,regular,NYL,ATL,89,86,,,espn,,,,
espn-290719013,2009-07-19,2009,regular,SAC,TUL,65,69,,,espn,,,,
espn-290719014,2009-07-19,2009,regular,SEA,MIN,72,69,,,espn,,,,
espn-290719018,2009-07-19,2009,regular,CT,IND,67,61,,,espn,,,,
espn-290719019,2009-07-19,2009,regular,CHI,SAS,85,75,,,espn,,,,
espn-290721016,2009-07-21,2009,regular,WAS,IND,70,82,,,espn,,,,
espn-290722003,2009-07-22,2009,regular,TUL,ATL,95,98,,,espn,,,,
espn-290722011,2009-07-22,2009,regular,PHO,MIN,86,99,,,espn,,,,
espn-290722014,2009-07-22,2009,regular,SEA,LOS,98,87,,,espn,,,,
espn-290722018,2009-07-22,2009,regular,CT,SAC,83,75,,,espn,,,,
espn-290722019,2009-07-22,2009,regular,CHI,NYL,70,77,,,espn,,,,
espn-290723009,2009-07-23,2009,regular,NYL,SAC,73,88,,,espn,,,,
espn-290723016,2009-07-23,2009,regular,WAS,CHI,75,64,,,espn,,,,
espn-290723017,2009-07-23,2009,regular,SAS,IND,84,65,,,espn,,,,
espn-290725098,2009-07-25,2009,regular,EAST,WEST,118,130,,,espn,,,,
espn-290726009,2009-07-26,2009,regular,NYL,PHO,88,94,,,espn,,,,
espn-290726016,2009-07-26,2009,regular,WAS,SAC,87,73,,,espn,,,,
espn-290728005,2009-07-28,2009,regular,IND,WAS,85,81,,,espn,,,,
espn-290728008,2009-07-28,2009,regular,MIN,LOS,70,76,,,espn,,,,
espn-290728017,2009-07-28,2009,regular,SAS,SEA,74,71,,,espn,,,,
espn-290728018,2009-07-28,2009,regular,CT,PHO,80,95,,,espn,,,,
espn-290729019,2009-07-29,2009,regular,CHI,LOS,75,63,,,espn,,,,
espn-290730005,2009-07-30,2009,regular,IND,CT,94,85,,,espn,,,,
espn-290730009,2009-07-30,2009,regular,NYL,WAS,75,78,,,espn,,,,
espn-290730013,2009-07-30,2009,regular,SAC,SAS,101,93,,,espn,,,,
espn-290730020,2009-07-30,2009,regular,ATL,PHO,106,76,,,espn,,,,
espn-290731003,2009-07-31,2009,regular,TUL,MIN,91,83,,,espn,,,,
espn-290801008,2009-08-01,2009,regular,MIN,PHO,74,87,,,espn,,,,
espn-290801013,2009-08-01,2009,regular,SAC,LOS,56,59,,,espn,,,,
espn-290801014,2009-08-01,2009,regular,SEA,SAS,85,82,,,espn,,,,
espn-290801019,2009-08-01,2009,regular,CHI,CT,84,72,,,espn,,,,
espn-290801020,2009-08-01,2009,regular,ATL,NYL,89,83,,,espn,,,,
espn-290802003,2009-08-02,2009,regular,TUL,CT,65,83,,,espn,,,,
espn-290802016,2009-08-02,2009,regular,WAS,IND,79,87,,,espn,,,,
espn-290804003,2009-08-04,2009,regular,TUL,NYL,76,64,,,espn,,,,
espn-290804006,2009-08-04,2009,regular,LOS,SAS,59,63,,,espn,,,,
espn-290804014,2009-08-04,2009,regular,SEA,PHO,90,101,,,espn,,,,
espn-290805005,2009-08-05,2009,regular,IND,CHI,76,67,,,espn,,,,
espn-290806006,2009-08-06,2009,regular,LOS,SEA,79,75,,,espn,,,,
espn-290806017,2009-08-06,2009,regular,SAS,ATL,84,92,,,espn,,,,
espn-290807008,2009-08-07,2009,regular,MIN,CT,95,88,,,espn,,,,
espn-290807013,2009-08-07,2009,regular,SAC,NYL,66,84,,,espn,,,,
espn-290807016,2009-08-07,2009,regular,WAS,TUL,70,66,,,espn,,,,
espn-290808011,2009-08-08,2009,regular,PHO,IND,83,90,,,espn,,,,
espn-290808014,2009-08-08,2009,regular,SEA,NYL,70,69,,,espn,,,,
espn-290808020,2009-08-08,2009,regular,ATL,CHI,80,82,,,espn,,,,
espn-290809003,2009-08-09,2009,regular,TUL,CHI,64,58,,,espn,,,,
espn-290809008,2009-08-09,2009,regular,MIN,SAS,87,89,,,espn,,,,
espn-290809018,2009-08-09,2009,regular,CT,WAS,96,67,,,espn,,,,
espn-290810006,2009-08-10,2009,regular,LOS,IND,75,63,,,espn,,,,
espn-290811006,2009-08-11,2009,regular,LOS,NYL,61,65,,,espn,,,,
espn-290811016,2009-08-11,2009,regular,WAS,TUL,77,81,,,espn,,,,
espn-290811017,2009-08-11,2009,regular,SAS,SAC,73,90,,,espn,,,,
espn-290813008,2009-08-13,2009,regular,MIN,IND,81,91,,,espn,,,,
espn-290813011,2009-08-13,2009,regular,PHO,SAS,95,83,,,espn,,,,
espn-290813018,2009-08-13,2009,regular,CT,SEA,64,53,,,espn,,,,
espn-290813020,2009-08-13,2009,regular,ATL,TUL,80,75,,,espn,,,,
espn-290814006,2009-08-14,2009,regular,LOS,SAC,79,85,,,espn,,,,
espn-290814009,2009-08-14,2009,regular,NYL,CHI,77,88,,,espn,,,,
espn-290814016,2009-08-14,2009,regular,WAS,CT,91,89,,,espn,,,,
espn-290815005,2009-08-15,2009,regular,IND,TUL,82,59,,,espn,,,,
espn-290815013,2009-08-15,2009,regular,SAC,LOS,61,78,,,espn,,,,
espn-290815017,2009-08-15,2009,regular,SAS,PHO,106,89,,,espn,,,,
espn-290815019,2009-08-15,2009,regular,CHI,MIN,79,76,,,espn,,,,
espn-290815020,2009-08-15,2009,regular,ATL,SEA,88,79,,,espn,,,,
espn-290816016,2009-08-16,2009,regular,WAS,NYL,59,60,,,espn,,,,
espn-290818003,2009-08-18,2009,regular,TUL,SEA,75,79,,,espn,,,,
espn-290818006,2009-08-18,2009,regular,LOS,WAS,72,69,,,espn,,,,
espn-290818019,2009-08-18,2009,regular,CHI,PHO,99,106,,,espn,,,,
espn-290819006,2009-08-19,2009,regular,LOS,MIN,78,63,,,espn,,,,
espn-290819018,2009-08-19,2009,regular,CT,NYL,74,69,,,espn,,,,
espn-290820013,2009-08-20,2009,regular,SAC,IND,67,62,,,espn,,,,
espn-290820020,2009-08-20,2009,regular,ATL,SAS,93,87,,,espn,,,,
espn-290821009,2009-08-21,2009,regular,NYL,CT,85,83,,,espn,,,,
espn-290821011,2009-08-21,2009,regular,PHO,WAS,81,91,,,espn,,,,
espn-290821017,2009-08-21,2009,regular,SAS,LOS,66,67,,,espn,,,,
espn-290822013,2009-08-22,2009,regular,SAC,WAS,82,60,,,espn,,,,
espn-290822014,2009-08-22,2009,regular,SEA,IND,74,60,,,espn,,,,
espn-290822018,2009-08-22,2009,regular,CT,MIN,98,94,,,espn,,,,
espn-290822019,2009-08-22,2009,regular,CHI,TUL,67,76,,,espn,,,,
espn-290823003,2009-08-23,2009,regular,TUL,SAS,99,84,,,espn,,,,
espn-290823009,2009-08-23,2009,regular,NYL,MIN,80,67,,,espn,,,,
espn-290823020,2009-08-23,2009,regular,ATL,LOS,87,91,,,espn,,,,
espn-290825006,2009-08-25,2009,regular,LOS,CHI,75,63,,,espn,,,,
espn-290825014,2009-08-25,2009,regular,SEA,WAS,78,68,,,espn,,,,
espn-290825018,2009-08-25,2009,regular,CT,TUL,70,90,,,espn,,,,
espn-290825020,2009-08-25,2009,regular,ATL,SAC,103,83,,,espn,,,,
espn-290827003,2009-08-27,2009,regular,TUL,ATL,87,83,,,espn,,,,
espn-290827005,2009-08-27,2009,regular,IND,SAS,77,66,,,espn,,,,
espn-290827006,2009-08-27,2009,regular,LOS,PHO,90,98,,,espn,,,,
espn-290827014,2009-08-27,2009,regular,SEA,CT,86,74,,,espn,,,,
espn-290828008,2009-08-28,2009,regular,MIN,SAC,100,95,,,espn,,,,
espn-290828019,2009-08-28,2009,regular,CHI,NYL,96,77,,,espn,,,,
espn-290829005,2009-08-29,2009,regular,IND,SAC,78,79,,,espn,,,,
espn-290829011,2009-08-29,2009,regular,PHO,CT,95,84,,,espn,,,,
espn-290829014,2009-08-29,2009,regular,SEA,ATL,91,84,,,espn,,,,
espn-290829017,2009-08-29,2009,regular,SAS,TUL,100,88,,,espn,,,,
espn-290830006,2009-08-30,2009,regular,LOS,CT,91,81,,,espn,,,,
espn-290830009,2009-08-30,2009,regular,NYL,CHI,77,63,,,espn,,,,
espn-290830016,2009-08-30,2009,regular,WAS,MIN,81,75,,,espn,,,,
espn-290901003,2009-09-01,2009,regular,TUL,PHO,101,99,,,espn,,,,
espn-290901006,2009-09-01,2009,regular,LOS,ATL,79,84,,,espn,,,,
espn-290901009,2009-09-01,2009,regular,NYL,SEA,58,65,,,espn,,,,
espn-290901013,2009-09-01,2009,regular,SAC,CT,90,70,,,espn,,,,
espn-290901017,2009-09-01,2009,regular,SAS,MIN,84,82,,,espn,,,,
espn-290902005,2009-09-02,2009,regular,IND,PHO,90,106,,,espn,,,,
espn-290903016,2009-09-03,2009,regular,WAS,SEA,78,67,,,espn,,,,
espn-290904003,2009-09-04,2009,regular,TUL,IND,70,63,,,espn,,,,
espn-290904013,2009-09-04,2009,regular,SAC,ATL,90,98,,,espn,,,,
espn-290904018,2009-09-04,2009,regular,CT,NYL,88,85,,,espn,,,,
espn-290904019,2009-09-04,2009,regular,CHI,WAS,92,86,,,espn,,,,
espn-290905008,2009-09-05,2009,regular,MIN,SEA,76,68,,,espn,,,,
espn-290905011,2009-09-05,2009,regular,PHO,ATL,100,82,,,espn,,,,
espn-290905017,2009-09-05,2009,regular,SAS,LOS,89,72,,,espn,,,,
espn-290906003,2009-09-06,2009,regular,TUL,CHI,84,75,,,espn,,,,
espn-290906005,2009-09-06,2009,regular,IND,WAS,72,61,,,espn,,,,
espn-290908006,2009-09-08,2009,regular,LOS,SAS,76,68,,,espn,,,,
espn-290908009,2009-09-08,2009,regular,NYL,IND,63,69,,,espn,,,,
espn-290909008,2009-09-09,2009,regular,MIN,TUL,75,72,,,espn,,,,
espn-290910003,2009-09-10,2009,regular,TUL,NYL,94,87,,,espn,,,,
espn-290910013,2009-09-10,2009,regular,SAC,SAS,71,80,,,espn,,,,
espn-290910014,2009-09-10,2009,regular,SEA,PHO,84,92,,,espn,,,,
espn-290910019,2009-09-10,2009,regular,CHI,IND,86,79,,,espn,,,,
espn-290911006,2009-09-11,2009,regular,LOS,MIN,90,61,,,espn,,,,
espn-290911020,2009-09-11,2009,regular,ATL,CT,88,64,,,espn,,,,
espn-290912016,2009-09-12,2009,regular,WAS,ATL,82,64,,,espn,,,,
espn-290912017,2009-09-12,2009,regular,SAS,SEA,55,64,,,espn,,,,
espn-290912019,2009-09-12,2009,regular,CHI,TUL,69,80,,,espn,,,,
espn-290913009,2009-09-13,2009,regular,NYL,WAS,86,65,,,espn,,,,
espn-290913011,2009-09-13,2009,regular,PHO,LOS,78,81,,,espn,,,,
espn-290913013,2009-09-13,2009,regular,SAC,MIN,88,66,,,espn,,,,
espn-290913018,2009-09-13,2009,regular,CT,IND,95,85,,,espn,,,,
espn-290916003,2009-09-16,2009,postseason,TUL,ATL,94,89,,,espn,,,,
espn-290916006,2009-09-16,2009,postseason,LOS,SEA,70,63,,,espn,,,,
espn-290917016,2009-09-17,2009,postseason,WAS,IND,79,88,,,espn,,,,
espn-290917017,2009-09-17,2009,postseason,SAS,PHO,92,91,,,espn,,,,
espn-290918014,2009-09-18,2009,postseason,SEA,LOS,75,74,,,espn,,,,
espn-290918020,2009-09-18,2009,postseason,ATL,TUL,79,94,,,espn,,,,
espn-290919005,2009-09-19,2009,postseason,IND,WAS,81,74,,,espn,,,,
espn-290919011,2009-09-19,2009,postseason,PHO,SAS,106,78,,,espn,,,,
espn-290920014,2009-09-20,2009,postseason,SEA,LOS,64,75,,,espn,,,,
espn-290921011,2009-09-21,2009,postseason,PHO,SAS,100,92,,,espn,,,,
espn-290923003,2009-09-23,2009,postseason,TUL,IND,72,56,,,espn,,,,
espn-290923006,2009-09-23,2009,postseason,LOS,PHO,94,103,,,espn,,,,
espn-290925005,2009-09-25,2009,postseason,IND,TUL,79,75,,,espn,,,,
espn-290925011,2009-09-25,2009,postseason,PHO,LOS,76,87,,,espn,,,,
espn-290926005,2009-09-26,2009,postseason,IND,TUL,72,67,,,espn,,,,
espn-290926011,2009-09-26,2009,postseason,PHO,LOS,85,74,,,espn,,,,
espn-290929011,2009-09-29,2009,postseason,PHO,IND,120,116,,,espn,,,,
espn-291001011,2009-10-01,2009,postseason,PHO,IND,84,93,,,espn,,,,
espn-291004005,2009-10-04,2009,postseason,IND,PHO,86,85,,,espn,,,,
espn-291007005,2009-10-07,2009,postseason,IND,PHO,77,90,,,espn,,,,
espn-291009011,2009-10-09,2009,postseason,PHO,IND,94,86,,,espn,,,,
espn-300515003,2010-05-15,2010,regular,TUL,MIN,74,80,,,espn,,,,
espn-300515005,2010-05-15,2010,regular,IND,WAS,65,72,,,espn,,,,
espn-300515011,2010-05-15,2010,regular,PHO,LOS,78,77,,,espn,,,,
espn-300515017,2010-05-15,2010,regular,SAS,ATL,70,75,,,espn,,,,
espn-300515018,2010-05-15,2010,regular,CT,CHI,74,61,,,espn,,,,
espn-300516008,2010-05-16,2010,regular,MIN,WAS,76,87,,,espn,,,,
espn-300516009,2010-05-16,2010,regular,NYL,CHI,85,82,,,espn,,,,
espn-300516014,2010-05-16,2010,regular,SEA,LOS,81,67,,,espn,,,,
espn-300516020,2010-05-16,2010,regular,ATL,IND,66,62,,,espn,,,,
espn-300519014,2010-05-19,2010,regular,SEA,MIN,79,76,,,espn,,,,
espn-300520003,2010-05-20,2010,regular,TUL,SAS,74,83,,,espn,,,,
espn-300521016,2010-05-21,2010,regular,WAS,NYL,77,61,,,espn,,,,
espn-300521020,2010-05-21,2010,regular,ATL,CT,97,82,,,espn,,,,
espn-300522011,2010-05-22,2010,regular,PHO,SEA,89,95,,,espn,,,,
espn-300522017,2010-05-22,2010,regular,SAS,LOS,88,81,,,espn,,,,
espn-300522019,2010-05-22,2010,regular,CHI,IND,86,92,,,espn,,,,
espn-300523005,2010-05-23,2010,regular,IND,CHI,69,61,,,espn,,,,
espn-300523008,2010-05-23,2010,regular,MIN,TUL,82,94,,,espn,,,,
espn-300523009,2010-05-23,2010,regular,NYL,ATL,77,86,,,espn,,,,
espn-300523018,2010-05-23,2010,regular,CT,WAS,80,65,,,espn,,,,
espn-300525003,2010-05-25,2010,regular,TUL,PHO,96,110,,,espn,,,,
espn-300525014,2010-05-25,2010,regular,SEA,WAS,82,76,,,espn,,,,
espn-300527018,2010-05-27,2010,regular,CT,MIN,105,79,,,espn,,,,
espn-300527019,2010-05-27,2010,regular,CHI,SEA,84,75,,,espn,,,,
espn-300528006,2010-05-28,2010,regular,LOS,WAS,81,75,,,espn,,,,
espn-300528011,2010-05-28,2010,regular,PHO,ATL,93,96,,,espn,,,,
espn-300528017,2010-05-28,2010,regular,SAS,NYL,71,77,,,espn,,,,
espn-300529003,2010-05-29,2010,regular,TUL,IND,79,74,,,espn,,,,
espn-300529008,2010-05-29,2010,regular,MIN,CHI,58,73,,,espn,,,,
espn-300530006,2010-05-30,2010,regular,LOS,ATL,82,101,,,espn,,,,
espn-300530016,2010-05-30,2010,regular,WAS,CT,69,65,,,espn,,,,
espn-300530017,2010-05-30,2010,regular,SAS,SEA,56,84,,,espn,,,,
espn-300601008,2010-06-01,2010,regular,MIN,PHO,92,82,,,espn,,,,
espn-300601014,2010-06-01,2010,regular,SEA,ATL,90,72,,,espn,,,,
espn-300603005,2010-06-03,2010,regular,IND,SAS,79,57,,,espn,,,,
espn-300604003,2010-06-04,2010,regular,TUL,MIN,92,79,,,espn,,,,
espn-300604011,2010-06-04,2010,regular,PHO,LOS,90,89,,,espn,,,,
espn-300604018,2010-06-04,2010,regular,CT,NYL,75,68,,,espn,,,,
espn-300604020,2010-06-04,2010,regular,ATL,CHI,70,80,,,espn,,,,
espn-300605005,2010-06-05,2010,regular,IND,NYL,78,73,,,espn,,,,
espn-300605006,2010-06-05,2010,regular,LOS,SEA,75,79,,,espn,,,,
espn-300605016,2010-06-05,2010,regular,WAS,ATL,79,86,,,espn,,,,
espn-300605019,2010-06-05,2010,regular,CHI,TUL,95,70,,,espn,,,,
espn-300606008,2010-06-06,2010,regular,MIN,IND,51,89,,,espn,,,,
espn-300606014,2010-06-06,2010,regular,SEA,PHO,97,74,,,espn,,,,
espn-300606018,2010-06-06,2010,regular,CT,SAS,81,68,,,espn,,,,
espn-300608006,2010-06-08,2010,regular,LOS,PHO,92,91,,,espn,,,,
espn-300608019,2010-06-08,2010,regular,CHI,NYL,70,85,,,espn,,,,
espn-300610011,2010-06-10,2010,regular,PHO,MIN,99,88,,,espn,,,,
espn-300611009,2010-06-11,2010,regular,NYL,ATL,91,79,,,espn,,,,
espn-300611014,2010-06-11,2010,regular,SEA,LOS,82,60,,,espn,,,,
espn-300611017,2010-06-11,2010,regular,SAS,TUL,87,75,,,espn,,,,
espn-300611018,2010-06-11,2010,regular,CT,IND,86,77,,,espn,,,,
espn-300611019,2010-06-11,2010,regular,CHI,WAS,78,95,,,espn,,,,
espn-300612011,2010-06-12,2010,regular,PHO,TUL,116,84,,,espn,,,,
espn-300612016,2010-06-12,2010,regular,WAS,NYL,82,65,,,espn,,,,
espn-300613005,2010-06-13,2010,regular,IND,CT,77,67,,,espn,,,,
espn-300613006,2010-06-13,2010,regular,LOS,MIN,88,84,,,espn,,,,
espn-300613020,2010-06-13,2010,regular,ATL,SAS,90,83,,,espn,,,,
espn-300615019,2010-06-15,2010,regular,CHI,ATL,86,93,,,espn,,,,
espn-300617005,2010-06-17,2010,regular,IND,SEA,72,65,,,espn,,,,
espn-300618006,2010-06-18,2010,regular,LOS,CT,75,78,,,espn,,,,
espn-300618008,2010-06-18,2010,regular,MIN,TUL,78,67,,,espn,,,,
espn-300618009,2010-06-18,2010,regular,NYL,SEA,84,92,,,espn,,,,
espn-300618011,2010-06-18,2010,regular,PHO,SAS,105,108,,,espn,,,,
espn-300619003,2010-06-19,2010,regular,TUL,MIN,78,92,,,espn,,,,
espn-300619005,2010-06-19,2010,regular,IND,ATL,94,91,,,espn,,,,
espn-300619016,2010-06-19,2010,regular,WAS,CHI,65,61,,,espn,,,,
espn-300620011,2010-06-20,2010,regular,PHO,CT,94,96,,,espn,,,,
espn-300620014,2010-06-20,2010,regular,SEA,SAS,82,61,,,espn,,,,
espn-300622009,2010-06-22,2010,regular,NYL,MIN,68,75,,,espn,,,,
espn-300622018,2010-06-22,2010,regular,CT,CHI,77,86,,,espn,,,,
espn-300623020,2010-06-23,2010,regular,ATL,TUL,96,90,,,espn,,,,
espn-300624016,2010-06-24,2010,regular,WAS,LOS,68,53,,,espn,,,,
espn-300625003,2010-06-25,2010,regular,TUL,NYL,78,92,,,espn,,,,
espn-300625014,2010-06-25,2010,regular,SEA,IND,85,81,,,espn,,,,
espn-300625018,2010-06-25,2010,regular,CT,PHO,82,79,,,espn,,,,
espn-300625019,2010-06-25,2010,regular,CHI,WAS,79,72,,,espn,,,,
espn-300626017,2010-06-26,2010,regular,SAS,MIN,80,66,,,espn,,,,
espn-300627003,2010-06-27,2010,regular,TUL,SEA,72,83,,,espn,,,,
espn-300627009,2010-06-27,2010,regular,NYL,CT,77,68,,,espn,,,,
espn-300627016,2010-06-27,2010,regular,WAS,PHO,95,85,,,espn,,,,
espn-300627019,2010-06-27,2010,regular,CHI,IND,64,70,,,espn,,,,
espn-300627020,2010-06-27,2010,regular,ATL,LOS,89,81,,,espn,,,,
espn-300629003,2010-06-29,2010,regular,TUL,CT,89,101,,,espn,,,,
espn-300629006,2010-06-29,2010,regular,LOS,NYL,68,80,,,espn,,,,
espn-300629014,2010-06-29,2010,regular,SEA,SAS,86,72,,,espn,,,,
espn-300629016,2010-06-29,2010,regular,WAS,IND,68,65,,,espn,,,,
espn-300629020,2010-06-29,2010,regular,ATL,PHO,94,88,,,espn,,,,
espn-300701006,2010-07-01,2010,regular,LOS,SAS,73,63,,,espn,,,,
espn-300701011,2010-07-01,2010,regular,PHO,WAS,104,107,,,espn,,,,
espn-300701019,2010-07-01,2010,regular,CHI,CT,92,80,,,espn,,,,
espn-300701020,2010-07-01,2010,regular,ATL,MIN,76,58,,,espn,,,,
espn-300703003,2010-07-03,2010,regular,TUL,WAS,54,69,,,espn,,,,
espn-300703006,2010-07-03,2010,regular,LOS,SEA,62,75,,,espn,,,,
espn-300703011,2010-07-03,2010,regular,PHO,NYL,97,82,,,espn,,,,
espn-300703020,2010-07-03,2010,regular,ATL,CHI,82,88,,,espn,,,,
espn-300706006,2010-07-06,2010,regular,LOS,PHO,89,98,,,espn,,,,
espn-300706014,2010-07-06,2010,regular,SEA,NYL,78,70,,,espn,,,,
espn-300706017,2010-07-06,2010,regular,SAS,CT,79,66,,,espn,,,,
espn-300706019,2010-07-06,2010,regular,CHI,IND,51,58,,,espn,,,,
espn-300707020,2010-07-07,2010,regular,ATL,CT,108,103,,,espn,,,,
espn-300708005,2010-07-08,2010,regular,IND,TUL,100,72,,,espn,,,,
espn-300708008,2010-07-08,2010,regular,MIN,SAS,89,66,,,espn,,,,
espn-300710096,2010-07-10,2010,regular,ALL,USA,72,99,,,espn,,,,
espn-300711009,2010-07-11,2010,regular,NYL,CHI,57,54,,,espn,,,,
espn-300713003,2010-07-13,2010,regular,TUL,LOS,71,87,,,espn,,,,
espn-300714005,2010-07-14,2010,regular,IND,CT,68,77,,,espn,,,,
espn-300714008,2010-07-14,2010,regular,MIN,ATL,83,81,,,espn,,,,
espn-300714011,2010-07-14,2010,regular,PHO,SEA,107,111,,,espn,,,,
espn-300714019,2010-07-14,2010,regular,CHI,SAS,88,61,,,espn,,,,
espn-300715009,2010-07-15,2010,regular,NYL,WAS,75,67,,,espn,,,,
espn-300716005,2010-07-16,2010,regular,IND,ATL,89,70,,,espn,,,,
espn-300716017,2010-07-16,2010,regular,SAS,TUL,70,75,,,espn,,,,
espn-300716019,2010-07-16,2010,regular,CHI,LOS,80,68,,,espn,,,,
espn-300717008,2010-07-17,2010,regular,MIN,SEA,71,73,,,espn,,,,
espn-300717011,2010-07-17,2010,regular,PHO,TUL,97,88,,,espn,,,,
espn-300717018,2010-07-17,2010,regular,CT,ATL,96,80,,,espn,,,,
espn-300718009,2010-07-18,2010,regular,NYL,IND,81,84,,,espn,,,,
espn-300718016,2010-07-18,2010,regular,WAS,CHI,59,61,,,espn,,,,
espn-300718017,2010-07-18,2010,regular,SAS,LOS,83,73,,,espn,,,,
espn-300720006,2010-07-20,2010,regular,LOS,TUL,86,83,,,espn,,,,
espn-300720017,2010-07-20,2010,regular,SAS,SEA,74,80,,,espn,,,,
espn-300720018,2010-07-20,2010,regular,CT,NYL,74,82,,,espn,,,,
espn-300721016,2010-07-21,2010,regular,WAS,ATL,82,72,,,espn,,,,
espn-300722003,2010-07-22,2010,regular,TUL,PHO,91,123,,,espn,,,,
espn-300722005,2010-07-22,2010,regular,IND,LOS,76,57,,,espn,,,,
espn-300722008,2010-07-22,2010,regular,MIN,SAS,72,74,,,espn,,,,
espn-300723019,2010-07-23,2010,regular,CHI,NYL,71,79,,,espn,,,,
espn-300724008,2010-07-24,2010,regular,MIN,PHO,124,127,,,espn,,,,
espn-300724016,2010-07-24,2010,regular,WAS,IND,73,78,,,espn,,,,
espn-300724017,2010-07-24,2010,regular,SAS,CHI,72,75,,,espn,,,,
espn-300724018,2010-07-24,2010,regular,CT,LOS,80,89,,,espn,,,,
espn-300725014,2010-07-25,2010,regular,SEA,TUL,75,59,,,espn,,,,
espn-300725020,2010-07-25,2010,regular,ATL,NYL,82,75,,,espn,,,,
espn-300727003,2010-07-27,2010,regular,TUL,ATL,89,105,,,espn,,,,
espn-300727005,2010-07-27,2010,regular,IND,CHI,78,74,,,espn,,,,
espn-300727008,2010-07-27,2010,regular,MIN,LOS,58,71,,,espn,,,,
espn-300727009,2010-07-27,2010,regular,NYL,SAS,77,72,,,espn,,,,
espn-300727014,2010-07-27,2010,regular,SEA,PHO,91,85,,,espn,,,,
espn-300727018,2010-07-27,2010,regular,CT,WAS,88,78,,,espn,,,,
espn-300729011,2010-07-29,2010,regular,PHO,MIN,110,92,,,espn,,,,
espn-300729016,2010-07-29,2010,regular,WAS,SAS,75,79,,,espn,,,,
espn-300730003,2010-07-30,2010,regular,TUL,SAS,85,101,,,espn,,,,
espn-300730005,2010-07-30,2010,regular,IND,WAS,73,77,,,espn,,,,
espn-300730009,2010-07-30,2010,regular,NYL,LOS,88,79,,,espn,,,,
espn-300730014,2010-07-30,2010,regular,SEA,CHI,80,60,,,espn,,,,
espn-300730018,2010-07-30,2010,regular,CT,ATL,62,94,,,espn,,,,
espn-300801008,2010-08-01,2010,regular,MIN,SEA,72,71,,,espn,,,,
espn-300801009,2010-08-01,2010,regular,NYL,CT,71,67,,,espn,,,,
espn-300801011,2010-08-01,2010,regular,PHO,CHI,97,96,,,espn,,,,
espn-300801016,2010-08-01,2010,regular,WAS,TUL,87,62,,,espn,,,,
espn-300801020,2010-08-01,2010,regular,ATL,IND,90,74,,,espn,,,,
espn-300803003,2010-08-03,2010,regular,TUL,SEA,84,75,,,espn,,,,
espn-300803005,2010-08-03,2010,regular,IND,NYL,72,82,,,espn,,,,
espn-300803008,2010-08-03,2010,regular,MIN,CT,111,103,,,espn,,,,
espn-300803017,2010-08-03,2010,regular,SAS,PHO,92,103,,,espn,,,,
espn-300803020,2010-08-03,2010,regular,ATL,WAS,78,86,,,espn,,,,
espn-300804006,2010-08-04,2010,regular,LOS,CHI,82,77,,,espn,,,,
espn-300805014,2010-08-05,2010,regular,SEA,CT,83,82,,,espn,,,,
espn-300806005,2010-08-06,2010,regular,IND,ATL,95,93,,,espn,,,,
espn-300806006,2010-08-06,2010,regular,LOS,TUL,77,70,,,espn,,,,
espn-300806009,2010-08-06,2010,regular,NYL,WAS,85,77,,,espn,,,,
espn-300806011,2010-08-06,2010,regular,PHO,SAS,103,87,,,espn,,,,
espn-300807014,2010-08-07,2010,regular,SEA,TUL,111,65,,,espn,,,,
espn-300807019,2010-08-07,2010,regular,CHI,MIN,82,87,,,espn,,,,
espn-300808006,2010-08-08,2010,regular,LOS,SAS,83,92,,,espn,,,,
espn-300808008,2010-08-08,2010,regular,MIN,NYL,72,74,,,espn,,,,
espn-300808011,2010-08-08,2010,regular,PHO,IND,82,104,,,espn,,,,
espn-300808018,2010-08-08,2010,regular,CT,WAS,76,67,,,espn,,,,
espn-300810006,2010-08-10,2010,regular,LOS,IND,76,82,,,espn,,,,
espn-300810016,2010-08-10,2010,regular,WAS,CT,84,74,,,espn,,,,
espn-300810017,2010-08-10,2010,regular,SAS,MIN,66,73,,,espn,,,,
espn-300810019,2010-08-10,2010,regular,CHI,PHO,91,82,,,espn,,,,
espn-300810020,2010-08-10,2010,regular,ATL,SEA,70,80,,,espn,,,,
espn-300812008,2010-08-12,2010,regular,MIN,LOS,77,78,,,espn,,,,
espn-300813005,2010-08-13,2010,regular,IND,PHO,110,90,,,espn,,,,
espn-300813016,2010-08-13,2010,regular,WAS,MIN,61,58,,,espn,,,,
espn-300813017,2010-08-13,2010,regular,SAS,TUL,94,74,,,espn,,,,
espn-300813018,2010-08-13,2010,regular,CT,SEA,88,68,,,espn,,,,
espn-300813020,2010-08-13,2010,regular,ATL,NYL,83,90,,,espn,,,,
espn-300814003,2010-08-14,2010,regular,TUL,LOS,87,92,,,espn,,,,
espn-300814009,2010-08-14,2010,regular,NYL,PHO,107,69,,,espn,,,,
espn-300814019,2010-08-14,2010,regular,CHI,ATL,74,98,,,espn,,,,
espn-300815008,2010-08-15,2010,regular,MIN,SAS,84,78,,,espn,,,,
espn-300815016,2010-08-15,2010,regular,WAS,SEA,80,71,,,espn,,,,
espn-300815018,2010-08-15,2010,regular,CT,IND,66,79,,,espn,,,,
espn-300817006,2010-08-17,2010,regular,LOS,PHO,84,90,,,espn,,,,
espn-300817009,2010-08-17,2010,regular,NYL,IND,78,57,,,espn,,,,
espn-300817014,2010-08-17,2010,regular,SEA,MIN,68,64,,,espn,,,,
espn-300817017,2010-08-17,2010,regular,SAS,WAS,66,76,,,espn,,,,
espn-300817018,2010-08-17,2010,regular,CT,TUL,90,62,,,espn,,,,
espn-300817020,2010-08-17,2010,regular,ATL,CHI,79,84,,,espn,,,,
espn-300819009,2010-08-19,2010,regular,NYL,TUL,95,85,,,espn,,,,
espn-300820006,2010-08-20,2010,regular,LOS,MIN,98,91,,,espn,,,,
espn-300820011,2010-08-20,2010,regular,PHO,SEA,73,78,,,espn,,,,
espn-300820016,2010-08-20,2010,regular,WAS,NYL,75,74,,,espn,,,,
espn-300820017,2010-08-20,2010,regular,SAS,IND,75,61,,,espn,,,,
espn-300820019,2010-08-20,2010,regular,CHI,CT,71,78,,,espn,,,,
espn-300821003,2010-08-21,2010,regular,TUL,CHI,84,71,,,espn,,,,
espn-300821014,2010-08-21,2010,regular,SEA,LOS,76,75,,,espn,,,,
espn-300822005,2010-08-22,2010,regular,IND,MIN,79,83,,,espn,,,,
espn-300822009,2010-08-22,2010,regular,NYL,CT,88,87,,,espn,,,,
espn-300822017,2010-08-22,2010,regular,SAS,PHO,83,82,,,espn,,,,
espn-300822020,2010-08-22,2010,regular,ATL,WAS,81,90,,,espn,,,,
espn-300825014,2010-08-25,2010,postseason,SEA,LOS,79,66,,,espn,,,,
espn-300825016,2010-08-25,2010,postseason,WAS,ATL,90,95,,,espn,,,,
espn-300826009,2010-08-26,2010,postseason,NYL,IND,85,73,,,espn,,,,
espn-300826011,2010-08-26,2010,postseason,PHO,SAS,106,93,,,espn,,,,
espn-300827020,2010-08-27,2010,postseason,ATL,WAS,101,77,,,espn,,,,
espn-300828006,2010-08-28,2010,postseason,LOS,SEA,66,81,,,espn,,,,
espn-300828017,2010-08-28,2010,postseason,SAS,PHO,73,92,,,espn,,,,
espn-300829005,2010-08-29,2010,postseason,IND,NYL,75,67,,,espn,,,,
espn-300901009,2010-09-01,2010,postseason,NYL,IND,77,74,,,espn,,,,
espn-300902014,2010-09-02,2010,postseason,SEA,PHO,82,74,,,espn,,,,
espn-300905009,2010-09-05,2010,postseason,NYL,ATL,75,81,,,espn,,,,
espn-300905011,2010-09-05,2010,postseason,PHO,SEA,88,91,,,espn,,,,
espn-300907020,2010-09-07,2010,postseason,ATL,NYL,105,93,,,espn,,,,
espn-300912014,2010-09-12,2010,postseason,SEA,ATL,79,77,,,espn,,,,
espn-300914014,2010-09-14,2010,postseason,SEA,ATL,87,84,,,espn,,,,
espn-300916020,2010-09-16,2010,postseason,ATL,SEA,84,87,,,espn,,,,
espn-310603006,2011-06-03,2011,regular,LA,MIN,82,74,,,espn,,,,
espn-310604005,2011-06-04,2011,regular,IND,CHI,65,57,,,espn,,,,
espn-310604014,2011-06-04,2011,regular,SEA,PHX,78,71,,,espn,,,,
espn-310604017,2011-06-04,2011,regular,SA,TUL,93,73,,,espn,,,,
espn-310604018,2011-06-04,2011,regular,CONN,WSH,89,73,,,espn,,,,
espn-400182104,2011-06-04,2011,regular,IND,CHI,65,57,,,espn,,,,
espn-310605008,2011-06-05,2011,regular,MIN,LA,86,69,,,espn,,,,
espn-310605020,2011-06-05,2011,regular,ATL,NY,88,94,,,espn,,,,
espn-310607008,2011-06-07,2011,regular,MIN,TUL,75,65,,,espn,,,,
espn-310609014,2011-06-09,2011,regular,SEA,MIN,74,81,,,espn,,,,
espn-310609020,2011-06-09,2011,regular,ATL,WSH,90,98,,,espn,,,,
espn-310610003,2011-06-10,2011,regular,TUL,SA,62,93,,,espn,,,,
espn-310610005,2011-06-10,2011,regular,IND,NY,80,81,,,espn,,,,
espn-310610006,2011-06-10,2011,regular,LA,PHX,98,84,,,espn,,,,
espn-310610019,2011-06-10,2011,regular,CHI,CONN,78,75,,,espn,,,,
espn-310611009,2011-06-11,2011,regular,NY,IND,80,86,,,espn,,,,
espn-310611016,2011-06-11,2011,regular,WSH,CHI,77,84,,,espn,,,,
espn-310611017,2011-06-11,2011,regular,SA,ATL,86,74,,,espn,,,,
espn-310612018,2011-06-12,2011,regular,CONN,TUL,90,79,,,espn,,,,
espn-310614005,2011-06-14,2011,regular,IND,TUL,82,74,,,espn,,,,
espn-310614009,2011-06-14,2011,regular,NY,ATL,58,79,,,espn,,,,
espn-310616016,2011-06-16,2011,regular,WSH,CONN,71,79,,,espn,,,,
espn-310617008,2011-06-17,2011,regular,MIN,ATL,96,85,,,espn,,,,
espn-310617011,2011-06-17,2011,regular,PHX,SA,99,101,,,espn,,,,
espn-310617014,2011-06-17,2011,regular,SEA,IND,68,54,,,espn,,,,
espn-310617019,2011-06-17,2011,regular,CHI,NY,85,73,,,espn,,,,
espn-310618003,2011-06-18,2011,regular,TUL,WSH,77,59,,,espn,,,,
espn-310619006,2011-06-19,2011,regular,LA,SEA,74,50,,,espn,,,,
espn-310619011,2011-06-19,2011,regular,PHX,IND,93,89,,,espn,,,,
espn-310619018,2011-06-19,2011,regular,CONN,CHI,83,68,,,espn,,,,
espn-310619020,2011-06-19,2011,regular,ATL,MIN,64,77,,,espn,,,,
espn-310621003,2011-06-21,2011,regular,TUL,SEA,77,82,,,espn,,,,
espn-310621006,2011-06-21,2011,regular,LA,NY,96,91,,,espn,,,,
espn-310621016,2011-06-21,2011,regular,WSH,IND,80,89,,,espn,,,,
espn-310621017,2011-06-21,2011,regular,SA,PHX,98,105,,,espn,,,,
espn-310621020,2011-06-21,2011,regular,ATL,CHI,71,68,,,espn,,,,
espn-310623003,2011-06-23,2011,regular,TUL,NY,82,94,,,espn,,,,
espn-310623019,2011-06-23,2011,regular,CHI,CONN,107,101,,,espn,,,,
espn-310624014,2011-06-24,2011,regular,SEA,MIN,65,55,,,espn,,,,
espn-310624017,2011-06-24,2011,regular,SA,LA,90,80,,,espn,,,,
espn-310624020,2011-06-24,2011,regular,ATL,PHX,83,92,,,espn,,,,
espn-310625005,2011-06-25,2011,regular,IND,CONN,75,70,,,espn,,,,
espn-310625019,2011-06-25,2011,regular,CHI,PHX,78,86,,,espn,,,,
espn-310626008,2011-06-26,2011,regular,MIN,IND,75,78,,,espn,,,,
espn-310626009,2011-06-26,2011,regular,NY,LA,77,67,,,espn,,,,
espn-310626016,2011-06-26,2011,regular,WSH,TUL,83,63,,,espn,,,,
espn-310626020,2011-06-26,2011,regular,ATL,SA,86,92,,,espn,,,,
espn-310628005,2011-06-28,2011,regular,IND,PHX,91,86,,,espn,,,,
espn-310628018,2011-06-28,2011,regular,CONN,LA,79,76,,,espn,,,,
espn-310628019,2011-06-28,2011,regular,CHI,SA,74,84,,,espn,,,,
espn-310630003,2011-06-30,2011,regular,TUL,MIN,71,101,,,espn,,,,
espn-310630020,2011-06-30,2011,regular,ATL,NY,87,81,,,espn,,,,
espn-310701009,2011-07-01,2011,regular,NY,SA,81,75,,,espn,,,,
espn-310701011,2011-07-01,2011,regular,PHX,CHI,97,84,,,espn,,,,
espn-310701018,2011-07-01,2011,regular,CONN,SEA,75,70,,,espn,,,,
espn-310703016,2011-07-03,2011,regular,WSH,SEA,63,73,,,espn,,,,
espn-310705005,2011-07-05,2011,regular,IND,SEA,78,61,,,espn,,,,
espn-310705011,2011-07-05,2011,regular,PHX,LA,101,82,,,espn,,,,
espn-310705019,2011-07-05,2011,regular,CHI,WSH,78,65,,,espn,,,,
espn-310708003,2011-07-08,2011,regular,TUL,PHX,78,86,,,espn,,,,
espn-310708017,2011-07-08,2011,regular,SA,NY,73,76,,,espn,,,,
espn-310709005,2011-07-09,2011,regular,IND,WSH,68,57,,,espn,,,,
espn-310709008,2011-07-09,2011,regular,MIN,CONN,90,67,,,espn,,,,
espn-310709014,2011-07-09,2011,regular,SEA,LA,99,80,,,espn,,,,
espn-310709019,2011-07-09,2011,regular,CHI,ATL,81,69,,,espn,,,,
espn-310710009,2011-07-10,2011,regular,NY,CHI,80,73,,,espn,,,,
espn-310710011,2011-07-10,2011,regular,PHX,TUL,102,63,,,espn,,,,
espn-310712014,2011-07-12,2011,regular,SEA,WSH,79,71,,,espn,,,,
espn-310712017,2011-07-12,2011,regular,SA,LA,74,84,,,espn,,,,
espn-310713005,2011-07-13,2011,regular,IND,CONN,90,78,,,espn,,,,
espn-310713008,2011-07-13,2011,regular,MIN,PHX,105,112,,,espn,,,,
espn-310713009,2011-07-13,2011,regular,NY,ATL,91,69,,,espn,,,,
espn-310713019,2011-07-13,2011,regular,CHI,TUL,72,54,,,espn,,,,
espn-310714017,2011-07-14,2011,regular,SA,SEA,69,66,,,espn,,,,
espn-310715003,2011-07-15,2011,regular,TUL,LA,74,79,,,espn,,,,
espn-310715005,2011-07-15,2011,regular,IND,MIN,70,80,,,espn,,,,
espn-310715009,2011-07-15,2011,regular,NY,CONN,59,68,,,espn,,,,
espn-310715011,2011-07-15,2011,regular,PHX,WSH,78,64,,,espn,,,,
espn-310716008,2011-07-16,2011,regular,MIN,SEA,69,62,,,espn,,,,
espn-310716020,2011-07-16,2011,regular,ATL,CHI,76,68,,,espn,,,,
espn-310717006,2011-07-17,2011,regular,LA,WSH,85,89,,,espn,,,,
espn-310717009,2011-07-17,2011,regular,NY,TUL,88,57,,,espn,,,,
espn-310717018,2011-07-17,2011,regular,CONN,IND,76,71,,,espn,,,,
espn-310718006,2011-07-18,2011,regular,LA,SA,69,79,,,espn,,,,
espn-310719018,2011-07-19,2011,regular,CONN,NY,85,79,,,espn,,,,
espn-310719019,2011-07-19,2011,regular,CHI,SEA,78,69,,,espn,,,,
espn-310719020,2011-07-19,2011,regular,ATL,IND,84,74,,,espn,,,,
espn-310720011,2011-07-20,2011,regular,PHX,MIN,98,106,,,espn,,,,
espn-310720016,2011-07-20,2011,regular,WSH,ATL,79,86,,,espn,,,,
espn-310721005,2011-07-21,2011,regular,IND,CHI,77,63,,,espn,,,,
espn-310721014,2011-07-21,2011,regular,SEA,SA,73,55,,,espn,,,,
espn-310723099,2011-07-23,2011,regular,WEST,EAST,113,118,,,espn,,,,
espn-310726003,2011-07-26,2011,regular,TUL,ATL,68,76,,,espn,,,,
espn-310726008,2011-07-26,2011,regular,MIN,LA,85,72,,,espn,,,,
espn-310726011,2011-07-26,2011,regular,PHX,SEA,77,83,,,espn,,,,
espn-310726016,2011-07-26,2011,regular,WSH,SA,67,73,,,espn,,,,
espn-310726019,2011-07-26,2011,regular,CHI,CONN,66,77,,,espn,,,,
espn-310728003,2011-07-28,2011,regular,TUL,CHI,55,64,,,espn,,,,
espn-310728009,2011-07-28,2011,regular,NY,WSH,75,71,,,espn,,,,
espn-310728017,2011-07-28,2011,regular,SA,PHX,102,91,,,espn,,,,
espn-310728018,2011-07-28,2011,regular,CONN,IND,58,69,,,espn,,,,
espn-310728020,2011-07-28,2011,regular,ATL,LA,89,80,,,espn,,,,
espn-310729008,2011-07-29,2011,regular,MIN,SEA,92,67,,,espn,,,,
espn-310729016,2011-07-29,2011,regular,WSH,IND,59,61,,,espn,,,,
espn-310730003,2011-07-30,2011,regular,TUL,SEA,72,89,,,espn,,,,
espn-310730009,2011-07-30,2011,regular,NY,PHX,84,91,,,espn,,,,
espn-310730019,2011-07-30,2011,regular,CHI,LA,84,88,,,espn,,,,
espn-310731005,2011-07-31,2011,regular,IND,LA,98,63,,,espn,,,,
espn-310731017,2011-07-31,2011,regular,SA,MIN,69,70,,,espn,,,,
espn-310731018,2011-07-31,2011,regular,CONN,ATL,99,92,,,espn,,,,
espn-310802008,2011-08-02,2011,regular,MIN,PHX,90,73,,,espn,,,,
espn-310802014,2011-08-02,2011,regular,SEA,SA,78,64,,,espn,,,,
espn-310802020,2011-08-02,2011,regular,ATL,NY,75,85,,,espn,,,,
espn-310803006,2011-08-03,2011,regular,LA,CONN,70,79,,,espn,,,,
espn-310804008,2011-08-04,2011,regular,MIN,SA,62,60,,,espn,,,,
espn-310804009,2011-08-04,2011,regular,NY,CHI,59,49,,,espn,,,,
espn-310805003,2011-08-05,2011,regular,TUL,IND,65,85,,,espn,,,,
espn-310805014,2011-08-05,2011,regular,SEA,CONN,81,79,,,espn,,,,
espn-310806016,2011-08-06,2011,regular,WSH,NY,91,81,,,espn,,,,
espn-310806017,2011-08-06,2011,regular,SA,TUL,72,64,,,espn,,,,
espn-310807006,2011-08-07,2011,regular,LA,MIN,78,84,,,espn,,,,
espn-310807011,2011-08-07,2011,regular,PHX,CONN,95,96,,,espn,,,,
espn-310807019,2011-08-07,2011,regular,CHI,IND,88,69,,,espn,,,,
espn-310807020,2011-08-07,2011,regular,ATL,SEA,70,53,,,espn,,,,
espn-310809005,2011-08-09,2011,regular,IND,SA,81,68,,,espn,,,,
espn-310809006,2011-08-09,2011,regular,LA,TUL,71,66,,,espn,,,,
espn-310809009,2011-08-09,2011,regular,NY,SEA,58,56,,,espn,,,,
espn-310809011,2011-08-09,2011,regular,PHX,MIN,85,80,,,espn,,,,
espn-310809016,2011-08-09,2011,regular,WSH,ATL,70,72,,,espn,,,,
espn-310809018,2011-08-09,2011,regular,CONN,CHI,69,58,,,espn,,,,
espn-310811011,2011-08-11,2011,regular,PHX,ATL,109,95,,,espn,,,,
espn-310811014,2011-08-11,2011,regular,SEA,TUL,77,63,,,espn,,,,
espn-310811018,2011-08-11,2011,regular,CONN,SA,59,72,,,espn,,,,
espn-310812006,2011-08-12,2011,regular,LA,PHX,93,90,,,espn,,,,
espn-310812016,2011-08-12,2011,regular,WSH,NY,64,63,,,espn,,,,
espn-310812019,2011-08-12,2011,regular,CHI,MIN,76,79,,,espn,,,,
espn-310813005,2011-08-13,2011,regular,IND,NY,82,71,,,espn,,,,
espn-310813014,2011-08-13,2011,regular,SEA,ATL,63,92,,,espn,,,,
espn-310813018,2011-08-13,2011,regular,CONN,WSH,82,75,,,espn,,,,
espn-310814008,2011-08-14,2011,regular,MIN,TUL,82,54,,,espn,,,,
espn-310814017,2011-08-14,2011,regular,SA,CHI,73,85,,,espn,,,,
espn-310816006,2011-08-16,2011,regular,LA,ATL,79,84,,,espn,,,,
espn-310816009,2011-08-16,2011,regular,NY,WSH,69,66,,,espn,,,,
espn-310816011,2011-08-16,2011,regular,PHX,SEA,81,79,,,espn,,,,
espn-310816017,2011-08-16,2011,regular,SA,IND,63,65,,,espn,,,,
espn-310816018,2011-08-16,2011,regular,CONN,MIN,108,79,,,espn,,,,
espn-310818006,2011-08-18,2011,regular,LA,IND,75,70,,,espn,,,,
espn-310818009,2011-08-18,2011,regular,NY,CONN,84,81,,,espn,,,,
espn-310818016,2011-08-18,2011,regular,WSH,MIN,62,81,,,espn,,,,
espn-310819020,2011-08-19,2011,regular,ATL,CONN,94,88,,,espn,,,,
espn-310820008,2011-08-20,2011,regular,MIN,LA,87,68,,,espn,,,,
espn-310820011,2011-08-20,2011,regular,PHX,SA,87,81,,,espn,,,,
espn-310820014,2011-08-20,2011,regular,SEA,NY,63,62,,,espn,,,,
espn-310820016,2011-08-20,2011,regular,WSH,CHI,70,71,,,espn,,,,
espn-310821003,2011-08-21,2011,regular,TUL,LA,67,73,,,espn,,,,
espn-310821005,2011-08-21,2011,regular,IND,WSH,83,51,,,espn,,,,
espn-310821018,2011-08-21,2011,regular,CONN,ATL,96,87,,,espn,,,,
espn-310823003,2011-08-23,2011,regular,TUL,MIN,72,78,,,espn,,,,
espn-310823011,2011-08-23,2011,regular,PHX,NY,70,74,,,espn,,,,
espn-310823014,2011-08-23,2011,regular,SEA,SA,63,55,,,espn,,,,
espn-310823016,2011-08-23,2011,regular,WSH,LA,82,86,,,espn,,,,
espn-310823019,2011-08-23,2011,regular,CHI,ATL,80,83,,,espn,,,,
espn-310825014,2011-08-25,2011,regular,SEA,TUL,74,57,,,espn,,,,
espn-310826006,2011-08-26,2011,regular,LA,TUL,75,77,,,espn,,,,
espn-310826008,2011-08-26,2011,regular,MIN,SA,85,75,,,espn,,,,
espn-310826018,2011-08-26,2011,regular,CONN,PHX,95,92,,,espn,,,,
espn-310826019,2011-08-26,2011,regular,CHI,WSH,80,67,,,espn,,,,
espn-310827005,2011-08-27,2011,regular,IND,ATL,80,86,,,espn,,,,
espn-310828003,2011-08-28,2011,regular,TUL,CONN,83,72,,,espn,,,,
espn-310828014,2011-08-28,2011,regular,SEA,LA,65,63,,,espn,,,,
espn-310828016,2011-08-28,2011,regular,WSH,PHX,79,86,,,espn,,,,
espn-310828017,2011-08-28,2011,regular,SA,MIN,61,72,,,espn,,,,
espn-310828019,2011-08-28,2011,regular,CHI,NY,74,73,,,espn,,,,
espn-310830003,2011-08-30,2011,regular,TUL,PHX,74,96,,,espn,,,,
espn-310830006,2011-08-30,2011,regular,LA,SEA,68,62,,,espn,,,,
espn-310830008,2011-08-30,2011,regular,MIN,WSH,73,56,,,espn,,,,
espn-310830009,2011-08-30,2011,regular,NY,CHI,71,67,,,espn,,,,
espn-310830017,2011-08-30,2011,regular,SA,CONN,78,66,,,espn,,,,
espn-310830020,2011-08-30,2011,regular,ATL,IND,92,90,,,espn,,,,
espn-310901016,2011-09-01,2011,regular,WSH,ATL,85,81,,,espn,,,,
espn-310901017,2011-09-01,2011,regular,SA,PHX,86,68,,,espn,,,,
espn-310902003,2011-09-02,2011,regular,TUL,SEA,72,78,,,espn,,,,
espn-310902008,2011-09-02,2011,regular,MIN,NY,62,78,,,espn,,,,
espn-310902018,2011-09-02,2011,regular,CONN,IND,83,55,,,espn,,,,
espn-310902020,2011-09-02,2011,regular,ATL,WSH,95,73,,,espn,,,,
espn-310903011,2011-09-03,2011,regular,PHX,LA,93,77,,,espn,,,,
espn-310903017,2011-09-03,2011,regular,SA,SEA,60,70,,,espn,,,,
espn-310904009,2011-09-04,2011,regular,NY,MIN,68,86,,,espn,,,,
espn-310904016,2011-09-04,2011,regular,WSH,CONN,48,79,,,espn,,,,
espn-310904019,2011-09-04,2011,regular,CHI,IND,80,88,,,espn,,,,
espn-310904020,2011-09-04,2011,regular,ATL,TUL,73,52,,,espn,,,,
espn-310906006,2011-09-06,2011,regular,LA,SA,65,82,,,espn,,,,
espn-310906020,2011-09-06,2011,regular,ATL,CONN,85,74,,,espn,,,,
espn-310907005,2011-09-07,2011,regular,IND,WSH,87,69,,,espn,,,,
espn-310908008,2011-09-08,2011,regular,MIN,CHI,78,69,,,espn,,,,
espn-310908011,2011-09-08,2011,regular,PHX,TUL,91,76,,,espn,,,,
espn-310909006,2011-09-09,2011,regular,LA,TUL,84,73,,,espn,,,,
espn-310909009,2011-09-09,2011,regular,NY,IND,83,75,,,espn,,,,
espn-310909014,2011-09-09,2011,regular,SEA,PHX,85,70,,,espn,,,,
espn-310910006,2011-09-10,2011,regular,LA,CHI,74,67,,,espn,,,,
espn-310910017,2011-09-10,2011,regular,SA,WSH,82,74,,,espn,,,,
espn-310911003,2011-09-11,2011,regular,TUL,SA,94,102,,,espn,,,,
espn-310911005,2011-09-11,2011,regular,IND,ATL,88,93,,,espn,,,,
espn-310911011,2011-09-11,2011,regular,PHX,MIN,90,96,,,espn,,,,
espn-310911014,2011-09-11,2011,regular,SEA,CHI,81,70,,,espn,,,,
espn-310911018,2011-09-11,2011,regular,CONN,NY,69,63,,,espn,,,,
espn-310915005,2011-09-15,2011,postseason,IND,NY,74,72,,,espn,,,,
espn-310915014,2011-09-15,2011,postseason,SEA,PHX,80,61,,,espn,,,,
espn-310916008,2011-09-16,2011,postseason,MIN,SA,66,65,,,espn,,,,
espn-310916018,2011-09-16,2011,postseason,CONN,ATL,84,89,,,espn,,,,
espn-310917009,2011-09-17,2011,postseason,NY,IND,87,72,,,espn,,,,
espn-310917011,2011-09-17,2011,postseason,PHX,SEA,92,83,,,espn,,,,
espn-310918017,2011-09-18,2011,postseason,SA,MIN,84,75,,,espn,,,,
espn-310918020,2011-09-18,2011,postseason,ATL,CONN,69,64,,,espn,,,,
espn-310919005,2011-09-19,2011,postseason,IND,NY,72,62,,,espn,,,,
espn-310919014,2011-09-19,2011,postseason,SEA,PHX,75,77,,,espn,,,,
espn-310920008,2011-09-20,2011,postseason,MIN,SA,85,67,,,espn,,,,
espn-310922005,2011-09-22,2011,postseason,IND,ATL,82,74,,,espn,,,,
espn-310922008,2011-09-22,2011,postseason,MIN,PHX,95,67,,,espn,,,,
espn-310925011,2011-09-25,2011,postseason,PHX,MIN,86,103,,,espn,,,,
espn-310925020,2011-09-25,2011,postseason,ATL,IND,94,77,,,espn,,,,
espn-310927005,2011-09-27,2011,postseason,IND,ATL,67,83,,,espn,,,,
espn-311002008,2011-10-02,2011,postseason,MIN,ATL,88,74,,,espn,,,,
espn-311005008,2011-10-05,2011,postseason,MIN,ATL,101,95,,,espn,,,,
espn-311007020,2011-10-07,2011,postseason,ATL,MIN,67,73,,,espn,,,,
espn-320518014,2012-05-18,2012,regular,SEA,LA,66,72,,,espn,,,,
espn-320519003,2012-05-19,2012,regular,TUL,SA,79,88,,,espn,,,,
espn-320519005,2012-05-19,2012,regular,IND,ATL,92,84,,,espn,,,,
espn-320519009,2012-05-19,2012,regular,NY,CONN,73,78,,,espn,,,,
espn-320519016,2012-05-19,2012,regular,WSH,CHI,57,69,,,espn,,,,
espn-320520008,2012-05-20,2012,regular,MIN,PHX,105,83,,,espn,,,,
espn-320520018,2012-05-20,2012,regular,CONN,NY,92,77,,,espn,,,,
espn-320522003,2012-05-22,2012,regular,TUL,PHX,87,89,,,espn,,,,
espn-320522006,2012-05-22,2012,regular,LA,SEA,74,61,,,espn,,,,
espn-320522009,2012-05-22,2012,regular,NY,MIN,62,80,,,espn,,,,
espn-320524008,2012-05-24,2012,regular,MIN,LA,92,84,,,espn,,,,
espn-320525018,2012-05-25,2012,regular,CONN,SA,83,79,,,espn,,,,
espn-320525019,2012-05-25,2012,regular,CHI,IND,72,83,,,espn,,,,
espn-320525020,2012-05-25,2012,regular,ATL,NY,100,74,,,espn,,,,
espn-320526011,2012-05-26,2012,regular,PHX,LA,88,99,,,espn,,,,
espn-320526016,2012-05-26,2012,regular,WSH,TUL,64,61,,,espn,,,,
espn-320527008,2012-05-27,2012,regular,MIN,SEA,84,71,,,espn,,,,
espn-320527020,2012-05-27,2012,regular,ATL,IND,62,78,,,espn,,,,
espn-320529006,2012-05-29,2012,regular,LA,TUL,76,75,,,espn,,,,
espn-320530016,2012-05-30,2012,regular,WSH,MIN,77,79,,,espn,,,,
espn-320530017,2012-05-30,2012,regular,SA,CHI,63,77,,,espn,,,,
espn-320531020,2012-05-31,2012,regular,ATL,PHX,81,65,,,espn,,,,
espn-320601014,2012-06-01,2012,regular,SEA,TUL,76,58,,,espn,,,,
espn-320601017,2012-06-01,2012,regular,SA,PHX,85,66,,,espn,,,,
espn-320601018,2012-06-01,2012,regular,CONN,MIN,72,85,,,espn,,,,
espn-320601019,2012-06-01,2012,regular,CHI,WSH,65,63,,,espn,,,,
espn-320602005,2012-06-02,2012,regular,IND,NY,91,68,,,espn,,,,
espn-320602020,2012-06-02,2012,regular,ATL,CHI,92,94,,,espn,,,,
espn-320603006,2012-06-03,2012,regular,LA,SEA,67,65,,,espn,,,,
espn-320603008,2012-06-03,2012,regular,MIN,SA,83,79,,,espn,,,,
espn-320603009,2012-06-03,2012,regular,NY,IND,87,72,,,espn,,,,
espn-320603011,2012-06-03,2012,regular,PHX,TUL,79,72,,,espn,,,,
espn-320603018,2012-06-03,2012,regular,CONN,WSH,94,86,,,espn,,,,
espn-320605009,2012-06-05,2012,regular,NY,ATL,79,74,,,espn,,,,
espn-320606008,2012-06-06,2012,regular,MIN,SEA,79,55,,,espn,,,,
espn-320608005,2012-06-08,2012,regular,IND,CONN,81,89,,,espn,,,,
espn-320608006,2012-06-08,2012,regular,LA,PHX,90,74,,,espn,,,,
espn-320608016,2012-06-08,2012,regular,WSH,NY,70,76,,,espn,,,,
espn-320608019,2012-06-08,2012,regular,CHI,TUL,98,91,,,espn,,,,
espn-320608020,2012-06-08,2012,regular,ATL,SA,60,57,,,espn,,,,
espn-320609003,2012-06-09,2012,regular,TUL,MIN,73,93,,,espn,,,,
espn-320609017,2012-06-09,2012,regular,SA,SEA,80,67,,,espn,,,,
espn-320610009,2012-06-10,2012,regular,NY,CHI,64,73,,,espn,,,,
espn-320610018,2012-06-10,2012,regular,CONN,ATL,92,73,,,espn,,,,
espn-320613018,2012-06-13,2012,regular,CONN,LA,81,87,,,espn,,,,
espn-320613019,2012-06-13,2012,regular,CHI,SEA,74,58,,,espn,,,,
espn-320615003,2012-06-15,2012,regular,TUL,SEA,73,86,,,espn,,,,
espn-320615011,2012-06-15,2012,regular,PHX,MIN,60,78,,,espn,,,,
espn-320615016,2012-06-15,2012,regular,WSH,IND,67,66,,,espn,,,,
espn-320615018,2012-06-15,2012,regular,CONN,NY,97,55,,,espn,,,,
espn-320615020,2012-06-15,2012,regular,ATL,LA,92,59,,,espn,,,,
espn-320616005,2012-06-16,2012,regular,IND,CHI,84,70,,,espn,,,,
espn-320616017,2012-06-16,2012,regular,SA,LA,98,85,,,espn,,,,
espn-320617003,2012-06-17,2012,regular,TUL,PHX,87,75,,,espn,,,,
espn-320617014,2012-06-17,2012,regular,SEA,MIN,65,62,,,espn,,,,
espn-320617020,2012-06-17,2012,regular,ATL,CONN,73,75,,,espn,,,,
espn-320618006,2012-06-18,2012,regular,LA,WSH,101,70,,,espn,,,,
espn-320619018,2012-06-19,2012,regular,CONN,IND,88,85,,,espn,,,,
espn-320619020,2012-06-19,2012,regular,ATL,NY,60,73,,,espn,,,,
espn-320620006,2012-06-20,2012,regular,LA,TUL,95,79,,,espn,,,,
espn-320620011,2012-06-20,2012,regular,PHX,WSH,80,77,,,espn,,,,
espn-320621005,2012-06-21,2012,regular,IND,CONN,95,61,,,espn,,,,
espn-320621008,2012-06-21,2012,regular,MIN,NY,102,70,,,espn,,,,
espn-320622014,2012-06-22,2012,regular,SEA,SA,82,76,,,espn,,,,
espn-320623003,2012-06-23,2012,regular,TUL,IND,70,73,,,espn,,,,
espn-320623008,2012-06-23,2012,regular,MIN,CHI,79,67,,,espn,,,,
espn-320623011,2012-06-23,2012,regular,PHX,LA,84,93,,,espn,,,,
espn-320624006,2012-06-24,2012,regular,LA,SA,71,91,,,espn,,,,
espn-320624009,2012-06-24,2012,regular,NY,ATL,64,74,,,espn,,,,
espn-320624014,2012-06-24,2012,regular,SEA,WSH,72,55,,,espn,,,,
espn-320626003,2012-06-26,2012,regular,TUL,LA,91,75,,,espn,,,,
espn-320626016,2012-06-26,2012,regular,WSH,SEA,71,79,,,espn,,,,
espn-320626020,2012-06-26,2012,regular,ATL,IND,70,58,,,espn,,,,
espn-320627008,2012-06-27,2012,regular,MIN,PHX,96,80,,,espn,,,,
espn-320627019,2012-06-27,2012,regular,CHI,IND,72,81,,,espn,,,,
espn-320628017,2012-06-28,2012,regular,SA,LA,94,80,,,espn,,,,
espn-320629003,2012-06-29,2012,regular,TUL,ATL,92,102,,,espn,,,,
espn-320629016,2012-06-29,2012,regular,WSH,CONN,64,77,,,espn,,,,
espn-320629019,2012-06-29,2012,regular,CHI,PHX,81,84,,,espn,,,,
espn-320630009,2012-06-30,2012,regular,NY,SEA,77,59,,,espn,,,,
espn-320701016,2012-07-01,2012,regular,WSH,PHX,90,77,,,espn,,,,
espn-320701017,2012-07-01,2012,regular,SA,MIN,93,84,,,espn,,,,
espn-320701018,2012-07-01,2012,regular,CONN,SEA,83,89,,,espn,,,,
espn-320701019,2012-07-01,2012,regular,CHI,ATL,71,69,,,espn,,,,
espn-320703017,2012-07-03,2012,regular,SA,PHX,82,81,,,espn,,,,
espn-320705005,2012-07-05,2012,regular,IND,SA,72,88,,,espn,,,,
espn-320705006,2012-07-05,2012,regular,LA,MIN,96,90,,,espn,,,,
espn-320706003,2012-07-06,2012,regular,TUL,CONN,75,86,,,espn,,,,
espn-320706016,2012-07-06,2012,regular,WSH,SA,73,78,,,espn,,,,
espn-320706019,2012-07-06,2012,regular,CHI,NY,59,64,,,espn,,,,
espn-320707005,2012-07-07,2012,regular,IND,CHI,88,86,,,espn,,,,
espn-320707006,2012-07-07,2012,regular,LA,SEA,83,59,,,espn,,,,
espn-320707008,2012-07-07,2012,regular,MIN,CONN,80,86,,,espn,,,,
espn-320707011,2012-07-07,2012,regular,PHX,ATL,93,100,,,espn,,,,
espn-320708003,2012-07-08,2012,regular,TUL,WSH,78,62,,,espn,,,,
espn-320708006,2012-07-08,2012,regular,LA,ATL,79,63,,,espn,,,,
espn-320708009,2012-07-08,2012,regular,NY,SA,81,94,,,espn,,,,
espn-320708014,2012-07-08,2012,regular,SEA,PHX,83,68,,,espn,,,,
espn-320710003,2012-07-10,2012,regular,TUL,MIN,86,107,,,espn,,,,
espn-320710005,2012-07-10,2012,regular,IND,NY,84,82,,,espn,,,,
espn-320710011,2012-07-10,2012,regular,PHX,LA,71,90,,,espn,,,,
espn-320710016,2012-07-10,2012,regular,WSH,CONN,70,77,,,espn,,,,
espn-320711014,2012-07-11,2012,regular,SEA,ATL,59,70,,,espn,,,,
espn-320711018,2012-07-11,2012,regular,CONN,WSH,85,73,,,espn,,,,
espn-320711019,2012-07-11,2012,regular,CHI,SA,68,77,,,espn,,,,
espn-320712005,2012-07-12,2012,regular,IND,LA,74,77,,,espn,,,,
espn-320712008,2012-07-12,2012,regular,MIN,TUL,89,74,,,espn,,,,
espn-320713009,2012-07-13,2012,regular,NY,WSH,53,70,,,espn,,,,
espn-320713011,2012-07-13,2012,regular,PHX,SEA,64,83,,,espn,,,,
espn-320713017,2012-07-13,2012,regular,SA,ATL,91,70,,,espn,,,,
espn-320713019,2012-07-13,2012,regular,CHI,CONN,78,80,,,espn,,,,
espn-320816005,2012-08-16,2012,regular,IND,WSH,84,66,,,espn,,,,
espn-320816009,2012-08-16,2012,regular,NY,CONN,79,66,,,espn,,,,
espn-320816014,2012-08-16,2012,regular,SEA,PHX,72,58,,,espn,,,,
espn-320817003,2012-08-17,2012,regular,TUL,SA,79,89,,,espn,,,,
espn-320817008,2012-08-17,2012,regular,MIN,WSH,98,69,,,espn,,,,
espn-320817019,2012-08-17,2012,regular,CHI,ATL,76,82,,,espn,,,,
espn-320818005,2012-08-18,2012,regular,IND,ATL,86,72,,,espn,,,,
espn-320818014,2012-08-18,2012,regular,SEA,LA,71,82,,,espn,,,,
espn-320818018,2012-08-18,2012,regular,CONN,NY,85,74,,,espn,,,,
espn-320819008,2012-08-19,2012,regular,MIN,TUL,83,59,,,espn,,,,
espn-320819011,2012-08-19,2012,regular,PHX,SA,47,89,,,espn,,,,
espn-320819016,2012-08-19,2012,regular,WSH,CHI,75,71,,,espn,,,,
espn-320821006,2012-08-21,2012,regular,LA,IND,79,69,,,espn,,,,
espn-320821014,2012-08-21,2012,regular,SEA,MIN,73,86,,,espn,,,,
espn-320821017,2012-08-21,2012,regular,SA,WSH,75,72,,,espn,,,,
espn-320821018,2012-08-21,2012,regular,CONN,TUL,82,80,,,espn,,,,
espn-320821019,2012-08-21,2012,regular,CHI,NY,67,77,,,espn,,,,
espn-320822020,2012-08-22,2012,regular,ATL,CHI,82,71,,,espn,,,,
espn-320823006,2012-08-23,2012,regular,LA,SA,101,77,,,espn,,,,
espn-320823011,2012-08-23,2012,regular,PHX,NY,77,89,,,espn,,,,
espn-320823014,2012-08-23,2012,regular,SEA,IND,66,68,,,espn,,,,
espn-320824003,2012-08-24,2012,regular,TUL,CHI,81,78,,,espn,,,,
espn-320824016,2012-08-24,2012,regular,WSH,ATL,69,81,,,espn,,,,
espn-320825006,2012-08-25,2012,regular,LA,NY,87,62,,,espn,,,,
espn-320825011,2012-08-25,2012,regular,PHX,IND,72,85,,,espn,,,,
espn-320825017,2012-08-25,2012,regular,SA,TUL,91,71,,,espn,,,,
espn-320825020,2012-08-25,2012,regular,ATL,MIN,74,84,,,espn,,,,
espn-320826014,2012-08-26,2012,regular,SEA,NY,84,66,,,espn,,,,
espn-320826018,2012-08-26,2012,regular,CONN,CHI,70,82,,,espn,,,,
espn-320828005,2012-08-28,2012,regular,IND,WSH,83,68,,,espn,,,,
espn-320828008,2012-08-28,2012,regular,MIN,SA,96,84,,,espn,,,,
espn-320828019,2012-08-28,2012,regular,CHI,CONN,72,83,,,espn,,,,
espn-320828020,2012-08-28,2012,regular,ATL,TUL,80,84,,,espn,,,,
espn-320830003,2012-08-30,2012,regular,TUL,LA,99,85,,,espn,,,,
espn-320830009,2012-08-30,2012,regular,NY,IND,63,76,,,espn,,,,
espn-320830014,2012-08-30,2012,regular,SEA,PHX,68,75,,,espn,,,,
espn-320830017,2012-08-30,2012,regular,SA,CONN,73,84,,,espn,,,,
espn-320830020,2012-08-30,2012,regular,ATL,WSH,82,59,,,espn,,,,
espn-320831008,2012-08-31,2012,regular,MIN,TUL,92,83,,,espn,,,,
espn-320901005,2012-09-01,2012,regular,IND,CHI,81,64,,,espn,,,,
espn-320901009,2012-09-01,2012,regular,NY,WSH,79,73,,,espn,,,,
espn-320901011,2012-09-01,2012,regular,PHX,SA,94,90,,,espn,,,,
espn-320902019,2012-09-02,2012,regular,CHI,LA,85,74,,,espn,,,,
espn-320902020,2012-09-02,2012,regular,ATL,CONN,87,80,,,espn,,,,
espn-320904008,2012-09-04,2012,regular,MIN,LA,88,77,,,espn,,,,
espn-320904016,2012-09-04,2012,regular,WSH,CONN,70,77,,,espn,,,,
espn-320905009,2012-09-05,2012,regular,NY,PHX,87,59,,,espn,,,,
espn-320905020,2012-09-05,2012,regular,ATL,IND,71,64,,,espn,,,,
espn-320906014,2012-09-06,2012,regular,SEA,TUL,101,74,,,espn,,,,
espn-320907008,2012-09-07,2012,regular,MIN,ATL,97,93,,,espn,,,,
espn-320907009,2012-09-07,2012,regular,NY,CHI,83,92,,,espn,,,,
espn-320907016,2012-09-07,2012,regular,WSH,LA,68,96,,,espn,,,,
espn-320907017,2012-09-07,2012,regular,SA,IND,78,82,,,espn,,,,
espn-320907018,2012-09-07,2012,regular,CONN,PHX,82,91,,,espn,,,,
espn-320908003,2012-09-08,2012,regular,TUL,SEA,66,89,,,espn,,,,
espn-320909005,2012-09-09,2012,regular,IND,PHX,89,83,,,espn,,,,
espn-320909009,2012-09-09,2012,regular,NY,LA,73,71,,,espn,,,,
espn-320909017,2012-09-09,2012,regular,SA,MIN,62,81,,,espn,,,,
espn-320909018,2012-09-09,2012,regular,CONN,CHI,82,77,,,espn,,,,
espn-320909020,2012-09-09,2012,regular,ATL,WSH,93,68,,,espn,,,,
espn-320911019,2012-09-11,2012,regular,CHI,MIN,83,70,,,espn,,,,
espn-320911020,2012-09-11,2012,regular,ATL,SEA,77,61,,,espn,,,,
espn-320912003,2012-09-12,2012,regular,TUL,SA,67,78,,,espn,,,,
espn-320912005,2012-09-12,2012,regular,IND,SEA,72,48,,,espn,,,,
espn-320912009,2012-09-12,2012,regular,NY,WSH,75,62,,,espn,,,,
espn-320912011,2012-09-12,2012,regular,PHX,CONN,78,100,,,espn,,,,
espn-320913006,2012-09-13,2012,regular,LA,CHI,86,77,,,espn,,,,
espn-320914005,2012-09-14,2012,regular,IND,MIN,64,66,,,espn,,,,
espn-320914006,2012-09-14,2012,regular,LA,CONN,93,82,,,espn,,,,
espn-320914011,2012-09-14,2012,regular,PHX,TUL,84,92,,,espn,,,,
espn-320914016,2012-09-14,2012,regular,WSH,ATL,74,82,,,espn,,,,
espn-320914017,2012-09-14,2012,regular,SA,SEA,90,66,,,espn,,,,
espn-320916011,2012-09-16,2012,regular,PHX,CHI,55,86,,,espn,,,,
espn-320916014,2012-09-16,2012,regular,SEA,CONN,58,60,,,espn,,,,
espn-320916016,2012-09-16,2012,regular,WSH,NY,68,75,,,espn,,,,
espn-320916017,2012-09-16,2012,regular,SA,TUL,70,80,,,espn,,,,
espn-320917008,2012-09-17,2012,regular,MIN,IND,86,79,,,espn,,,,
espn-320918006,2012-09-18,2012,regular,LA,PHX,101,76,,,espn,,,,
espn-320918014,2012-09-18,2012,regular,SEA,CHI,75,60,,,espn,,,,
espn-320918017,2012-09-18,2012,regular,SA,NY,77,66,,,espn,,,,
espn-320919018,2012-09-19,2012,regular,CONN,IND,73,67,,,espn,,,,
espn-320920003,2012-09-20,2012,regular,TUL,NY,78,66,,,espn,,,,
espn-320920006,2012-09-20,2012,regular,LA,MIN,92,76,,,espn,,,,
espn-320920019,2012-09-20,2012,regular,CHI,ATL,66,75,,,espn,,,,
espn-320921011,2012-09-21,2012,regular,PHX,MIN,66,89,,,espn,,,,
espn-320921014,2012-09-21,2012,regular,SEA,SA,84,75,,,espn,,,,
espn-320921016,2012-09-21,2012,regular,WSH,IND,53,66,,,espn,,,,
espn-320922009,2012-09-22,2012,regular,NY,TUL,91,74,,,espn,,,,
espn-320922019,2012-09-22,2012,regular,CHI,WSH,77,58,,,espn,,,,
espn-320923005,2012-09-23,2012,regular,IND,TUL,91,58,,,espn,,,,
espn-320923011,2012-09-23,2012,regular,PHX,SEA,57,71,,,espn,,,,
espn-320923017,2012-09-23,2012,regular,SA,MIN,99,84,,,espn,,,,
espn-320923018,2012-09-23,2012,regular,CONN,ATL,92,72,,,espn,,,,
espn-400407861,2012-09-27,2012,postseason,LA,SA,93,86,,,espn,,,,
espn-400409181,2012-09-27,2012,postseason,CONN,NY,65,60,,,espn,,,,
espn-400407862,2012-09-28,2012,postseason,MIN,SEA,78,70,,,espn,,,,
espn-400409184,2012-09-28,2012,postseason,IND,ATL,66,75,,,espn,,,,
espn-400407863,2012-09-29,2012,postseason,SA,LA,94,101,,,espn,,,,
espn-400409182,2012-09-29,2012,postseason,NY,CONN,62,75,,,espn,,,,
espn-400407864,2012-09-30,2012,postseason,SEA,MIN,86,79,,,espn,,,,
espn-400409185,2012-09-30,2012,postseason,ATL,IND,88,103,,,espn,,,,
espn-400407866,2012-10-02,2012,postseason,MIN,SEA,73,72,,,espn,,,,
espn-400409186,2012-10-02,2012,postseason,IND,ATL,75,64,,,espn,,,,
espn-400421429,2012-10-04,2012,postseason,MIN,LA,94,77,,,espn,,,,
espn-400421426,2012-10-05,2012,postseason,CONN,IND,76,64,,,espn,,,,
espn-400421430,2012-10-07,2012,postseason,LA,MIN,79,80,,,espn,,,,
espn-400421427,2012-10-08,2012,postseason,IND,CONN,78,76,,,espn,,,,
espn-400421428,2012-10-11,2012,postseason,CONN,IND,71,87,,,espn,,,,
espn-400425929,2012-10-14,2012,postseason,MIN,IND,70,76,,,espn,,,,
espn-400425930,2012-10-17,2012,postseason,MIN,IND,83,71,,,espn,,,,
espn-400425931,2012-10-19,2012,postseason,IND,MIN,76,59,,,espn,,,,
espn-400425932,2012-10-21,2012,postseason,IND,MIN,87,78,,,espn,,,,
espn-400445705,2013-05-24,2013,regular,SA,IND,64,79,,,espn,,,,
espn-400445707,2013-05-25,2013,regular,ATL,TUL,98,81,,,espn,,,,
espn-400445711,2013-05-25,2013,regular,CONN,NY,81,69,,,espn,,,,
espn-400445715,2013-05-26,2013,regular,LA,SEA,102,69,,,espn,,,,
espn-400445718,2013-05-27,2013,regular,TUL,WSH,90,95,,,espn,,,,
espn-400445722,2013-05-27,2013,regular,PHX,CHI,80,102,,,espn,,,,
espn-400445726,2013-05-31,2013,regular,IND,ATL,77,86,,,espn,,,,
espn-400445728,2013-05-31,2013,regular,NY,TUL,78,76,,,espn,,,,
espn-400445731,2013-05-31,2013,regular,CHI,CONN,86,75,,,espn,,,,
espn-400445734,2013-06-01,2013,regular,MIN,CONN,90,74,,,espn,,,,
espn-400445756,2013-06-01,2013,regular,SA,LA,83,78,,,espn,,,,
espn-400445760,2013-06-02,2013,regular,WSH,ATL,63,73,,,espn,,,,
espn-400445764,2013-06-02,2013,regular,CHI,TUL,92,71,,,espn,,,,
espn-400445766,2013-06-02,2013,regular,SEA,PHX,75,72,,,espn,,,,
espn-400445777,2013-06-05,2013,regular,NY,IND,75,68,,,espn,,,,
espn-400445780,2013-06-06,2013,regular,MIN,PHX,99,79,,,espn,,,,
espn-400445783,2013-06-07,2013,regular,CONN,WSH,62,66,,,espn,,,,
espn-400445787,2013-06-07,2013,regular,ATL,NY,75,56,,,espn,,,,
espn-400445788,2013-06-07,2013,regular,SA,CHI,81,69,,,espn,,,,
espn-400445790,2013-06-07,2013,regular,SEA,TUL,58,67,,,espn,,,,
espn-400445792,2013-06-08,2013,regular,IND,PHX,67,82,,,espn,,,,
espn-400445794,2013-06-08,2013,regular,WSH,MIN,85,80,,,espn,,,,
espn-400445797,2013-06-08,2013,regular,LA,TUL,76,69,,,espn,,,,
espn-400445807,2013-06-09,2013,regular,NY,ATL,76,67,,,espn,,,,
espn-400445810,2013-06-09,2013,regular,CHI,SA,72,70,,,espn,,,,
espn-400445815,2013-06-11,2013,regular,MIN,SA,87,72,,,espn,,,,
espn-400445818,2013-06-12,2013,regular,IND,CONN,61,73,,,espn,,,,
espn-400445823,2013-06-14,2013,regular,ATL,SEA,68,59,,,espn,,,,
espn-400445826,2013-06-14,2013,regular,NY,CONN,78,68,,,espn,,,,
espn-400445831,2013-06-14,2013,regular,TUL,MIN,74,83,,,espn,,,,
espn-400445835,2013-06-14,2013,regular,PHX,LA,97,81,,,espn,,,,
espn-400445841,2013-06-15,2013,regular,LA,SA,84,48,,,espn,,,,
espn-400445843,2013-06-16,2013,regular,WSH,IND,64,60,,,espn,,,,
espn-400445847,2013-06-16,2013,regular,ATL,CHI,88,74,,,espn,,,,
espn-400445852,2013-06-16,2013,regular,TUL,PHX,103,108,,,espn,,,,
espn-400445854,2013-06-16,2013,regular,CONN,SEA,66,78,,,espn,,,,
espn-400445879,2013-06-18,2013,regular,SEA,WSH,96,86,,,espn,,,,
espn-400445882,2013-06-19,2013,regular,PHX,MIN,69,80,,,espn,,,,
espn-400445884,2013-06-20,2013,regular,TUL,CHI,83,74,,,espn,,,,
espn-400445697,2013-06-21,2013,regular,SA,SEA,86,91,,,espn,,,,
espn-400445698,2013-06-21,2013,regular,PHX,WSH,90,82,,,espn,,,,
espn-400445699,2013-06-21,2013,regular,LA,MIN,87,59,,,espn,,,,
espn-400445701,2013-06-22,2013,regular,IND,CHI,61,71,,,espn,,,,
espn-400445703,2013-06-22,2013,regular,TUL,SEA,92,70,,,espn,,,,
espn-400445709,2013-06-23,2013,regular,CONN,ATL,77,78,,,espn,,,,
espn-400445714,2013-06-23,2013,regular,NY,SA,77,78,,,espn,,,,
espn-400445717,2013-06-23,2013,regular,MIN,TUL,88,79,,,espn,,,,
espn-400445721,2013-06-23,2013,regular,LA,WSH,79,69,,,espn,,,,
espn-400445723,2013-06-25,2013,regular,ATL,IND,76,60,,,espn,,,,
espn-400445729,2013-06-25,2013,regular,SA,PHX,77,83,,,espn,,,,
espn-400445733,2013-06-26,2013,regular,CHI,NY,87,74,,,espn,,,,
espn-400445757,2013-06-27,2013,regular,WSH,PHX,97,101,,,espn,,,,
espn-400445759,2013-06-28,2013,regular,IND,TUL,80,69,,,espn,,,,
espn-400445762,2013-06-28,2013,regular,ATL,WSH,86,75,,,espn,,,,
espn-400445767,2013-06-28,2013,regular,MIN,LA,88,64,,,espn,,,,
espn-400445769,2013-06-28,2013,regular,SEA,NY,62,67,,,espn,,,,
espn-400445771,2013-06-29,2013,regular,CONN,PHX,70,89,,,espn,,,,
espn-400445772,2013-06-29,2013,regular,CHI,LA,94,82,,,espn,,,,
espn-400445776,2013-06-30,2013,regular,ATL,SA,93,67,,,espn,,,,
espn-400445781,2013-06-30,2013,regular,WSH,TUL,84,61,,,espn,,,,
espn-400445784,2013-06-30,2013,regular,IND,SEA,71,63,,,espn,,,,
espn-400445795,2013-07-02,2013,regular,CHI,SEA,60,69,,,espn,,,,
espn-400445798,2013-07-02,2013,regular,CONN,TUL,88,69,,,espn,,,,
espn-400445801,2013-07-02,2013,regular,PHX,NY,94,87,,,espn,,,,
espn-400445805,2013-07-02,2013,regular,LA,MIN,96,66,,,espn,,,,
espn-400445809,2013-07-04,2013,regular,LA,NY,97,89,,,espn,,,,
espn-400445813,2013-07-06,2013,regular,LA,SA,93,66,,,espn,,,,
espn-400445816,2013-07-06,2013,regular,IND,CONN,78,66,,,espn,,,,
espn-400445819,2013-07-06,2013,regular,WSH,SEA,62,59,,,espn,,,,
espn-400445824,2013-07-07,2013,regular,NY,CHI,64,93,,,espn,,,,
espn-400445828,2013-07-07,2013,regular,MIN,PHX,91,59,,,espn,,,,
espn-400445832,2013-07-09,2013,regular,NY,SEA,66,57,,,espn,,,,
espn-400445836,2013-07-09,2013,regular,MIN,ATL,94,72,,,espn,,,,
espn-400445839,2013-07-10,2013,regular,CHI,WSH,89,85,,,espn,,,,
espn-400445845,2013-07-10,2013,regular,PHX,SA,80,88,,,espn,,,,
espn-400445849,2013-07-11,2013,regular,IND,MIN,62,69,,,espn,,,,
espn-400445853,2013-07-11,2013,regular,TUL,LA,78,94,,,espn,,,,
espn-400445877,2013-07-12,2013,regular,CONN,CHI,70,83,,,espn,,,,
espn-400445881,2013-07-12,2013,regular,SA,WSH,73,83,,,espn,,,,
espn-400445700,2013-07-13,2013,regular,NY,IND,53,74,,,espn,,,,
espn-400445706,2013-07-13,2013,regular,TUL,MIN,75,86,,,espn,,,,
espn-400445710,2013-07-14,2013,regular,CONN,SA,86,84,,,espn,,,,
espn-400445712,2013-07-14,2013,regular,PHX,LA,76,88,,,espn,,,,
espn-400445716,2013-07-14,2013,regular,SEA,ATL,73,65,,,espn,,,,
espn-400445720,2013-07-16,2013,regular,WSH,SA,86,64,,,espn,,,,
espn-400445724,2013-07-17,2013,regular,SEA,TUL,59,86,,,espn,,,,
espn-400445727,2013-07-17,2013,regular,LA,ATL,77,73,,,espn,,,,
espn-400445732,2013-07-18,2013,regular,NY,CHI,55,75,,,espn,,,,
espn-400445761,2013-07-18,2013,regular,LA,PHX,84,90,,,espn,,,,
espn-400445765,2013-07-19,2013,regular,IND,WSH,77,70,,,espn,,,,
espn-400445773,2013-07-19,2013,regular,SA,MIN,71,87,,,espn,,,,
espn-400445775,2013-07-19,2013,regular,TUL,CONN,64,58,,,espn,,,,
espn-400445779,2013-07-20,2013,regular,CHI,NY,80,69,,,espn,,,,
espn-400445782,2013-07-20,2013,regular,SA,CONN,60,52,,,espn,,,,
espn-400445785,2013-07-20,2013,regular,SEA,LA,64,65,,,espn,,,,
espn-400445789,2013-07-21,2013,regular,WSH,IND,52,65,,,espn,,,,
espn-400445791,2013-07-21,2013,regular,TUL,ATL,90,63,,,espn,,,,
espn-400445796,2013-07-21,2013,regular,PHX,MIN,77,82,,,espn,,,,
espn-400445799,2013-07-23,2013,regular,IND,NY,72,77,,,espn,,,,
espn-400445802,2013-07-24,2013,regular,WSH,CHI,82,78,,,espn,,,,
espn-400445804,2013-07-24,2013,regular,MIN,PHX,81,69,,,espn,,,,
espn-400445806,2013-07-24,2013,regular,ATL,CONN,74,65,,,espn,,,,
espn-400445811,2013-07-25,2013,regular,SA,NY,65,53,,,espn,,,,
espn-400445812,2013-07-25,2013,regular,TUL,IND,60,71,,,espn,,,,
espn-400445817,2013-07-25,2013,regular,LA,SEA,66,73,,,espn,,,,
espn-400470769,2013-07-27,2013,regular,EAST,WEST,98,102,1,,espn,,,,
espn-400445821,2013-07-31,2013,regular,WSH,NY,78,88,,,espn,,,,
espn-400445822,2013-08-01,2013,regular,CONN,IND,70,64,,,espn,,,,
espn-400445825,2013-08-01,2013,regular,SEA,PHX,88,79,,,espn,,,,
espn-400445829,2013-08-02,2013,regular,MIN,SA,85,63,,,espn,,,,
espn-400445830,2013-08-02,2013,regular,TUL,LA,96,89,,,espn,,,,
espn-400445834,2013-08-02,2013,regular,CHI,WSH,85,78,,,espn,,,,
espn-400445837,2013-08-03,2013,regular,NY,CONN,66,88,,,espn,,,,
espn-400445840,2013-08-03,2013,regular,IND,CHI,79,58,,,espn,,,,
espn-400445842,2013-08-03,2013,regular,PHX,ATL,82,76,,,espn,,,,
espn-400445846,2013-08-04,2013,regular,WSH,LA,57,75,,,espn,,,,
espn-400445848,2013-08-04,2013,regular,SA,TUL,69,65,,,espn,,,,
espn-400445851,2013-08-04,2013,regular,MIN,SEA,90,72,,,espn,,,,
espn-400445735,2013-08-06,2013,regular,CHI,IND,58,64,,,espn,,,,
espn-400445736,2013-08-06,2013,regular,SA,MIN,80,93,,,espn,,,,
espn-400445737,2013-08-06,2013,regular,PHX,SEA,65,80,,,espn,,,,
espn-400445875,2013-08-06,2013,regular,NY,WSH,93,88,,,espn,,,,
espn-400445878,2013-08-06,2013,regular,CONN,LA,72,74,,,espn,,,,
espn-400445738,2013-08-08,2013,regular,IND,LA,64,74,,,espn,,,,
espn-400445739,2013-08-08,2013,regular,MIN,WSH,75,79,,,espn,,,,
espn-400445740,2013-08-09,2013,regular,CONN,CHI,61,77,,,espn,,,,
espn-400445741,2013-08-09,2013,regular,PHX,TUL,70,67,,,espn,,,,
espn-400445742,2013-08-09,2013,regular,SEA,SA,56,77,,,espn,,,,
espn-400445743,2013-08-10,2013,regular,NY,LA,67,85,,,espn,,,,
espn-400445744,2013-08-10,2013,regular,IND,ATL,80,66,,,espn,,,,
espn-400445745,2013-08-11,2013,regular,WSH,CONN,74,63,,,espn,,,,
espn-400445746,2013-08-11,2013,regular,PHX,TUL,77,56,,,espn,,,,
espn-400445747,2013-08-11,2013,regular,CHI,MIN,94,86,,,espn,,,,
espn-400445748,2013-08-11,2013,regular,ATL,NY,82,88,,,espn,,,,
espn-400445749,2013-08-11,2013,regular,SEA,SA,69,63,,,espn,,,,
espn-400445750,2013-08-13,2013,regular,LA,CHI,80,76,,,espn,,,,
espn-400445751,2013-08-14,2013,regular,CONN,ATL,88,86,,,espn,,,,
espn-400445752,2013-08-14,2013,regular,PHX,IND,75,58,,,espn,,,,
espn-400445753,2013-08-15,2013,regular,SEA,CHI,66,79,,,espn,,,,
espn-400445754,2013-08-16,2013,regular,ATL,CONN,88,57,,,espn,,,,
espn-400445855,2013-08-16,2013,regular,NY,WSH,57,66,,,espn,,,,
espn-400445856,2013-08-16,2013,regular,MIN,TUL,77,83,,,espn,,,,
espn-400445857,2013-08-16,2013,regular,LA,IND,94,72,,,espn,,,,
espn-400445858,2013-08-17,2013,regular,SA,PHX,88,82,,,espn,,,,
espn-400445859,2013-08-17,2013,regular,SEA,IND,77,70,,,espn,,,,
espn-400445860,2013-08-18,2013,regular,ATL,WSH,76,58,,,espn,,,,
espn-400445861,2013-08-18,2013,regular,CHI,CONN,89,78,,,espn,,,,
espn-400445862,2013-08-18,2013,regular,MIN,NY,88,57,,,espn,,,,
espn-400445863,2013-08-20,2013,regular,ATL,MIN,88,75,,,espn,,,,
espn-400445864,2013-08-20,2013,regular,WSH,CHI,73,79,,,espn,,,,
espn-400445865,2013-08-20,2013,regular,TUL,PHX,86,89,,,espn,,,,
espn-400445866,2013-08-20,2013,regular,SEA,LA,77,57,,,espn,,,,
espn-400445867,2013-08-21,2013,regular,IND,SA,80,63,,,espn,,,,
espn-400445868,2013-08-22,2013,regular,CONN,MIN,77,91,,,espn,,,,
espn-400445869,2013-08-23,2013,regular,WSH,ATL,74,64,,,espn,,,,
espn-400445870,2013-08-23,2013,regular,TUL,SA,73,67,,,espn,,,,
espn-400445871,2013-08-23,2013,regular,CHI,NY,82,64,,,espn,,,,
espn-400445872,2013-08-23,2013,regular,PHX,SEA,73,81,,,espn,,,,
espn-400445873,2013-08-24,2013,regular,MIN,IND,84,77,,,espn,,,,
espn-400445874,2013-08-24,2013,regular,ATL,CHI,56,67,,,espn,,,,
espn-400445702,2013-08-25,2013,regular,SA,SEA,70,64,,,espn,,,,
espn-400445704,2013-08-25,2013,regular,CONN,NY,66,74,,,espn,,,,
espn-400445708,2013-08-25,2013,regular,LA,TUL,90,88,,,espn,,,,
espn-400445713,2013-08-27,2013,regular,NY,MIN,47,73,,,espn,,,,
espn-400445719,2013-08-27,2013,regular,SA,SEA,71,72,,,espn,,,,
espn-400445725,2013-08-27,2013,regular,LA,CONN,91,78,,,espn,,,,
espn-400445730,2013-08-28,2013,regular,ATL,WSH,80,85,,,espn,,,,
espn-400445755,2013-08-29,2013,regular,SEA,CONN,78,65,,,espn,,,,
espn-400445758,2013-08-30,2013,regular,NY,IND,67,73,,,espn,,,,
espn-400445763,2013-08-30,2013,regular,TUL,SA,65,74,,,espn,,,,
espn-400445768,2013-08-31,2013,regular,CHI,ATL,85,68,,,espn,,,,
espn-400445770,2013-08-31,2013,regular,MIN,SEA,97,74,,,espn,,,,
espn-400445774,2013-08-31,2013,regular,SA,LA,67,80,,,espn,,,,
espn-400445778,2013-08-31,2013,regular,PHX,CONN,76,68,,,espn,,,,
espn-400445786,2013-09-01,2013,regular,TUL,NY,93,88,,,espn,,,,
espn-400445793,2013-09-02,2013,regular,ATL,LA,92,82,,,espn,,,,
espn-400445800,2013-09-04,2013,regular,ATL,IND,89,80,,,espn,,,,
espn-400445803,2013-09-04,2013,regular,MIN,LA,83,74,,,espn,,,,
espn-400445808,2013-09-06,2013,regular,CONN,WSH,77,70,,,espn,,,,
espn-400445814,2013-09-06,2013,regular,NY,ATL,57,70,,,espn,,,,
espn-400445820,2013-09-06,2013,regular,TUL,LA,70,74,,,espn,,,,
espn-400445827,2013-09-06,2013,regular,CHI,IND,77,82,,,espn,,,,
espn-400445833,2013-09-06,2013,regular,PHX,SA,83,80,,,espn,,,,
espn-400445838,2013-09-07,2013,regular,IND,CONN,69,60,,,espn,,,,
espn-400445844,2013-09-07,2013,regular,SEA,MIN,60,75,,,espn,,,,
espn-400445850,2013-09-08,2013,regular,ATL,PHX,71,79,,,espn,,,,
espn-400445876,2013-09-08,2013,regular,WSH,CHI,79,93,,,espn,,,,
espn-400445880,2013-09-08,2013,regular,SA,TUL,65,98,,,espn,,,,
espn-400445883,2013-09-10,2013,regular,IND,WSH,67,69,,,espn,,,,
espn-400445885,2013-09-10,2013,regular,NY,PHX,76,80,,,espn,,,,
espn-400445886,2013-09-10,2013,regular,SEA,MIN,60,73,,,espn,,,,
espn-400445887,2013-09-11,2013,regular,CONN,ATL,78,77,,,espn,,,,
espn-400445888,2013-09-11,2013,regular,CHI,PHX,70,68,,,espn,,,,
espn-400445889,2013-09-12,2013,regular,TUL,SEA,67,76,,,espn,,,,
espn-400445890,2013-09-12,2013,regular,LA,MIN,85,84,,,espn,,,,
espn-400445891,2013-09-13,2013,regular,IND,NY,66,63,,,espn,,,,
espn-400445892,2013-09-13,2013,regular,WSH,CONN,82,56,,,espn,,,,
espn-400445893,2013-09-13,2013,regular,CHI,ATL,87,82,,,espn,,,,
espn-400445894,2013-09-13,2013,regular,PHX,SA,82,61,,,espn,,,,
espn-400445895,2013-09-14,2013,regular,MIN,CHI,79,66,,,espn,,,,
espn-400445896,2013-09-14,2013,regular,SEA,TUL,85,73,,,espn,,,,
espn-400445897,2013-09-15,2013,regular,CONN,IND,82,80,,,espn,,,,
espn-400445898,2013-09-15,2013,regular,WSH,NY,70,52,,,espn,,,,
espn-400445899,2013-09-15,2013,regular,SA,ATL,97,68,,,espn,,,,
espn-400445900,2013-09-15,2013,regular,LA,PHX,89,55,,,espn,,,,
espn-400496774,2013-09-19,2013,postseason,ATL,WSH,56,71,,,espn,,,,
espn-400496777,2013-09-19,2013,postseason,LA,PHX,75,86,,,espn,,,,
espn-400496780,2013-09-20,2013,postseason,CHI,IND,72,85,,,espn,,,,
espn-400496783,2013-09-20,2013,postseason,MIN,SEA,80,64,,,espn,,,,
espn-400496775,2013-09-21,2013,postseason,WSH,ATL,45,63,,,espn,,,,
espn-400496778,2013-09-21,2013,postseason,PHX,LA,73,82,,,espn,,,,
espn-400496781,2013-09-22,2013,postseason,IND,CHI,79,57,,,espn,,,,
espn-400496784,2013-09-22,2013,postseason,SEA,MIN,55,58,,,espn,,,,
espn-400496776,2013-09-23,2013,postseason,ATL,WSH,80,72,,,espn,,,,
espn-400496779,2013-09-23,2013,postseason,LA,PHX,77,78,,,espn,,,,
espn-400499743,2013-09-26,2013,postseason,ATL,IND,84,79,,,espn,,,,
espn-400499746,2013-09-26,2013,postseason,MIN,PHX,85,62,,,espn,,,,
espn-400499744,2013-09-29,2013,postseason,IND,ATL,53,67,,,espn,,,,
espn-400499747,2013-09-29,2013,postseason,PHX,MIN,65,72,,,espn,,,,
espn-400505694,2013-10-06,2013,postseason,MIN,ATL,84,59,,,espn,,,,
espn-400505695,2013-10-08,2013,postseason,MIN,ATL,88,63,,,espn,,,,
espn-400505696,2013-10-10,2013,postseason,ATL,MIN,77,86,,,espn,,,,
espn-400539461,2014-05-16,2014,regular,CONN,NY,54,75,,,espn,,,,
espn-400539462,2014-05-16,2014,regular,WSH,MIN,77,89,,,espn,,,,
espn-400539463,2014-05-16,2014,regular,ATL,SA,79,75,,,espn,,,,
espn-400539464,2014-05-16,2014,regular,CHI,IND,74,71,,,espn,,,,
espn-400539465,2014-05-16,2014,regular,SEA,LA,69,80,,,espn,,,,
espn-400539466,2014-05-17,2014,regular,IND,ATL,88,90,,,espn,,,,
espn-400539467,2014-05-17,2014,regular,NY,CHI,65,79,,,espn,,,,
espn-400539468,2014-05-17,2014,regular,SA,TUL,80,76,,,espn,,,,
espn-400539469,2014-05-17,2014,regular,PHX,SEA,81,64,,,espn,,,,
espn-400539470,2014-05-18,2014,regular,MIN,CONN,90,87,,,espn,,,,
espn-400539471,2014-05-18,2014,regular,LA,PHX,69,74,,,espn,,,,
espn-400539472,2014-05-21,2014,regular,CHI,CONN,78,68,,,espn,,,,
espn-400539473,2014-05-23,2014,regular,CONN,SEA,71,59,,,espn,,,,
espn-400539474,2014-05-23,2014,regular,IND,WSH,63,79,,,espn,,,,
espn-400539475,2014-05-23,2014,regular,TUL,MIN,93,94,,,espn,,,,
espn-400539476,2014-05-23,2014,regular,PHX,SA,74,78,,,espn,,,,
espn-400539477,2014-05-24,2014,regular,WSH,SEA,65,73,,,espn,,,,
espn-400539478,2014-05-24,2014,regular,CHI,ATL,87,73,,,espn,,,,
espn-400539479,2014-05-24,2014,regular,MIN,NY,87,82,,,espn,,,,
espn-400539480,2014-05-25,2014,regular,LA,SA,83,62,,,espn,,,,
espn-400539481,2014-05-25,2014,regular,ATL,IND,77,82,,,espn,,,,
espn-400539482,2014-05-26,2014,regular,CHI,MIN,72,75,,,espn,,,,
espn-400539483,2014-05-27,2014,regular,NY,SEA,70,64,,,espn,,,,
espn-400539484,2014-05-28,2014,regular,SA,TUL,82,79,,,espn,,,,
espn-400539485,2014-05-29,2014,regular,IND,CONN,79,65,,,espn,,,,
espn-400539486,2014-05-30,2014,regular,WSH,NY,68,60,,,espn,,,,
espn-400539487,2014-05-30,2014,regular,ATL,SEA,80,69,,,espn,,,,
espn-400539488,2014-05-30,2014,regular,MIN,SA,88,72,,,espn,,,,
espn-400539489,2014-05-30,2014,regular,CHI,CONN,101,82,,,espn,,,,
espn-400539490,2014-05-30,2014,regular,PHX,TUL,100,78,,,espn,,,,
espn-400539491,2014-05-31,2014,regular,IND,NY,70,66,,,espn,,,,
espn-400539492,2014-06-01,2014,regular,CONN,ATL,85,76,,,espn,,,,
espn-400539493,2014-06-01,2014,regular,WSH,LA,92,84,,,espn,,,,
espn-400539494,2014-06-01,2014,regular,SA,MIN,79,87,,,espn,,,,
espn-400539495,2014-06-01,2014,regular,SEA,TUL,62,60,,,espn,,,,
espn-400539496,2014-06-03,2014,regular,ATL,LA,93,85,,,espn,,,,
espn-400539497,2014-06-03,2014,regular,PHX,SEA,87,72,,,espn,,,,
espn-400539498,2014-06-05,2014,regular,CONN,WSH,66,74,,,espn,,,,
espn-400539499,2014-06-05,2014,regular,NY,SA,75,87,,,espn,,,,
espn-400539500,2014-06-06,2014,regular,WSH,IND,61,64,,,espn,,,,
espn-400539501,2014-06-06,2014,regular,TUL,PHX,94,78,,,espn,,,,
espn-400539502,2014-06-06,2014,regular,CHI,LA,88,102,,,espn,,,,
espn-400539503,2014-06-06,2014,regular,SEA,MIN,65,62,,,espn,,,,
espn-400539504,2014-06-07,2014,regular,ATL,CHI,97,59,,,espn,,,,
espn-400539505,2014-06-07,2014,regular,CONN,IND,88,71,,,espn,,,,
espn-400539506,2014-06-07,2014,regular,SA,PHX,79,91,,,espn,,,,
espn-400539507,2014-06-08,2014,regular,NY,WSH,81,64,,,espn,,,,
espn-400539508,2014-06-08,2014,regular,LA,MIN,72,85,,,espn,,,,
espn-400539509,2014-06-10,2014,regular,TUL,NY,72,57,,,espn,,,,
espn-400539510,2014-06-10,2014,regular,WSH,PHX,66,81,,,espn,,,,
espn-400539511,2014-06-10,2014,regular,CHI,SEA,76,80,,,espn,,,,
espn-400539512,2014-06-11,2014,regular,IND,SEA,76,68,,,espn,,,,
espn-400539513,2014-06-12,2014,regular,CONN,PHX,96,95,,,espn,,,,
espn-400539514,2014-06-13,2014,regular,WSH,CHI,79,68,,,espn,,,,
espn-400539515,2014-06-13,2014,regular,ATL,MIN,85,82,,,espn,,,,
espn-400539516,2014-06-13,2014,regular,NY,CONN,75,83,,,espn,,,,
espn-400539517,2014-06-13,2014,regular,SA,SEA,72,79,,,espn,,,,
espn-400539518,2014-06-13,2014,regular,TUL,LA,69,67,,,espn,,,,
espn-400539519,2014-06-14,2014,regular,SA,LA,101,74,,,espn,,,,
espn-400539520,2014-06-15,2014,regular,MIN,PHX,72,80,,,espn,,,,
espn-400539521,2014-06-15,2014,regular,CONN,NY,76,72,,,espn,,,,
espn-400539522,2014-06-15,2014,regular,WSH,ATL,67,75,,,espn,,,,
espn-400539523,2014-06-15,2014,regular,TUL,SEA,85,79,,,espn,,,,
espn-400539524,2014-06-17,2014,regular,CONN,IND,89,67,,,espn,,,,
espn-400539525,2014-06-17,2014,regular,LA,MIN,77,94,,,espn,,,,
espn-400539526,2014-06-18,2014,regular,ATL,WSH,83,73,,,espn,,,,
espn-400539527,2014-06-18,2014,regular,CHI,NY,105,100,,,espn,,,,
espn-400539528,2014-06-18,2014,regular,PHX,MIN,92,79,,,espn,,,,
espn-400539529,2014-06-19,2014,regular,SEA,SA,82,87,,,espn,,,,
espn-400539530,2014-06-19,2014,regular,LA,TUL,87,77,,,espn,,,,
espn-400539531,2014-06-20,2014,regular,ATL,NY,85,64,,,espn,,,,
espn-400539532,2014-06-20,2014,regular,MIN,WSH,75,65,,,espn,,,,
espn-400539533,2014-06-20,2014,regular,CHI,IND,75,83,,,espn,,,,
espn-400539534,2014-06-20,2014,regular,PHX,TUL,91,80,,,espn,,,,
espn-400539535,2014-06-22,2014,regular,CHI,TUL,99,105,,,espn,,,,
espn-400539536,2014-06-22,2014,regular,NY,ATL,85,78,,,espn,,,,
espn-400539537,2014-06-22,2014,regular,LA,SA,69,72,,,espn,,,,
espn-400539538,2014-06-22,2014,regular,MIN,IND,83,77,,,espn,,,,
espn-400539539,2014-06-22,2014,regular,SEA,WSH,89,86,,,espn,,,,
espn-400539540,2014-06-24,2014,regular,SA,WSH,70,81,,,espn,,,,
espn-400539541,2014-06-24,2014,regular,LA,SEA,65,57,,,espn,,,,
espn-400539542,2014-06-25,2014,regular,CONN,CHI,79,69,,,espn,,,,
espn-400539543,2014-06-25,2014,regular,IND,TUL,102,107,,,espn,,,,
espn-400539544,2014-06-26,2014,regular,SA,ATL,79,81,,,espn,,,,
espn-400539545,2014-06-27,2014,regular,IND,PHX,76,81,,,espn,,,,
espn-400539546,2014-06-27,2014,regular,WSH,CONN,69,63,,,espn,,,,
espn-400539547,2014-06-27,2014,regular,NY,CHI,69,73,,,espn,,,,
espn-400539548,2014-06-27,2014,regular,SEA,MIN,81,71,,,espn,,,,
espn-400539549,2014-06-28,2014,regular,TUL,LA,89,92,,,espn,,,,
espn-400539550,2014-06-29,2014,regular,NY,CONN,67,65,,,espn,,,,
espn-400539551,2014-06-29,2014,regular,WSH,SA,65,73,,,espn,,,,
espn-400539552,2014-06-29,2014,regular,TUL,PHX,77,80,,,espn,,,,
espn-400539553,2014-06-29,2014,regular,IND,ATL,68,76,,,espn,,,,
espn-400539554,2014-06-29,2014,regular,MIN,SEA,74,69,,,espn,,,,
espn-400539555,2014-07-01,2014,regular,CONN,SA,71,74,,,espn,,,,
espn-400539556,2014-07-01,2014,regular,NY,TUL,90,74,,,espn,,,,
espn-400539557,2014-07-01,2014,regular,ATL,IND,70,77,,,espn,,,,
espn-400539558,2014-07-01,2014,regular,LA,CHI,83,90,,,espn,,,,
espn-400539559,2014-07-02,2014,regular,WSH,IND,77,80,,,espn,,,,
espn-400539560,2014-07-02,2014,regular,PHX,CHI,87,69,,,espn,,,,
espn-400539561,2014-07-03,2014,regular,CONN,TUL,83,96,,,espn,,,,
espn-400539562,2014-07-03,2014,regular,MIN,SA,91,84,,,espn,,,,
espn-400539563,2014-07-03,2014,regular,SEA,LA,56,70,,,espn,,,,
espn-400539564,2014-07-05,2014,regular,IND,SA,70,71,,,espn,,,,
espn-400539565,2014-07-05,2014,regular,ATL,WSH,86,73,,,espn,,,,
espn-400539566,2014-07-05,2014,regular,TUL,CONN,76,78,,,espn,,,,
espn-400539567,2014-07-05,2014,regular,SEA,CHI,80,73,,,espn,,,,
espn-400539568,2014-07-06,2014,regular,NY,MIN,87,80,,,espn,,,,
espn-400539569,2014-07-06,2014,regular,LA,PHX,89,94,,,espn,,,,
espn-400539570,2014-07-08,2014,regular,ATL,CONN,83,71,,,espn,,,,
espn-400539571,2014-07-08,2014,regular,TUL,IND,76,78,,,espn,,,,
espn-400539572,2014-07-08,2014,regular,MIN,LA,83,72,,,espn,,,,
espn-400539573,2014-07-09,2014,regular,CHI,WSH,65,72,,,espn,,,,
espn-400539574,2014-07-09,2014,regular,PHX,SEA,78,58,,,espn,,,,
espn-400539575,2014-07-09,2014,regular,SA,NY,80,66,,,espn,,,,
espn-400539576,2014-07-10,2014,regular,IND,CONN,72,68,,,espn,,,,
espn-400539577,2014-07-10,2014,regular,TUL,MIN,85,91,,,espn,,,,
espn-400539578,2014-07-11,2014,regular,NY,LA,54,68,,,espn,,,,
espn-400539579,2014-07-11,2014,regular,SA,SEA,67,88,,,espn,,,,
espn-400539580,2014-07-11,2014,regular,CHI,PHX,66,72,,,espn,,,,
espn-400539581,2014-07-12,2014,regular,IND,ATL,74,93,,,espn,,,,
espn-400539582,2014-07-12,2014,regular,TUL,WSH,74,91,,,espn,,,,
espn-400539583,2014-07-13,2014,regular,CONN,LA,64,90,,,espn,,,,
espn-400539584,2014-07-13,2014,regular,MIN,SEA,77,60,,,espn,,,,
espn-400539585,2014-07-13,2014,regular,PHX,SA,90,61,,,espn,,,,
espn-400539586,2014-07-13,2014,regular,ATL,CHI,81,79,,,espn,,,,
espn-400539587,2014-07-15,2014,regular,SEA,CONN,63,86,,,espn,,,,
espn-400539588,2014-07-15,2014,regular,IND,LA,78,86,,,espn,,,,
espn-400539589,2014-07-15,2014,regular,PHX,WSH,90,78,,,espn,,,,
espn-400539590,2014-07-16,2014,regular,NY,ATL,77,75,,,espn,,,,
espn-400539591,2014-07-16,2014,regular,MIN,TUL,93,82,,,espn,,,,
espn-400539592,2014-07-17,2014,regular,TUL,SA,95,90,,,espn,,,,
espn-400539593,2014-07-17,2014,regular,IND,CHI,82,64,,,espn,,,,
espn-400539594,2014-07-17,2014,regular,PHX,CONN,101,85,,,espn,,,,
espn-400539595,2014-07-17,2014,regular,LA,WSH,75,79,,,espn,,,,
espn-400562214,2014-07-19,2014,regular,WEST,EAST,124,125,1,,espn,,,,
espn-400539596,2014-07-22,2014,regular,CHI,IND,60,57,,,espn,,,,
espn-400539597,2014-07-22,2014,regular,SA,TUL,95,93,,,espn,,,,
espn-400539598,2014-07-22,2014,regular,SEA,PHX,71,89,,,espn,,,,
espn-400539599,2014-07-22,2014,regular,MIN,ATL,112,108,,,espn,,,,
espn-400539600,2014-07-23,2014,regular,WSH,CONN,89,75,,,espn,,,,
espn-400539601,2014-07-23,2014,regular,LA,NY,64,66,,,espn,,,,
espn-400539602,2014-07-24,2014,regular,SEA,NY,80,84,,,espn,,,,
espn-400539603,2014-07-24,2014,regular,LA,PHX,73,93,,,espn,,,,
espn-400539604,2014-07-25,2014,regular,WSH,TUL,82,77,,,espn,,,,
espn-400539605,2014-07-25,2014,regular,ATL,CHI,75,79,,,espn,,,,
espn-400539606,2014-07-25,2014,regular,MIN,SA,88,78,,,espn,,,,
espn-400539607,2014-07-26,2014,regular,SA,IND,68,75,,,espn,,,,
espn-400539608,2014-07-26,2014,regular,PHX,NY,78,63,,,espn,,,,
espn-400539609,2014-07-26,2014,regular,SEA,LA,69,77,,,espn,,,,
espn-400539610,2014-07-27,2014,regular,CONN,MIN,65,76,,,espn,,,,
espn-400539611,2014-07-27,2014,regular,WSH,ATL,77,67,,,espn,,,,
espn-400539612,2014-07-27,2014,regular,TUL,CHI,79,69,,,espn,,,,
espn-400539613,2014-07-28,2014,regular,LA,IND,77,73,,,espn,,,,
espn-400539614,2014-07-29,2014,regular,ATL,CONN,89,80,,,espn,,,,
espn-400539615,2014-07-29,2014,regular,NY,WSH,80,76,,,espn,,,,
espn-400539616,2014-07-29,2014,regular,SA,CHI,92,74,,,espn,,,,
espn-400539617,2014-07-29,2014,regular,TUL,SEA,80,74,,,espn,,,,
espn-400539618,2014-07-29,2014,regular,PHX,LA,90,69,,,espn,,,,
espn-400539619,2014-07-31,2014,regular,CHI,NY,87,74,,,espn,,,,
espn-400539620,2014-07-31,2014,regular,MIN,PHX,75,67,,,espn,,,,
espn-400539621,2014-07-31,2014,regular,TUL,ATL,75,85,,,espn,,,,
espn-400539622,2014-07-31,2014,regular,SEA,IND,67,76,,,espn,,,,
espn-400539623,2014-08-01,2014,regular,SA,CONN,79,89,,,espn,,,,
espn-400539624,2014-08-02,2014,regular,TUL,MIN,75,84,,,espn,,,,
espn-400539625,2014-08-02,2014,regular,PHX,IND,79,69,,,espn,,,,
espn-400539626,2014-08-03,2014,regular,ATL,NY,76,83,,,espn,,,,
espn-400539627,2014-08-03,2014,regular,LA,CONN,70,69,,,espn,,,,
espn-400539628,2014-08-03,2014,regular,CHI,WSH,76,65,,,espn,,,,
espn-400539629,2014-08-03,2014,regular,SEA,SA,71,65,,,espn,,,,
espn-400539630,2014-08-05,2014,regular,CONN,CHI,66,82,,,espn,,,,
espn-400539631,2014-08-05,2014,regular,IND,MIN,64,66,,,espn,,,,
espn-400539632,2014-08-05,2014,regular,WSH,NY,79,46,,,espn,,,,
espn-400539633,2014-08-05,2014,regular,PHX,ATL,75,67,,,espn,,,,
espn-400539634,2014-08-05,2014,regular,LA,TUL,90,96,,,espn,,,,
espn-400539635,2014-08-07,2014,regular,MIN,CHI,74,64,,,espn,,,,
espn-400539636,2014-08-07,2014,regular,SA,PHX,73,78,,,espn,,,,
espn-400539637,2014-08-07,2014,regular,SEA,ATL,88,68,,,espn,,,,
espn-400539638,2014-08-08,2014,regular,IND,WSH,61,74,,,espn,,,,
espn-400539639,2014-08-08,2014,regular,NY,CONN,71,66,,,espn,,,,
espn-400539640,2014-08-08,2014,regular,TUL,SA,79,62,,,espn,,,,
espn-400539641,2014-08-08,2014,regular,LA,ATL,80,77,,,espn,,,,
espn-400539642,2014-08-09,2014,regular,PHX,MIN,82,80,,,espn,,,,
espn-400539643,2014-08-10,2014,regular,CONN,WSH,89,81,,,espn,,,,
espn-400539644,2014-08-10,2014,regular,NY,IND,76,90,,,espn,,,,
espn-400539645,2014-08-10,2014,regular,SA,LA,82,76,,,espn,,,,
espn-400539646,2014-08-10,2014,regular,CHI,ATL,80,69,,,espn,,,,
espn-400539647,2014-08-10,2014,regular,SEA,TUL,74,68,,,espn,,,,
espn-400539648,2014-08-12,2014,regular,NY,PHX,64,76,,,espn,,,,
espn-400539649,2014-08-12,2014,regular,MIN,LA,63,71,,,espn,,,,
espn-400539650,2014-08-13,2014,regular,WSH,CHI,69,72,,,espn,,,,
espn-400539651,2014-08-13,2014,regular,ATL,PHX,96,82,,,espn,,,,
espn-400539652,2014-08-14,2014,regular,IND,NY,76,63,,,espn,,,,
espn-400539653,2014-08-15,2014,regular,CONN,WSH,67,71,,,espn,,,,
espn-400539654,2014-08-15,2014,regular,ATL,TUL,92,76,,,espn,,,,
espn-400539655,2014-08-15,2014,regular,SA,MIN,92,76,,,espn,,,,
espn-400539656,2014-08-15,2014,regular,LA,SEA,77,65,,,espn,,,,
espn-400539657,2014-08-16,2014,regular,IND,CHI,71,67,,,espn,,,,
espn-400539658,2014-08-16,2014,regular,WSH,NY,61,73,,,espn,,,,
espn-400539659,2014-08-16,2014,regular,PHX,LA,76,69,,,espn,,,,
espn-400544875,2014-08-16,2014,regular,MIN,TUL,80,63,,,espn,,,,
espn-400539660,2014-08-17,2014,regular,CONN,ATL,84,55,,,espn,,,,
espn-400539661,2014-08-17,2014,regular,CHI,SA,72,84,,,espn,,,,
espn-400539662,2014-08-17,2014,regular,NY,IND,73,61,,,espn,,,,
espn-400539664,2014-08-17,2014,regular,SEA,PHX,65,78,,,espn,,,,
espn-400578287,2014-08-21,2014,postseason,MIN,SA,88,84,,,espn,,,,
espn-400580070,2014-08-21,2014,postseason,IND,WSH,78,73,,,espn,,,,
espn-400578290,2014-08-22,2014,postseason,PHX,LA,75,72,,,espn,,,,
espn-400580067,2014-08-22,2014,postseason,ATL,CHI,77,80,,,espn,,,,
espn-400578288,2014-08-23,2014,postseason,SA,MIN,89,94,,,espn,,,,
espn-400580071,2014-08-23,2014,postseason,WSH,IND,76,81,,,espn,,,,
espn-400578291,2014-08-24,2014,postseason,LA,PHX,68,93,,,espn,,,,
espn-400580068,2014-08-24,2014,postseason,CHI,ATL,83,92,,,espn,,,,
espn-400580069,2014-08-26,2014,postseason,ATL,CHI,80,81,,,espn,,,,
espn-400581627,2014-08-29,2014,postseason,PHX,MIN,85,71,,,espn,,,,
espn-400581821,2014-08-30,2014,postseason,IND,CHI,77,70,,,espn,,,,
espn-400581628,2014-08-31,2014,postseason,MIN,PHX,82,77,,,espn,,,,
espn-400581822,2014-09-01,2014,postseason,CHI,IND,86,84,,,espn,,,,
espn-400581629,2014-09-02,2014,postseason,PHX,MIN,96,78,,,espn,,,,
espn-400581823,2014-09-03,2014,postseason,IND,CHI,62,75,,,espn,,,,
espn-400582773,2014-09-07,2014,postseason,PHX,CHI,83,62,,,espn,,,,
espn-400582774,2014-09-09,2014,postseason,PHX,CHI,97,68,,,espn,,,,
espn-400582775,2014-09-12,2014,postseason,CHI,PHX,82,87,,,espn,,,,
espn-400610636,2015-06-05,2015,regular,CONN,WSH,68,73,,,espn,,,,
espn-400610637,2015-06-05,2015,regular,NY,ATL,82,73,,,espn,,,,
espn-400610638,2015-06-05,2015,regular,MIN,TUL,83,75,,,espn,,,,
espn-400610639,2015-06-05,2015,regular,CHI,IND,95,72,,,espn,,,,
espn-400610640,2015-06-05,2015,regular,PHX,SA,76,71,,,espn,,,,
espn-400610641,2015-06-06,2015,regular,WSH,NY,67,62,,,espn,,,,
espn-400610642,2015-06-06,2015,regular,IND,MIN,69,78,,,espn,,,,
espn-400610643,2015-06-06,2015,regular,TUL,CHI,101,93,,,espn,,,,
espn-400610644,2015-06-06,2015,regular,SEA,LA,86,61,,,espn,,,,
espn-400610645,2015-06-07,2015,regular,ATL,CONN,70,75,,,espn,,,,
espn-400610646,2015-06-09,2015,regular,NY,IND,86,79,,,espn,,,,
espn-400610647,2015-06-09,2015,regular,TUL,SEA,68,45,,,espn,,,,
espn-400610648,2015-06-11,2015,regular,CONN,CHI,67,65,,,espn,,,,
espn-400610649,2015-06-11,2015,regular,NY,PHX,68,57,,,espn,,,,
espn-400610650,2015-06-11,2015,regular,ATL,SA,72,69,,,espn,,,,
espn-400610651,2015-06-11,2015,regular,MIN,SEA,94,70,,,espn,,,,
espn-400610652,2015-06-12,2015,regular,WSH,ATL,61,64,,,espn,,,,
espn-400610653,2015-06-12,2015,regular,IND,PHX,77,74,,,espn,,,,
espn-400610654,2015-06-14,2015,regular,IND,CHI,72,98,,,espn,,,,
espn-400610655,2015-06-14,2015,regular,CONN,ATL,82,64,,,espn,,,,
espn-400610656,2015-06-14,2015,regular,PHX,MIN,81,66,,,espn,,,,
espn-400610657,2015-06-14,2015,regular,SA,TUL,62,73,,,espn,,,,
espn-400610658,2015-06-14,2015,regular,LA,SEA,54,60,,,espn,,,,
espn-400610659,2015-06-14,2015,regular,NY,WSH,59,74,,,espn,,,,
espn-400610660,2015-06-16,2015,regular,ATL,IND,79,90,,,espn,,,,
espn-400610661,2015-06-16,2015,regular,TUL,SA,88,61,,,espn,,,,
espn-400610662,2015-06-16,2015,regular,SEA,CONN,58,79,,,espn,,,,
espn-400610663,2015-06-16,2015,regular,LA,MIN,52,67,,,espn,,,,
espn-400610664,2015-06-19,2015,regular,WSH,TUL,82,86,,,espn,,,,
espn-400610665,2015-06-19,2015,regular,NY,IND,63,80,,,espn,,,,
espn-400610666,2015-06-19,2015,regular,ATL,CHI,74,73,,,espn,,,,
espn-400610667,2015-06-19,2015,regular,SA,MIN,59,74,,,espn,,,,
espn-400610668,2015-06-19,2015,regular,PHX,CONN,78,90,,,espn,,,,
espn-400610669,2015-06-20,2015,regular,IND,WSH,75,87,,,espn,,,,
espn-400610670,2015-06-20,2015,regular,SA,CHI,87,95,,,espn,,,,
espn-400610671,2015-06-21,2015,regular,ATL,NY,64,73,,,espn,,,,
espn-400610672,2015-06-21,2015,regular,LA,CONN,68,76,,,espn,,,,
espn-400610673,2015-06-21,2015,regular,MIN,TUL,78,86,,,espn,,,,
espn-400610674,2015-06-21,2015,regular,SEA,PHX,72,84,,,espn,,,,
espn-400610675,2015-06-23,2015,regular,WSH,LA,84,80,,,espn,,,,
espn-400610676,2015-06-24,2015,regular,CHI,ATL,100,96,,,espn,,,,
espn-400610677,2015-06-25,2015,regular,SA,PHX,76,71,,,espn,,,,
espn-400610678,2015-06-25,2015,regular,SEA,MIN,73,76,,,espn,,,,
espn-400610679,2015-06-26,2015,regular,CONN,LA,80,76,,,espn,,,,
espn-400610680,2015-06-26,2015,regular,IND,CHI,77,83,,,espn,,,,
espn-400610681,2015-06-26,2015,regular,ATL,WSH,72,69,,,espn,,,,
espn-400610682,2015-06-26,2015,regular,TUL,NY,71,62,,,espn,,,,
espn-400610683,2015-06-27,2015,regular,MIN,PHX,71,56,,,espn,,,,
espn-400610684,2015-06-27,2015,regular,SA,SEA,73,71,,,espn,,,,
espn-400610685,2015-06-28,2015,regular,NY,LA,79,70,,,espn,,,,
espn-400610686,2015-06-28,2015,regular,WSH,CHI,86,71,,,espn,,,,
espn-400610687,2015-06-28,2015,regular,TUL,SEA,93,89,,,espn,,,,
espn-400610688,2015-06-30,2015,regular,CONN,IND,84,92,,,espn,,,,
espn-400610689,2015-06-30,2015,regular,CHI,NY,81,89,,,espn,,,,
espn-400610690,2015-06-30,2015,regular,PHX,SA,85,78,,,espn,,,,
espn-400610691,2015-06-30,2015,regular,SEA,TUL,74,69,,,espn,,,,
espn-400610692,2015-07-02,2015,regular,CONN,CHI,74,77,,,espn,,,,
espn-400610693,2015-07-02,2015,regular,IND,WSH,73,50,,,espn,,,,
espn-400610694,2015-07-02,2015,regular,PHX,TUL,86,55,,,espn,,,,
espn-400610695,2015-07-02,2015,regular,LA,SA,86,81,,,espn,,,,
espn-400610696,2015-07-03,2015,regular,MIN,SEA,82,57,,,espn,,,,
espn-400610697,2015-07-03,2015,regular,LA,TUL,98,95,,,espn,,,,
espn-400610698,2015-07-05,2015,regular,ATL,SEA,72,64,,,espn,,,,
espn-400610699,2015-07-05,2015,regular,LA,PHX,91,94,,,espn,,,,
espn-400610700,2015-07-07,2015,regular,ATL,TUL,75,85,,,espn,,,,
espn-400610701,2015-07-08,2015,regular,IND,SEA,88,65,,,espn,,,,
espn-400610702,2015-07-08,2015,regular,SA,LA,70,63,,,espn,,,,
espn-400610703,2015-07-09,2015,regular,WSH,NY,76,79,,,espn,,,,
espn-400610704,2015-07-10,2015,regular,IND,SA,83,76,,,espn,,,,
espn-400610705,2015-07-10,2015,regular,CHI,MIN,90,83,,,espn,,,,
espn-400610706,2015-07-10,2015,regular,SEA,PHX,79,94,,,espn,,,,
espn-400610707,2015-07-11,2015,regular,TUL,LA,82,67,,,espn,,,,
espn-400610708,2015-07-12,2015,regular,ATL,NY,84,76,,,espn,,,,
espn-400610709,2015-07-12,2015,regular,CHI,CONN,96,76,,,espn,,,,
espn-400610710,2015-07-12,2015,regular,PHX,SEA,70,60,,,espn,,,,
espn-400610711,2015-07-12,2015,regular,MIN,SA,66,49,,,espn,,,,
espn-400610712,2015-07-14,2015,regular,CONN,MIN,79,85,,,espn,,,,
espn-400610713,2015-07-14,2015,regular,PHX,ATL,80,71,,,espn,,,,
espn-400610714,2015-07-15,2015,regular,NY,SA,84,68,,,espn,,,,
espn-400610715,2015-07-15,2015,regular,CHI,WSH,85,57,,,espn,,,,
espn-400610716,2015-07-15,2015,regular,SEA,LA,68,61,,,espn,,,,
espn-400610717,2015-07-15,2015,regular,IND,TUL,83,80,,,espn,,,,
espn-400610718,2015-07-16,2015,regular,LA,ATL,72,76,,,espn,,,,
espn-400610719,2015-07-16,2015,regular,NY,CONN,64,57,,,espn,,,,
espn-400610720,2015-07-17,2015,regular,WSH,IND,68,50,,,espn,,,,
espn-400610721,2015-07-17,2015,regular,MIN,CHI,84,66,,,espn,,,,
espn-400610722,2015-07-17,2015,regular,SA,TUL,65,58,,,espn,,,,
espn-400610724,2015-07-18,2015,regular,SEA,ATL,86,73,,,espn,,,,
espn-400610725,2015-07-18,2015,regular,PHX,NY,73,75,,,espn,,,,
espn-400610726,2015-07-19,2015,regular,TUL,MIN,72,79,,,espn,,,,
espn-400610727,2015-07-19,2015,regular,CHI,SA,93,82,,,espn,,,,
espn-400610728,2015-07-19,2015,regular,WSH,CONN,89,82,,,espn,,,,
espn-400610729,2015-07-21,2015,regular,TUL,WSH,69,76,,,espn,,,,
espn-400610730,2015-07-21,2015,regular,SA,IND,80,62,,,espn,,,,
espn-400610731,2015-07-21,2015,regular,CHI,ATL,97,92,,,espn,,,,
espn-400610732,2015-07-21,2015,regular,LA,PHX,70,65,,,espn,,,,
espn-400610733,2015-07-21,2015,regular,SEA,NY,77,81,,,espn,,,,
espn-400610734,2015-07-22,2015,regular,MIN,CONN,77,78,,,espn,,,,
espn-400610735,2015-07-22,2015,regular,LA,NY,53,59,,,espn,,,,
espn-400765572,2015-07-25,2015,regular,EAST,WEST,112,117,1,,espn,,,,
espn-400610736,2015-07-28,2015,regular,PHX,CHI,89,87,,,espn,,,,
espn-400821141,2015-07-28,2015,regular,CONN,IND,73,75,,,espn,,,,
espn-400610737,2015-07-29,2015,regular,WSH,SEA,87,74,,,espn,,,,
espn-400610738,2015-07-29,2015,regular,IND,NY,84,72,,,espn,,,,
espn-400610739,2015-07-29,2015,regular,MIN,LA,82,76,,,espn,,,,
espn-400610740,2015-07-29,2015,regular,SA,ATL,102,85,,,espn,,,,
espn-400610741,2015-07-30,2015,regular,TUL,PHX,66,78,,,espn,,,,
espn-400610742,2015-07-31,2015,regular,CONN,SEA,67,66,,,espn,,,,
espn-400610743,2015-07-31,2015,regular,MIN,ATL,86,70,,,espn,,,,
espn-400610744,2015-07-31,2015,regular,SA,WSH,53,88,,,espn,,,,
espn-400610745,2015-07-31,2015,regular,CHI,LA,77,88,,,espn,,,,
espn-400610746,2015-08-01,2015,regular,TUL,MIN,80,86,,,espn,,,,
espn-400610747,2015-08-02,2015,regular,NY,SEA,78,62,,,espn,,,,
espn-400610748,2015-08-02,2015,regular,ATL,PHX,68,71,,,espn,,,,
espn-400610749,2015-08-02,2015,regular,SA,LA,78,80,,,espn,,,,
espn-400610750,2015-08-02,2015,regular,IND,CONN,83,70,,,espn,,,,
espn-400610751,2015-08-02,2015,regular,CHI,WSH,71,68,,,espn,,,,
espn-400610752,2015-08-04,2015,regular,CONN,SA,82,51,,,espn,,,,
espn-400610753,2015-08-04,2015,regular,CHI,IND,106,82,,,espn,,,,
espn-400610754,2015-08-04,2015,regular,PHX,TUL,87,84,,,espn,,,,
espn-400610755,2015-08-04,2015,regular,LA,MIN,83,61,,,espn,,,,
espn-400610756,2015-08-05,2015,regular,WSH,SA,66,63,,,espn,,,,
espn-400610757,2015-08-06,2015,regular,LA,TUL,84,57,,,espn,,,,
espn-400610758,2015-08-07,2015,regular,CONN,WSH,86,72,,,espn,,,,
espn-400610759,2015-08-07,2015,regular,IND,ATL,106,77,,,espn,,,,
espn-400610760,2015-08-07,2015,regular,CHI,NY,63,77,,,espn,,,,
espn-400610761,2015-08-07,2015,regular,PHX,MIN,73,66,,,espn,,,,
espn-400610762,2015-08-08,2015,regular,SA,SEA,88,81,,,espn,,,,
espn-400610763,2015-08-09,2015,regular,CHI,PHX,74,64,,,espn,,,,
espn-400610764,2015-08-09,2015,regular,WSH,CONN,84,73,,,espn,,,,
espn-400610765,2015-08-09,2015,regular,TUL,ATL,90,98,,,espn,,,,
espn-400610766,2015-08-09,2015,regular,MIN,LA,72,64,,,espn,,,,
espn-400610767,2015-08-11,2015,regular,NY,CHI,84,63,,,espn,,,,
espn-400610768,2015-08-11,2015,regular,WSH,IND,62,73,,,espn,,,,
espn-400610769,2015-08-11,2015,regular,MIN,SA,83,76,,,espn,,,,
espn-400610770,2015-08-11,2015,regular,LA,SEA,77,85,,,espn,,,,
espn-400610771,2015-08-12,2015,regular,CONN,TUL,80,74,,,espn,,,,
espn-400610772,2015-08-12,2015,regular,PHX,SEA,83,66,,,espn,,,,
espn-400610773,2015-08-14,2015,regular,CONN,NY,78,90,,,espn,,,,
espn-400610774,2015-08-14,2015,regular,ATL,MIN,82,84,,,espn,,,,
espn-400610775,2015-08-14,2015,regular,SEA,CHI,84,94,,,espn,,,,
espn-400610776,2015-08-15,2015,regular,NY,TUL,76,81,,,espn,,,,
espn-400610777,2015-08-16,2015,regular,ATL,CONN,90,77,,,espn,,,,
espn-400610778,2015-08-16,2015,regular,WSH,MIN,77,69,,,espn,,,,
espn-400610779,2015-08-16,2015,regular,LA,CHI,76,64,,,espn,,,,
espn-400610780,2015-08-16,2015,regular,PHX,IND,63,75,,,espn,,,,
espn-400610781,2015-08-16,2015,regular,SEA,SA,72,63,,,espn,,,,
espn-400610782,2015-08-18,2015,regular,TUL,PHX,74,59,,,espn,,,,
espn-400610783,2015-08-18,2015,regular,LA,IND,68,79,,,espn,,,,
espn-400610784,2015-08-19,2015,regular,MIN,WSH,61,79,,,espn,,,,
espn-400610785,2015-08-19,2015,regular,SA,NY,45,73,,,espn,,,,
espn-400610786,2015-08-21,2015,regular,NY,ATL,78,67,,,espn,,,,
espn-400610787,2015-08-21,2015,regular,TUL,CONN,84,76,,,espn,,,,
espn-400610788,2015-08-21,2015,regular,SA,MIN,61,78,,,espn,,,,
espn-400610789,2015-08-21,2015,regular,CHI,WSH,87,85,,,espn,,,,
espn-400610790,2015-08-21,2015,regular,PHX,LA,68,78,,,espn,,,,
espn-400610791,2015-08-21,2015,regular,SEA,IND,63,75,,,espn,,,,
espn-400610792,2015-08-23,2015,regular,WSH,CHI,64,66,,,espn,,,,
espn-400610793,2015-08-23,2015,regular,SA,LA,59,90,,,espn,,,,
espn-400610794,2015-08-23,2015,regular,CONN,ATL,92,102,,,espn,,,,
espn-400610795,2015-08-23,2015,regular,IND,NY,80,79,,,espn,,,,
espn-400610796,2015-08-23,2015,regular,PHX,MIN,79,67,,,espn,,,,
espn-400610797,2015-08-25,2015,regular,ATL,CONN,71,57,,,espn,,,,
espn-400610798,2015-08-26,2015,regular,IND,LA,79,81,,,espn,,,,
espn-400610799,2015-08-27,2015,regular,CONN,PHX,80,81,,,espn,,,,
espn-400610800,2015-08-28,2015,regular,WSH,PHX,71,63,,,espn,,,,
espn-400610801,2015-08-28,2015,regular,IND,ATL,84,90,,,espn,,,,
espn-400610802,2015-08-28,2015,regular,NY,MIN,81,68,,,espn,,,,
espn-400610803,2015-08-28,2015,regular,TUL,LA,76,66,,,espn,,,,
espn-400610804,2015-08-28,2015,regular,SEA,SA,83,69,,,espn,,,,
espn-400610805,2015-08-29,2015,regular,CONN,NY,66,80,,,espn,,,,
espn-400610806,2015-08-29,2015,regular,ATL,CHI,96,98,,,espn,,,,
espn-400610807,2015-08-30,2015,regular,TUL,IND,76,70,,,espn,,,,
espn-400610808,2015-08-30,2015,regular,LA,SA,60,52,,,espn,,,,
espn-400610809,2015-08-30,2015,regular,CHI,CONN,68,72,,,espn,,,,
espn-400610810,2015-08-30,2015,regular,MIN,PHX,71,61,,,espn,,,,
espn-400610811,2015-08-30,2015,regular,SEA,WSH,69,59,,,espn,,,,
espn-400610812,2015-09-01,2015,regular,NY,ATL,80,75,,,espn,,,,
espn-400610813,2015-09-01,2015,regular,IND,CONN,81,51,,,espn,,,,
espn-400610814,2015-09-02,2015,regular,PHX,WSH,73,53,,,espn,,,,
espn-400610815,2015-09-03,2015,regular,NY,CHI,60,82,,,espn,,,,
espn-400610816,2015-09-03,2015,regular,SEA,TUL,67,85,,,espn,,,,
espn-400610817,2015-09-03,2015,regular,LA,WSH,93,91,,,espn,,,,
espn-400610818,2015-09-04,2015,regular,MIN,IND,81,65,,,espn,,,,
espn-400610819,2015-09-04,2015,regular,SA,CONN,72,73,,,espn,,,,
espn-400610820,2015-09-05,2015,regular,SA,PHX,52,82,,,espn,,,,
espn-400610821,2015-09-06,2015,regular,ATL,WSH,73,67,,,espn,,,,
espn-400610822,2015-09-06,2015,regular,LA,TUL,92,73,,,espn,,,,
espn-400610823,2015-09-06,2015,regular,CHI,SEA,93,65,,,espn,,,,
espn-400610824,2015-09-06,2015,regular,MIN,NY,71,75,,,espn,,,,
espn-400610825,2015-09-08,2015,regular,WSH,IND,76,72,,,espn,,,,
espn-400610826,2015-09-08,2015,regular,MIN,SEA,73,67,,,espn,,,,
espn-400610827,2015-09-08,2015,regular,TUL,SA,74,64,,,espn,,,,
espn-400610828,2015-09-09,2015,regular,NY,CONN,74,64,,,espn,,,,
espn-400610829,2015-09-09,2015,regular,ATL,LA,90,60,,,espn,,,,
espn-400610830,2015-09-11,2015,regular,NY,WSH,55,82,,,espn,,,,
espn-400610831,2015-09-11,2015,regular,ATL,IND,67,75,,,espn,,,,
espn-400610832,2015-09-11,2015,regular,CHI,TUL,92,71,,,espn,,,,
espn-400610833,2015-09-11,2015,regular,PHX,LA,70,65,,,espn,,,,
espn-400610834,2015-09-11,2015,regular,SEA,MIN,78,64,,,espn,,,,
espn-400610835,2015-09-13,2015,regular,CONN,CHI,86,75,,,espn,,,,
espn-400610836,2015-09-13,2015,regular,WSH,ATL,71,73,,,espn,,,,
espn-400610837,2015-09-13,2015,regular,TUL,PHX,91,87,,,espn,,,,
espn-400610838,2015-09-13,2015,regular,IND,NY,81,76,,,espn,,,,
espn-400610839,2015-09-13,2015,regular,SEA,SA,58,59,,,espn,,,,
espn-400839118,2015-09-17,2015,postseason,PHX,TUL,88,55,,,espn,,,,
espn-400839633,2015-09-17,2015,postseason,CHI,IND,77,72,,,espn,,,,
espn-400838810,2015-09-18,2015,postseason,MIN,LA,67,65,,,espn,,,,
espn-400839630,2015-09-18,2015,postseason,NY,WSH,83,86,,,espn,,,,
espn-400839119,2015-09-19,2015,postseason,TUL,PHX,67,91,,,espn,,,,
espn-400839634,2015-09-19,2015,postseason,IND,CHI,89,82,,,espn,,,,
espn-400838811,2015-09-20,2015,postseason,LA,MIN,81,71,,,espn,,,,
espn-400839631,2015-09-20,2015,postseason,WSH,NY,68,86,,,espn,,,,
espn-400839635,2015-09-21,2015,postseason,CHI,IND,89,100,,,espn,,,,
espn-400838812,2015-09-22,2015,postseason,MIN,LA,91,80,,,espn,,,,
espn-400839632,2015-09-22,2015,postseason,NY,WSH,79,74,,,espn,,,,
espn-400844305,2015-09-23,2015,postseason,NY,IND,84,67,,,espn,,,,
espn-400844348,2015-09-24,2015,postseason,MIN,PHX,67,60,,,espn,,,,
espn-400844306,2015-09-27,2015,postseason,IND,NY,70,64,,,espn,,,,
espn-400844349,2015-09-27,2015,postseason,PHX,MIN,71,72,,,espn,,,,
espn-400844307,2015-09-29,2015,postseason,NY,IND,51,66,,,espn,,,,
espn-400847195,2015-10-04,2015,postseason,MIN,IND,69,75,,,espn,,,,
espn-400847196,2015-10-06,2015,postseason,MIN,IND,77,71,,,espn,,,,
espn-400847197,2015-10-09,2015,postseason,IND,MIN,77,80,,,espn,,,,
espn-400847198,2015-10-11,2015,postseason,IND,MIN,75,69,,,espn,,,,
espn-400847199,2015-10-14,2015,postseason,MIN,IND,69,52,,,espn,,,,
espn-400864357,2016-05-14,2016,regular,IND,DAL,79,90,,,espn,,,,
espn-400864359,2016-05-14,2016,regular,WSH,NY,76,87,,,espn,,,,
espn-400864361,2016-05-14,2016,regular,MIN,PHX,95,76,,,espn,,,,
espn-400864370,2016-05-14,2016,regular,CHI,CONN,93,70,,,espn,,,,
espn-400864373,2016-05-14,2016,regular,SA,ATL,63,73,,,espn,,,,
espn-400864378,2016-05-15,2016,regular,LA,SEA,96,66,,,espn,,,,
espn-400864381,2016-05-15,2016,regular,NY,DAL,79,71,,,espn,,,,
espn-400864384,2016-05-18,2016,regular,CHI,MIN,80,97,,,espn,,,,
espn-400864387,2016-05-18,2016,regular,WSH,DAL,77,87,,,espn,,,,
espn-400864389,2016-05-18,2016,regular,IND,PHX,97,93,,,espn,,,,
espn-400864393,2016-05-19,2016,regular,SA,CONN,68,72,,,espn,,,,
espn-400864397,2016-05-20,2016,regular,WSH,LA,67,97,,,espn,,,,
espn-400864400,2016-05-20,2016,regular,IND,ATL,94,85,,,espn,,,,
espn-400864403,2016-05-20,2016,regular,PHX,SEA,80,81,,,espn,,,,
espn-400864405,2016-05-21,2016,regular,NY,LA,72,79,,,espn,,,,
espn-400864429,2016-05-21,2016,regular,CONN,WSH,76,84,,,espn,,,,
espn-400864432,2016-05-21,2016,regular,DAL,SA,82,77,,,espn,,,,
espn-400864437,2016-05-22,2016,regular,ATL,CHI,87,81,,,espn,,,,
espn-400864439,2016-05-22,2016,regular,SEA,MIN,71,78,,,espn,,,,
espn-400864442,2016-05-24,2016,regular,NY,ATL,79,85,,,espn,,,,
espn-400864444,2016-05-24,2016,regular,CHI,LA,80,93,,,espn,,,,
espn-400864447,2016-05-25,2016,regular,PHX,MIN,78,85,,,espn,,,,
espn-400864450,2016-05-26,2016,regular,CONN,LA,72,77,,,espn,,,,
espn-400864452,2016-05-26,2016,regular,SEA,WSH,82,84,,,espn,,,,
espn-400864455,2016-05-27,2016,regular,MIN,IND,74,71,,,espn,,,,
espn-400864458,2016-05-27,2016,regular,SA,CHI,79,78,,,espn,,,,
espn-400864459,2016-05-27,2016,regular,DAL,ATL,93,102,,,espn,,,,
espn-400864463,2016-05-28,2016,regular,SEA,CONN,93,81,,,espn,,,,
espn-400864465,2016-05-29,2016,regular,ATL,IND,85,76,,,espn,,,,
espn-400864466,2016-05-29,2016,regular,DAL,CHI,87,92,,,espn,,,,
espn-400864469,2016-05-29,2016,regular,PHX,WSH,93,77,,,espn,,,,
espn-400864472,2016-05-31,2016,regular,NY,MIN,69,79,,,espn,,,,
espn-400864474,2016-05-31,2016,regular,PHX,CONN,99,90,,,espn,,,,
espn-400864362,2016-06-01,2016,regular,WSH,CHI,78,86,,,espn,,,,
espn-400864374,2016-06-01,2016,regular,IND,SEA,85,75,,,espn,,,,
espn-400864382,2016-06-02,2016,regular,LA,SA,68,61,,,espn,,,,
espn-400864388,2016-06-03,2016,regular,CONN,ATL,77,83,,,espn,,,,
espn-400864390,2016-06-03,2016,regular,NY,IND,91,59,,,espn,,,,
espn-400864396,2016-06-03,2016,regular,CHI,WSH,98,72,,,espn,,,,
espn-400864401,2016-06-03,2016,regular,SEA,PHX,95,81,,,espn,,,,
espn-400864406,2016-06-04,2016,regular,MIN,DAL,80,63,,,espn,,,,
espn-400864430,2016-06-04,2016,regular,SA,LA,61,74,,,espn,,,,
espn-400864441,2016-06-05,2016,regular,CONN,IND,77,88,,,espn,,,,
espn-400864445,2016-06-05,2016,regular,ATL,WSH,79,86,,,espn,,,,
espn-400864448,2016-06-05,2016,regular,SEA,NY,78,86,,,espn,,,,
espn-400864453,2016-06-07,2016,regular,MIN,PHX,89,81,,,espn,,,,
espn-400864461,2016-06-07,2016,regular,LA,NY,100,77,,,espn,,,,
espn-400864464,2016-06-08,2016,regular,DAL,WSH,79,87,,,espn,,,,
espn-400864467,2016-06-09,2016,regular,PHX,SA,90,75,,,espn,,,,
espn-400864471,2016-06-10,2016,regular,CONN,SEA,77,76,,,espn,,,,
espn-400864475,2016-06-10,2016,regular,IND,CHI,64,73,,,espn,,,,
espn-400864477,2016-06-10,2016,regular,ATL,MIN,78,110,,,espn,,,,
espn-400864479,2016-06-11,2016,regular,WSH,MIN,76,83,,,espn,,,,
espn-400864482,2016-06-11,2016,regular,SA,NY,75,90,,,espn,,,,
espn-400864484,2016-06-11,2016,regular,DAL,LA,73,97,,,espn,,,,
espn-400864487,2016-06-12,2016,regular,ATL,CONN,93,87,,,espn,,,,
espn-400864489,2016-06-12,2016,regular,PHX,CHI,86,80,,,espn,,,,
espn-400864494,2016-06-12,2016,regular,IND,SEA,88,90,,,espn,,,,
espn-400864496,2016-06-14,2016,regular,CONN,WSH,106,109,,,espn,,,,
espn-400864497,2016-06-14,2016,regular,NY,DAL,91,88,,,espn,,,,
espn-400864498,2016-06-14,2016,regular,MIN,IND,87,63,,,espn,,,,
espn-400864499,2016-06-14,2016,regular,SA,SEA,77,70,,,espn,,,,
espn-400864500,2016-06-14,2016,regular,LA,CHI,98,85,,,espn,,,,
espn-400864501,2016-06-16,2016,regular,CONN,NY,72,80,,,espn,,,,
espn-400864502,2016-06-16,2016,regular,DAL,SEA,88,79,,,espn,,,,
espn-400864503,2016-06-17,2016,regular,ATL,CHI,101,97,,,espn,,,,
espn-400864504,2016-06-17,2016,regular,SA,IND,75,84,,,espn,,,,
espn-400864505,2016-06-17,2016,regular,LA,PHX,77,71,,,espn,,,,
espn-400864506,2016-06-18,2016,regular,WSH,ATL,95,65,,,espn,,,,
espn-400864507,2016-06-18,2016,regular,PHX,DAL,111,117,,,espn,,,,
espn-400864528,2016-06-19,2016,regular,CONN,SA,93,90,,,espn,,,,
espn-400864529,2016-06-19,2016,regular,IND,NY,75,78,,,espn,,,,
espn-400864530,2016-06-19,2016,regular,SEA,MIN,84,96,,,espn,,,,
espn-400864531,2016-06-21,2016,regular,LA,MIN,69,72,,,espn,,,,
espn-400864532,2016-06-21,2016,regular,CHI,SA,81,75,,,espn,,,,
espn-400864533,2016-06-21,2016,regular,DAL,PHX,100,90,,,espn,,,,
espn-400864534,2016-06-22,2016,regular,ATL,NY,79,90,,,espn,,,,
espn-400864536,2016-06-22,2016,regular,WSH,IND,76,62,,,espn,,,,
espn-400864537,2016-06-23,2016,regular,DAL,SA,97,90,,,espn,,,,
espn-400864538,2016-06-24,2016,regular,WSH,PHX,79,91,,,espn,,,,
espn-400864539,2016-06-24,2016,regular,NY,CHI,80,79,,,espn,,,,
espn-400864540,2016-06-24,2016,regular,MIN,LA,76,94,,,espn,,,,
espn-400864541,2016-06-24,2016,regular,SEA,CONN,98,81,,,espn,,,,
espn-400864542,2016-06-25,2016,regular,SA,ATL,73,69,,,espn,,,,
espn-400864543,2016-06-25,2016,regular,DAL,IND,87,92,,,espn,,,,
espn-400864544,2016-06-26,2016,regular,NY,PHX,97,104,,,espn,,,,
espn-400864545,2016-06-26,2016,regular,WSH,MIN,87,63,,,espn,,,,
espn-400864546,2016-06-26,2016,regular,LA,CONN,80,73,,,espn,,,,
espn-400864547,2016-06-28,2016,regular,SEA,ATL,84,81,,,espn,,,,
espn-400864548,2016-06-28,2016,regular,LA,DAL,89,84,,,espn,,,,
espn-400864549,2016-06-29,2016,regular,WSH,SA,84,67,,,espn,,,,
espn-400864550,2016-06-29,2016,regular,CHI,IND,83,95,,,espn,,,,
espn-400864551,2016-06-29,2016,regular,MIN,NY,92,95,,,espn,,,,
espn-400864552,2016-06-29,2016,regular,PHX,CONN,86,75,,,espn,,,,
espn-400864553,2016-06-30,2016,regular,LA,ATL,84,75,,,espn,,,,
espn-400864554,2016-06-30,2016,regular,SEA,DAL,78,83,,,espn,,,,
espn-400864355,2016-07-01,2016,regular,IND,SA,85,87,,,espn,,,,
espn-400864356,2016-07-01,2016,regular,CHI,WSH,86,84,,,espn,,,,
espn-400864358,2016-07-01,2016,regular,PHX,NY,88,99,,,espn,,,,
espn-400864360,2016-07-02,2016,regular,MIN,SA,91,68,,,espn,,,,
espn-400864363,2016-07-02,2016,regular,DAL,CONN,83,86,,,espn,,,,
espn-400864365,2016-07-03,2016,regular,LA,NY,77,67,,,espn,,,,
espn-400864366,2016-07-03,2016,regular,ATL,PHX,87,95,,,espn,,,,
espn-400864368,2016-07-05,2016,regular,ATL,SEA,77,64,,,espn,,,,
espn-400864371,2016-07-05,2016,regular,MIN,CHI,87,82,,,espn,,,,
espn-400864375,2016-07-05,2016,regular,DAL,PHX,77,74,,,espn,,,,
espn-400864377,2016-07-06,2016,regular,NY,SEA,78,74,,,espn,,,,
espn-400864380,2016-07-06,2016,regular,SA,WSH,77,70,,,espn,,,,
espn-400864383,2016-07-06,2016,regular,LA,IND,94,88,,,espn,,,,
espn-400864385,2016-07-07,2016,regular,CONN,MIN,93,89,,,espn,,,,
espn-400864392,2016-07-08,2016,regular,ATL,DAL,95,90,,,espn,,,,
espn-400864395,2016-07-08,2016,regular,SA,SEA,68,78,,,espn,,,,
espn-400864398,2016-07-08,2016,regular,CHI,NY,85,88,,,espn,,,,
espn-400864399,2016-07-08,2016,regular,PHX,IND,60,78,,,espn,,,,
espn-400864402,2016-07-09,2016,regular,MIN,DAL,93,56,,,espn,,,,
espn-400864404,2016-07-10,2016,regular,CONN,ATL,63,67,,,espn,,,,
espn-400864407,2016-07-10,2016,regular,NY,SA,75,65,,,espn,,,,
espn-400864431,2016-07-10,2016,regular,CHI,PHX,100,95,,,espn,,,,
espn-400864434,2016-07-10,2016,regular,LA,WSH,93,82,,,espn,,,,
espn-400864435,2016-07-10,2016,regular,SEA,IND,82,93,,,espn,,,,
espn-400864438,2016-07-12,2016,regular,SA,MIN,57,81,,,espn,,,,
espn-400864443,2016-07-13,2016,regular,NY,ATL,86,62,,,espn,,,,
espn-400864446,2016-07-13,2016,regular,IND,CONN,64,86,,,espn,,,,
espn-400864449,2016-07-13,2016,regular,CHI,LA,67,77,,,espn,,,,
espn-400864451,2016-07-13,2016,regular,PHX,WSH,78,74,,,espn,,,,
espn-400864454,2016-07-15,2016,regular,CONN,LA,92,98,,,espn,,,,
espn-400864456,2016-07-15,2016,regular,IND,ATL,78,72,,,espn,,,,
espn-400864457,2016-07-15,2016,regular,MIN,NY,88,70,,,espn,,,,
espn-400864460,2016-07-15,2016,regular,CHI,DAL,84,77,,,espn,,,,
espn-400864462,2016-07-15,2016,regular,SEA,WSH,80,51,,,espn,,,,
espn-400864468,2016-07-16,2016,regular,PHX,SA,83,64,,,espn,,,,
espn-400864470,2016-07-17,2016,regular,NY,CONN,83,76,,,espn,,,,
espn-400864473,2016-07-17,2016,regular,ATL,LA,91,74,,,espn,,,,
espn-400864476,2016-07-17,2016,regular,DAL,MIN,97,98,,,espn,,,,
espn-400864478,2016-07-17,2016,regular,SEA,CHI,88,91,,,espn,,,,
espn-400864480,2016-07-19,2016,regular,IND,LA,92,82,,,espn,,,,
espn-400864481,2016-07-19,2016,regular,PHX,CHI,77,79,,,espn,,,,
espn-400864483,2016-07-20,2016,regular,WSH,NY,81,88,,,espn,,,,
espn-400864485,2016-07-20,2016,regular,DAL,CONN,78,89,,,espn,,,,
espn-400864486,2016-07-20,2016,regular,MIN,ATL,83,65,,,espn,,,,
espn-400864488,2016-07-20,2016,regular,SEA,SA,83,69,,,espn,,,,
espn-400864490,2016-07-21,2016,regular,NY,IND,70,82,,,espn,,,,
espn-400864491,2016-07-22,2016,regular,WSH,LA,75,95,,,espn,,,,
espn-400864492,2016-07-22,2016,regular,ATL,DAL,93,88,1,,espn,,,,
espn-400864493,2016-07-22,2016,regular,MIN,SEA,79,72,,,espn,,,,
espn-400864495,2016-07-22,2016,regular,CHI,CONN,89,94,,,espn,,,,
espn-400864364,2016-08-26,2016,regular,CONN,MIN,84,80,,,espn,,,,
espn-400864367,2016-08-26,2016,regular,SA,NY,77,84,,,espn,,,,
espn-400864369,2016-08-26,2016,regular,CHI,ATL,90,82,,,espn,,,,
espn-400864372,2016-08-26,2016,regular,PHX,DAL,98,72,,,espn,,,,
espn-400864376,2016-08-26,2016,regular,SEA,LA,79,72,,,espn,,,,
espn-400864379,2016-08-27,2016,regular,IND,WSH,69,92,,,espn,,,,
espn-400864386,2016-08-28,2016,regular,ATL,CONN,87,73,,,espn,,,,
espn-400864391,2016-08-28,2016,regular,DAL,CHI,85,92,,,espn,,,,
espn-400864394,2016-08-28,2016,regular,MIN,SEA,92,80,,,espn,,,,
espn-400864428,2016-08-28,2016,regular,PHX,LA,70,66,,,espn,,,,
espn-400864535,2016-08-28,2016,regular,WSH,SA,74,85,,,espn,,,,
espn-400864433,2016-08-30,2016,regular,CONN,SA,89,62,,,espn,,,,
espn-400864436,2016-08-30,2016,regular,IND,PHX,65,79,,,espn,,,,
espn-400864440,2016-08-31,2016,regular,SEA,DAL,78,66,,,espn,,,,
espn-400864342,2016-09-01,2016,regular,IND,NY,98,77,,,espn,,,,
espn-400864343,2016-09-01,2016,regular,SA,LA,61,70,,,espn,,,,
espn-400864344,2016-09-02,2016,regular,CONN,PHX,87,74,,,espn,,,,
espn-400864345,2016-09-02,2016,regular,MIN,WSH,75,69,,,espn,,,,
espn-400864346,2016-09-02,2016,regular,CHI,SEA,92,88,,,espn,,,,
espn-400864347,2016-09-02,2016,regular,DAL,LA,79,87,,,espn,,,,
espn-400864408,2016-09-03,2016,regular,NY,PHX,92,70,,,espn,,,,
espn-400864409,2016-09-04,2016,regular,DAL,WSH,83,88,,,espn,,,,
espn-400864410,2016-09-04,2016,regular,CHI,SA,97,73,,,espn,,,,
espn-400864411,2016-09-04,2016,regular,ATL,SEA,82,91,,,espn,,,,
espn-400864412,2016-09-04,2016,regular,LA,IND,88,81,,,espn,,,,
espn-400864413,2016-09-04,2016,regular,MIN,CONN,93,79,,,espn,,,,
espn-400864414,2016-09-06,2016,regular,ATL,PHX,91,87,,,espn,,,,
espn-400864415,2016-09-06,2016,regular,SA,IND,69,71,,,espn,,,,
espn-400864416,2016-09-06,2016,regular,LA,MIN,74,77,,,espn,,,,
espn-400864417,2016-09-07,2016,regular,NY,SEA,78,102,,,espn,,,,
espn-400864418,2016-09-07,2016,regular,WSH,CHI,118,81,,,espn,,,,
espn-400864419,2016-09-08,2016,regular,LA,ATL,81,86,,,espn,,,,
espn-400864420,2016-09-09,2016,regular,WSH,SEA,76,81,,,espn,,,,
espn-400864421,2016-09-09,2016,regular,IND,CHI,95,88,,,espn,,,,
espn-400864422,2016-09-09,2016,regular,NY,CONN,89,82,,,espn,,,,
espn-400864423,2016-09-09,2016,regular,SA,DAL,84,92,,,espn,,,,
espn-400864424,2016-09-11,2016,regular,CONN,CHI,86,96,,,espn,,,,
espn-400864425,2016-09-11,2016,regular,WSH,IND,73,80,,,espn,,,,
espn-400864426,2016-09-11,2016,regular,DAL,NY,84,81,,,espn,,,,
espn-400864427,2016-09-11,2016,regular,SA,MIN,76,81,,,espn,,,,
espn-400864508,2016-09-11,2016,regular,PHX,ATL,86,75,,,espn,,,,
espn-400864509,2016-09-11,2016,regular,SEA,LA,78,60,,,espn,,,,
espn-400864510,2016-09-13,2016,regular,CONN,IND,89,87,,,espn,,,,
espn-400864511,2016-09-13,2016,regular,NY,WSH,62,75,,,espn,,,,
espn-400864512,2016-09-13,2016,regular,ATL,SA,67,71,,,espn,,,,
espn-400864513,2016-09-13,2016,regular,CHI,MIN,98,97,,,espn,,,,
espn-400864514,2016-09-13,2016,regular,LA,PHX,90,85,,,espn,,,,
espn-400864515,2016-09-15,2016,regular,ATL,WSH,94,91,,,espn,,,,
espn-400864516,2016-09-15,2016,regular,PHX,SEA,86,62,,,espn,,,,
espn-400864517,2016-09-16,2016,regular,CONN,DAL,107,74,,,espn,,,,
espn-400864518,2016-09-16,2016,regular,IND,MIN,75,82,,,espn,,,,
espn-400864519,2016-09-16,2016,regular,CHI,NY,92,68,,,espn,,,,
espn-400864520,2016-09-16,2016,regular,LA,SA,71,65,,,espn,,,,
espn-400864521,2016-09-17,2016,regular,MIN,ATL,95,87,,,espn,,,,
espn-400864522,2016-09-18,2016,regular,WSH,CONN,78,87,,,espn,,,,
espn-400864523,2016-09-18,2016,regular,IND,DAL,83,60,,,espn,,,,
espn-400864524,2016-09-18,2016,regular,SA,PHX,65,81,,,espn,,,,
espn-400864525,2016-09-18,2016,regular,SEA,CHI,88,75,,,espn,,,,
espn-400910430,2016-09-21,2016,postseason,IND,PHX,78,89,,,espn,,,,
espn-400910431,2016-09-21,2016,postseason,ATL,SEA,94,85,,,espn,,,,
espn-400910450,2016-09-24,2016,postseason,NY,PHX,94,101,,,espn,,,,
espn-400910451,2016-09-25,2016,postseason,CHI,ATL,108,98,,,espn,,,,
espn-400910452,2016-09-28,2016,postseason,MIN,PHX,113,95,,,espn,,,,
espn-400910457,2016-09-28,2016,postseason,LA,CHI,95,75,1,,espn,,,,
espn-400910453,2016-09-30,2016,postseason,MIN,PHX,96,86,,,espn,,,,
espn-400910458,2016-09-30,2016,postseason,LA,CHI,99,84,,,espn,,,,
espn-400910454,2016-10-02,2016,postseason,PHX,MIN,67,82,,,espn,,,,
espn-400910459,2016-10-02,2016,postseason,CHI,LA,70,66,,,espn,,,,
espn-400910460,2016-10-04,2016,postseason,CHI,LA,75,95,,,espn,,,,
espn-400920400,2016-10-09,2016,postseason,MIN,LA,76,78,,,espn,,,,
espn-400920461,2016-10-11,2016,postseason,MIN,LA,79,60,,,espn,,,,
espn-400920462,2016-10-14,2016,postseason,LA,MIN,92,75,,,espn,,,,
espn-400920463,2016-10-16,2016,postseason,LA,MIN,79,85,,,espn,,,,
espn-400920464,2016-10-20,2016,postseason,MIN,LA,76,77,,,espn,,,,
espn-400927392,2017-05-13,2017,regular,NY,SA,73,64,,,espn,,,,
espn-400927393,2017-05-13,2017,regular,LA,SEA,78,68,,,espn,,,,
espn-400927394,2017-05-13,2017,regular,CONN,ATL,74,81,,,espn,,,,
espn-400927395,2017-05-14,2017,regular,WSH,SA,89,74,,,espn,,,,
espn-400927396,2017-05-14,2017,regular,PHX,DAL,58,68,,,espn,,,,
espn-400927397,2017-05-14,2017,regular,SEA,IND,87,82,,,espn,,,,
espn-400927398,2017-05-14,2017,regular,MIN,CHI,70,61,,,espn,,,,
espn-400927399,2017-05-17,2017,regular,PHX,IND,85,62,,,espn,,,,
espn-400927400,2017-05-18,2017,regular,NY,MIN,71,90,,,espn,,,,
espn-400927401,2017-05-19,2017,regular,SA,PHX,72,78,,,espn,,,,
espn-400927402,2017-05-19,2017,regular,CHI,ATL,83,91,,,espn,,,,
espn-400927403,2017-05-19,2017,regular,LA,WSH,99,89,,,espn,,,,
espn-400927404,2017-05-20,2017,regular,IND,CONN,81,79,,,espn,,,,
espn-400927405,2017-05-20,2017,regular,DAL,MIN,87,89,,,espn,,,,
espn-400927406,2017-05-21,2017,regular,ATL,CHI,71,75,,,espn,,,,
espn-400927407,2017-05-21,2017,regular,SEA,WSH,81,71,,,espn,,,,
espn-400927408,2017-05-23,2017,regular,MIN,CONN,80,78,,,espn,,,,
espn-400927409,2017-05-23,2017,regular,PHX,NY,67,69,,,espn,,,,
espn-400927410,2017-05-24,2017,regular,CHI,WSH,67,82,,,espn,,,,
espn-400927411,2017-05-24,2017,regular,IND,LA,93,90,,,espn,,,,
espn-400927412,2017-05-25,2017,regular,SA,DAL,82,94,,,espn,,,,
espn-400927413,2017-05-26,2017,regular,CONN,MIN,68,82,,,espn,,,,
espn-400927414,2017-05-26,2017,regular,WSH,CHI,88,79,,,espn,,,,
espn-400927415,2017-05-26,2017,regular,SEA,NY,87,81,,,espn,,,,
espn-400927416,2017-05-27,2017,regular,ATL,LA,75,73,,,espn,,,,
espn-400927417,2017-05-27,2017,regular,PHX,DAL,107,65,,,espn,,,,
espn-400927418,2017-05-28,2017,regular,CHI,CONN,79,97,,,espn,,,,
espn-400927419,2017-05-28,2017,regular,SEA,IND,94,70,,,espn,,,,
espn-400927420,2017-05-28,2017,regular,MIN,SA,80,66,,,espn,,,,
espn-400927421,2017-05-30,2017,regular,NY,LA,75,90,,,espn,,,,
espn-400927422,2017-05-30,2017,regular,DAL,IND,89,62,,,espn,,,,
espn-400927423,2017-05-31,2017,regular,WSH,CONN,78,76,,,espn,,,,
espn-400927424,2017-05-31,2017,regular,ATL,SA,77,70,,,espn,,,,
espn-400927425,2017-06-01,2017,regular,CHI,PHX,91,99,,,espn,,,,
espn-400927426,2017-06-02,2017,regular,NY,DAL,93,89,,,espn,,,,
espn-400927427,2017-06-03,2017,regular,IND,DAL,91,85,,,espn,,,,
espn-400927428,2017-06-03,2017,regular,SA,CONN,77,85,,,espn,,,,
espn-400927429,2017-06-03,2017,regular,SEA,MIN,77,100,,,espn,,,,
espn-400927430,2017-06-04,2017,regular,NY,PHX,88,72,,,espn,,,,
espn-400927431,2017-06-04,2017,regular,WSH,ATL,78,72,,,espn,,,,
espn-400927432,2017-06-06,2017,regular,DAL,WSH,89,101,,,espn,,,,
espn-400927433,2017-06-06,2017,regular,SA,SEA,76,85,,,espn,,,,
espn-400927434,2017-06-06,2017,regular,LA,CHI,79,70,,,espn,,,,
espn-400927435,2017-06-07,2017,regular,NY,ATL,76,61,,,espn,,,,
espn-400927436,2017-06-07,2017,regular,IND,PHX,90,98,,,espn,,,,
espn-400927437,2017-06-09,2017,regular,WSH,MIN,73,98,,,espn,,,,
espn-400927438,2017-06-09,2017,regular,IND,SEA,83,80,,,espn,,,,
espn-400927439,2017-06-09,2017,regular,DAL,LA,96,90,,,espn,,,,
espn-400927440,2017-06-10,2017,regular,CONN,ATL,104,71,,,espn,,,,
espn-400927441,2017-06-10,2017,regular,SA,CHI,81,85,,,espn,,,,
espn-400927442,2017-06-10,2017,regular,PHX,LA,87,89,,,espn,,,,
espn-400927443,2017-06-11,2017,regular,NY,SEA,94,86,,,espn,,,,
espn-400927444,2017-06-11,2017,regular,WSH,IND,88,70,,,espn,,,,
espn-400927445,2017-06-11,2017,regular,DAL,MIN,74,91,,,espn,,,,
espn-400927446,2017-06-13,2017,regular,SEA,ATL,86,91,,,espn,,,,
espn-400927447,2017-06-13,2017,regular,LA,DAL,97,87,,,espn,,,,
espn-400927448,2017-06-14,2017,regular,CONN,NY,96,76,,,espn,,,,
espn-400927449,2017-06-15,2017,regular,IND,ATL,85,74,,,espn,,,,
espn-400927450,2017-06-15,2017,regular,LA,SA,80,75,,,espn,,,,
espn-400927451,2017-06-16,2017,regular,DAL,NY,93,102,,,espn,,,,
espn-400927452,2017-06-16,2017,regular,PHX,CHI,86,78,,,espn,,,,
espn-400927453,2017-06-17,2017,regular,MIN,CONN,93,98,,,espn,,,,
espn-400927454,2017-06-18,2017,regular,WSH,DAL,83,87,,,espn,,,,
espn-400927455,2017-06-18,2017,regular,LA,PHX,90,59,,,espn,,,,
espn-400927456,2017-06-18,2017,regular,CHI,IND,79,91,,,espn,,,,
espn-400927457,2017-06-18,2017,regular,SEA,SA,75,57,,,espn,,,,
espn-400927458,2017-06-21,2017,regular,DAL,SA,81,78,,,espn,,,,
espn-400927459,2017-06-23,2017,regular,NY,CONN,89,94,,,espn,,,,
espn-400927460,2017-06-23,2017,regular,ATL,CHI,78,82,,,espn,,,,
espn-400927461,2017-06-23,2017,regular,MIN,WSH,93,76,,,espn,,,,
espn-400927462,2017-06-23,2017,regular,SA,DAL,69,81,,,espn,,,,
espn-400927463,2017-06-23,2017,regular,SEA,PHX,82,85,,,espn,,,,
espn-400927464,2017-06-24,2017,regular,IND,LA,73,84,,,espn,,,,
espn-400927465,2017-06-25,2017,regular,DAL,CONN,96,82,,,espn,,,,
espn-400927466,2017-06-25,2017,regular,CHI,WSH,63,97,,,espn,,,,
espn-400927467,2017-06-25,2017,regular,MIN,SA,87,78,,,espn,,,,
espn-400927468,2017-06-27,2017,regular,WSH,SEA,100,70,,,espn,,,,
espn-400927469,2017-06-27,2017,regular,CONN,LA,79,87,,,espn,,,,
espn-400927470,2017-06-28,2017,regular,CHI,IND,75,82,,,espn,,,,
espn-400927471,2017-06-29,2017,regular,WSH,NY,67,54,,,espn,,,,
espn-400927472,2017-06-29,2017,regular,CONN,SEA,96,89,,,espn,,,,
espn-400927473,2017-06-30,2017,regular,ATL,LA,76,85,,,espn,,,,
espn-400927474,2017-06-30,2017,regular,SA,CHI,89,82,,,espn,,,,
espn-400927475,2017-06-30,2017,regular,PHX,MIN,83,91,,,espn,,,,
espn-400927476,2017-07-01,2017,regular,IND,CONN,85,91,,,espn,,,,
espn-400927477,2017-07-01,2017,regular,DAL,SEA,69,89,,,espn,,,,
espn-400927478,2017-07-02,2017,regular,LA,WSH,76,69,,,espn,,,,
espn-400927479,2017-07-02,2017,regular,ATL,NY,81,72,,,espn,,,,
espn-400927480,2017-07-05,2017,regular,DAL,ATL,94,84,,,espn,,,,
espn-400927481,2017-07-05,2017,regular,SA,CONN,56,89,,,espn,,,,
espn-400927482,2017-07-05,2017,regular,PHX,WSH,88,80,,,espn,,,,
espn-400927483,2017-07-06,2017,regular,MIN,LA,88,77,,,espn,,,,
espn-400927484,2017-07-06,2017,regular,SEA,NY,70,79,,,espn,,,,
espn-400927485,2017-07-07,2017,regular,ATL,IND,89,68,,,espn,,,,
espn-400927486,2017-07-07,2017,regular,SA,PHX,77,92,,,espn,,,,
espn-400927487,2017-07-08,2017,regular,CONN,WSH,96,92,,,espn,,,,
espn-400927488,2017-07-08,2017,regular,CHI,MIN,100,76,,,espn,,,,
espn-400927489,2017-07-08,2017,regular,SEA,LA,81,69,,,espn,,,,
espn-400927490,2017-07-09,2017,regular,ATL,DAL,98,78,,,espn,,,,
espn-400927491,2017-07-09,2017,regular,PHX,NY,81,69,,,espn,,,,
espn-400927492,2017-07-12,2017,regular,IND,SA,72,79,,,espn,,,,
espn-400927493,2017-07-12,2017,regular,CHI,DAL,90,84,,,espn,,,,
espn-400927494,2017-07-12,2017,regular,SEA,CONN,79,83,,,espn,,,,
espn-400927495,2017-07-12,2017,regular,PHX,ATL,89,84,,,espn,,,,
espn-400927496,2017-07-13,2017,regular,LA,CONN,87,77,,,espn,,,,
espn-400927497,2017-07-14,2017,regular,IND,WSH,58,72,,,espn,,,,
espn-400927498,2017-07-14,2017,regular,NY,CHI,68,78,,,espn,,,,
espn-400927499,2017-07-14,2017,regular,PHX,MIN,71,88,,,espn,,,,
espn-400927500,2017-07-15,2017,regular,SEA,ATL,90,84,,,espn,,,,
espn-400927501,2017-07-16,2017,regular,CONN,SA,89,75,,,espn,,,,
espn-400927502,2017-07-16,2017,regular,NY,WSH,85,55,,,espn,,,,
espn-400927503,2017-07-16,2017,regular,DAL,CHI,112,106,,,espn,,,,
espn-400927504,2017-07-16,2017,regular,MIN,PHX,81,66,,,espn,,,,
espn-400927505,2017-07-17,2017,regular,LA,IND,80,62,,,espn,,,,
espn-400927506,2017-07-18,2017,regular,ATL,SA,88,75,,,espn,,,,
espn-400927507,2017-07-18,2017,regular,SEA,CHI,83,94,,,espn,,,,
espn-400927508,2017-07-19,2017,regular,NY,CONN,96,80,,,espn,,,,
espn-400927509,2017-07-19,2017,regular,WSH,ATL,100,96,,,espn,,,,
espn-400927510,2017-07-19,2017,regular,MIN,DAL,100,74,,,espn,,,,
espn-400927511,2017-07-19,2017,regular,PHX,IND,77,84,,,espn,,,,
espn-400927512,2017-07-20,2017,regular,LA,CHI,80,82,,,espn,,,,
espn-400927513,2017-07-20,2017,regular,SA,IND,85,61,,,espn,,,,
espn-400968106,2017-07-22,2017,regular,WEST,EAST,130,121,1,,espn,,,,
espn-400927514,2017-07-25,2017,regular,SA,WSH,76,85,,,espn,,,,
espn-400927515,2017-07-25,2017,regular,CONN,CHI,93,72,,,espn,,,,
espn-400927516,2017-07-25,2017,regular,ATL,PHX,99,91,,,espn,,,,
espn-400927517,2017-07-25,2017,regular,MIN,NY,76,75,,,espn,,,,
espn-400927518,2017-07-25,2017,regular,DAL,IND,84,82,,,espn,,,,
espn-400927519,2017-07-25,2017,regular,LA,SEA,68,60,,,espn,,,,
espn-400927521,2017-07-28,2017,regular,IND,NY,84,85,,,espn,,,,
espn-400927522,2017-07-28,2017,regular,ATL,MIN,80,90,,,espn,,,,
espn-400927523,2017-07-28,2017,regular,SA,LA,73,85,,,espn,,,,
espn-400927524,2017-07-28,2017,regular,CHI,PHX,80,86,,,espn,,,,
espn-400927525,2017-07-28,2017,regular,SEA,DAL,109,93,,,espn,,,,
espn-400927526,2017-07-30,2017,regular,CONN,IND,89,73,,,espn,,,,
espn-400927527,2017-07-30,2017,regular,ATL,WSH,70,77,,,espn,,,,
espn-400927528,2017-07-30,2017,regular,LA,DAL,95,74,,,espn,,,,
espn-400927529,2017-07-30,2017,regular,PHX,SA,81,64,,,espn,,,,
espn-400927530,2017-07-30,2017,regular,CHI,NY,82,86,,,espn,,,,
espn-400927531,2017-07-30,2017,regular,MIN,SEA,93,82,,,espn,,,,
espn-400927532,2017-08-01,2017,regular,SA,NY,93,81,,,espn,,,,
espn-400927533,2017-08-03,2017,regular,MIN,ATL,69,54,,,espn,,,,
espn-400927534,2017-08-04,2017,regular,CONN,PHX,93,92,,,espn,,,,
espn-400927535,2017-08-04,2017,regular,IND,CHI,70,81,,,espn,,,,
espn-400927536,2017-08-04,2017,regular,DAL,SEA,93,80,,,espn,,,,
espn-400927537,2017-08-04,2017,regular,SA,WSH,76,74,,,espn,,,,
espn-400927538,2017-08-04,2017,regular,LA,NY,87,74,,,espn,,,,
espn-400927539,2017-08-05,2017,regular,CHI,ATL,91,86,,,espn,,,,
espn-400927540,2017-08-05,2017,regular,SA,SEA,87,80,,,espn,,,,
espn-400927541,2017-08-06,2017,regular,WSH,PHX,85,80,,,espn,,,,
espn-400927542,2017-08-06,2017,regular,DAL,LA,85,79,,,espn,,,,
espn-400927543,2017-08-06,2017,regular,IND,MIN,84,82,,,espn,,,,
espn-400927544,2017-08-08,2017,regular,NY,IND,81,76,,,espn,,,,
espn-400927545,2017-08-08,2017,regular,CONN,SEA,84,71,,,espn,,,,
espn-400927546,2017-08-08,2017,regular,ATL,MIN,72,81,,,espn,,,,
espn-400927547,2017-08-10,2017,regular,CHI,SA,94,74,,,espn,,,,
espn-400927548,2017-08-10,2017,regular,DAL,PHX,100,101,,,espn,,,,
espn-400927549,2017-08-11,2017,regular,ATL,NY,77,83,,,espn,,,,
espn-400927550,2017-08-11,2017,regular,MIN,LA,64,70,,,espn,,,,
espn-400927551,2017-08-12,2017,regular,CONN,DAL,96,88,,,espn,,,,
espn-400927552,2017-08-12,2017,regular,WSH,IND,100,80,,,espn,,,,
espn-400927553,2017-08-12,2017,regular,SA,ATL,84,68,,,espn,,,,
espn-400927554,2017-08-12,2017,regular,PHX,SEA,89,98,,,espn,,,,
espn-400927555,2017-08-13,2017,regular,NY,LA,83,69,,,espn,,,,
espn-400927556,2017-08-15,2017,regular,ATL,CONN,75,96,,,espn,,,,
espn-400927557,2017-08-16,2017,regular,WSH,LA,62,95,,,espn,,,,
espn-400927558,2017-08-16,2017,regular,SEA,MIN,62,61,,,espn,,,,
espn-400927559,2017-08-18,2017,regular,CONN,NY,70,82,,,espn,,,,
espn-400927560,2017-08-18,2017,regular,WSH,PHX,79,89,,,espn,,,,
espn-400927561,2017-08-18,2017,regular,MIN,IND,111,52,,,espn,,,,
espn-400927562,2017-08-18,2017,regular,CHI,LA,106,115,,,espn,,,,
espn-400927563,2017-08-18,2017,regular,SEA,SA,79,78,,,espn,,,,
espn-400927564,2017-08-19,2017,regular,DAL,ATL,90,86,,,espn,,,,
espn-400927565,2017-08-20,2017,regular,CONN,PHX,94,66,,,espn,,,,
espn-400927566,2017-08-20,2017,regular,NY,MIN,70,61,,,espn,,,,
espn-400927567,2017-08-20,2017,regular,IND,WSH,82,87,,,espn,,,,
espn-400927568,2017-08-20,2017,regular,CHI,SEA,66,103,,,espn,,,,
espn-400927569,2017-08-22,2017,regular,MIN,PHX,105,69,,,espn,,,,
espn-400927570,2017-08-22,2017,regular,LA,SA,75,55,,,espn,,,,
espn-400927571,2017-08-23,2017,regular,CONN,DAL,93,87,,,espn,,,,
espn-400927572,2017-08-23,2017,regular,ATL,SEA,89,83,,,espn,,,,
espn-400927573,2017-08-23,2017,regular,IND,NY,50,71,,,espn,,,,
espn-400927574,2017-08-24,2017,regular,PHX,LA,67,82,,,espn,,,,
espn-400927575,2017-08-25,2017,regular,CONN,CHI,83,96,,,espn,,,,
espn-400927576,2017-08-25,2017,regular,NY,WSH,74,66,,,espn,,,,
espn-400927577,2017-08-25,2017,regular,SA,MIN,70,89,,,espn,,,,
espn-400927578,2017-08-26,2017,regular,ATL,IND,79,74,,,espn,,,,
espn-400927579,2017-08-26,2017,regular,WSH,DAL,78,83,,,espn,,,,
espn-400927580,2017-08-27,2017,regular,NY,CHI,92,62,,,espn,,,,
espn-400927581,2017-08-27,2017,regular,LA,MIN,78,67,,,espn,,,,
espn-400927582,2017-08-27,2017,regular,SEA,PHX,71,75,,,espn,,,,
espn-400973288,2017-08-29,2017,regular,WSH,CONN,76,86,,,espn,,,,
espn-400927583,2017-08-30,2017,regular,IND,MIN,69,80,,,espn,,,,
espn-400927584,2017-08-30,2017,regular,CHI,DAL,96,99,,,espn,,,,
espn-400927585,2017-09-01,2017,regular,WSH,SEA,110,106,,,espn,,,,
espn-400927586,2017-09-01,2017,regular,NY,SA,81,69,,,espn,,,,
espn-400927587,2017-09-01,2017,regular,MIN,CHI,110,87,,,espn,,,,
espn-400927588,2017-09-01,2017,regular,PHX,CONN,86,66,,,espn,,,,
espn-400927589,2017-09-01,2017,regular,LA,ATL,81,56,,,espn,,,,
espn-400927590,2017-09-02,2017,regular,IND,SA,71,75,,,espn,,,,
espn-400927591,2017-09-03,2017,regular,DAL,NY,81,82,,,espn,,,,
espn-400927592,2017-09-03,2017,regular,LA,CONN,81,70,,,espn,,,,
espn-400927593,2017-09-03,2017,regular,PHX,ATL,84,70,,,espn,,,,
espn-400927594,2017-09-03,2017,regular,CHI,SEA,80,85,,,espn,,,,
espn-400927595,2017-09-03,2017,regular,MIN,WSH,86,72,,,espn,,,,
espn-400981090,2017-09-06,2017,postseason,WSH,DAL,86,76,,,espn,,,,
espn-400981091,2017-09-06,2017,postseason,PHX,SEA,79,69,,,espn,,,,
espn-400981092,2017-09-10,2017,postseason,CONN,PHX,83,88,,,espn,,,,
espn-400981093,2017-09-10,2017,postseason,NY,WSH,68,82,,,espn,,,,
espn-400981094,2017-09-12,2017,postseason,MIN,WSH,101,81,,,espn,,,,
espn-400981099,2017-09-12,2017,postseason,LA,PHX,79,66,,,espn,,,,
espn-400981095,2017-09-14,2017,postseason,MIN,WSH,93,83,,,espn,,,,
espn-400981100,2017-09-14,2017,postseason,LA,PHX,86,72,,,espn,,,,
espn-400981096,2017-09-17,2017,postseason,WSH,MIN,70,81,,,espn,,,,
espn-400981101,2017-09-17,2017,postseason,PHX,LA,87,89,,,espn,,,,
espn-400981428,2017-09-24,2017,postseason,MIN,LA,84,85,,,espn,,,,
espn-400981429,2017-09-26,2017,postseason,MIN,LA,70,68,,,espn,,,,
espn-400981430,2017-09-29,2017,postseason,LA,MIN,75,64,,,espn,,,,
espn-400981431,2017-10-01,2017,postseason,LA,MIN,69,80,,,espn,,,,
espn-400981432,2017-10-04,2017,postseason,MIN,LA,85,76,,,espn,,,,
espn-401018781,2018-05-18,2018,regular,PHX,DAL,86,78,,,espn,,,,
espn-401018782,2018-05-19,2018,regular,IND,CHI,64,82,,,espn,,,,
espn-401018783,2018-05-20,2018,regular,CONN,LV,101,65,,,espn,,,,
espn-401018784,2018-05-20,2018,regular,WSH,IND,82,75,,,espn,,,,
espn-401018785,2018-05-20,2018,regular,DAL,ATL,101,78,,,espn,,,,
espn-401018786,2018-05-20,2018,regular,MIN,LA,76,77,,,espn,,,,
espn-401018787,2018-05-20,2018,regular,CHI,NY,80,76,,,espn,,,,
espn-401018788,2018-05-20,2018,regular,SEA,PHX,82,87,,,espn,,,,
espn-401018789,2018-05-22,2018,regular,IND,LA,70,87,,,espn,,,,
espn-401018790,2018-05-22,2018,regular,WSH,LV,75,70,,,espn,,,,
espn-401018791,2018-05-23,2018,regular,CHI,ATL,63,81,,,espn,,,,
espn-401018792,2018-05-23,2018,regular,MIN,DAL,76,68,,,espn,,,,
espn-401018793,2018-05-23,2018,regular,PHX,SEA,71,87,,,espn,,,,
espn-401018794,2018-05-24,2018,regular,CONN,LA,102,94,,,espn,,,,
espn-401018795,2018-05-24,2018,regular,IND,WSH,84,93,,,espn,,,,
espn-401018796,2018-05-25,2018,regular,NY,MIN,72,78,,,espn,,,,
espn-401018797,2018-05-25,2018,regular,SEA,CHI,95,91,,,espn,,,,
espn-401018798,2018-05-26,2018,regular,ATL,DAL,70,78,,,espn,,,,
espn-401018799,2018-05-26,2018,regular,CONN,IND,86,77,,,espn,,,,
espn-401018800,2018-05-27,2018,regular,WSH,MIN,90,78,,,espn,,,,
espn-401018801,2018-05-27,2018,regular,LA,PHX,80,72,,,espn,,,,
espn-401018802,2018-05-27,2018,regular,LV,SEA,98,105,,,espn,,,,
espn-401018803,2018-05-29,2018,regular,ATL,MIN,76,74,,,espn,,,,
espn-401018804,2018-05-29,2018,regular,NY,DAL,94,89,,,espn,,,,
espn-401018805,2018-05-29,2018,regular,SEA,WSH,81,77,,,espn,,,,
espn-401018806,2018-05-30,2018,regular,PHX,WSH,95,103,,,espn,,,,
espn-401018807,2018-05-31,2018,regular,SEA,LV,101,74,,,espn,,,,
espn-401018808,2018-06-01,2018,regular,MIN,PHX,85,95,,,espn,,,,
espn-401018809,2018-06-01,2018,regular,CHI,CONN,72,110,,,espn,,,,
espn-401018810,2018-06-01,2018,regular,LV,WSH,85,73,,,espn,,,,
espn-401018811,2018-06-02,2018,regular,IND,NY,81,87,,,espn,,,,
espn-401018812,2018-06-02,2018,regular,DAL,SEA,94,90,,,espn,,,,
espn-401018813,2018-06-03,2018,regular,ATL,PHX,71,78,,,espn,,,,
espn-401018814,2018-06-03,2018,regular,WSH,CONN,64,88,,,espn,,,,
espn-401018815,2018-06-03,2018,regular,LA,MIN,77,69,,,espn,,,,
espn-401018816,2018-06-03,2018,regular,CHI,LV,95,90,,,espn,,,,
espn-401018817,2018-06-05,2018,regular,NY,PHX,74,80,,,espn,,,,
espn-401018818,2018-06-05,2018,regular,ATL,CONN,82,77,,,espn,,,,
espn-401018819,2018-06-07,2018,regular,NY,CONN,86,88,,,espn,,,,
espn-401018820,2018-06-07,2018,regular,WSH,MIN,80,88,,,espn,,,,
espn-401018821,2018-06-07,2018,regular,LA,SEA,63,88,,,espn,,,,
espn-401018822,2018-06-08,2018,regular,IND,DAL,83,89,,,espn,,,,
espn-401018823,2018-06-08,2018,regular,PHX,CHI,96,79,,,espn,,,,
espn-401018824,2018-06-08,2018,regular,LV,ATL,83,87,,,espn,,,,
espn-401018825,2018-06-09,2018,regular,CONN,MIN,89,75,,,espn,,,,
espn-401018826,2018-06-10,2018,regular,NY,IND,78,75,,,espn,,,,
espn-401018827,2018-06-10,2018,regular,LA,CHI,77,59,,,espn,,,,
espn-401018828,2018-06-10,2018,regular,PHX,LV,72,66,,,espn,,,,
espn-401018829,2018-06-10,2018,regular,SEA,ATL,64,67,,,espn,,,,
espn-401018830,2018-06-12,2018,regular,IND,LV,92,101,,,espn,,,,
espn-401018831,2018-06-12,2018,regular,DAL,PHX,72,75,,,espn,,,,
espn-401018832,2018-06-12,2018,regular,SEA,CHI,96,85,,,espn,,,,
espn-401018833,2018-06-12,2018,regular,LA,ATL,72,64,,,espn,,,,
espn-401018834,2018-06-13,2018,regular,CONN,WSH,91,95,,,espn,,,,
espn-401018835,2018-06-13,2018,regular,NY,LV,63,78,,,espn,,,,
espn-401018836,2018-06-14,2018,regular,ATL,IND,72,67,,,espn,,,,
espn-401018837,2018-06-15,2018,regular,WSH,LA,86,97,,,espn,,,,
espn-401018838,2018-06-15,2018,regular,DAL,LV,77,67,,,espn,,,,
espn-401018839,2018-06-15,2018,regular,SEA,CONN,103,92,,,espn,,,,
espn-401018840,2018-06-16,2018,regular,IND,ATL,96,64,,,espn,,,,
espn-401018841,2018-06-16,2018,regular,MIN,NY,85,71,,,espn,,,,
espn-401018842,2018-06-16,2018,regular,PHX,CONN,89,72,,,espn,,,,
espn-401018843,2018-06-17,2018,regular,CHI,LA,72,81,,,espn,,,,
espn-401018844,2018-06-17,2018,regular,LV,PHX,80,92,,,espn,,,,
espn-401018845,2018-06-19,2018,regular,NY,ATL,79,72,,,espn,,,,
espn-401018846,2018-06-19,2018,regular,WSH,CHI,88,60,,,espn,,,,
espn-401018847,2018-06-19,2018,regular,MIN,DAL,91,83,,,espn,,,,
espn-401018848,2018-06-19,2018,regular,SEA,LV,77,89,,,espn,,,,
espn-401018849,2018-06-19,2018,regular,LA,IND,74,55,,,espn,,,,
espn-401018850,2018-06-22,2018,regular,ATL,CONN,75,70,,,espn,,,,
espn-401018851,2018-06-22,2018,regular,DAL,LA,101,72,,,espn,,,,
espn-401018852,2018-06-22,2018,regular,CHI,WSH,77,93,,,espn,,,,
espn-401018853,2018-06-22,2018,regular,LV,NY,88,78,,,espn,,,,
espn-401018854,2018-06-22,2018,regular,PHX,MIN,72,83,,,espn,,,,
espn-401018855,2018-06-22,2018,regular,SEA,IND,72,63,,,espn,,,,
espn-401018856,2018-06-24,2018,regular,DAL,SEA,76,97,,,espn,,,,
espn-401018857,2018-06-24,2018,regular,LA,NY,80,54,,,espn,,,,
espn-401018858,2018-06-24,2018,regular,IND,CONN,78,87,,,espn,,,,
espn-401018859,2018-06-24,2018,regular,LV,MIN,73,88,,,espn,,,,
espn-401018860,2018-06-24,2018,regular,CHI,PHX,97,88,,,espn,,,,
espn-401018861,2018-06-26,2018,regular,NY,PHX,69,83,,,espn,,,,
espn-401018862,2018-06-26,2018,regular,WSH,CONN,92,80,,,espn,,,,
espn-401018863,2018-06-26,2018,regular,MIN,SEA,91,79,,,espn,,,,
espn-401018864,2018-06-26,2018,regular,LA,DAL,87,83,,,espn,,,,
espn-401018865,2018-06-27,2018,regular,CHI,ATL,93,80,,,espn,,,,
espn-401018866,2018-06-27,2018,regular,CONN,IND,101,89,,,espn,,,,
espn-401018867,2018-06-27,2018,regular,LV,DAL,91,97,,,espn,,,,
espn-401018868,2018-06-28,2018,regular,WSH,NY,80,77,,,espn,,,,
espn-401018869,2018-06-28,2018,regular,SEA,LA,81,72,,,espn,,,,
espn-401018870,2018-06-29,2018,regular,IND,PHX,77,95,,,espn,,,,
espn-401018871,2018-06-29,2018,regular,NY,CHI,99,103,,,espn,,,,
espn-401018872,2018-06-29,2018,regular,MIN,ATL,85,74,,,espn,,,,
espn-401018873,2018-06-29,2018,regular,LV,LA,94,78,,,espn,,,,
espn-401018874,2018-06-30,2018,regular,WSH,PHX,74,84,,,espn,,,,
espn-401018875,2018-07-01,2018,regular,DAL,MIN,72,76,,,espn,,,,
espn-401018876,2018-07-01,2018,regular,LA,LV,87,71,,,espn,,,,
espn-401018877,2018-07-01,2018,regular,IND,ATL,83,87,,,espn,,,,
espn-401018878,2018-07-01,2018,regular,CHI,NY,94,97,,,espn,,,,
espn-401018879,2018-07-01,2018,regular,SEA,CONN,84,70,,,espn,,,,
espn-401018880,2018-07-03,2018,regular,NY,SEA,62,77,,,espn,,,,
espn-401018881,2018-07-03,2018,regular,DAL,CHI,108,85,,,espn,,,,
espn-401018882,2018-07-03,2018,regular,MIN,IND,59,71,,,espn,,,,
espn-401018883,2018-07-03,2018,regular,LA,CONN,72,73,,,espn,,,,
espn-401018884,2018-07-05,2018,regular,WSH,NY,86,67,,,espn,,,,
espn-401018885,2018-07-05,2018,regular,DAL,IND,90,63,,,espn,,,,
espn-401018886,2018-07-05,2018,regular,MIN,LA,83,72,,,espn,,,,
espn-401018887,2018-07-05,2018,regular,LV,CHI,84,80,,,espn,,,,
espn-401018888,2018-07-05,2018,regular,PHX,CONN,84,77,,,espn,,,,
espn-401018889,2018-07-06,2018,regular,ATL,SEA,86,95,,,espn,,,,
espn-401018890,2018-07-07,2018,regular,LA,WSH,74,83,,,espn,,,,
espn-401018891,2018-07-07,2018,regular,CHI,MIN,77,63,,,espn,,,,
espn-401018892,2018-07-07,2018,regular,LV,CONN,94,90,,,espn,,,,
espn-401018893,2018-07-08,2018,regular,ATL,PHX,76,70,,,espn,,,,
espn-401018894,2018-07-08,2018,regular,NY,DAL,87,97,,,espn,,,,
espn-401018895,2018-07-08,2018,regular,SEA,WSH,97,91,,,espn,,,,
espn-401018896,2018-07-10,2018,regular,SEA,LA,75,77,,,espn,,,,
espn-401018897,2018-07-10,2018,regular,DAL,PHX,101,72,,,espn,,,,
espn-401018898,2018-07-10,2018,regular,CHI,LV,74,98,,,espn,,,,
espn-401018899,2018-07-11,2018,regular,CONN,NY,76,79,,,espn,,,,
espn-401018900,2018-07-11,2018,regular,WSH,ATL,89,106,,,espn,,,,
espn-401018901,2018-07-11,2018,regular,IND,MIN,65,87,,,espn,,,,
espn-401018902,2018-07-12,2018,regular,LA,DAL,77,92,,,espn,,,,
espn-401018903,2018-07-13,2018,regular,ATL,IND,98,74,,,espn,,,,
espn-401018904,2018-07-13,2018,regular,CONN,PHX,91,87,,,espn,,,,
espn-401018905,2018-07-13,2018,regular,WSH,CHI,88,72,,,espn,,,,
espn-401018906,2018-07-13,2018,regular,MIN,LV,77,85,,,espn,,,,
espn-401018907,2018-07-14,2018,regular,SEA,DAL,91,84,,,espn,,,,
espn-401018908,2018-07-15,2018,regular,ATL,WSH,80,77,,,espn,,,,
espn-401018909,2018-07-15,2018,regular,NY,CHI,107,84,,,espn,,,,
espn-401018910,2018-07-15,2018,regular,IND,PHX,82,101,,,espn,,,,
espn-401018911,2018-07-15,2018,regular,LV,LA,78,99,,,espn,,,,
espn-401018912,2018-07-15,2018,regular,MIN,CONN,64,83,,,espn,,,,
espn-401018913,2018-07-17,2018,regular,DAL,NY,104,87,,,espn,,,,
espn-401018914,2018-07-17,2018,regular,CONN,ATL,83,86,,,espn,,,,
espn-401018915,2018-07-18,2018,regular,CHI,SEA,83,101,,,espn,,,,
espn-401018916,2018-07-18,2018,regular,MIN,IND,89,65,,,espn,,,,
espn-401018917,2018-07-19,2018,regular,ATL,NY,82,68,,,espn,,,,
espn-401018918,2018-07-19,2018,regular,DAL,WSH,90,81,,,espn,,,,
espn-401018919,2018-07-19,2018,regular,PHX,LV,82,85,,,espn,,,,
espn-401018920,2018-07-20,2018,regular,CONN,SEA,65,78,,,espn,,,,
espn-401018921,2018-07-20,2018,regular,CHI,DAL,114,99,,,espn,,,,
espn-401018922,2018-07-20,2018,regular,LA,IND,76,78,,,espn,,,,
espn-401018923,2018-07-21,2018,regular,NY,WSH,78,95,,,espn,,,,
espn-401018924,2018-07-21,2018,regular,PHX,MIN,75,80,,,espn,,,,
espn-401018925,2018-07-22,2018,regular,ATL,SEA,87,74,,,espn,,,,
espn-401018926,2018-07-22,2018,regular,DAL,CONN,75,92,,,espn,,,,
espn-401018927,2018-07-22,2018,regular,LV,IND,88,74,,,espn,,,,
espn-401018928,2018-07-22,2018,regular,CHI,LA,76,93,,,espn,,,,
espn-401018929,2018-07-24,2018,regular,CONN,WSH,94,68,,,espn,,,,
espn-401018930,2018-07-24,2018,regular,IND,SEA,72,92,,,espn,,,,
espn-401018931,2018-07-24,2018,regular,MIN,NY,85,82,,,espn,,,,
espn-401018932,2018-07-24,2018,regular,LA,ATL,71,81,,,espn,,,,
espn-401018933,2018-07-25,2018,regular,PHX,CHI,87,101,,,espn,,,,
espn-401066195,2018-07-28,2018,regular,DEL,PAR,112,119,1,,espn,,,,
espn-401018934,2018-07-31,2018,regular,ATL,WSH,71,86,,,espn,,,,
espn-401018935,2018-07-31,2018,regular,DAL,CHI,91,92,,,espn,,,,
espn-401018936,2018-07-31,2018,regular,PHX,SEA,91,102,,,espn,,,,
espn-401018937,2018-08-01,2018,regular,CONN,NY,92,77,,,espn,,,,
espn-401018938,2018-08-01,2018,regular,LV,PHX,93,104,,,espn,,,,
espn-401018939,2018-08-02,2018,regular,IND,DAL,84,78,,,espn,,,,
espn-401018940,2018-08-02,2018,regular,LA,MIN,79,57,,,espn,,,,
espn-401018941,2018-08-03,2018,regular,ATL,CHI,89,74,,,espn,,,,
espn-401018942,2018-08-03,2018,regular,WSH,LV,0,0,,,espn,,,,
espn-401018943,2018-08-03,2018,regular,SEA,MIN,85,75,,,espn,,,,
espn-401018944,2018-08-04,2018,regular,NY,IND,55,68,,,espn,,,,
espn-401018945,2018-08-05,2018,regular,CONN,LV,109,88,,,espn,,,,
espn-401018946,2018-08-05,2018,regular,DAL,WSH,74,76,,,espn,,,,
espn-401018947,2018-08-05,2018,regular,LA,PHX,78,75,,,espn,,,,
espn-401018948,2018-08-05,2018,regular,MIN,ATL,66,86,,,espn,,,,
espn-401018949,2018-08-06,2018,regular,NY,SEA,80,96,,,espn,,,,
espn-401018950,2018-08-07,2018,regular,ATL,LV,109,100,,,espn,,,,
espn-401018951,2018-08-07,2018,regular,IND,SEA,79,94,,,espn,,,,
espn-401018952,2018-08-07,2018,regular,CHI,MIN,64,85,,,espn,,,,
espn-401018953,2018-08-07,2018,regular,PHX,WSH,98,103,,,espn,,,,
espn-401018954,2018-08-08,2018,regular,NY,LA,81,82,,,espn,,,,
espn-401018955,2018-08-08,2018,regular,DAL,CONN,92,101,,,espn,,,,
espn-401018956,2018-08-09,2018,regular,WSH,SEA,100,77,,,espn,,,,
espn-401018957,2018-08-09,2018,regular,ATL,LA,79,73,,,espn,,,,
espn-401018958,2018-08-09,2018,regular,LV,MIN,73,89,,,espn,,,,
espn-401018959,2018-08-10,2018,regular,CHI,CONN,97,86,,,espn,,,,
espn-401018960,2018-08-10,2018,regular,PHX,IND,94,74,,,espn,,,,
espn-401018961,2018-08-11,2018,regular,ATL,DAL,92,82,,,espn,,,,
espn-401018962,2018-08-11,2018,regular,LV,IND,92,74,,,espn,,,,
espn-401018963,2018-08-12,2018,regular,NY,ATL,77,86,,,espn,,,,
espn-401018964,2018-08-12,2018,regular,CONN,CHI,82,75,,,espn,,,,
espn-401018965,2018-08-12,2018,regular,WSH,DAL,93,80,,,espn,,,,
espn-401018966,2018-08-12,2018,regular,PHX,LA,86,78,,,espn,,,,
espn-401018967,2018-08-12,2018,regular,MIN,SEA,72,81,,,espn,,,,
espn-401018968,2018-08-14,2018,regular,CONN,DAL,96,76,,,espn,,,,
espn-401018969,2018-08-14,2018,regular,MIN,CHI,88,91,,,espn,,,,
espn-401018970,2018-08-14,2018,regular,LA,NY,74,66,,,espn,,,,
espn-401018971,2018-08-15,2018,regular,IND,WSH,62,76,,,espn,,,,
espn-401018972,2018-08-15,2018,regular,LV,NY,85,72,,,espn,,,,
espn-401018973,2018-08-17,2018,regular,CONN,MIN,96,79,,,espn,,,,
espn-401018974,2018-08-17,2018,regular,WSH,LA,69,67,,,espn,,,,
espn-401018975,2018-08-17,2018,regular,DAL,LV,107,102,,,espn,,,,
espn-401018976,2018-08-17,2018,regular,PHX,ATL,104,95,,,espn,,,,
espn-401018977,2018-08-17,2018,regular,SEA,NY,85,77,,,espn,,,,
espn-401018978,2018-08-18,2018,regular,IND,CHI,106,115,,,espn,,,,
espn-401018979,2018-08-19,2018,regular,CONN,LA,89,86,,,espn,,,,
espn-401018980,2018-08-19,2018,regular,LV,ATL,78,93,,,espn,,,,
espn-401018981,2018-08-19,2018,regular,PHX,NY,96,85,,,espn,,,,
espn-401018982,2018-08-19,2018,regular,CHI,IND,92,97,,,espn,,,,
espn-401018983,2018-08-19,2018,regular,SEA,DAL,84,68,,,espn,,,,
espn-401018984,2018-08-19,2018,regular,MIN,WSH,88,83,,,espn,,,,
espn-401074453,2018-08-21,2018,postseason,PHX,DAL,101,83,,,espn,,,,
espn-401074454,2018-08-21,2018,postseason,LA,MIN,75,68,,,espn,,,,
espn-401074455,2018-08-23,2018,postseason,WSH,LA,96,64,,,espn,,,,
espn-401074456,2018-08-23,2018,postseason,CONN,PHX,86,96,,,espn,,,,
espn-401074457,2018-08-26,2018,postseason,SEA,PHX,91,87,,,espn,,,,
espn-401074459,2018-08-26,2018,postseason,ATL,WSH,84,87,,,espn,,,,
espn-401074458,2018-08-28,2018,postseason,SEA,PHX,91,87,,,espn,,,,
espn-401074460,2018-08-28,2018,postseason,ATL,WSH,78,75,,,espn,,,,
espn-401074461,2018-08-31,2018,postseason,PHX,SEA,86,66,,,espn,,,,
espn-401074473,2018-08-31,2018,postseason,WSH,ATL,76,81,,,espn,,,,
espn-401074462,2018-09-02,2018,postseason,WSH,ATL,97,76,,,espn,,,,
espn-401074463,2018-09-02,2018,postseason,PHX,SEA,86,84,,,espn,,,,
espn-401074464,2018-09-04,2018,postseason,SEA,PHX,94,84,,,espn,,,,
espn-401074465,2018-09-04,2018,postseason,ATL,WSH,81,86,,,espn,,,,
espn-401079693,2018-09-07,2018,postseason,SEA,WSH,89,76,,,espn,,,,
espn-401079694,2018-09-09,2018,postseason,SEA,WSH,75,73,,,espn,,,,
espn-401079695,2018-09-12,2018,postseason,WSH,SEA,82,98,,,espn,,,,
espn-401104913,2019-05-24,2019,regular,ATL,DAL,76,72,,,espn,,,,
espn-401104914,2019-05-24,2019,regular,NY,IND,80,81,,,espn,,,,
espn-401104915,2019-05-25,2019,regular,SEA,PHX,77,68,,,espn,,,,
espn-401104916,2019-05-25,2019,regular,CONN,WSH,84,69,,,espn,,,,
espn-401104917,2019-05-25,2019,regular,MIN,CHI,89,71,,,espn,,,,
espn-401104918,2019-05-26,2019,regular,LV,LA,83,70,,,espn,,,,
espn-401104919,2019-05-28,2019,regular,CONN,IND,88,77,,,espn,,,,
espn-401104920,2019-05-29,2019,regular,MIN,SEA,72,61,,,espn,,,,
espn-401104921,2019-05-31,2019,regular,ATL,SEA,66,82,,,espn,,,,
espn-401104922,2019-05-31,2019,regular,PHX,LV,86,84,,,espn,,,,
espn-401104923,2019-05-31,2019,regular,LA,CONN,77,70,,,espn,,,,
espn-401104924,2019-06-01,2019,regular,IND,NY,92,77,,,espn,,,,
espn-401104925,2019-06-01,2019,regular,WSH,ATL,96,75,,,espn,,,,
espn-401104926,2019-06-01,2019,regular,CHI,SEA,83,79,,,espn,,,,
espn-401104927,2019-06-01,2019,regular,DAL,MIN,67,70,,,espn,,,,
espn-401104928,2019-06-02,2019,regular,LV,CONN,74,80,,,espn,,,,
espn-401104929,2019-06-04,2019,regular,NY,LA,73,78,,,espn,,,,
espn-401104930,2019-06-04,2019,regular,SEA,MIN,84,77,,,espn,,,,
espn-401104931,2019-06-05,2019,regular,WSH,CHI,103,85,,,espn,,,,
espn-401104932,2019-06-06,2019,regular,ATL,LV,69,92,,,espn,,,,
espn-401104933,2019-06-06,2019,regular,CONN,LA,89,77,,,espn,,,,
espn-401104934,2019-06-06,2019,regular,MIN,PHX,58,56,,,espn,,,,
espn-401104935,2019-06-07,2019,regular,IND,DAL,79,64,,,espn,,,,
espn-401104936,2019-06-07,2019,regular,NY,WSH,85,94,,,espn,,,,
espn-401104937,2019-06-08,2019,regular,MIN,LA,85,89,,,espn,,,,
espn-401104938,2019-06-09,2019,regular,ATL,CONN,59,65,,,espn,,,,
espn-401104939,2019-06-09,2019,regular,NY,LV,88,78,,,espn,,,,
espn-401104940,2019-06-09,2019,regular,WSH,DAL,86,62,,,espn,,,,
espn-401104941,2019-06-09,2019,regular,IND,PHX,87,94,,,espn,,,,
espn-401104942,2019-06-09,2019,regular,CHI,SEA,78,71,,,espn,,,,
espn-401104943,2019-06-11,2019,regular,CONN,WSH,83,75,,,espn,,,,
espn-401104944,2019-06-11,2019,regular,IND,SEA,82,84,,,espn,,,,
espn-401104945,2019-06-11,2019,regular,CHI,PHX,82,75,,,espn,,,,
espn-401104946,2019-06-12,2019,regular,NY,MIN,75,69,,,espn,,,,
espn-401104947,2019-06-13,2019,regular,DAL,IND,72,76,,,espn,,,,
espn-401104948,2019-06-14,2019,regular,WSH,SEA,71,74,,,espn,,,,
espn-401104949,2019-06-14,2019,regular,MIN,CONN,81,85,,,espn,,,,
espn-401104950,2019-06-14,2019,regular,PHX,LA,68,85,,,espn,,,,
espn-401104951,2019-06-14,2019,regular,LV,NY,100,65,,,espn,,,,
espn-401104952,2019-06-15,2019,regular,IND,CHI,64,70,,,espn,,,,
espn-401104953,2019-06-15,2019,regular,DAL,ATL,71,61,,,espn,,,,
espn-401104954,2019-06-15,2019,regular,LA,NY,92,98,,,espn,,,,
espn-401104955,2019-06-16,2019,regular,CONN,SEA,81,67,,,espn,,,,
espn-401104956,2019-06-16,2019,regular,MIN,LV,75,80,,,espn,,,,
espn-401104957,2019-06-18,2019,regular,LA,WSH,52,81,,,espn,,,,
espn-401104958,2019-06-19,2019,regular,ATL,IND,88,78,,,espn,,,,
espn-401104959,2019-06-19,2019,regular,NY,CHI,83,91,,,espn,,,,
espn-401104960,2019-06-20,2019,regular,DAL,PHX,69,54,,,espn,,,,
espn-401104961,2019-06-20,2019,regular,LV,WSH,72,95,,,espn,,,,
espn-401104962,2019-06-21,2019,regular,CONN,ATL,86,76,,,espn,,,,
espn-401104963,2019-06-21,2019,regular,CHI,IND,69,76,,,espn,,,,
espn-401104964,2019-06-21,2019,regular,SEA,LA,84,62,,,espn,,,,
espn-401104965,2019-06-22,2019,regular,MIN,NY,92,83,,,espn,,,,
espn-401104966,2019-06-22,2019,regular,LV,DAL,86,68,,,espn,,,,
espn-401104967,2019-06-23,2019,regular,ATL,WSH,73,89,,,espn,,,,
espn-401104968,2019-06-23,2019,regular,CHI,CONN,93,75,,,espn,,,,
espn-401104969,2019-06-23,2019,regular,PHX,LA,82,72,,,espn,,,,
espn-401104970,2019-06-23,2019,regular,SEA,IND,65,61,,,espn,,,,
espn-401104971,2019-06-25,2019,regular,IND,MIN,74,78,,,espn,,,,
espn-401104972,2019-06-25,2019,regular,LV,SEA,60,56,,,espn,,,,
espn-401104973,2019-06-26,2019,regular,CHI,WSH,74,81,,,espn,,,,
espn-401104974,2019-06-26,2019,regular,DAL,CONN,74,73,,,espn,,,,
espn-401104975,2019-06-27,2019,regular,LA,LV,86,74,,,espn,,,,
espn-401104976,2019-06-28,2019,regular,NY,DAL,69,68,,,espn,,,,
espn-401104977,2019-06-28,2019,regular,PHX,IND,91,69,,,espn,,,,
espn-401104978,2019-06-28,2019,regular,SEA,CHI,79,76,,,espn,,,,
espn-401104979,2019-06-29,2019,regular,WSH,CONN,102,59,,,espn,,,,
espn-401104980,2019-06-29,2019,regular,LV,IND,102,97,,,espn,,,,
espn-401104981,2019-06-30,2019,regular,ATL,NY,58,74,,,espn,,,,
espn-401104982,2019-06-30,2019,regular,DAL,MIN,89,86,,,espn,,,,
espn-401104983,2019-06-30,2019,regular,LA,CHI,94,69,,,espn,,,,
espn-401104984,2019-06-30,2019,regular,SEA,PHX,67,69,,,espn,,,,
espn-401104985,2019-07-02,2019,regular,LV,CHI,90,82,,,espn,,,,
espn-401104986,2019-07-02,2019,regular,MIN,ATL,85,68,,,espn,,,,
espn-401104987,2019-07-03,2019,regular,SEA,NY,83,84,,,espn,,,,
espn-401104988,2019-07-05,2019,regular,DAL,IND,56,76,,,espn,,,,
espn-401104989,2019-07-05,2019,regular,PHX,NY,76,80,,,espn,,,,
espn-401104990,2019-07-05,2019,regular,SEA,ATL,66,77,,,espn,,,,
espn-401104992,2019-07-06,2019,regular,CONN,MIN,71,74,,,espn,,,,
espn-401104993,2019-07-07,2019,regular,NY,LV,58,90,,,espn,,,,
espn-401104994,2019-07-07,2019,regular,LA,WSH,98,81,,,espn,,,,
espn-401104995,2019-07-07,2019,regular,CHI,DAL,78,66,,,espn,,,,
espn-401104996,2019-07-07,2019,regular,PHX,ATL,65,63,,,espn,,,,
espn-401104997,2019-07-09,2019,regular,DAL,LA,74,62,,,espn,,,,
espn-401104998,2019-07-10,2019,regular,ATL,CONN,78,75,,,espn,,,,
espn-401104999,2019-07-10,2019,regular,WSH,PHX,68,91,,,espn,,,,
espn-401105000,2019-07-10,2019,regular,IND,LV,71,74,,,espn,,,,
espn-401105001,2019-07-10,2019,regular,CHI,MIN,72,73,,,espn,,,,
espn-401105002,2019-07-12,2019,regular,IND,LA,84,90,,,espn,,,,
espn-401105003,2019-07-12,2019,regular,ATL,MIN,60,53,,,espn,,,,
espn-401105004,2019-07-12,2019,regular,CONN,PHX,79,64,,,espn,,,,
espn-401105005,2019-07-12,2019,regular,CHI,NY,99,83,,,espn,,,,
espn-401105006,2019-07-12,2019,regular,SEA,DAL,95,81,,,espn,,,,
espn-401105007,2019-07-13,2019,regular,WSH,LV,81,85,,,espn,,,,
espn-401105008,2019-07-14,2019,regular,ATL,LA,71,76,,,espn,,,,
espn-401105009,2019-07-14,2019,regular,IND,CONN,63,76,,,espn,,,,
espn-401105010,2019-07-14,2019,regular,DAL,CHI,79,89,,,espn,,,,
espn-401105011,2019-07-14,2019,regular,MIN,PHX,75,62,,,espn,,,,
espn-401105012,2019-07-14,2019,regular,SEA,NY,78,69,,,espn,,,,
espn-401105013,2019-07-17,2019,regular,CHI,ATL,77,76,,,espn,,,,
espn-401105014,2019-07-17,2019,regular,PHX,DAL,69,64,,,espn,,,,
espn-401105015,2019-07-17,2019,regular,MIN,SEA,79,90,,,espn,,,,
espn-401105016,2019-07-18,2019,regular,LA,DAL,69,64,,,espn,,,,
espn-401105017,2019-07-19,2019,regular,IND,WSH,88,95,,,espn,,,,
espn-401105018,2019-07-19,2019,regular,CONN,ATL,98,69,,,espn,,,,
espn-401105019,2019-07-19,2019,regular,SEA,LV,69,66,,,espn,,,,
espn-401105020,2019-07-20,2019,regular,NY,LA,83,78,,,espn,,,,
espn-401105021,2019-07-20,2019,regular,DAL,PHX,66,70,,,espn,,,,
espn-401105022,2019-07-21,2019,regular,WSH,ATL,93,65,,,espn,,,,
espn-401105023,2019-07-21,2019,regular,CHI,IND,78,70,,,espn,,,,
espn-401105024,2019-07-21,2019,regular,LV,MIN,79,74,,,espn,,,,
espn-401105025,2019-07-23,2019,regular,ATL,LA,66,78,,,espn,,,,
espn-401105026,2019-07-23,2019,regular,LV,SEA,79,62,,,espn,,,,
espn-401105027,2019-07-23,2019,regular,PHX,IND,95,77,,,espn,,,,
espn-401105028,2019-07-24,2019,regular,CONN,NY,70,63,,,espn,,,,
espn-401105029,2019-07-24,2019,regular,MIN,WSH,71,79,,,espn,,,,
espn-401151757,2019-07-27,2019,regular,WIL,DEL,129,126,1,,espn,,,,
espn-401105030,2019-07-30,2019,regular,CONN,CHI,100,94,,,espn,,,,
espn-401105031,2019-07-30,2019,regular,WSH,PHX,99,93,,,espn,,,,
espn-401105032,2019-07-30,2019,regular,LV,DAL,86,54,,,espn,,,,
espn-401105033,2019-07-31,2019,regular,IND,ATL,61,59,,,espn,,,,
espn-401105034,2019-08-01,2019,regular,CONN,PHX,68,62,,,espn,,,,
espn-401105035,2019-08-01,2019,regular,DAL,NY,87,64,,,espn,,,,
espn-401105036,2019-08-01,2019,regular,LA,LV,76,68,,,espn,,,,
espn-401105037,2019-08-02,2019,regular,SEA,WSH,79,99,,,espn,,,,
espn-401105038,2019-08-03,2019,regular,ATL,CHI,75,87,,,espn,,,,
espn-401105039,2019-08-03,2019,regular,IND,MIN,86,75,,,espn,,,,
espn-401105040,2019-08-03,2019,regular,DAL,LV,70,75,,,espn,,,,
espn-401105041,2019-08-04,2019,regular,NY,CONN,79,94,,,espn,,,,
espn-401105042,2019-08-04,2019,regular,LA,SEA,83,75,,,espn,,,,
espn-401105043,2019-08-04,2019,regular,PHX,WSH,103,82,,,espn,,,,
espn-401156333,2019-08-05,2019,regular,LV,WSH,70,99,,,espn,,,,
espn-401105044,2019-08-06,2019,regular,ATL,MIN,69,85,,,espn,,,,
espn-401105045,2019-08-07,2019,regular,CHI,NY,101,92,,,espn,,,,
espn-401105046,2019-08-08,2019,regular,WSH,IND,91,78,,,espn,,,,
espn-401105047,2019-08-08,2019,regular,LA,PHX,84,74,,,espn,,,,
espn-401105048,2019-08-08,2019,regular,SEA,DAL,69,57,,,espn,,,,
espn-401105049,2019-08-09,2019,regular,MIN,CONN,89,57,,,espn,,,,
espn-401105050,2019-08-09,2019,regular,LV,CHI,84,87,,,espn,,,,
espn-401105051,2019-08-10,2019,regular,IND,ATL,87,82,,,espn,,,,
espn-401105052,2019-08-10,2019,regular,PHX,DAL,77,80,,,espn,,,,
espn-401105053,2019-08-11,2019,regular,NY,SEA,69,84,,,espn,,,,
espn-401105054,2019-08-11,2019,regular,WSH,MIN,101,78,,,espn,,,,
espn-401105055,2019-08-11,2019,regular,LA,CHI,84,81,,,espn,,,,
espn-401105056,2019-08-11,2019,regular,LV,CONN,89,81,,,espn,,,,
espn-401105057,2019-08-13,2019,regular,NY,MIN,73,89,,,espn,,,,
espn-401105058,2019-08-13,2019,regular,LV,ATL,94,90,,,espn,,,,
espn-401105059,2019-08-14,2019,regular,WSH,SEA,88,59,,,espn,,,,
espn-401105060,2019-08-14,2019,regular,DAL,LA,84,78,,,espn,,,,
espn-401105061,2019-08-14,2019,regular,PHX,CONN,71,78,,,espn,,,,
espn-401105062,2019-08-16,2019,regular,CONN,SEA,79,78,,,espn,,,,
espn-401105063,2019-08-16,2019,regular,CHI,LA,91,81,,,espn,,,,
espn-401105064,2019-08-16,2019,regular,DAL,NY,83,77,,,espn,,,,
espn-401105065,2019-08-16,2019,regular,MIN,WSH,79,86,,,espn,,,,
espn-401105066,2019-08-16,2019,regular,PHX,ATL,77,68,,,espn,,,,
espn-401105067,2019-08-18,2019,regular,CONN,DAL,78,68,,,espn,,,,
espn-401105068,2019-08-18,2019,regular,WSH,IND,107,68,,,espn,,,,
espn-401105069,2019-08-18,2019,regular,CHI,LV,85,100,,,espn,,,,
espn-401105070,2019-08-18,2019,regular,PHX,NY,78,72,,,espn,,,,
espn-401105071,2019-08-18,2019,regular,SEA,MIN,82,74,,,espn,,,,
espn-401105072,2019-08-20,2019,regular,ATL,CHI,83,87,,,espn,,,,
espn-401105073,2019-08-20,2019,regular,IND,NY,76,82,,,espn,,,,
espn-401105074,2019-08-20,2019,regular,LV,PHX,84,79,,,espn,,,,
espn-401105075,2019-08-20,2019,regular,LA,MIN,81,71,,,espn,,,,
espn-401105076,2019-08-22,2019,regular,MIN,DAL,86,70,,,espn,,,,
espn-401105077,2019-08-22,2019,regular,LA,IND,98,65,,,espn,,,,
espn-401105078,2019-08-23,2019,regular,CONN,LV,89,85,,,espn,,,,
espn-401105079,2019-08-23,2019,regular,NY,ATL,87,90,,,espn,,,,
espn-401105080,2019-08-23,2019,regular,CHI,WSH,85,78,,,espn,,,,
espn-401105081,2019-08-25,2019,regular,WSH,NY,101,72,,,espn,,,,
espn-401105082,2019-08-25,2019,regular,DAL,ATL,73,77,,,espn,,,,
espn-401105083,2019-08-25,2019,regular,LA,CONN,84,72,,,espn,,,,
espn-401105084,2019-08-25,2019,regular,PHX,CHI,86,94,,,espn,,,,
espn-401105085,2019-08-25,2019,regular,MIN,LV,98,77,,,espn,,,,
espn-401105086,2019-08-25,2019,regular,SEA,IND,54,63,,,espn,,,,
espn-401105087,2019-08-27,2019,regular,IND,LV,86,71,,,espn,,,,
espn-401105088,2019-08-27,2019,regular,NY,PHX,82,95,,,espn,,,,
espn-401105089,2019-08-27,2019,regular,WSH,LA,95,66,,,espn,,,,
espn-401105090,2019-08-27,2019,regular,MIN,CHI,93,85,,,espn,,,,
espn-401105091,2019-08-27,2019,regular,SEA,CONN,70,89,,,espn,,,,
espn-401105092,2019-08-29,2019,regular,IND,LA,83,87,,,espn,,,,
espn-401105093,2019-08-29,2019,regular,CHI,DAL,83,88,,,espn,,,,
espn-401105094,2019-08-29,2019,regular,ATL,PHX,58,65,,,espn,,,,
espn-401105095,2019-08-30,2019,regular,NY,CONN,84,94,,,espn,,,,
espn-401105096,2019-08-31,2019,regular,DAL,WSH,85,91,,,espn,,,,
espn-401105097,2019-08-31,2019,regular,LV,LA,92,86,,,espn,,,,
espn-401105098,2019-09-01,2019,regular,CHI,PHX,105,78,,,espn,,,,
espn-401105099,2019-09-01,2019,regular,MIN,IND,81,73,,,espn,,,,
espn-401105100,2019-09-01,2019,regular,SEA,ATL,92,75,,,espn,,,,
espn-401105101,2019-09-03,2019,regular,NY,WSH,77,93,,,espn,,,,
espn-401105102,2019-09-03,2019,regular,PHX,SEA,70,82,,,espn,,,,
espn-401105103,2019-09-03,2019,regular,LA,ATL,70,60,,,espn,,,,
espn-401105104,2019-09-04,2019,regular,CONN,DAL,102,72,,,espn,,,,
espn-401105105,2019-09-05,2019,regular,ATL,LV,78,74,,,espn,,,,
espn-401105106,2019-09-05,2019,regular,LA,SEA,102,68,,,espn,,,,
espn-401105107,2019-09-06,2019,regular,WSH,DAL,86,73,,,espn,,,,
espn-401105108,2019-09-06,2019,regular,CONN,CHI,104,109,,,espn,,,,
espn-401105109,2019-09-06,2019,regular,NY,IND,81,86,,,espn,,,,
espn-401105110,2019-09-06,2019,regular,PHX,MIN,69,83,,,espn,,,,
espn-401105111,2019-09-08,2019,regular,ATL,NY,63,71,,,espn,,,,
espn-401105112,2019-09-08,2019,regular,IND,CONN,104,76,,,espn,,,,
espn-401105113,2019-09-08,2019,regular,WSH,CHI,100,86,,,espn,,,,
espn-401105114,2019-09-08,2019,regular,DAL,SEA,64,78,,,espn,,,,
espn-401105115,2019-09-08,2019,regular,PHX,LV,89,98,,,espn,,,,
espn-401105116,2019-09-08,2019,regular,LA,MIN,77,68,,,espn,,,,
espn-401165793,2019-09-11,2019,postseason,CHI,PHX,105,76,,,espn,,,,
espn-401165794,2019-09-11,2019,postseason,SEA,MIN,84,74,,,espn,,,,
espn-401165795,2019-09-15,2019,postseason,LA,SEA,92,69,,,espn,,,,
espn-401165796,2019-09-15,2019,postseason,LV,CHI,93,92,,,espn,,,,
espn-401165797,2019-09-17,2019,postseason,WSH,LV,97,95,,,espn,,,,
espn-401165802,2019-09-17,2019,postseason,CONN,LA,84,75,,,espn,,,,
espn-401165798,2019-09-19,2019,postseason,WSH,LV,103,91,,,espn,,,,
espn-401165803,2019-09-19,2019,postseason,CONN,LA,94,68,,,espn,,,,
espn-401165887,2019-09-22,2019,postseason,LV,WSH,92,75,,,espn,,,,
espn-401165892,2019-09-22,2019,postseason,LA,CONN,56,78,,,espn,,,,
espn-401165888,2019-09-24,2019,postseason,LV,WSH,90,94,,,espn,,,,
espn-401165807,2019-09-29,2019,postseason,WSH,CONN,95,86,,,espn,,,,
espn-401165808,2019-10-01,2019,postseason,WSH,CONN,87,99,,,espn,,,,
espn-401165809,2019-10-06,2019,postseason,CONN,WSH,81,94,,,espn,,,,
espn-401165810,2019-10-08,2019,postseason,CONN,WSH,90,86,,,espn,,,,
espn-401165811,2019-10-10,2019,postseason,WSH,CONN,89,78,,,espn,,,,
espn-401230733,2020-07-25,2020,regular,NY,SEA,71,87,,,espn,,,,
espn-401230734,2020-07-25,2020,regular,PHX,LA,76,99,,,espn,,,,
espn-401230735,2020-07-25,2020,regular,WSH,IND,101,76,,,espn,,,,
espn-401230461,2020-07-26,2020,regular,MIN,CONN,77,69,,,espn,,,,
espn-401230462,2020-07-26,2020,regular,LV,CHI,86,88,,,espn,,,,
espn-401230463,2020-07-26,2020,regular,ATL,DAL,105,95,,,espn,,,,
espn-401230464,2020-07-28,2020,regular,CONN,WSH,89,94,,,espn,,,,
espn-401230465,2020-07-28,2020,regular,CHI,LA,96,78,,,espn,,,,
espn-401230466,2020-07-28,2020,regular,SEA,MIN,90,66,,,espn,,,,
espn-401230467,2020-07-29,2020,regular,IND,PHX,106,100,,,espn,,,,
espn-401230468,2020-07-29,2020,regular,DAL,NY,93,80,,,espn,,,,
espn-401230469,2020-07-29,2020,regular,LV,ATL,100,70,,,espn,,,,
espn-401230470,2020-07-30,2020,regular,WSH,SEA,89,71,,,espn,,,,
espn-401230471,2020-07-30,2020,regular,MIN,CHI,83,81,,,espn,,,,
espn-401230472,2020-07-30,2020,regular,LA,CONN,81,76,,,espn,,,,
espn-401230753,2020-07-31,2020,regular,ATL,NY,84,78,,,espn,,,,
espn-401230754,2020-07-31,2020,regular,DAL,IND,76,73,,,espn,,,,
espn-401230755,2020-07-31,2020,regular,PHX,LV,102,95,,,espn,,,,
espn-401230756,2020-08-01,2020,regular,CONN,MIN,69,78,,,espn,,,,
espn-401230757,2020-08-01,2020,regular,CHI,WSH,88,86,,,espn,,,,
espn-401230758,2020-08-01,2020,regular,SEA,LA,81,75,,,espn,,,,
espn-401230759,2020-08-02,2020,regular,NY,PHX,67,96,,,espn,,,,
espn-401230760,2020-08-02,2020,regular,IND,ATL,93,77,,,espn,,,,
espn-401230761,2020-08-02,2020,regular,LV,DAL,79,70,,,espn,,,,
espn-401230762,2020-08-04,2020,regular,CHI,DAL,82,79,,,espn,,,,
espn-401230763,2020-08-04,2020,regular,ATL,PHX,74,81,,,espn,,,,
espn-401230764,2020-08-04,2020,regular,SEA,CONN,87,74,,,espn,,,,
espn-401230765,2020-08-05,2020,regular,NY,MIN,66,92,,,espn,,,,
espn-401230766,2020-08-05,2020,regular,WSH,LV,77,83,,,espn,,,,
espn-401230767,2020-08-05,2020,regular,LA,IND,86,75,,,espn,,,,
espn-401230768,2020-08-06,2020,regular,ATL,SEA,92,93,,,espn,,,,
espn-401230769,2020-08-06,2020,regular,DAL,CONN,68,91,,,espn,,,,
espn-401230770,2020-08-06,2020,regular,PHX,CHI,96,86,,,espn,,,,
espn-401230771,2020-08-07,2020,regular,MIN,IND,87,80,,,espn,,,,
espn-401230772,2020-08-07,2020,regular,WSH,NY,66,74,,,espn,,,,
espn-401230773,2020-08-07,2020,regular,LV,LA,86,82,,,espn,,,,
espn-401230774,2020-08-08,2020,regular,DAL,ATL,85,75,,,espn,,,,
espn-401230775,2020-08-08,2020,regular,SEA,PHX,74,68,,,espn,,,,
espn-401230776,2020-08-08,2020,regular,CONN,CHI,93,100,,,espn,,,,
espn-401230777,2020-08-09,2020,regular,NY,LV,76,78,,,espn,,,,
espn-401230778,2020-08-09,2020,regular,IND,WSH,91,84,,,espn,,,,
espn-401230779,2020-08-09,2020,regular,LA,MIN,97,81,,,espn,,,,
espn-401230780,2020-08-10,2020,regular,ATL,CONN,82,93,,,espn,,,,
espn-401230781,2020-08-10,2020,regular,DAL,PHX,79,91,,,espn,,,,
espn-401230782,2020-08-10,2020,regular,SEA,CHI,89,71,,,espn,,,,
espn-401230783,2020-08-11,2020,regular,MIN,WSH,68,48,,,espn,,,,
espn-401230784,2020-08-11,2020,regular,IND,LV,79,98,,,espn,,,,
espn-401230785,2020-08-11,2020,regular,LA,NY,93,78,,,espn,,,,
espn-401230786,2020-08-12,2020,regular,CONN,DAL,70,66,,,espn,,,,
espn-401230787,2020-08-12,2020,regular,CHI,PHX,89,71,,,espn,,,,
espn-401230788,2020-08-12,2020,regular,SEA,ATL,100,63,,,espn,,,,
espn-401230789,2020-08-13,2020,regular,NY,IND,79,86,,,espn,,,,
espn-401230790,2020-08-13,2020,regular,WSH,LA,64,81,,,espn,,,,
espn-401230791,2020-08-13,2020,regular,LV,MIN,87,77,,,espn,,,,
espn-401230792,2020-08-14,2020,regular,CHI,CONN,74,77,,,espn,,,,
espn-401230793,2020-08-14,2020,regular,DAL,SEA,65,83,,,espn,,,,
espn-401230794,2020-08-14,2020,regular,PHX,ATL,96,80,,,espn,,,,
espn-401230795,2020-08-15,2020,regular,IND,LA,76,90,,,espn,,,,
espn-401230796,2020-08-15,2020,regular,MIN,NY,94,64,,,espn,,,,
espn-401230797,2020-08-15,2020,regular,LV,WSH,88,73,,,espn,,,,
espn-401230820,2020-08-16,2020,regular,ATL,CHI,67,92,,,espn,,,,
espn-401230821,2020-08-16,2020,regular,CONN,SEA,72,95,,,espn,,,,
espn-401230822,2020-08-16,2020,regular,PHX,DAL,89,95,,,espn,,,,
espn-401230823,2020-08-18,2020,regular,CONN,IND,84,62,,,espn,,,,
espn-401230824,2020-08-18,2020,regular,CHI,LV,84,82,,,espn,,,,
espn-401230825,2020-08-18,2020,regular,SEA,NY,105,64,,,espn,,,,
espn-401230798,2020-08-19,2020,regular,WSH,ATL,98,91,,,espn,,,,
espn-401230826,2020-08-19,2020,regular,MIN,DAL,91,84,,,espn,,,,
espn-401230827,2020-08-19,2020,regular,LA,PHX,83,74,,,espn,,,,
espn-401230799,2020-08-20,2020,regular,NY,CHI,85,101,,,espn,,,,
espn-401230800,2020-08-20,2020,regular,LV,CONN,99,78,,,espn,,,,
espn-401230828,2020-08-20,2020,regular,IND,SEA,90,84,,,espn,,,,
espn-401230829,2020-08-21,2020,regular,ATL,LA,85,93,,,espn,,,,
espn-401230830,2020-08-21,2020,regular,DAL,WSH,101,92,,,espn,,,,
espn-401230831,2020-08-21,2020,regular,PHX,MIN,80,90,,,espn,,,,
espn-401230801,2020-08-22,2020,regular,LV,SEA,82,74,,,espn,,,,
espn-401230832,2020-08-22,2020,regular,CHI,IND,87,76,,,espn,,,,
espn-401230833,2020-08-22,2020,regular,CONN,NY,82,65,,,espn,,,,
espn-401230834,2020-08-23,2020,regular,MIN,ATL,75,78,,,espn,,,,
espn-401230835,2020-08-23,2020,regular,LA,DAL,84,81,,,espn,,,,
espn-401230836,2020-08-23,2020,regular,WSH,PHX,87,88,,,espn,,,,
espn-401230837,2020-08-25,2020,regular,CHI,NY,99,101,,,espn,,,,
espn-401230838,2020-08-25,2020,regular,DAL,LV,92,96,,,espn,,,,
espn-401230839,2020-08-25,2020,regular,SEA,IND,87,74,,,espn,,,,
espn-401230843,2020-08-28,2020,regular,ATL,MIN,79,88,,,espn,,,,
espn-401230844,2020-08-28,2020,regular,CONN,LA,76,80,,,espn,,,,
espn-401230845,2020-08-28,2020,regular,PHX,WSH,94,72,,,espn,,,,
espn-401230805,2020-08-29,2020,regular,IND,DAL,78,82,,,espn,,,,
espn-401230806,2020-08-29,2020,regular,CHI,SEA,74,88,,,espn,,,,
espn-401230807,2020-08-29,2020,regular,LV,NY,80,63,,,espn,,,,
espn-401230808,2020-08-30,2020,regular,LA,ATL,84,79,,,espn,,,,
espn-401230846,2020-08-30,2020,regular,WSH,CONN,63,76,,,espn,,,,
espn-401230847,2020-08-30,2020,regular,MIN,PHX,79,83,,,espn,,,,
espn-401241306,2020-08-31,2020,regular,IND,CHI,77,100,,,espn,,,,
espn-401241307,2020-08-31,2020,regular,MIN,LA,96,78,,,espn,,,,
espn-401230848,2020-09-01,2020,regular,NY,CONN,65,70,,,espn,,,,
espn-401230849,2020-09-01,2020,regular,ATL,IND,102,90,,,espn,,,,
espn-401230850,2020-09-01,2020,regular,LV,PHX,85,92,,,espn,,,,
espn-401230809,2020-09-02,2020,regular,DAL,LA,83,91,,,espn,,,,
espn-401230851,2020-09-02,2020,regular,CHI,MIN,83,86,,,espn,,,,
espn-401230852,2020-09-02,2020,regular,SEA,WSH,71,64,,,espn,,,,
espn-401230810,2020-09-03,2020,regular,NY,ATL,56,62,,,espn,,,,
espn-401230811,2020-09-03,2020,regular,CONN,LV,78,93,,,espn,,,,
espn-401230812,2020-09-03,2020,regular,PHX,IND,105,81,,,espn,,,,
espn-401230813,2020-09-04,2020,regular,LA,SEA,89,90,,,espn,,,,
espn-401230853,2020-09-04,2020,regular,WSH,CHI,79,69,,,espn,,,,
espn-401230854,2020-09-04,2020,regular,DAL,MIN,75,88,,,espn,,,,
espn-401230814,2020-09-05,2020,regular,ATL,LV,79,89,,,espn,,,,
espn-401230815,2020-09-05,2020,regular,PHX,NY,83,67,,,espn,,,,
espn-401230855,2020-09-05,2020,regular,IND,CONN,77,96,,,espn,,,,
espn-401230856,2020-09-06,2020,regular,WSH,DAL,94,101,,,espn,,,,
espn-401230857,2020-09-06,2020,regular,MIN,SEA,88,103,,,espn,,,,
espn-401230858,2020-09-06,2020,regular,LA,CHI,86,80,,,espn,,,,
espn-401241308,2020-09-07,2020,regular,PHX,CONN,70,85,,,espn,,,,
espn-401230859,2020-09-08,2020,regular,NY,LA,70,96,,,espn,,,,
espn-401230860,2020-09-08,2020,regular,WSH,MIN,89,86,,,espn,,,,
espn-401230861,2020-09-08,2020,regular,LV,IND,92,86,,,espn,,,,
espn-401230816,2020-09-09,2020,regular,SEA,DAL,107,95,,,espn,,,,
espn-401230862,2020-09-09,2020,regular,CONN,PHX,95,100,,,espn,,,,
espn-401230863,2020-09-09,2020,regular,CHI,ATL,89,97,,,espn,,,,
espn-401230864,2020-09-10,2020,regular,IND,NY,85,75,,,espn,,,,
espn-401230865,2020-09-10,2020,regular,MIN,LV,89,104,,,espn,,,,
espn-401230866,2020-09-10,2020,regular,LA,WSH,72,80,,,espn,,,,
espn-401230867,2020-09-11,2020,regular,CONN,ATL,75,82,,,espn,,,,
espn-401230868,2020-09-11,2020,regular,DAL,CHI,88,95,,,espn,,,,
espn-401230869,2020-09-11,2020,regular,PHX,SEA,60,83,,,espn,,,,
espn-401230817,2020-09-12,2020,regular,NY,WSH,58,75,,,espn,,,,
espn-401230818,2020-09-12,2020,regular,IND,MIN,86,98,,,espn,,,,
espn-401230819,2020-09-12,2020,regular,LA,LV,70,84,,,espn,,,,
espn-401241309,2020-09-13,2020,regular,NY,DAL,79,82,,,espn,,,,
espn-401241310,2020-09-13,2020,regular,SEA,LV,84,86,,,espn,,,,
espn-401241311,2020-09-13,2020,regular,ATL,WSH,78,85,,,espn,,,,
espn-401244169,2020-09-15,2020,postseason,CHI,CONN,81,94,,,espn,,,,
espn-401244170,2020-09-15,2020,postseason,PHX,WSH,85,84,,,espn,,,,
espn-401244171,2020-09-17,2020,postseason,MIN,PHX,80,79,,,espn,,,,
espn-401244172,2020-09-17,2020,postseason,LA,CONN,59,73,,,espn,,,,
espn-401244173,2020-09-20,2020,postseason,LV,CONN,62,87,,,espn,,,,
espn-401244175,2020-09-22,2020,postseason,SEA,MIN,88,86,,,espn,,,,
espn-401244176,2020-09-22,2020,postseason,LV,CONN,83,75,,,espn,,,,
espn-401244177,2020-09-24,2020,postseason,CONN,LV,77,68,,,espn,,,,
espn-401244178,2020-09-24,2020,postseason,SEA,MIN,89,79,,,espn,,,,
espn-401244179,2020-09-27,2020,postseason,CONN,LV,75,84,,,espn,,,,
espn-401244180,2020-09-27,2020,postseason,MIN,SEA,71,92,,,espn,,,,
espn-401248413,2020-09-29,2020,postseason,LV,CONN,66,63,,,espn,,,,
espn-401244183,2020-10-02,2020,postseason,LV,SEA,80,93,,,espn,,,,
espn-401244184,2020-10-04,2020,postseason,LV,SEA,91,104,,,espn,,,,
espn-401244185,2020-10-06,2020,postseason,SEA,LV,92,59,,,espn,,,,
espn-401320565,2021-05-14,2021,regular,NY,IND,90,87,,,espn,,,,
espn-401320566,2021-05-14,2021,regular,ATL,CONN,67,78,,,espn,,,,
espn-401320567,2021-05-14,2021,regular,MIN,PHX,75,77,,,espn,,,,
espn-401320568,2021-05-14,2021,regular,LA,DAL,71,94,,,espn,,,,
espn-401320569,2021-05-15,2021,regular,WSH,CHI,56,70,,,espn,,,,
espn-401320570,2021-05-15,2021,regular,SEA,LV,97,83,,,espn,,,,
espn-401320571,2021-05-16,2021,regular,IND,NY,65,73,,,espn,,,,
espn-401320572,2021-05-16,2021,regular,CONN,PHX,86,78,,,espn,,,,
espn-401320573,2021-05-18,2021,regular,NY,MIN,86,75,,,espn,,,,
espn-401320574,2021-05-18,2021,regular,WSH,PHX,70,91,,,espn,,,,
espn-401320575,2021-05-18,2021,regular,SEA,LV,80,96,,,espn,,,,
espn-401320576,2021-05-19,2021,regular,ATL,CHI,77,85,,,espn,,,,
espn-401320577,2021-05-19,2021,regular,CONN,IND,88,67,,,espn,,,,
espn-401320578,2021-05-20,2021,regular,MIN,SEA,78,90,,,espn,,,,
espn-401320579,2021-05-21,2021,regular,IND,ATL,79,83,,,espn,,,,
espn-401320580,2021-05-21,2021,regular,WSH,NY,101,72,,,espn,,,,
espn-401320581,2021-05-21,2021,regular,PHX,CONN,67,84,,,espn,,,,
espn-401320582,2021-05-21,2021,regular,LV,LA,97,69,,,espn,,,,
espn-401320583,2021-05-22,2021,regular,DAL,SEA,97,100,,,espn,,,,
espn-401320584,2021-05-23,2021,regular,CHI,NY,85,93,,,espn,,,,
espn-401320585,2021-05-23,2021,regular,IND,WSH,89,77,,,espn,,,,
espn-401320586,2021-05-23,2021,regular,LV,CONN,65,72,,,espn,,,,
espn-401320588,2021-05-24,2021,regular,NY,DAL,88,81,,,espn,,,,
espn-401320587,2021-05-25,2021,regular,IND,WSH,69,85,,,espn,,,,
espn-401320589,2021-05-25,2021,regular,CHI,ATL,83,90,,,espn,,,,
espn-401320590,2021-05-25,2021,regular,SEA,CONN,90,87,,,espn,,,,
espn-401320591,2021-05-26,2021,regular,PHX,LV,79,85,,,espn,,,,
espn-401320592,2021-05-27,2021,regular,ATL,DAL,101,95,,,espn,,,,
espn-401320593,2021-05-28,2021,regular,CONN,WSH,86,81,,,espn,,,,
espn-401320594,2021-05-28,2021,regular,CHI,LA,61,76,,,espn,,,,
espn-401320595,2021-05-28,2021,regular,SEA,MIN,82,72,,,espn,,,,
espn-401320596,2021-05-28,2021,regular,LV,IND,113,77,,,espn,,,,
espn-401320597,2021-05-29,2021,regular,NY,ATL,87,90,,,espn,,,,
espn-401320598,2021-05-29,2021,regular,DAL,PHX,85,89,,,espn,,,,
espn-401320599,2021-05-30,2021,regular,CHI,LA,79,82,,,espn,,,,
espn-401320600,2021-05-30,2021,regular,LV,IND,101,78,,,espn,,,,
espn-401320601,2021-05-30,2021,regular,MIN,CONN,79,74,,,espn,,,,
espn-401320602,2021-06-01,2021,regular,CONN,LV,74,67,,,espn,,,,
espn-401320603,2021-06-01,2021,regular,CHI,PHX,83,84,,,espn,,,,
espn-401320604,2021-06-01,2021,regular,DAL,LA,79,69,,,espn,,,,
espn-401320605,2021-06-01,2021,regular,SEA,IND,88,73,,,espn,,,,
espn-401320606,2021-06-03,2021,regular,NY,LV,82,94,,,espn,,,,
espn-401320607,2021-06-03,2021,regular,PHX,CHI,77,74,,,espn,,,,
espn-401320608,2021-06-03,2021,regular,LA,IND,98,63,,,espn,,,,
espn-401320609,2021-06-04,2021,regular,MIN,ATL,86,84,,,espn,,,,
espn-401320610,2021-06-04,2021,regular,SEA,DAL,105,102,,,espn,,,,
espn-401320611,2021-06-05,2021,regular,WSH,LV,93,96,,,espn,,,,
espn-401320612,2021-06-05,2021,regular,LA,CHI,68,63,,,espn,,,,
espn-401320613,2021-06-05,2021,regular,CONN,NY,85,64,,,espn,,,,
espn-401320614,2021-06-06,2021,regular,MIN,ATL,100,80,,,espn,,,,
espn-401320615,2021-06-06,2021,regular,SEA,DAL,67,68,,,espn,,,,
espn-401320616,2021-06-08,2021,regular,WSH,MIN,85,81,,,espn,,,,
espn-401320619,2021-06-08,2021,regular,PHX,DAL,81,85,,,espn,,,,
espn-401320617,2021-06-09,2021,regular,ATL,SEA,71,95,,,espn,,,,
espn-401320618,2021-06-09,2021,regular,CHI,IND,92,76,,,espn,,,,
espn-401320620,2021-06-10,2021,regular,WSH,LA,89,71,,,espn,,,,
espn-401320621,2021-06-11,2021,regular,ATL,SEA,75,86,,,espn,,,,
espn-401320622,2021-06-11,2021,regular,PHX,DAL,59,77,,,espn,,,,
espn-401320623,2021-06-12,2021,regular,IND,CHI,79,83,,,espn,,,,
espn-401320624,2021-06-12,2021,regular,MIN,LA,80,64,,,espn,,,,
espn-401320625,2021-06-13,2021,regular,CONN,SEA,66,89,,,espn,,,,
espn-401320626,2021-06-13,2021,regular,ATL,WSH,101,78,,,espn,,,,
espn-401320627,2021-06-13,2021,regular,LV,DAL,85,78,,,espn,,,,
espn-401320628,2021-06-13,2021,regular,PHX,NY,83,85,,,espn,,,,
espn-401320629,2021-06-15,2021,regular,IND,SEA,70,87,,,espn,,,,
espn-401320630,2021-06-15,2021,regular,MIN,CHI,89,105,,,espn,,,,
espn-401320631,2021-06-15,2021,regular,LV,NY,100,78,,,espn,,,,
espn-401320632,2021-06-16,2021,regular,LA,PHX,85,80,,,espn,,,,
espn-401320633,2021-06-17,2021,regular,IND,SEA,69,79,,,espn,,,,
espn-401320634,2021-06-17,2021,regular,WSH,ATL,96,93,,,espn,,,,
espn-401320635,2021-06-17,2021,regular,CHI,CONN,81,75,,,espn,,,,
espn-401320636,2021-06-17,2021,regular,DAL,MIN,73,85,,,espn,,,,
espn-401320637,2021-06-17,2021,regular,LV,NY,103,76,,,espn,,,,
espn-401320638,2021-06-18,2021,regular,LA,PHX,66,80,,,espn,,,,
espn-401320639,2021-06-19,2021,regular,CHI,CONN,91,81,,,espn,,,,
espn-401320640,2021-06-19,2021,regular,WSH,IND,82,77,,,espn,,,,
espn-401320641,2021-06-19,2021,regular,DAL,MIN,95,77,,,espn,,,,
espn-401320642,2021-06-20,2021,regular,LA,NY,73,76,,,espn,,,,
espn-401320643,2021-06-22,2021,regular,CONN,DAL,80,70,,,espn,,,,
espn-401320644,2021-06-22,2021,regular,NY,CHI,72,92,,,espn,,,,
espn-401320645,2021-06-22,2021,regular,SEA,WSH,83,87,,,espn,,,,
espn-401320646,2021-06-23,2021,regular,ATL,MIN,85,87,,,espn,,,,
espn-401320647,2021-06-24,2021,regular,IND,DAL,64,89,,,espn,,,,
espn-401320648,2021-06-24,2021,regular,NY,CHI,68,91,,,espn,,,,
espn-401320649,2021-06-24,2021,regular,LA,WSH,89,82,,,espn,,,,
espn-401320650,2021-06-25,2021,regular,MIN,LV,90,89,,,espn,,,,
espn-401320651,2021-06-26,2021,regular,DAL,WSH,85,74,,,espn,,,,
espn-401320652,2021-06-26,2021,regular,ATL,NY,78,101,,,espn,,,,
espn-401320653,2021-06-27,2021,regular,PHX,LA,88,79,,,espn,,,,
espn-401320654,2021-06-27,2021,regular,CONN,CHI,74,58,,,espn,,,,
espn-401320655,2021-06-27,2021,regular,LV,SEA,95,92,,,espn,,,,
espn-401320656,2021-06-29,2021,regular,ATL,NY,73,69,,,espn,,,,
espn-401320657,2021-06-29,2021,regular,WSH,CONN,71,90,,,espn,,,,
espn-401320658,2021-06-30,2021,regular,DAL,CHI,81,91,,,espn,,,,
espn-401320659,2021-06-30,2021,regular,PHX,MIN,76,82,,,espn,,,,
espn-401320660,2021-06-30,2021,regular,LA,LV,75,99,,,espn,,,,
espn-401320661,2021-07-01,2021,regular,IND,CONN,80,86,,,espn,,,,
espn-401320662,2021-07-02,2021,regular,DAL,CHI,100,91,,,espn,,,,
espn-401320663,2021-07-02,2021,regular,LA,LV,58,66,,,espn,,,,
espn-401320665,2021-07-02,2021,regular,SEA,ATL,91,88,,,espn,,,,
espn-401320664,2021-07-03,2021,regular,PHX,MIN,68,99,,,espn,,,,
espn-401320666,2021-07-03,2021,regular,IND,CONN,73,67,,,espn,,,,
espn-401320667,2021-07-03,2021,regular,NY,WSH,82,79,,,espn,,,,
espn-401320668,2021-07-04,2021,regular,LV,ATL,118,95,,,espn,,,,
espn-401320669,2021-07-04,2021,regular,LA,SEA,74,84,,,espn,,,,
espn-401320670,2021-07-05,2021,regular,NY,DAL,99,96,,,espn,,,,
espn-401320671,2021-07-07,2021,regular,MIN,DAL,85,79,,,espn,,,,
espn-401320672,2021-07-07,2021,regular,LV,PHX,90,99,,,espn,,,,
espn-401320673,2021-07-07,2021,regular,SEA,LA,71,62,,,espn,,,,
espn-401320674,2021-07-09,2021,regular,CONN,ATL,84,72,,,espn,,,,
espn-401320675,2021-07-09,2021,regular,IND,NY,82,69,,,espn,,,,
espn-401320676,2021-07-09,2021,regular,PHX,SEA,85,77,,,espn,,,,
espn-401320677,2021-07-09,2021,regular,LV,MIN,67,77,,,espn,,,,
espn-401320678,2021-07-10,2021,regular,CHI,WSH,85,89,,,espn,,,,
espn-401320679,2021-07-11,2021,regular,DAL,LV,79,95,,,espn,,,,
espn-401320680,2021-07-11,2021,regular,NY,CONN,54,71,,,espn,,,,
espn-401320681,2021-07-11,2021,regular,ATL,IND,68,79,,,espn,,,,
espn-401320682,2021-07-11,2021,regular,SEA,PHX,82,75,,,espn,,,,
espn-401320683,2021-07-11,2021,regular,LA,MIN,61,86,,,espn,,,,
espn-401341447,2021-07-14,2021,regular,ALL,USA,93,85,1,,espn,,,,
espn-401353913,2021-08-12,2021,regular,SEA,CONN,79,57,1,,espn,,,,
espn-401320684,2021-08-15,2021,regular,CHI,SEA,87,85,,,espn,,,,
espn-401320685,2021-08-15,2021,regular,DAL,CONN,59,80,,,espn,,,,
espn-401320686,2021-08-15,2021,regular,LV,WSH,84,83,,,espn,,,,
espn-401320687,2021-08-15,2021,regular,PHX,ATL,92,81,,,espn,,,,
espn-401320688,2021-08-15,2021,regular,MIN,NY,88,78,,,espn,,,,
espn-401320689,2021-08-15,2021,regular,LA,IND,75,70,,,espn,,,,
espn-401320690,2021-08-17,2021,regular,CONN,MIN,72,60,,,espn,,,,
espn-401320691,2021-08-17,2021,regular,CHI,DAL,76,80,,,espn,,,,
espn-401320692,2021-08-17,2021,regular,LV,WSH,93,83,,,espn,,,,
espn-401320693,2021-08-17,2021,regular,PHX,IND,84,80,,,espn,,,,
espn-401320694,2021-08-17,2021,regular,LA,ATL,85,80,,,espn,,,,
espn-401320695,2021-08-18,2021,regular,NY,SEA,83,79,,,espn,,,,
espn-401320696,2021-08-19,2021,regular,CONN,MIN,82,71,,,espn,,,,
espn-401320697,2021-08-19,2021,regular,PHX,WSH,77,64,,,espn,,,,
espn-401320698,2021-08-19,2021,regular,LA,ATL,66,64,,,espn,,,,
espn-401320699,2021-08-20,2021,regular,NY,SEA,83,99,,,espn,,,,
espn-401320700,2021-08-20,2021,regular,DAL,IND,81,83,,,espn,,,,
espn-401320701,2021-08-21,2021,regular,ATL,PHX,69,84,,,espn,,,,
espn-401320702,2021-08-21,2021,regular,CHI,MIN,95,101,,,espn,,,,
espn-401320703,2021-08-22,2021,regular,NY,LA,83,86,,,espn,,,,
espn-401320704,2021-08-22,2021,regular,WSH,SEA,78,85,,,espn,,,,
espn-401320705,2021-08-24,2021,regular,MIN,SEA,76,70,,,espn,,,,
espn-401320706,2021-08-24,2021,regular,ATL,CHI,79,86,,,espn,,,,
espn-401320707,2021-08-24,2021,regular,CONN,LV,76,62,,,espn,,,,
espn-401320708,2021-08-24,2021,regular,WSH,LA,78,68,,,espn,,,,
espn-401320709,2021-08-25,2021,regular,NY,PHX,79,106,,,espn,,,,
espn-401320710,2021-08-26,2021,regular,ATL,LV,71,78,,,espn,,,,
espn-401320711,2021-08-26,2021,regular,CONN,LA,76,72,,,espn,,,,
espn-401320712,2021-08-26,2021,regular,WSH,DAL,77,82,,,espn,,,,
espn-401320713,2021-08-27,2021,regular,NY,PHX,64,80,,,espn,,,,
espn-401320714,2021-08-27,2021,regular,SEA,CHI,69,73,,,espn,,,,
espn-401320715,2021-08-28,2021,regular,IND,LV,71,87,,,espn,,,,
espn-401320716,2021-08-28,2021,regular,CONN,LA,76,61,,,espn,,,,
espn-401320717,2021-08-28,2021,regular,WSH,DAL,76,75,,,espn,,,,
espn-401320718,2021-08-29,2021,regular,SEA,CHI,75,107,,,espn,,,,
espn-401320719,2021-08-31,2021,regular,IND,LA,74,72,,,espn,,,,
espn-401320720,2021-08-31,2021,regular,WSH,CONN,75,85,,,espn,,,,
espn-401320721,2021-08-31,2021,regular,MIN,NY,74,66,,,espn,,,,
espn-401320722,2021-08-31,2021,regular,PHX,CHI,103,83,,,espn,,,,
espn-401320723,2021-09-02,2021,regular,DAL,ATL,72,68,,,espn,,,,
espn-401320724,2021-09-02,2021,regular,MIN,LA,66,57,,,espn,,,,
espn-401320725,2021-09-02,2021,regular,LV,CHI,90,83,,,espn,,,,
espn-401320726,2021-09-02,2021,regular,SEA,NY,85,75,,,espn,,,,
espn-401320727,2021-09-04,2021,regular,IND,PHX,65,87,,,espn,,,,
espn-401320728,2021-09-04,2021,regular,MIN,WSH,93,75,,,espn,,,,
espn-401320729,2021-09-05,2021,regular,CHI,LV,92,84,,,espn,,,,
espn-401320730,2021-09-05,2021,regular,DAL,ATL,64,69,,,espn,,,,
espn-401320731,2021-09-06,2021,regular,IND,PHX,81,86,,,espn,,,,
espn-401320732,2021-09-07,2021,regular,DAL,CONN,56,83,,,espn,,,,
espn-401320733,2021-09-07,2021,regular,SEA,WSH,105,71,,,espn,,,,
espn-401320734,2021-09-08,2021,regular,ATL,PHX,75,76,,,espn,,,,
espn-401320735,2021-09-08,2021,regular,LV,MIN,102,81,,,espn,,,,
espn-401320736,2021-09-09,2021,regular,LA,CONN,57,75,,,espn,,,,
espn-401320737,2021-09-10,2021,regular,WSH,ATL,82,74,,,espn,,,,
espn-401320738,2021-09-10,2021,regular,MIN,IND,89,72,,,espn,,,,
espn-401320739,2021-09-11,2021,regular,DAL,NY,77,76,,,espn,,,,
espn-401320740,2021-09-11,2021,regular,PHX,CONN,67,76,,,espn,,,,
espn-401320741,2021-09-12,2021,regular,CHI,WSH,71,79,,,espn,,,,
espn-401320742,2021-09-12,2021,regular,MIN,IND,90,80,,,espn,,,,
espn-401320743,2021-09-12,2021,regular,LA,SEA,81,53,,,espn,,,,
espn-401320744,2021-09-13,2021,regular,LV,DAL,85,75,,,espn,,,,
espn-401320745,2021-09-14,2021,regular,ATL,IND,85,78,,,espn,,,,
espn-401320746,2021-09-15,2021,regular,CONN,NY,98,69,,,espn,,,,
espn-401320747,2021-09-16,2021,regular,ATL,LA,68,74,,,espn,,,,
espn-401320748,2021-09-17,2021,regular,IND,MIN,73,92,,,espn,,,,
espn-401320749,2021-09-17,2021,regular,NY,WSH,91,80,,,espn,,,,
espn-401320750,2021-09-17,2021,regular,CHI,LV,70,103,,,espn,,,,
espn-401320751,2021-09-17,2021,regular,SEA,PHX,94,85,,,espn,,,,
espn-401320752,2021-09-19,2021,regular,CONN,ATL,84,64,,,espn,,,,
espn-401320753,2021-09-19,2021,regular,PHX,LV,83,84,,,espn,,,,
espn-401320754,2021-09-19,2021,regular,WSH,MIN,77,83,,,espn,,,,
espn-401320755,2021-09-19,2021,regular,DAL,LA,87,84,,,espn,,,,
espn-401320756,2021-09-19,2021,regular,CHI,IND,98,87,,,espn,,,,
espn-401370430,2021-09-23,2021,postseason,CHI,DAL,81,64,,,espn,,,,
espn-401370431,2021-09-23,2021,postseason,PHX,NY,83,82,,,espn,,,,
espn-401370432,2021-09-26,2021,postseason,MIN,CHI,76,89,,,espn,,,,
espn-401370433,2021-09-26,2021,postseason,SEA,PHX,80,85,,,espn,,,,
espn-401370434,2021-09-28,2021,postseason,CONN,CHI,95,101,,,espn,,,,
espn-401370435,2021-09-28,2021,postseason,LV,PHX,96,90,,,espn,,,,
espn-401370436,2021-09-30,2021,postseason,CONN,CHI,79,68,,,espn,,,,
espn-401370437,2021-09-30,2021,postseason,LV,PHX,91,117,,,espn,,,,
espn-401370438,2021-10-03,2021,postseason,PHX,LV,87,60,,,espn,,,,
espn-401370439,2021-10-03,2021,postseason,CHI,CONN,86,83,,,espn,,,,
espn-401370440,2021-10-06,2021,postseason,PHX,LV,76,93,,,espn,,,,
espn-401370441,2021-10-06,2021,postseason,CHI,CONN,79,69,,,espn,,,,
espn-401370442,2021-10-08,2021,postseason,LV,PHX,84,87,,,espn,,,,
espn-401370395,2021-10-10,2021,postseason,PHX,CHI,77,91,,,espn,,,,
espn-401370396,2021-10-13,2021,postseason,PHX,CHI,91,86,,,espn,,,,
espn-401370397,2021-10-15,2021,postseason,CHI,PHX,86,50,,,espn,,,,
espn-401370398,2021-10-17,2021,postseason,CHI,PHX,80,74,,,espn,,,,
espn-401391650,2022-05-06,2022,regular,WSH,IND,84,70,,,espn,,,,
espn-401391651,2022-05-06,2022,regular,CHI,LA,91,98,,,espn,,,,
espn-401391652,2022-05-06,2022,regular,PHX,LV,88,106,,,espn,,,,
espn-401391653,2022-05-06,2022,regular,SEA,MIN,97,74,,,espn,,,,
espn-401391654,2022-05-07,2022,regular,NY,CONN,81,79,,,espn,,,,
espn-401391655,2022-05-07,2022,regular,DAL,ATL,59,66,,,espn,,,,
espn-401391656,2022-05-08,2022,regular,IND,LA,77,87,,,espn,,,,
espn-401391657,2022-05-08,2022,regular,LV,SEA,85,74,,,espn,,,,
espn-401391658,2022-05-08,2022,regular,MIN,WSH,66,78,,,espn,,,,
espn-401391659,2022-05-10,2022,regular,WSH,LV,89,76,,,espn,,,,
espn-401391660,2022-05-10,2022,regular,IND,MIN,82,76,,,espn,,,,
espn-401391661,2022-05-11,2022,regular,ATL,LA,77,75,,,espn,,,,
espn-401391662,2022-05-11,2022,regular,CHI,NY,83,50,,,espn,,,,
espn-401391663,2022-05-11,2022,regular,PHX,SEA,97,77,,,espn,,,,
espn-401391664,2022-05-13,2022,regular,WSH,DAL,86,94,,,espn,,,,
espn-401391665,2022-05-13,2022,regular,ATL,LV,73,96,,,espn,,,,
espn-401391666,2022-05-13,2022,regular,NY,IND,86,92,,,espn,,,,
espn-401391667,2022-05-14,2022,regular,SEA,PHX,64,69,,,espn,,,,
espn-401391668,2022-05-14,2022,regular,CONN,LA,77,60,,,espn,,,,
espn-401391669,2022-05-14,2022,regular,MIN,CHI,78,82,,,espn,,,,
espn-401391670,2022-05-15,2022,regular,NY,DAL,71,81,,,espn,,,,
espn-401391671,2022-05-15,2022,regular,IND,ATL,79,85,,,espn,,,,
espn-401391672,2022-05-17,2022,regular,NY,CONN,65,92,,,espn,,,,
espn-401391673,2022-05-17,2022,regular,IND,ATL,79,101,,,espn,,,,
espn-401391674,2022-05-17,2022,regular,DAL,WSH,68,84,,,espn,,,,
espn-401391675,2022-05-17,2022,regular,LV,PHX,86,74,,,espn,,,,
espn-401391676,2022-05-17,2022,regular,LA,MIN,84,87,,,espn,,,,
espn-401391677,2022-05-18,2022,regular,SEA,CHI,74,71,,,espn,,,,
espn-401391678,2022-05-19,2022,regular,LV,MIN,93,87,,,espn,,,,
espn-401391679,2022-05-19,2022,regular,PHX,DAL,84,94,,,espn,,,,
espn-401391680,2022-05-20,2022,regular,CONN,IND,94,85,,,espn,,,,
espn-401391681,2022-05-20,2022,regular,ATL,WSH,73,78,,,espn,,,,
espn-401391682,2022-05-20,2022,regular,SEA,LA,83,80,,,espn,,,,
espn-401391683,2022-05-21,2022,regular,LV,PHX,100,80,,,espn,,,,
espn-401391684,2022-05-21,2022,regular,DAL,MIN,94,78,,,espn,,,,
espn-401391685,2022-05-22,2022,regular,IND,CONN,70,92,,,espn,,,,
espn-401391686,2022-05-22,2022,regular,WSH,CHI,73,82,,,espn,,,,
espn-401391687,2022-05-23,2022,regular,LV,LA,104,76,,,espn,,,,
espn-401391688,2022-05-24,2022,regular,CONN,DAL,77,85,,,espn,,,,
espn-401391689,2022-05-24,2022,regular,WSH,ATL,70,50,,,espn,,,,
espn-401391690,2022-05-24,2022,regular,CHI,IND,95,90,,,espn,,,,
espn-401391691,2022-05-24,2022,regular,MIN,NY,84,78,,,espn,,,,
espn-401391692,2022-05-25,2022,regular,LA,PHX,99,94,,,espn,,,,
espn-401391693,2022-05-26,2022,regular,CONN,DAL,99,68,,,espn,,,,
espn-401391694,2022-05-27,2022,regular,IND,LA,101,96,,,espn,,,,
espn-401391695,2022-05-27,2022,regular,SEA,NY,79,71,,,espn,,,,
espn-401391696,2022-05-28,2022,regular,CHI,LV,76,83,,,espn,,,,
espn-401391697,2022-05-28,2022,regular,CONN,WSH,79,71,,,espn,,,,
espn-401391698,2022-05-29,2022,regular,ATL,PHX,81,54,,,espn,,,,
espn-401391699,2022-05-29,2022,regular,SEA,NY,92,61,,,espn,,,,
espn-401391700,2022-05-29,2022,regular,MIN,LA,83,85,,,espn,,,,
espn-401391701,2022-05-31,2022,regular,IND,WSH,75,87,,,espn,,,,
espn-401391702,2022-05-31,2022,regular,CHI,PHX,73,70,,,espn,,,,
espn-401391703,2022-05-31,2022,regular,LV,CONN,89,81,,,espn,,,,
espn-401391704,2022-05-31,2022,regular,LA,DAL,93,91,,,espn,,,,
espn-401391705,2022-06-01,2022,regular,ATL,MIN,84,76,,,espn,,,,
espn-401391706,2022-06-01,2022,regular,NY,IND,87,74,,,espn,,,,
espn-401391707,2022-06-02,2022,regular,LV,CONN,90,97,,,espn,,,,
espn-401391708,2022-06-03,2022,regular,WSH,NY,70,74,,,espn,,,,
espn-401391709,2022-06-03,2022,regular,ATL,CHI,65,73,,,espn,,,,
espn-401391710,2022-06-03,2022,regular,PHX,CONN,88,92,,,espn,,,,
espn-401391711,2022-06-03,2022,regular,SEA,DAL,51,68,,,espn,,,,
espn-401391712,2022-06-05,2022,regular,NY,MIN,77,84,,,espn,,,,
espn-401391713,2022-06-05,2022,regular,ATL,IND,75,66,,,espn,,,,
espn-401391714,2022-06-05,2022,regular,CHI,WSH,91,82,,,espn,,,,
espn-401391715,2022-06-05,2022,regular,LV,DAL,84,78,,,espn,,,,
espn-401391716,2022-06-05,2022,regular,PHX,LA,81,74,,,espn,,,,
espn-401391717,2022-06-05,2022,regular,SEA,CONN,86,93,,,espn,,,,
espn-401391718,2022-06-07,2022,regular,NY,MIN,88,69,,,espn,,,,
espn-401391719,2022-06-07,2022,regular,SEA,ATL,72,60,,,espn,,,,
espn-401391720,2022-06-08,2022,regular,CONN,IND,88,69,,,espn,,,,
espn-401391721,2022-06-08,2022,regular,WSH,CHI,84,82,,,espn,,,,
espn-401391722,2022-06-10,2022,regular,CONN,CHI,79,83,,,espn,,,,
espn-401391723,2022-06-10,2022,regular,IND,NY,83,97,,,espn,,,,
espn-401391724,2022-06-10,2022,regular,DAL,SEA,88,89,,,espn,,,,
espn-401391725,2022-06-10,2022,regular,MIN,WSH,59,76,,,espn,,,,
espn-401391726,2022-06-10,2022,regular,PHX,ATL,90,88,,,espn,,,,
espn-401391727,2022-06-11,2022,regular,LA,LV,72,89,,,espn,,,,
espn-401391728,2022-06-12,2022,regular,NY,CHI,86,88,,,espn,,,,
espn-401391729,2022-06-12,2022,regular,DAL,SEA,79,84,,,espn,,,,
espn-401391730,2022-06-12,2022,regular,WSH,PHX,90,99,,,espn,,,,
espn-401391731,2022-06-12,2022,regular,MIN,IND,80,84,,,espn,,,,
espn-401391732,2022-06-14,2022,regular,WSH,PHX,83,65,,,espn,,,,
espn-401391733,2022-06-14,2022,regular,MIN,SEA,79,81,,,espn,,,,
espn-401391734,2022-06-15,2022,regular,DAL,LV,84,92,,,espn,,,,
espn-401391735,2022-06-15,2022,regular,CONN,ATL,105,92,,,espn,,,,
espn-401391736,2022-06-15,2022,regular,IND,PHX,80,93,,,espn,,,,
espn-401391737,2022-06-16,2022,regular,NY,WSH,77,65,,,espn,,,,
espn-401391738,2022-06-17,2022,regular,CONN,SEA,82,71,,,espn,,,,
espn-401391739,2022-06-17,2022,regular,DAL,PHX,93,88,,,espn,,,,
espn-401391740,2022-06-17,2022,regular,CHI,ATL,106,100,,,espn,,,,
espn-401391741,2022-06-19,2022,regular,NY,SEA,72,81,,,espn,,,,
espn-401391742,2022-06-19,2022,regular,IND,CHI,89,87,,,espn,,,,
espn-401391743,2022-06-19,2022,regular,WSH,CONN,71,63,,,espn,,,,
espn-401391744,2022-06-19,2022,regular,DAL,LA,92,82,,,espn,,,,
espn-401391745,2022-06-19,2022,regular,LV,MIN,96,95,,,espn,,,,
espn-401391746,2022-06-21,2022,regular,ATL,DAL,80,75,,,espn,,,,
espn-401391747,2022-06-21,2022,regular,LV,CHI,95,104,,,espn,,,,
espn-401391748,2022-06-21,2022,regular,PHX,MIN,71,84,,,espn,,,,
espn-401391749,2022-06-21,2022,regular,LA,WSH,84,82,,,espn,,,,
espn-401391750,2022-06-22,2022,regular,CONN,NY,77,81,,,espn,,,,
espn-401391751,2022-06-23,2022,regular,DAL,IND,94,68,,,espn,,,,
espn-401391752,2022-06-23,2022,regular,MIN,PHX,100,88,,,espn,,,,
espn-401391753,2022-06-23,2022,regular,SEA,WSH,85,71,,,espn,,,,
espn-401391754,2022-06-23,2022,regular,LA,CHI,59,82,,,espn,,,,
espn-401391755,2022-06-24,2022,regular,ATL,NY,77,89,,,espn,,,,
espn-401391756,2022-06-25,2022,regular,DAL,PHX,72,83,,,espn,,,,
espn-401391757,2022-06-25,2022,regular,SEA,LA,77,85,,,espn,,,,
espn-401391758,2022-06-25,2022,regular,LV,WSH,86,87,,,espn,,,,
espn-401391759,2022-06-26,2022,regular,ATL,CONN,61,72,,,espn,,,,
espn-401391760,2022-06-26,2022,regular,CHI,MIN,88,85,,,espn,,,,
espn-401391761,2022-06-27,2022,regular,PHX,IND,83,71,,,espn,,,,
espn-401391762,2022-06-27,2022,regular,LA,LV,73,79,,,espn,,,,
espn-401391763,2022-06-28,2022,regular,WSH,ATL,92,74,,,espn,,,,
espn-401391764,2022-06-28,2022,regular,MIN,DAL,92,64,,,espn,,,,
espn-401391765,2022-06-29,2022,regular,CHI,CONN,91,83,,,espn,,,,
espn-401391766,2022-06-29,2022,regular,PHX,IND,99,78,,,espn,,,,
espn-401391767,2022-06-29,2022,regular,SEA,LV,88,78,,,espn,,,,
espn-401391768,2022-06-30,2022,regular,NY,ATL,81,92,,,espn,,,,
espn-401391769,2022-07-01,2022,regular,DAL,LA,89,97,,,espn,,,,
espn-401391770,2022-07-01,2022,regular,MIN,LV,85,91,,,espn,,,,
espn-401391771,2022-07-01,2022,regular,SEA,IND,73,57,,,espn,,,,
espn-401391772,2022-07-02,2022,regular,CHI,PHX,91,75,,,espn,,,,
espn-401391773,2022-07-03,2022,regular,CONN,WSH,74,72,,,espn,,,,
espn-401391774,2022-07-03,2022,regular,ATL,SEA,90,76,,,espn,,,,
espn-401391775,2022-07-03,2022,regular,MIN,LV,102,71,,,espn,,,,
espn-401391776,2022-07-03,2022,regular,LA,NY,84,74,,,espn,,,,
espn-401391777,2022-07-04,2022,regular,LA,PHX,78,75,,,espn,,,,
espn-401391778,2022-07-05,2022,regular,IND,SEA,73,95,,,espn,,,,
espn-401391779,2022-07-05,2022,regular,DAL,CONN,82,71,,,espn,,,,
espn-401391780,2022-07-06,2022,regular,MIN,CHI,81,78,,,espn,,,,
espn-401391781,2022-07-06,2022,regular,ATL,WSH,66,85,,,espn,,,,
espn-401391782,2022-07-06,2022,regular,LV,NY,107,116,,,espn,,,,
espn-401391783,2022-07-07,2022,regular,IND,CHI,84,93,,,espn,,,,
espn-401391784,2022-07-07,2022,regular,PHX,NY,84,81,,,espn,,,,
espn-401391785,2022-07-07,2022,regular,LA,SEA,69,106,,,espn,,,,
espn-401455978,2022-07-10,2022,regular,WIL,STE,134,112,1,,espn,,,,
espn-401391786,2022-07-12,2022,regular,SEA,DAL,83,74,,,espn,,,,
espn-401391787,2022-07-12,2022,regular,NY,LV,101,107,,,espn,,,,
espn-401391788,2022-07-12,2022,regular,CHI,ATL,90,75,,,espn,,,,
espn-401391789,2022-07-12,2022,regular,MIN,PHX,118,107,,,espn,,,,
espn-401391790,2022-07-12,2022,regular,LA,WSH,81,94,,,espn,,,,
espn-401391791,2022-07-13,2022,regular,IND,CONN,81,89,,,espn,,,,
espn-401391792,2022-07-14,2022,regular,NY,LV,74,108,,,espn,,,,
espn-401391793,2022-07-14,2022,regular,MIN,DAL,87,92,,,espn,,,,
espn-401391794,2022-07-14,2022,regular,PHX,WSH,80,75,,,espn,,,,
espn-401391795,2022-07-14,2022,regular,LA,CHI,68,80,,,espn,,,,
espn-401391796,2022-07-15,2022,regular,IND,MIN,77,87,,,espn,,,,
espn-401391797,2022-07-15,2022,regular,ATL,CONN,68,93,,,espn,,,,
espn-401391798,2022-07-16,2022,regular,DAL,CHI,81,89,,,espn,,,,
espn-401391799,2022-07-17,2022,regular,CONN,LV,83,91,,,espn,,,,
espn-401391800,2022-07-17,2022,regular,WSH,MIN,70,57,,,espn,,,,
espn-401391801,2022-07-17,2022,regular,PHX,ATL,75,85,,,espn,,,,
espn-401391802,2022-07-17,2022,regular,SEA,IND,81,65,,,espn,,,,
espn-401391803,2022-07-19,2022,regular,CONN,NY,82,63,,,espn,,,,
espn-401391804,2022-07-19,2022,regular,LV,ATL,76,92,,,espn,,,,
espn-401391805,2022-07-19,2022,regular,LA,IND,86,79,,,espn,,,,
espn-401391806,2022-07-20,2022,regular,CHI,SEA,78,74,,,espn,,,,
espn-401391807,2022-07-21,2022,regular,WSH,NY,78,69,,,espn,,,,
espn-401391808,2022-07-21,2022,regular,LA,ATL,85,78,,,espn,,,,
espn-401391809,2022-07-21,2022,regular,LV,IND,90,77,,,espn,,,,
espn-401391810,2022-07-22,2022,regular,MIN,CONN,84,94,,,espn,,,,
espn-401391811,2022-07-22,2022,regular,CHI,DAL,89,83,,,espn,,,,
espn-401391812,2022-07-22,2022,regular,PHX,SEA,94,78,,,espn,,,,
espn-401391813,2022-07-23,2022,regular,NY,CHI,83,80,,,espn,,,,
espn-401391814,2022-07-23,2022,regular,LV,LA,84,66,,,espn,,,,
espn-401391815,2022-07-24,2022,regular,IND,DAL,86,96,,,espn,,,,
espn-401391816,2022-07-24,2022,regular,SEA,ATL,82,72,,,espn,,,,
espn-401391817,2022-07-24,2022,regular,MIN,CONN,79,86,,,espn,,,,
espn-401430112,2022-07-26,2022,regular,CHI,LV,83,93,,,espn,,,,
espn-401391818,2022-07-28,2022,regular,ATL,MIN,85,92,,,espn,,,,
espn-401391819,2022-07-28,2022,regular,CONN,SEA,88,83,,,espn,,,,
espn-401391820,2022-07-28,2022,regular,DAL,WSH,77,87,,,espn,,,,
espn-401391821,2022-07-28,2022,regular,PHX,LA,90,80,,,espn,,,,
espn-401391822,2022-07-29,2022,regular,IND,LV,72,93,,,espn,,,,
espn-401391823,2022-07-29,2022,regular,CHI,NY,89,81,,,espn,,,,
espn-401391824,2022-07-30,2022,regular,WSH,SEA,77,82,,,espn,,,,
espn-401391825,2022-07-30,2022,regular,ATL,DAL,68,81,,,espn,,,,
espn-401391826,2022-07-31,2022,regular,CONN,CHI,92,95,,,espn,,,,
espn-401391827,2022-07-31,2022,regular,NY,PHX,89,69,,,espn,,,,
espn-401391828,2022-07-31,2022,regular,IND,LV,69,94,,,espn,,,,
espn-401391829,2022-07-31,2022,regular,WSH,SEA,78,75,,,espn,,,,
espn-401391830,2022-07-31,2022,regular,LA,MIN,77,84,,,espn,,,,
espn-401391831,2022-08-02,2022,regular,CONN,PHX,87,63,,,espn,,,,
espn-401391832,2022-08-02,2022,regular,NY,LA,102,73,,,espn,,,,
espn-401391833,2022-08-02,2022,regular,WSH,LV,83,73,,,espn,,,,
espn-401391834,2022-08-02,2022,regular,CHI,DAL,78,84,,,espn,,,,
espn-401391835,2022-08-03,2022,regular,ATL,IND,91,81,,,espn,,,,
espn-401391836,2022-08-03,2022,regular,NY,LA,64,61,,,espn,,,,
espn-401391837,2022-08-03,2022,regular,SEA,MIN,89,77,,,espn,,,,
espn-401391838,2022-08-04,2022,regular,CONN,PHX,77,64,,,espn,,,,
espn-401391839,2022-08-04,2022,regular,DAL,LV,82,80,,,espn,,,,
espn-401391840,2022-08-05,2022,regular,ATL,LA,88,86,,,espn,,,,
espn-401391841,2022-08-05,2022,regular,CHI,WSH,93,83,,,espn,,,,
espn-401391842,2022-08-06,2022,regular,DAL,IND,95,91,,,espn,,,,
espn-401391843,2022-08-06,2022,regular,PHX,NY,76,62,,,espn,,,,
espn-401391844,2022-08-07,2022,regular,CHI,CONN,94,91,,,espn,,,,
espn-401391845,2022-08-07,2022,regular,WSH,LA,76,79,,,espn,,,,
espn-401391846,2022-08-07,2022,regular,SEA,LV,81,89,,,espn,,,,
espn-401391847,2022-08-07,2022,regular,MIN,ATL,81,71,,,espn,,,,
espn-401391848,2022-08-08,2022,regular,DAL,NY,86,77,,,espn,,,,
espn-401391849,2022-08-09,2022,regular,CHI,SEA,100,111,,,espn,,,,
espn-401391850,2022-08-09,2022,regular,LV,ATL,97,90,,,espn,,,,
espn-401391851,2022-08-09,2022,regular,LA,CONN,71,97,,,espn,,,,
espn-401391852,2022-08-10,2022,regular,DAL,NY,73,91,,,espn,,,,
espn-401391853,2022-08-10,2022,regular,PHX,MIN,77,86,,,espn,,,,
espn-401391854,2022-08-11,2022,regular,LV,CHI,89,78,,,espn,,,,
espn-401391855,2022-08-11,2022,regular,LA,CONN,69,93,,,espn,,,,
espn-401391856,2022-08-12,2022,regular,IND,WSH,70,82,,,espn,,,,
espn-401391857,2022-08-12,2022,regular,ATL,NY,70,80,,,espn,,,,
espn-401391858,2022-08-12,2022,regular,MIN,SEA,69,96,,,espn,,,,
espn-401391859,2022-08-12,2022,regular,PHX,DAL,86,74,,,espn,,,,
espn-401391860,2022-08-14,2022,regular,CONN,MIN,90,83,,,espn,,,,
espn-401391861,2022-08-14,2022,regular,NY,ATL,87,83,,,espn,,,,
espn-401391862,2022-08-14,2022,regular,WSH,IND,95,83,,,espn,,,,
espn-401391863,2022-08-14,2022,regular,PHX,CHI,67,82,,,espn,,,,
espn-401391864,2022-08-14,2022,regular,LV,SEA,109,100,,,espn,,,,
espn-401391865,2022-08-14,2022,regular,LA,DAL,88,116,,,espn,,,,
espn-401455627,2022-08-17,2022,postseason,CHI,NY,91,98,,,espn,,,,
espn-401455628,2022-08-17,2022,postseason,LV,PHX,79,63,,,espn,,,,
espn-401455629,2022-08-18,2022,postseason,CONN,DAL,93,68,,,espn,,,,
espn-401455650,2022-08-18,2022,postseason,SEA,WSH,86,83,,,espn,,,,
espn-401455651,2022-08-20,2022,postseason,CHI,NY,100,62,,,espn,,,,
espn-401455652,2022-08-20,2022,postseason,LV,PHX,117,80,,,espn,,,,
espn-401455653,2022-08-21,2022,postseason,CONN,DAL,79,89,,,espn,,,,
espn-401455654,2022-08-21,2022,postseason,SEA,WSH,97,84,,,espn,,,,
espn-401455657,2022-08-23,2022,postseason,NY,CHI,72,90,,,espn,,,,
espn-401455659,2022-08-24,2022,postseason,DAL,CONN,58,73,,,espn,,,,
espn-401455660,2022-08-28,2022,postseason,LV,SEA,73,76,,,espn,,,,
espn-401455661,2022-08-28,2022,postseason,CHI,CONN,63,68,,,espn,,,,
espn-401455671,2022-08-31,2022,postseason,CHI,CONN,85,77,,,espn,,,,
espn-401455674,2022-08-31,2022,postseason,LV,SEA,78,73,,,espn,,,,
espn-401455675,2022-09-04,2022,postseason,CONN,CHI,72,76,,,espn,,,,
espn-401455676,2022-09-04,2022,postseason,SEA,LV,98,110,,,espn,,,,
espn-401455677,2022-09-06,2022,postseason,CONN,CHI,104,80,,,espn,,,,
espn-401455678,2022-09-06,2022,postseason,SEA,LV,92,97,,,espn,,,,
espn-401455679,2022-09-08,2022,postseason,CHI,CONN,63,72,,,espn,,,,
espn-401455681,2022-09-11,2022,postseason,LV,CONN,67,64,,,espn,,,,
espn-401455682,2022-09-13,2022,postseason,LV,CONN,85,71,,,espn,,,,
espn-401455683,2022-09-15,2022,postseason,CONN,LV,105,76,,,espn,,,,
espn-401455684,2022-09-18,2022,postseason,CONN,LV,71,78,,,espn,,,,
espn-401507130,2023-05-19,2023,regular,IND,CONN,61,70,,,espn,,,,
espn-401507131,2023-05-19,2023,regular,WSH,NY,80,64,,,espn,,,,
espn-401507132,2023-05-19,2023,regular,MIN,CHI,66,77,,,espn,,,,
espn-401507133,2023-05-19,2023,regular,LA,PHX,94,71,,,espn,,,,
espn-401507134,2023-05-20,2023,regular,SEA,LV,64,105,,,espn,,,,
espn-401507135,2023-05-20,2023,regular,DAL,ATL,85,78,,,espn,,,,
espn-401507136,2023-05-21,2023,regular,CONN,WSH,80,74,,,espn,,,,
espn-401507137,2023-05-21,2023,regular,NY,IND,90,73,,,espn,,,,
espn-401507138,2023-05-21,2023,regular,PHX,CHI,69,75,,,espn,,,,
espn-401507139,2023-05-23,2023,regular,WSH,CONN,81,88,,,espn,,,,
espn-401507140,2023-05-23,2023,regular,MIN,ATL,77,83,,,espn,,,,
espn-401507141,2023-05-25,2023,regular,LA,LV,85,94,,,espn,,,,
espn-401507142,2023-05-25,2023,regular,PHX,MIN,90,81,,,espn,,,,
espn-401507143,2023-05-26,2023,regular,CHI,WSH,69,71,,,espn,,,,
espn-401507144,2023-05-26,2023,regular,SEA,DAL,91,95,,,espn,,,,
espn-401507145,2023-05-27,2023,regular,NY,CONN,81,65,,,espn,,,,
espn-401507146,2023-05-27,2023,regular,LV,LA,93,65,,,espn,,,,
espn-401507147,2023-05-28,2023,regular,ATL,IND,87,90,,,espn,,,,
espn-401507148,2023-05-28,2023,regular,CHI,DAL,94,88,,,espn,,,,
espn-401507149,2023-05-28,2023,regular,LV,MIN,94,73,,,espn,,,,
espn-401507150,2023-05-30,2023,regular,ATL,CHI,83,65,,,espn,,,,
espn-401507151,2023-05-30,2023,regular,CONN,IND,81,78,,,espn,,,,
espn-401507152,2023-05-30,2023,regular,DAL,MIN,94,89,,,espn,,,,
espn-401507153,2023-05-30,2023,regular,SEA,NY,78,86,,,espn,,,,
espn-401507154,2023-06-01,2023,regular,MIN,CONN,84,89,,,espn,,,,
espn-401507155,2023-06-02,2023,regular,WSH,DAL,75,74,,,espn,,,,
espn-401507156,2023-06-02,2023,regular,ATL,LV,87,92,,,espn,,,,
espn-401507157,2023-06-02,2023,regular,CHI,NY,76,77,,,espn,,,,
espn-401507158,2023-06-02,2023,regular,PHX,LA,93,99,,,espn,,,,
espn-401507159,2023-06-03,2023,regular,WSH,MIN,78,80,,,espn,,,,
espn-401507160,2023-06-03,2023,regular,LA,SEA,92,85,,,espn,,,,
espn-401507161,2023-06-04,2023,regular,CONN,DAL,80,74,,,espn,,,,
espn-401507162,2023-06-04,2023,regular,NY,CHI,82,86,,,espn,,,,
espn-401507163,2023-06-04,2023,regular,IND,LV,80,84,,,espn,,,,
espn-401507164,2023-06-06,2023,regular,CONN,LV,84,90,,,espn,,,,
espn-401507165,2023-06-06,2023,regular,CHI,IND,108,103,,,espn,,,,
espn-401507166,2023-06-06,2023,regular,SEA,LA,66,63,,,espn,,,,
espn-401507168,2023-06-07,2023,regular,DAL,PHX,84,79,,,espn,,,,
espn-401507169,2023-06-08,2023,regular,CONN,LV,94,77,,,espn,,,,
espn-401507170,2023-06-09,2023,regular,ATL,NY,83,106,,,espn,,,,
espn-401507171,2023-06-09,2023,regular,DAL,PHX,90,77,,,espn,,,,
espn-401507172,2023-06-09,2023,regular,MIN,IND,69,71,,,espn,,,,
espn-401507173,2023-06-09,2023,regular,LA,CHI,77,62,,,espn,,,,
espn-401507174,2023-06-09,2023,regular,SEA,WSH,66,73,,,espn,,,,
espn-401507175,2023-06-11,2023,regular,NY,DAL,102,93,,,espn,,,,
espn-401507176,2023-06-11,2023,regular,LV,CHI,93,80,,,espn,,,,
espn-401507177,2023-06-11,2023,regular,ATL,CONN,77,89,,,espn,,,,
espn-401507178,2023-06-11,2023,regular,IND,PHX,82,85,,,espn,,,,
espn-401507179,2023-06-11,2023,regular,SEA,WSH,65,71,,,espn,,,,
espn-401507180,2023-06-11,2023,regular,MIN,LA,91,86,,,espn,,,,
espn-401507181,2023-06-13,2023,regular,IND,WSH,87,66,,,espn,,,,
espn-401507182,2023-06-13,2023,regular,NY,ATL,79,86,,,espn,,,,
espn-401507183,2023-06-13,2023,regular,PHX,SEA,69,83,,,espn,,,,
espn-401507184,2023-06-14,2023,regular,DAL,LA,61,79,,,espn,,,,
espn-401507185,2023-06-15,2023,regular,CONN,ATL,88,92,,,espn,,,,
espn-401507186,2023-06-15,2023,regular,CHI,IND,90,92,,,espn,,,,
espn-401507187,2023-06-15,2023,regular,LV,SEA,96,63,,,espn,,,,
espn-401507188,2023-06-16,2023,regular,WSH,PHX,88,69,,,espn,,,,
espn-401507189,2023-06-16,2023,regular,LA,MIN,72,77,,,espn,,,,
espn-401507190,2023-06-17,2023,regular,DAL,SEA,103,109,,,espn,,,,
espn-401507191,2023-06-18,2023,regular,NY,PHX,89,71,,,espn,,,,
espn-401507192,2023-06-18,2023,regular,WSH,CHI,77,69,,,espn,,,,
espn-401507193,2023-06-18,2023,regular,IND,ATL,94,100,,,espn,,,,
espn-401507194,2023-06-18,2023,regular,LA,CONN,74,83,,,espn,,,,
espn-401507195,2023-06-18,2023,regular,LV,MIN,93,62,,,espn,,,,
espn-401507196,2023-06-20,2023,regular,DAL,ATL,85,73,,,espn,,,,
espn-401507197,2023-06-20,2023,regular,LA,MIN,61,67,,,espn,,,,
espn-401507198,2023-06-20,2023,regular,SEA,CONN,79,85,,,espn,,,,
espn-401507199,2023-06-21,2023,regular,PHX,LV,79,99,,,espn,,,,
espn-401507200,2023-06-22,2023,regular,CHI,WSH,59,80,,,espn,,,,
espn-401507201,2023-06-22,2023,regular,MIN,CONN,68,89,,,espn,,,,
espn-401507202,2023-06-22,2023,regular,SEA,IND,68,80,,,espn,,,,
espn-401507203,2023-06-23,2023,regular,ATL,NY,80,110,,,espn,,,,
espn-401507204,2023-06-23,2023,regular,LA,DAL,76,74,,,espn,,,,
espn-401507205,2023-06-24,2023,regular,LV,IND,101,88,,,espn,,,,
espn-401507206,2023-06-24,2023,regular,SEA,PHX,97,74,,,espn,,,,
espn-401507207,2023-06-25,2023,regular,CONN,CHI,96,72,,,espn,,,,
espn-401507208,2023-06-25,2023,regular,NY,WSH,89,88,,,espn,,,,
espn-401507209,2023-06-25,2023,regular,LA,DAL,93,83,,,espn,,,,
espn-401507210,2023-06-26,2023,regular,LV,IND,88,80,,,espn,,,,
espn-401507211,2023-06-27,2023,regular,CONN,NY,81,89,,,espn,,,,
espn-401507212,2023-06-27,2023,regular,MIN,SEA,104,93,,,espn,,,,
espn-401507213,2023-06-27,2023,regular,PHX,DAL,62,77,,,espn,,,,
espn-401507214,2023-06-28,2023,regular,CHI,LA,80,63,,,espn,,,,
espn-401507215,2023-06-28,2023,regular,WSH,ATL,109,86,,,espn,,,,
espn-401507216,2023-06-29,2023,regular,LV,NY,98,81,,,espn,,,,
espn-401507217,2023-06-29,2023,regular,PHX,IND,85,63,,,espn,,,,
espn-401507218,2023-06-29,2023,regular,SEA,MIN,97,99,,,espn,,,,
espn-401507219,2023-06-30,2023,regular,ATL,WSH,94,89,,,espn,,,,
espn-401507220,2023-06-30,2023,regular,CHI,LA,86,78,,,espn,,,,
espn-401507221,2023-07-01,2023,regular,LV,CONN,102,84,,,espn,,,,
espn-401507222,2023-07-01,2023,regular,PHX,MIN,76,86,,,espn,,,,
espn-401507223,2023-07-02,2023,regular,ATL,LA,112,84,,,espn,,,,
espn-401507224,2023-07-02,2023,regular,IND,CHI,87,89,,,espn,,,,
espn-401507225,2023-07-02,2023,regular,DAL,WSH,89,72,,,espn,,,,
espn-401507226,2023-07-02,2023,regular,SEA,NY,66,81,,,espn,,,,
espn-401507227,2023-07-05,2023,regular,NY,PHX,99,95,,,espn,,,,
espn-401507228,2023-07-05,2023,regular,MIN,IND,90,83,,,espn,,,,
espn-401507229,2023-07-05,2023,regular,LV,DAL,89,82,,,espn,,,,
espn-401507230,2023-07-05,2023,regular,LA,ATL,79,90,,,espn,,,,
espn-401507231,2023-07-06,2023,regular,CONN,SEA,93,73,,,espn,,,,
espn-401507232,2023-07-07,2023,regular,WSH,IND,96,88,,,espn,,,,
espn-401507233,2023-07-07,2023,regular,CHI,ATL,68,82,,,espn,,,,
espn-401507234,2023-07-07,2023,regular,DAL,LV,80,78,,,espn,,,,
espn-401507235,2023-07-07,2023,regular,MIN,PHX,75,64,,,espn,,,,
espn-401507236,2023-07-08,2023,regular,NY,SEA,80,76,,,espn,,,,
espn-401507237,2023-07-09,2023,regular,CONN,WSH,92,84,,,espn,,,,
espn-401507238,2023-07-09,2023,regular,IND,DAL,76,77,,,espn,,,,
espn-401507239,2023-07-09,2023,regular,PHX,LA,78,72,,,espn,,,,
espn-401507240,2023-07-09,2023,regular,MIN,LV,89,113,,,espn,,,,
espn-401507241,2023-07-09,2023,regular,CHI,ATL,77,88,,,espn,,,,
espn-401507242,2023-07-11,2023,regular,WSH,SEA,93,86,,,espn,,,,
espn-401507243,2023-07-11,2023,regular,LV,PHX,98,72,,,espn,,,,
espn-401507244,2023-07-12,2023,regular,IND,NY,87,95,,,espn,,,,
espn-401507245,2023-07-12,2023,regular,CHI,CONN,72,84,,,espn,,,,
espn-401507246,2023-07-12,2023,regular,MIN,DAL,67,107,,,espn,,,,
espn-401507247,2023-07-12,2023,regular,ATL,SEA,85,75,,,espn,,,,
espn-401507248,2023-07-12,2023,regular,LA,LV,78,97,,,espn,,,,
espn-401558893,2023-07-15,2023,regular,WIL,STE,127,143,1,,espn,,,,
espn-401507249,2023-07-18,2023,regular,ATL,MIN,82,73,,,espn,,,,
espn-401507250,2023-07-18,2023,regular,PHX,CONN,72,66,,,espn,,,,
espn-401507251,2023-07-19,2023,regular,WSH,IND,76,82,,,espn,,,,
espn-401507252,2023-07-19,2023,regular,NY,DAL,88,98,,,espn,,,,
espn-401507253,2023-07-20,2023,regular,CONN,ATL,82,71,,,espn,,,,
espn-401507254,2023-07-20,2023,regular,MIN,LA,73,70,,,espn,,,,
espn-401507255,2023-07-20,2023,regular,PHX,CHI,80,62,,,espn,,,,
espn-401507256,2023-07-20,2023,regular,SEA,LV,63,79,,,espn,,,,
espn-401507257,2023-07-21,2023,regular,WSH,NY,87,96,,,espn,,,,
espn-401507258,2023-07-22,2023,regular,ATL,CONN,78,86,,,espn,,,,
espn-401507259,2023-07-22,2023,regular,SEA,CHI,75,90,,,espn,,,,
espn-401507260,2023-07-22,2023,regular,DAL,LA,98,84,,,espn,,,,
espn-401507261,2023-07-22,2023,regular,MIN,LV,81,98,,,espn,,,,
espn-401507262,2023-07-23,2023,regular,NY,IND,101,83,,,espn,,,,
espn-401507263,2023-07-23,2023,regular,WSH,PHX,84,69,,,espn,,,,
espn-401507264,2023-07-25,2023,regular,ATL,PHX,78,65,,,espn,,,,
espn-401507265,2023-07-25,2023,regular,NY,SEA,86,82,,,espn,,,,
espn-401507266,2023-07-25,2023,regular,CHI,LV,95,107,,,espn,,,,
espn-401507267,2023-07-25,2023,regular,DAL,CONN,83,88,,,espn,,,,
espn-401507268,2023-07-25,2023,regular,LA,IND,79,78,,,espn,,,,
espn-401507269,2023-07-26,2023,regular,MIN,WSH,97,92,,,espn,,,,
espn-401507270,2023-07-27,2023,regular,LA,IND,81,68,,,espn,,,,
espn-401507271,2023-07-27,2023,regular,NY,ATL,95,84,,,espn,,,,
espn-401507272,2023-07-28,2023,regular,CHI,SEA,74,83,,,espn,,,,
espn-401507273,2023-07-28,2023,regular,DAL,WSH,90,62,,,espn,,,,
espn-401558197,2023-07-28,2023,regular,NY,MIN,83,88,,,espn,,,,
espn-401507274,2023-07-30,2023,regular,CONN,MIN,83,87,,,espn,,,,
espn-401507275,2023-07-30,2023,regular,ATL,WSH,80,73,,,espn,,,,
espn-401507276,2023-07-30,2023,regular,IND,SEA,62,85,,,espn,,,,
espn-401507277,2023-07-30,2023,regular,CHI,PHX,104,85,,,espn,,,,
espn-401507278,2023-07-30,2023,regular,LV,DAL,104,91,,,espn,,,,
espn-401507279,2023-07-30,2023,regular,LA,NY,79,87,,,espn,,,,
espn-401507280,2023-08-01,2023,regular,CONN,MIN,79,69,,,espn,,,,
espn-401507281,2023-08-01,2023,regular,IND,PHX,72,71,,,espn,,,,
espn-401507282,2023-08-01,2023,regular,LV,ATL,93,72,,,espn,,,,
espn-401507283,2023-08-01,2023,regular,LA,NY,69,76,,,espn,,,,
espn-401507284,2023-08-02,2023,regular,SEA,DAL,65,76,,,espn,,,,
espn-401507285,2023-08-03,2023,regular,PHX,ATL,91,71,,,espn,,,,
espn-401507286,2023-08-04,2023,regular,IND,CONN,72,88,,,espn,,,,
espn-401507287,2023-08-04,2023,regular,WSH,LA,79,77,,,espn,,,,
espn-401507288,2023-08-04,2023,regular,DAL,CHI,89,104,,,espn,,,,
espn-401507289,2023-08-04,2023,regular,MIN,NY,66,76,,,espn,,,,
espn-401507290,2023-08-05,2023,regular,PHX,SEA,91,97,,,espn,,,,
espn-401507291,2023-08-06,2023,regular,ATL,IND,82,73,,,espn,,,,
espn-401507292,2023-08-06,2023,regular,NY,LV,99,61,,,espn,,,,
espn-401507293,2023-08-06,2023,regular,WSH,LA,83,91,,,espn,,,,
espn-401507294,2023-08-06,2023,regular,DAL,CHI,96,104,,,espn,,,,
espn-401507295,2023-08-08,2023,regular,SEA,CONN,69,81,,,espn,,,,
espn-401507296,2023-08-08,2023,regular,IND,LA,80,87,,,espn,,,,
espn-401507297,2023-08-08,2023,regular,CHI,MIN,79,88,,,espn,,,,
espn-401507298,2023-08-08,2023,regular,DAL,LV,84,104,,,espn,,,,
espn-401507299,2023-08-08,2023,regular,PHX,WSH,91,72,,,espn,,,,
espn-401507300,2023-08-10,2023,regular,IND,MIN,91,73,,,espn,,,,
espn-401507301,2023-08-10,2023,regular,PHX,CONN,90,84,,,espn,,,,
espn-401507302,2023-08-10,2023,regular,SEA,ATL,68,67,,,espn,,,,
espn-401507303,2023-08-11,2023,regular,NY,CHI,89,73,,,espn,,,,
espn-401507304,2023-08-11,2023,regular,LV,WSH,113,89,,,espn,,,,
espn-401507305,2023-08-12,2023,regular,LA,ATL,85,74,,,espn,,,,
espn-401507306,2023-08-12,2023,regular,DAL,CONN,91,81,,,espn,,,,
espn-401507307,2023-08-13,2023,regular,WSH,CHI,83,76,,,espn,,,,
espn-401507308,2023-08-13,2023,regular,SEA,PHX,81,71,,,espn,,,,
espn-401507309,2023-08-13,2023,regular,IND,NY,89,100,,,espn,,,,
espn-401507310,2023-08-13,2023,regular,LV,ATL,86,65,,,espn,,,,
espn-401507376,2023-08-15,2023,regular,LV,NY,63,82,,,espn,,,,
espn-401507311,2023-08-17,2023,regular,LV,NY,88,75,,,espn,,,,
espn-401507312,2023-08-18,2023,regular,CONN,DAL,75,95,,,espn,,,,
espn-401507313,2023-08-18,2023,regular,IND,WSH,79,83,,,espn,,,,
espn-401507314,2023-08-18,2023,regular,ATL,CHI,78,67,,,espn,,,,
espn-401507315,2023-08-18,2023,regular,PHX,NY,63,85,,,espn,,,,
espn-401507316,2023-08-18,2023,regular,SEA,MIN,70,78,,,espn,,,,
espn-401507317,2023-08-19,2023,regular,LV,LA,72,78,,,espn,,,,
espn-401507318,2023-08-20,2023,regular,WSH,DAL,84,97,,,espn,,,,
espn-401507319,2023-08-20,2023,regular,CHI,CONN,73,79,,,espn,,,,
espn-401507320,2023-08-20,2023,regular,PHX,IND,73,83,,,espn,,,,
espn-401507321,2023-08-20,2023,regular,MIN,SEA,74,88,,,espn,,,,
espn-401507322,2023-08-22,2023,regular,ATL,LV,100,112,,,espn,,,,
espn-401507323,2023-08-22,2023,regular,WSH,CONN,64,68,,,espn,,,,
espn-401507324,2023-08-22,2023,regular,CHI,SEA,102,79,,,espn,,,,
espn-401507325,2023-08-22,2023,regular,MIN,DAL,91,86,,,espn,,,,
espn-401507326,2023-08-23,2023,regular,LA,PHX,91,62,,,espn,,,,
espn-401507327,2023-08-24,2023,regular,CONN,NY,90,95,,,espn,,,,
espn-401507328,2023-08-24,2023,regular,IND,SEA,90,86,,,espn,,,,
espn-401507329,2023-08-24,2023,regular,CHI,LV,87,94,,,espn,,,,
espn-401507330,2023-08-24,2023,regular,DAL,MIN,81,90,,,espn,,,,
espn-401507331,2023-08-25,2023,regular,ATL,LA,78,83,,,espn,,,,
espn-401507332,2023-08-26,2023,regular,WSH,LV,78,62,,,espn,,,,
espn-401507333,2023-08-26,2023,regular,MIN,NY,76,111,,,espn,,,,
espn-401507334,2023-08-27,2023,regular,CONN,LA,83,68,,,espn,,,,
espn-401507335,2023-08-27,2023,regular,IND,ATL,83,80,,,espn,,,,
espn-401507336,2023-08-27,2023,regular,PHX,DAL,74,77,,,espn,,,,
espn-401507337,2023-08-27,2023,regular,SEA,CHI,85,90,,,espn,,,,
espn-401507338,2023-08-28,2023,regular,NY,LV,94,85,,,espn,,,,
espn-401507339,2023-08-29,2023,regular,ATL,PHX,94,76,,,espn,,,,
espn-401507340,2023-08-29,2023,regular,WSH,MIN,83,72,,,espn,,,,
espn-401507341,2023-08-29,2023,regular,LA,CHI,75,76,,,espn,,,,
espn-401507342,2023-08-31,2023,regular,CONN,PHX,84,74,,,espn,,,,
espn-401507343,2023-08-31,2023,regular,LV,WSH,84,75,,,espn,,,,
espn-401507344,2023-08-31,2023,regular,LA,SEA,61,72,,,espn,,,,
espn-401507345,2023-09-01,2023,regular,IND,DAL,100,110,,,espn,,,,
espn-401507346,2023-09-01,2023,regular,NY,CONN,89,58,,,espn,,,,
espn-401507347,2023-09-01,2023,regular,MIN,ATL,91,85,,,espn,,,,
espn-401507348,2023-09-02,2023,regular,LV,SEA,103,77,,,espn,,,,
espn-401507349,2023-09-03,2023,regular,CHI,NY,69,86,,,espn,,,,
espn-401507350,2023-09-03,2023,regular,DAL,IND,84,97,,,espn,,,,
espn-401507351,2023-09-03,2023,regular,MIN,PHX,86,73,,,espn,,,,
espn-401507352,2023-09-03,2023,regular,LA,WSH,72,64,,,espn,,,,
espn-401507353,2023-09-05,2023,regular,CONN,LA,90,76,,,espn,,,,
espn-401507354,2023-09-05,2023,regular,IND,CHI,69,96,,,espn,,,,
espn-401507355,2023-09-05,2023,regular,DAL,NY,93,94,,,espn,,,,
espn-401507356,2023-09-05,2023,regular,PHX,WSH,77,100,,,espn,,,,
espn-401507357,2023-09-06,2023,regular,ATL,SEA,79,68,,,espn,,,,
espn-401507358,2023-09-07,2023,regular,NY,LA,96,89,,,espn,,,,
espn-401507359,2023-09-08,2023,regular,CONN,IND,76,59,,,espn,,,,
espn-401507360,2023-09-08,2023,regular,WSH,ATL,75,80,,,espn,,,,
espn-401507361,2023-09-08,2023,regular,CHI,MIN,92,87,,,espn,,,,
espn-401507362,2023-09-08,2023,regular,DAL,SEA,106,91,,,espn,,,,
espn-401507363,2023-09-08,2023,regular,PHX,LV,73,94,,,espn,,,,
espn-401507364,2023-09-10,2023,regular,ATL,DAL,77,94,,,espn,,,,
espn-401507365,2023-09-10,2023,regular,CONN,CHI,91,102,,,espn,,,,
espn-401507366,2023-09-10,2023,regular,IND,MIN,87,72,,,espn,,,,
espn-401507367,2023-09-10,2023,regular,NY,WSH,88,90,,,espn,,,,
espn-401507368,2023-09-10,2023,regular,LV,PHX,100,85,,,espn,,,,
espn-401507369,2023-09-10,2023,regular,SEA,LA,89,91,,,espn,,,,
espn-401578549,2023-09-13,2023,postseason,CONN,MIN,90,60,,,espn,,,,
espn-401578550,2023-09-13,2023,postseason,LV,CHI,87,59,,,espn,,,,
espn-401578551,2023-09-15,2023,postseason,NY,WSH,90,75,,,espn,,,,
espn-401578552,2023-09-15,2023,postseason,DAL,ATL,94,82,,,espn,,,,
espn-401578553,2023-09-17,2023,postseason,CONN,MIN,75,82,,,espn,,,,
espn-401578554,2023-09-17,2023,postseason,LV,CHI,92,70,,,espn,,,,
espn-401578555,2023-09-19,2023,postseason,NY,WSH,90,85,,,espn,,,,
espn-401578556,2023-09-19,2023,postseason,DAL,ATL,101,74,,,espn,,,,
espn-401578557,2023-09-20,2023,postseason,MIN,CONN,75,90,,,espn,,,,
espn-401578561,2023-09-24,2023,postseason,NY,CONN,63,78,,,espn,,,,
espn-401578562,2023-09-24,2023,postseason,LV,DAL,97,83,,,espn,,,,
espn-401578563,2023-09-26,2023,postseason,NY,CONN,84,77,,,espn,,,,
espn-401578564,2023-09-26,2023,postseason,LV,DAL,91,84,,,espn,,,,
espn-401578565,2023-09-29,2023,postseason,CONN,NY,81,92,,,espn,,,,
espn-401578566,2023-09-29,2023,postseason,DAL,LV,61,64,,,espn,,,,
espn-401578567,2023-10-01,2023,postseason,CONN,NY,84,87,,,espn,,,,
espn-401578571,2023-10-08,2023,postseason,LV,NY,99,82,,,espn,,,,
espn-401578572,2023-10-11,2023,postseason,LV,NY,104,76,,,espn,,,,
espn-401578573,2023-10-15,2023,postseason,NY,LV,87,73,,,espn,,,,
espn-401578574,2023-10-18,2023,postseason,NY,LV,69,70,,,espn,,,,
espn-401620178,2024-05-14,2024,regular,WSH,NY,80,85,,,espn,,,,
espn-401620219,2024-05-14,2024,regular,CON,IND,92,71,,,espn,,,,
espn-401620220,2024-05-14,2024,regular,LV,PHX,89,80,,,espn,,,,
espn-401620221,2024-05-14,2024,regular,SEA,MIN,70,83,,,espn,,,,
espn-401620222,2024-05-15,2024,regular,DAL,CHI,87,79,,,espn,,,,
espn-401620223,2024-05-15,2024,regular,LA,ATL,81,92,,,espn,,,,
espn-401620224,2024-05-16,2024,regular,IND,NY,66,102,,,espn,,,,
espn-401620225,2024-05-17,2024,regular,CON,WSH,84,77,,,espn,,,,
espn-401620226,2024-05-17,2024,regular,MIN,SEA,102,93,,,espn,,,,
espn-401620227,2024-05-18,2024,regular,NY,IND,91,80,,,espn,,,,
espn-401620228,2024-05-18,2024,regular,LV,LA,89,82,,,espn,,,,
espn-401620229,2024-05-18,2024,regular,DAL,CHI,74,83,,,espn,,,,
espn-401620230,2024-05-18,2024,regular,PHX,ATL,88,85,,,espn,,,,
espn-401620231,2024-05-19,2024,regular,WSH,SEA,75,84,,,espn,,,,
espn-401620232,2024-05-20,2024,regular,IND,CON,84,88,,,espn,,,,
espn-401620233,2024-05-20,2024,regular,NY,SEA,74,63,,,espn,,,,
espn-401620234,2024-05-21,2024,regular,ATL,DAL,83,78,,,espn,,,,
espn-401620235,2024-05-21,2024,regular,LV,PHX,88,98,,,espn,,,,
espn-401620236,2024-05-21,2024,regular,LA,WSH,70,68,,,espn,,,,
espn-401620237,2024-05-22,2024,regular,SEA,IND,85,83,,,espn,,,,
espn-401620238,2024-05-23,2024,regular,CON,MIN,83,82,,,espn,,,,
espn-401620239,2024-05-23,2024,regular,NY,CHI,81,90,,,espn,,,,
espn-401620240,2024-05-23,2024,regular,PHX,WSH,83,80,,,espn,,,,
espn-401620241,2024-05-24,2024,regular,LA,IND,73,78,,,espn,,,,
espn-401620242,2024-05-25,2024,regular,MIN,NY,84,67,,,espn,,,,
espn-401620243,2024-05-25,2024,regular,CHI,CON,82,86,,,espn,,,,
espn-401620244,2024-05-25,2024,regular,LV,IND,99,80,,,espn,,,,
espn-401620245,2024-05-25,2024,regular,SEA,WSH,101,69,,,espn,,,,
espn-401620246,2024-05-25,2024,regular,PHX,DAL,92,107,,,espn,,,,
espn-401620247,2024-05-26,2024,regular,ATL,MIN,79,92,,,espn,,,,
espn-401620248,2024-05-26,2024,regular,LA,DAL,83,84,,,espn,,,,
espn-401620249,2024-05-28,2024,regular,CON,PHX,70,47,,,espn,,,,
espn-401620250,2024-05-28,2024,regular,IND,LA,82,88,,,espn,,,,
espn-401620251,2024-05-28,2024,regular,CHI,SEA,68,77,,,espn,,,,
espn-401620252,2024-05-29,2024,regular,NY,PHX,81,78,,,espn,,,,
espn-401620253,2024-05-29,2024,regular,WSH,ATL,67,73,,,espn,,,,
espn-401620254,2024-05-29,2024,regular,MIN,LV,66,80,,,espn,,,,
espn-401620255,2024-05-30,2024,regular,IND,SEA,88,103,,,espn,,,,
espn-401620256,2024-05-30,2024,regular,CHI,LA,83,73,,,espn,,,,
espn-401620257,2024-05-31,2024,regular,ATL,LV,78,74,,,espn,,,,
espn-401620258,2024-05-31,2024,regular,CON,DAL,74,72,,,espn,,,,
espn-401620259,2024-05-31,2024,regular,NY,WSH,90,79,,,espn,,,,
espn-401620260,2024-05-31,2024,regular,MIN,PHX,95,71,,,espn,,,,
espn-401620261,2024-06-01,2024,regular,IND,CHI,71,70,,,espn,,,,
espn-401620262,2024-06-02,2024,regular,ATL,CON,50,69,,,espn,,,,
espn-401620263,2024-06-02,2024,regular,NY,IND,104,68,,,espn,,,,
espn-401620264,2024-06-02,2024,regular,MIN,DAL,87,76,,,espn,,,,
espn-401620265,2024-06-02,2024,regular,PHX,LA,87,68,,,espn,,,,
espn-401620266,2024-06-04,2024,regular,CON,WSH,76,59,,,espn,,,,
espn-401620267,2024-06-04,2024,regular,CHI,NY,75,88,,,espn,,,,
espn-401620268,2024-06-04,2024,regular,SEA,PHX,80,62,,,espn,,,,
espn-401620269,2024-06-05,2024,regular,DAL,LV,81,95,,,espn,,,,
espn-401620270,2024-06-05,2024,regular,LA,MIN,62,86,,,espn,,,,
espn-401620271,2024-06-06,2024,regular,WSH,CHI,71,79,1,,espn,,,,
espn-401620272,2024-06-06,2024,regular,ATL,NY,61,78,,,espn,,,,
espn-401620273,2024-06-07,2024,regular,WSH,IND,83,85,,,espn,,,,
espn-401620274,2024-06-07,2024,regular,LV,SEA,65,78,,,espn,,,,
espn-401620275,2024-06-07,2024,regular,LA,DAL,81,72,,,espn,,,,
espn-401620276,2024-06-07,2024,regular,PHX,MIN,81,80,,,espn,,,,
espn-401620277,2024-06-08,2024,regular,CON,NY,75,82,,,espn,,,,
espn-401620278,2024-06-08,2024,regular,CHI,ATL,80,89,,,espn,,,,
espn-401620279,2024-06-09,2024,regular,NY,WSH,93,88,,,espn,,,,
espn-401620280,2024-06-09,2024,regular,DAL,PHX,90,97,,,espn,,,,
espn-401620281,2024-06-09,2024,regular,MIN,SEA,83,64,,,espn,,,,
espn-401620282,2024-06-09,2024,regular,LA,LV,96,92,,,espn,,,,
espn-401620283,2024-06-10,2024,regular,CON,IND,89,72,,,espn,,,,
espn-401620284,2024-06-11,2024,regular,ATL,WSH,68,87,,,espn,,,,
espn-401620285,2024-06-11,2024,regular,LV,MIN,86,100,,,espn,,,,
espn-401620286,2024-06-11,2024,regular,SEA,LA,95,79,,,espn,,,,
espn-401620287,2024-06-12,2024,regular,CHI,CON,75,83,,,espn,,,,
espn-401620288,2024-06-13,2024,regular,IND,ATL,91,84,,,espn,,,,
espn-401620289,2024-06-13,2024,regular,DAL,SEA,84,92,,,espn,,,,
espn-401620290,2024-06-13,2024,regular,PHX,LV,99,103,,,espn,,,,
espn-401620291,2024-06-14,2024,regular,WSH,CHI,83,81,,,espn,,,,
espn-401620292,2024-06-14,2024,regular,MIN,LA,81,76,,,espn,,,,
espn-401620293,2024-06-15,2024,regular,DAL,CON,67,85,,,espn,,,,
espn-401620294,2024-06-15,2024,regular,LV,NY,82,90,,,espn,,,,
espn-401620295,2024-06-16,2024,regular,PHX,SEA,87,78,,,espn,,,,
espn-401620296,2024-06-16,2024,regular,IND,CHI,91,83,,,espn,,,,
espn-401620297,2024-06-16,2024,regular,ATL,LA,87,74,,,espn,,,,
espn-401620298,2024-06-17,2024,regular,MIN,DAL,90,78,,,espn,,,,
espn-401620299,2024-06-18,2024,regular,CON,LA,79,70,,,espn,,,,
espn-401620300,2024-06-18,2024,regular,PHX,NY,99,93,,,espn,,,,
espn-401620301,2024-06-19,2024,regular,IND,WSH,88,81,,,espn,,,,
espn-401620302,2024-06-19,2024,regular,MIN,ATL,68,55,,,espn,,,,
espn-401620303,2024-06-19,2024,regular,LV,SEA,94,83,,,espn,,,,
espn-401620304,2024-06-20,2024,regular,CHI,DAL,83,72,,,espn,,,,
espn-401620305,2024-06-20,2024,regular,NY,LA,93,80,,,espn,,,,
espn-401620306,2024-06-21,2024,regular,ATL,IND,79,91,,,espn,,,,
espn-401620307,2024-06-21,2024,regular,LV,CON,85,74,,,espn,,,,
espn-401620308,2024-06-22,2024,regular,WSH,DAL,97,69,,,espn,,,,
espn-401620309,2024-06-22,2024,regular,NY,LA,98,88,,,espn,,,,
espn-401620310,2024-06-22,2024,regular,MIN,PHX,73,60,,,espn,,,,
espn-401620311,2024-06-23,2024,regular,ATL,NY,75,96,,,espn,,,,
espn-401620312,2024-06-23,2024,regular,WSH,DAL,92,84,,,espn,,,,
espn-401620313,2024-06-23,2024,regular,CHI,IND,88,87,,,espn,,,,
espn-401620314,2024-06-23,2024,regular,SEA,CON,72,61,,,espn,,,,
espn-401677672,2024-06-25,2024,regular,NY,MIN,89,94,,,espn,,,,
espn-401620315,2024-06-27,2024,regular,DAL,MIN,94,88,,,espn,,,,
espn-401620316,2024-06-27,2024,regular,WSH,CON,91,94,,,espn,,,,
espn-401620317,2024-06-27,2024,regular,CHI,LV,83,95,,,espn,,,,
espn-401620318,2024-06-27,2024,regular,SEA,IND,89,77,,,espn,,,,
espn-401620319,2024-06-28,2024,regular,CON,ATL,74,78,,,espn,,,,
espn-401620320,2024-06-28,2024,regular,PHX,LA,92,78,,,espn,,,,
espn-401620321,2024-06-29,2024,regular,WSH,LV,77,88,,,espn,,,,
espn-401620322,2024-06-29,2024,regular,SEA,DAL,97,76,,,espn,,,,
espn-401620323,2024-06-30,2024,regular,NY,ATL,81,75,,,espn,,,,
espn-401620324,2024-06-30,2024,regular,CHI,MIN,62,70,,,espn,,,,
espn-401620325,2024-06-30,2024,regular,PHX,IND,82,88,,,espn,,,,
espn-401620326,2024-07-01,2024,regular,PHX,CON,72,83,,,espn,,,,
espn-401620327,2024-07-01,2024,regular,SEA,DAL,95,71,,,espn,,,,
espn-401620328,2024-07-02,2024,regular,NY,MIN,76,67,,,espn,,,,
espn-401620329,2024-07-02,2024,regular,ATL,CHI,77,85,,,espn,,,,
espn-401620330,2024-07-02,2024,regular,LV,IND,88,69,,,espn,,,,
espn-401620331,2024-07-02,2024,regular,LA,WSH,80,82,,,espn,,,,
espn-401620332,2024-07-03,2024,regular,DAL,PHX,96,104,,,espn,,,,
espn-401620333,2024-07-04,2024,regular,MIN,CON,73,78,,,espn,,,,
espn-401620334,2024-07-04,2024,regular,LV,WSH,98,77,,,espn,,,,
espn-401620335,2024-07-05,2024,regular,DAL,ATL,85,82,,,espn,,,,
espn-401620336,2024-07-05,2024,regular,LA,LV,98,93,,,espn,,,,
espn-401620337,2024-07-05,2024,regular,SEA,CHI,84,88,,,espn,,,,
espn-401620338,2024-07-06,2024,regular,IND,NY,83,78,,,espn,,,,
espn-401620339,2024-07-06,2024,regular,MIN,WSH,74,67,,,espn,,,,
espn-401620340,2024-07-07,2024,regular,CON,ATL,80,67,,,espn,,,,
espn-401620341,2024-07-07,2024,regular,LV,DAL,104,85,,,espn,,,,
espn-401620342,2024-07-07,2024,regular,SEA,CHI,84,71,,,espn,,,,
espn-401620343,2024-07-07,2024,regular,LA,PHX,78,84,,,espn,,,,
espn-401620344,2024-07-09,2024,regular,LA,MIN,67,82,,,espn,,,,
espn-401620345,2024-07-10,2024,regular,CON,NY,68,71,,,espn,,,,
espn-401620346,2024-07-10,2024,regular,IND,WSH,84,89,,,espn,,,,
espn-401620347,2024-07-10,2024,regular,CHI,ATL,78,69,,,espn,,,,
espn-401620348,2024-07-10,2024,regular,SEA,LV,79,84,,,espn,,,,
espn-401620349,2024-07-10,2024,regular,PHX,DAL,100,84,,,espn,,,,
espn-401620350,2024-07-11,2024,regular,NY,CHI,91,76,,,espn,,,,
espn-401620351,2024-07-12,2024,regular,ATL,LV,70,84,,,espn,,,,
espn-401620352,2024-07-12,2024,regular,IND,PHX,95,86,,,espn,,,,
espn-401620353,2024-07-12,2024,regular,SEA,MIN,91,63,,,espn,,,,
espn-401620354,2024-07-13,2024,regular,CHI,NY,67,81,,,espn,,,,
espn-401620355,2024-07-13,2024,regular,DAL,LA,81,87,,,espn,,,,
espn-401620356,2024-07-14,2024,regular,CON,PHX,96,69,,,espn,,,,
espn-401620357,2024-07-14,2024,regular,WSH,LV,77,89,,,espn,,,,
espn-401620358,2024-07-14,2024,regular,SEA,ATL,81,70,,,espn,,,,
espn-401620359,2024-07-14,2024,regular,MIN,IND,74,81,,,espn,,,,
espn-401620360,2024-07-16,2024,regular,WSH,PHX,87,96,,,espn,,,,
espn-401620361,2024-07-16,2024,regular,LA,SEA,83,89,,,espn,,,,
espn-401620362,2024-07-16,2024,regular,NY,CON,82,74,,,espn,,,,
espn-401620363,2024-07-16,2024,regular,LV,CHI,85,93,,,espn,,,,
espn-401620364,2024-07-17,2024,regular,MIN,ATL,86,79,,,espn,,,,
espn-401620365,2024-07-17,2024,regular,DAL,IND,101,93,,,espn,,,,
espn-401620458,2024-07-20,2024,regular,WNBASTARS,USA,117,109,1,,espn,,,,
espn-401620366,2024-08-15,2024,regular,CHI,PHX,65,85,,,espn,,,,
espn-401620367,2024-08-15,2024,regular,MIN,WSH,79,68,,,espn,,,,
espn-401620368,2024-08-15,2024,regular,LA,NY,68,103,,,espn,,,,
espn-401620369,2024-08-16,2024,regular,ATL,SEA,83,81,,,espn,,,,
espn-401620370,2024-08-16,2024,regular,IND,PHX,98,89,,,espn,,,,
espn-401620371,2024-08-16,2024,regular,DAL,CON,91,109,,,espn,,,,
espn-401620372,2024-08-17,2024,regular,WSH,MIN,83,99,,,espn,,,,
espn-401620373,2024-08-17,2024,regular,LV,NY,67,79,,,espn,,,,
espn-401620374,2024-08-17,2024,regular,LA,CHI,86,90,,,espn,,,,
espn-401620375,2024-08-18,2024,regular,ATL,CON,82,70,,,espn,,,,
espn-401620376,2024-08-18,2024,regular,LV,LA,87,71,,,espn,,,,
espn-401620377,2024-08-18,2024,regular,IND,SEA,92,75,,,espn,,,,
espn-401620378,2024-08-18,2024,regular,PHX,CHI,86,68,,,espn,,,,
espn-401620379,2024-08-20,2024,regular,CON,LA,69,61,,,espn,,,,
espn-401620380,2024-08-20,2024,regular,NY,DAL,94,74,,,espn,,,,
espn-401620381,2024-08-20,2024,regular,WSH,SEA,77,83,,,espn,,,,
espn-401620382,2024-08-21,2024,regular,ATL,PHX,72,63,,,espn,,,,
espn-401620383,2024-08-21,2024,regular,LV,MIN,87,98,,,espn,,,,
espn-401620384,2024-08-22,2024,regular,NY,DAL,79,71,,,espn,,,,
espn-401620385,2024-08-23,2024,regular,ATL,PHX,80,82,,,espn,,,,
espn-401620386,2024-08-23,2024,regular,CON,CHI,82,80,,,espn,,,,
espn-401620387,2024-08-23,2024,regular,WSH,LA,80,74,,,espn,,,,
espn-401620388,2024-08-23,2024,regular,MIN,LV,87,74,,,espn,,,,
espn-401620389,2024-08-24,2024,regular,NY,CON,64,72,,,espn,,,,
espn-401620390,2024-08-24,2024,regular,MIN,IND,90,80,,,espn,,,,
espn-401620391,2024-08-25,2024,regular,CHI,LV,75,77,,,espn,,,,
espn-401620392,2024-08-25,2024,regular,DAL,LA,113,110,,,espn,,,,
espn-401620393,2024-08-26,2024,regular,ATL,IND,79,84,,,espn,,,,
espn-401620394,2024-08-26,2024,regular,PHX,NY,70,84,,,espn,,,,
espn-401620395,2024-08-26,2024,regular,SEA,WSH,72,74,,,espn,,,,
espn-401620396,2024-08-27,2024,regular,DAL,LV,93,90,,,espn,,,,
espn-401620397,2024-08-28,2024,regular,IND,CON,84,80,,,espn,,,,
espn-401620398,2024-08-28,2024,regular,CHI,WSH,70,74,,,espn,,,,
espn-401620399,2024-08-28,2024,regular,LA,NY,94,88,,,espn,,,,
espn-401620400,2024-08-28,2024,regular,PHX,MIN,76,89,,,espn,,,,
espn-401620401,2024-08-28,2024,regular,SEA,ATL,85,81,,,espn,,,,
espn-401620402,2024-08-30,2024,regular,CHI,IND,81,100,,,espn,,,,
espn-401620403,2024-08-30,2024,regular,DAL,MIN,94,76,,,espn,,,,
espn-401620404,2024-08-30,2024,regular,LV,ATL,83,72,,,espn,,,,
espn-401620405,2024-08-30,2024,regular,SEA,NY,85,98,,,espn,,,,
espn-401620406,2024-08-31,2024,regular,WSH,CON,85,96,,,espn,,,,
espn-401620407,2024-09-01,2024,regular,CON,SEA,93,86,,,espn,,,,
espn-401620408,2024-09-01,2024,regular,MIN,CHI,79,74,,,espn,,,,
espn-401620409,2024-09-01,2024,regular,DAL,IND,93,100,,,espn,,,,
espn-401620410,2024-09-01,2024,regular,LA,ATL,62,80,,,espn,,,,
espn-401620411,2024-09-01,2024,regular,PHX,LV,79,97,,,espn,,,,
espn-401620412,2024-09-03,2024,regular,CON,SEA,64,71,,,espn,,,,
espn-401620413,2024-09-03,2024,regular,DAL,WSH,86,90,,,espn,,,,
espn-401620414,2024-09-03,2024,regular,LV,CHI,90,71,,,espn,,,,
espn-401620415,2024-09-03,2024,regular,PHX,ATL,74,66,,,espn,,,,
espn-401620416,2024-09-04,2024,regular,IND,LA,93,86,,,espn,,,,
espn-401620417,2024-09-05,2024,regular,NY,SEA,77,70,,,espn,,,,
espn-401620418,2024-09-05,2024,regular,PHX,WSH,77,90,,,espn,,,,
espn-401620419,2024-09-06,2024,regular,ATL,DAL,107,96,,,espn,,,,
espn-401620420,2024-09-06,2024,regular,CON,LV,67,72,,,espn,,,,
espn-401620421,2024-09-06,2024,regular,IND,MIN,88,99,,,espn,,,,
espn-401620422,2024-09-06,2024,regular,CHI,LA,92,78,,,espn,,,,
espn-401620423,2024-09-07,2024,regular,SEA,PHX,90,66,,,espn,,,,
espn-401620424,2024-09-08,2024,regular,WSH,MIN,71,78,,,espn,,,,
espn-401620425,2024-09-08,2024,regular,IND,ATL,104,100,,,espn,,,,
espn-401620426,2024-09-08,2024,regular,NY,LV,75,71,,,espn,,,,
espn-401620427,2024-09-08,2024,regular,CHI,DAL,92,77,,,espn,,,,
espn-401620428,2024-09-08,2024,regular,LA,CON,67,79,,,espn,,,,
espn-401620429,2024-09-10,2024,regular,ATL,MIN,64,76,,,espn,,,,
espn-401620430,2024-09-10,2024,regular,DAL,NY,91,105,,,espn,,,,
espn-401620431,2024-09-10,2024,regular,LA,CON,66,86,,,espn,,,,
espn-401620432,2024-09-11,2024,regular,IND,LV,75,86,,,espn,,,,
espn-401620433,2024-09-11,2024,regular,CHI,WSH,58,89,,,espn,,,,
espn-401620434,2024-09-11,2024,regular,LA,SEA,82,90,,,espn,,,,
espn-401620435,2024-09-12,2024,regular,DAL,NY,67,99,,,espn,,,,
espn-401620436,2024-09-13,2024,regular,ATL,WSH,69,72,,,espn,,,,
espn-401620437,2024-09-13,2024,regular,IND,LV,74,78,,,espn,,,,
espn-401620438,2024-09-13,2024,regular,DAL,SEA,81,83,,,espn,,,,
espn-401620439,2024-09-13,2024,regular,MIN,CHI,83,66,,,espn,,,,
espn-401620440,2024-09-13,2024,regular,PHX,CON,69,88,,,espn,,,,
espn-401620441,2024-09-15,2024,regular,IND,DAL,110,109,,,espn,,,,
espn-401620442,2024-09-15,2024,regular,NY,MIN,79,88,,,espn,,,,
espn-401620443,2024-09-15,2024,regular,WSH,ATL,73,76,,,espn,,,,
espn-401620444,2024-09-15,2024,regular,CHI,PHX,88,93,,,espn,,,,
espn-401620445,2024-09-15,2024,regular,LV,CON,84,71,,,espn,,,,
espn-401620446,2024-09-15,2024,regular,SEA,LA,90,87,,,espn,,,,
espn-401620447,2024-09-17,2024,regular,CON,MIN,76,78,,,espn,,,,
espn-401620448,2024-09-17,2024,regular,WSH,NY,71,87,,,espn,,,,
espn-401620449,2024-09-17,2024,regular,ATL,CHI,86,70,,,espn,,,,
espn-401620450,2024-09-17,2024,regular,LA,PHX,81,85,,,espn,,,,
espn-401620451,2024-09-17,2024,regular,SEA,LV,72,85,,,espn,,,,
espn-401620452,2024-09-19,2024,regular,CON,CHI,87,54,,,espn,,,,
espn-401620453,2024-09-19,2024,regular,NY,ATL,67,78,,,espn,,,,
espn-401620454,2024-09-19,2024,regular,WSH,IND,92,91,,,espn,,,,
espn-401620455,2024-09-19,2024,regular,MIN,LA,51,68,,,espn,,,,
espn-401620456,2024-09-19,2024,regular,LV,DAL,98,84,,,espn,,,,
espn-401620457,2024-09-19,2024,regular,PHX,SEA,70,89,,,espn,,,,
espn-401721253,2024-09-22,2024,postseason,CON,IND,93,69,,,espn,,,,
espn-401721255,2024-09-22,2024,postseason,NY,ATL,83,69,,,espn,,,,
espn-401721256,2024-09-22,2024,postseason,LV,SEA,78,67,,,espn,,,,
espn-401721261,2024-09-22,2024,postseason,MIN,PHX,102,95,,,espn,,,,
espn-401721258,2024-09-24,2024,postseason,NY,ATL,91,82,,,espn,,,,
espn-401721262,2024-09-24,2024,postseason,LV,SEA,83,76,,,espn,,,,
espn-401721254,2024-09-25,2024,postseason,CON,IND,87,81,,,espn,,,,
espn-401721260,2024-09-25,2024,postseason,MIN,PHX,101,88,,,espn,,,,
espn-401724938,2024-09-29,2024,postseason,NY,LV,87,77,,,espn,,,,
espn-401725075,2024-09-29,2024,postseason,MIN,CON,70,73,,,espn,,,,
espn-401724939,2024-10-01,2024,postseason,NY,LV,88,84,,,espn,,,,
espn-401725076,2024-10-01,2024,postseason,MIN,CON,77,70,,,espn,,,,
espn-401724940,2024-10-04,2024,postseason,LV,NY,95,81,,,espn,,,,
espn-401725077,2024-10-04,2024,postseason,CON,MIN,81,90,,,espn,,,,
espn-401724941,2024-10-06,2024,postseason,LV,NY,62,76,,,espn,,,,
espn-401725078,2024-10-06,2024,postseason,CON,MIN,92,82,,,espn,,,,
espn-401725079,2024-10-08,2024,postseason,MIN,CON,88,77,,,espn,,,,
espn-401726988,2024-10-10,2024,postseason,NY,MIN,93,95,,,espn,,,,
espn-401726989,2024-10-13,2024,postseason,NY,MIN,80,66,,,espn,,,,
espn-401726990,2024-10-16,2024,postseason,MIN,NY,77,80,,,espn,,,,
espn-401726991,2024-10-18,2024,postseason,MIN,NY,82,80,,,espn,,,,
espn-401726992,2024-10-20,2024,postseason,NY,MIN,67,62,,,espn,,,,
espn-401736112,2025-05-16,2025,regular,WSH,ATL,94,90,,,espn,,,,
espn-401736113,2025-05-16,2025,regular,DAL,MIN,84,99,,,espn,,,,
espn-401736114,2025-05-16,2025,regular,GS,LA,67,84,,,espn,,,,
espn-401736115,2025-05-17,2025,regular,IND,CHI,93,58,,,espn,,,,
espn-401736116,2025-05-17,2025,regular,NY,LV,92,78,,,espn,,,,
espn-401736117,2025-05-17,2025,regular,PHX,SEA,81,59,,,espn,,,,
espn-401736118,2025-05-18,2025,regular,CON,WSH,85,90,,,espn,,,,
espn-401736119,2025-05-18,2025,regular,LA,MIN,75,89,,,espn,,,,
espn-401736120,2025-05-19,2025,regular,DAL,SEA,71,79,,,espn,,,,
espn-401736121,2025-05-20,2025,regular,CON,LV,62,87,,,espn,,,,
espn-401736122,2025-05-20,2025,regular,IND,ATL,90,91,,,espn,,,,
espn-401736123,2025-05-21,2025,regular,MIN,DAL,85,81,,,espn,,,,
espn-401736124,2025-05-21,2025,regular,GS,WSH,76,74,,,espn,,,,
espn-401736125,2025-05-21,2025,regular,PHX,LA,89,86,,,espn,,,,
espn-401736126,2025-05-22,2025,regular,ATL,IND,76,81,,,espn,,,,
espn-401736127,2025-05-22,2025,regular,CHI,NY,74,99,,,espn,,,,
espn-401736128,2025-05-23,2025,regular,MIN,CON,76,70,,,espn,,,,
espn-401736129,2025-05-23,2025,regular,LV,WSH,75,72,,,espn,,,,
espn-401736130,2025-05-23,2025,regular,LA,GS,73,82,,,espn,,,,
espn-401736131,2025-05-23,2025,regular,SEA,PHX,77,70,,,espn,,,,
espn-401736132,2025-05-24,2025,regular,IND,NY,88,90,,,espn,,,,
espn-401736133,2025-05-24,2025,regular,ATL,DAL,83,75,,,espn,,,,
espn-401736134,2025-05-25,2025,regular,ATL,CON,79,55,,,espn,,,,
espn-401736135,2025-05-25,2025,regular,LA,CHI,91,78,,,espn,,,,
espn-401736136,2025-05-25,2025,regular,PHX,WSH,68,62,,,espn,,,,
espn-401736137,2025-05-25,2025,regular,SEA,LV,102,82,,,espn,,,,
espn-401736138,2025-05-27,2025,regular,CON,DAL,87,109,,,espn,,,,
espn-401736139,2025-05-27,2025,regular,NY,GS,95,67,,,espn,,,,
espn-401736140,2025-05-27,2025,regular,MIN,SEA,82,77,,,espn,,,,
espn-401736141,2025-05-27,2025,regular,LA,ATL,82,88,,,espn,,,,
espn-401736142,2025-05-27,2025,regular,PHX,CHI,94,89,,,espn,,,,
espn-401736143,2025-05-28,2025,regular,WSH,IND,83,77,,,espn,,,,
espn-401736144,2025-05-29,2025,regular,NY,GS,82,77,,,espn,,,,
espn-401736145,2025-05-29,2025,regular,CHI,DAL,97,92,,,espn,,,,
espn-401736146,2025-05-30,2025,regular,IND,CON,83,85,,,espn,,,,
espn-401736147,2025-05-30,2025,regular,WSH,NY,63,85,,,espn,,,,
espn-401736148,2025-05-30,2025,regular,LV,LA,96,81,,,espn,,,,
espn-401736149,2025-05-30,2025,regular,PHX,MIN,71,74,,,espn,,,,
espn-401736150,2025-05-30,2025,regular,SEA,ATL,87,94,,,espn,,,,
espn-401736151,2025-05-31,2025,regular,DAL,CHI,83,94,,,espn,,,,
espn-401736152,2025-06-01,2025,regular,NY,CON,100,52,,,espn,,,,
espn-401736153,2025-06-01,2025,regular,LA,PHX,80,85,,,espn,,,,
espn-401736154,2025-06-01,2025,regular,SEA,LV,70,75,,,espn,,,,
espn-401736155,2025-06-01,2025,regular,GS,MIN,75,86,,,espn,,,,
espn-401736156,2025-06-03,2025,regular,IND,WSH,85,76,,,espn,,,,
espn-401736157,2025-06-03,2025,regular,MIN,PHX,88,65,,,espn,,,,
espn-401736158,2025-06-03,2025,regular,SEA,DAL,83,77,,,espn,,,,
espn-401736159,2025-06-05,2025,regular,WSH,NY,78,86,,,espn,,,,
espn-401736160,2025-06-05,2025,regular,PHX,GS,86,77,,,espn,,,,
espn-401736161,2025-06-06,2025,regular,CON,ATL,84,76,,,espn,,,,
espn-401736162,2025-06-06,2025,regular,DAL,LA,79,93,,,espn,,,,
espn-401736163,2025-06-07,2025,regular,GS,LV,95,68,,,espn,,,,
espn-401736164,2025-06-07,2025,regular,CHI,IND,52,79,,,espn,,,,
espn-401736165,2025-06-07,2025,regular,PHX,SEA,77,89,,,espn,,,,
espn-401736166,2025-06-08,2025,regular,WSH,CON,104,67,,,espn,,,,
espn-401736167,2025-06-08,2025,regular,DAL,MIN,65,81,,,espn,,,,
espn-401736168,2025-06-09,2025,regular,LA,GS,81,89,,,espn,,,,
espn-401736169,2025-06-10,2025,regular,ATL,IND,77,58,,,espn,,,,
espn-401736170,2025-06-10,2025,regular,NY,CHI,85,66,,,espn,,,,
espn-401736171,2025-06-11,2025,regular,LV,LA,89,97,,,espn,,,,
espn-401736172,2025-06-11,2025,regular,PHX,DAL,93,80,,,espn,,,,
espn-401736173,2025-06-11,2025,regular,SEA,MIN,94,84,,,espn,,,,
espn-401736174,2025-06-13,2025,regular,ATL,CHI,88,70,,,espn,,,,
espn-401736175,2025-06-13,2025,regular,LV,DAL,88,84,,,espn,,,,
espn-401736176,2025-06-14,2025,regular,MIN,LA,101,78,,,espn,,,,
espn-401736177,2025-06-14,2025,regular,IND,NY,102,88,,,espn,,,,
espn-401736178,2025-06-14,2025,regular,GS,SEA,76,70,,,espn,,,,
espn-401736179,2025-06-15,2025,regular,CON,CHI,66,78,,,espn,,,,
espn-401736180,2025-06-15,2025,regular,WSH,ATL,56,89,,,espn,,,,
espn-401736181,2025-06-15,2025,regular,LV,PHX,70,76,,,espn,,,,
espn-401736182,2025-06-17,2025,regular,IND,CON,88,71,,,espn,,,,
espn-401736183,2025-06-17,2025,regular,NY,ATL,86,81,,,espn,,,,
espn-401736184,2025-06-17,2025,regular,CHI,WSH,72,79,,,espn,,,,
espn-401736185,2025-06-17,2025,regular,DAL,GS,80,71,,,espn,,,,
espn-401736186,2025-06-17,2025,regular,MIN,LV,76,62,,,espn,,,,
espn-401736187,2025-06-17,2025,regular,LA,SEA,67,98,,,espn,,,,
espn-401736188,2025-06-18,2025,regular,CON,PHX,75,83,,,espn,,,,
espn-401736189,2025-06-19,2025,regular,NY,PHX,81,89,,,espn,,,,
espn-401736190,2025-06-19,2025,regular,GS,IND,88,77,,,espn,,,,
espn-401736191,2025-06-20,2025,regular,ATL,WSH,92,91,,,espn,,,,
espn-401736192,2025-06-20,2025,regular,CON,DAL,83,86,,,espn,,,,
espn-401736193,2025-06-20,2025,regular,LV,SEA,83,90,,,espn,,,,
espn-401736194,2025-06-21,2025,regular,CHI,PHX,86,107,,,espn,,,,
espn-401736195,2025-06-21,2025,regular,MIN,LA,82,66,,,espn,,,,
espn-401736196,2025-06-22,2025,regular,ATL,CHI,93,80,,,espn,,,,
espn-401736197,2025-06-22,2025,regular,WSH,DAL,91,88,,,espn,,,,
espn-401736198,2025-06-22,2025,regular,LV,IND,89,81,,,espn,,,,
espn-401736199,2025-06-22,2025,regular,SEA,NY,89,79,,,espn,,,,
espn-401736200,2025-06-22,2025,regular,GS,CON,87,63,,,espn,,,,
espn-401736201,2025-06-24,2025,regular,WSH,MIN,68,64,,,espn,,,,
espn-401736202,2025-06-24,2025,regular,CHI,LA,97,86,,,espn,,,,
espn-401736203,2025-06-24,2025,regular,DAL,ATL,68,55,,,espn,,,,
espn-401736204,2025-06-24,2025,regular,SEA,IND,86,94,,,espn,,,,
espn-401736205,2025-06-25,2025,regular,GS,NY,78,81,,,espn,,,,
espn-401736206,2025-06-25,2025,regular,LV,CON,85,59,,,espn,,,,
espn-401736207,2025-06-26,2025,regular,IND,LA,75,85,,,espn,,,,
espn-401736208,2025-06-26,2025,regular,LV,WSH,83,94,,,espn,,,,
espn-401736209,2025-06-27,2025,regular,ATL,MIN,92,96,,,espn,,,,
espn-401736210,2025-06-27,2025,regular,DAL,IND,86,94,,,espn,,,,
espn-401736211,2025-06-27,2025,regular,GS,CHI,83,78,,,espn,,,,
espn-401736212,2025-06-27,2025,regular,PHX,NY,106,91,,,espn,,,,
espn-401736213,2025-06-27,2025,regular,SEA,CON,97,81,,,espn,,,,
espn-401736214,2025-06-28,2025,regular,DAL,WSH,79,71,,,espn,,,,
espn-401736215,2025-06-29,2025,regular,ATL,NY,90,81,,,espn,,,,
espn-401736216,2025-06-29,2025,regular,LA,CHI,85,92,,,espn,,,,
espn-401736217,2025-06-29,2025,regular,PHX,LV,81,84,,,espn,,,,
espn-401736218,2025-06-29,2025,regular,MIN,CON,102,63,,,espn,,,,
espn-401736219,2025-06-29,2025,regular,GS,SEA,84,57,,,espn,,,,
espn-401736430,2025-07-01,2025,regular,MIN,IND,59,74,,,espn,,,,
espn-401736220,2025-07-03,2025,regular,IND,LV,81,54,,,espn,,,,
espn-401736221,2025-07-03,2025,regular,NY,LA,89,79,,,espn,,,,
espn-401736222,2025-07-03,2025,regular,ATL,SEA,79,80,,,espn,,,,
espn-401736223,2025-07-03,2025,regular,DAL,PHX,98,89,,,espn,,,,
espn-401736224,2025-07-03,2025,regular,MIN,WSH,92,75,,,espn,,,,
espn-401736225,2025-07-05,2025,regular,IND,LA,87,89,,,espn,,,,
espn-401736226,2025-07-05,2025,regular,MIN,GS,82,71,,,espn,,,,
espn-401736227,2025-07-06,2025,regular,CON,LV,68,86,,,espn,,,,
espn-401736228,2025-07-06,2025,regular,NY,SEA,70,79,,,espn,,,,
espn-401736229,2025-07-06,2025,regular,MIN,CHI,80,75,,,espn,,,,
espn-401736230,2025-07-07,2025,regular,ATL,GS,90,81,,,espn,,,,
espn-401736231,2025-07-07,2025,regular,PHX,DAL,102,72,,,espn,,,,
espn-401736232,2025-07-08,2025,regular,WSH,CHI,81,79,,,espn,,,,
espn-401736233,2025-07-08,2025,regular,NY,LV,87,78,,,espn,,,,
espn-401736234,2025-07-09,2025,regular,CON,SEA,93,83,,,espn,,,,
espn-401736235,2025-07-09,2025,regular,IND,GS,61,80,,,espn,,,,
espn-401736236,2025-07-09,2025,regular,PHX,MIN,79,71,,,espn,,,,
espn-401736237,2025-07-09,2025,regular,CHI,DAL,87,76,,,espn,,,,
espn-401736238,2025-07-10,2025,regular,LA,MIN,82,91,,,espn,,,,
espn-401736239,2025-07-10,2025,regular,WSH,LV,70,68,,,espn,,,,
espn-401736240,2025-07-11,2025,regular,IND,ATL,99,82,,,espn,,,,
espn-401736241,2025-07-11,2025,regular,SEA,CON,79,65,,,espn,,,,
espn-401736242,2025-07-12,2025,regular,CHI,MIN,87,81,,,espn,,,,
espn-401736243,2025-07-12,2025,regular,LV,GS,104,102,,,espn,,,,
espn-401736244,2025-07-13,2025,regular,IND,DAL,102,83,,,espn,,,,
espn-401736245,2025-07-13,2025,regular,NY,ATL,79,72,,,espn,,,,
espn-401736246,2025-07-13,2025,regular,LA,CON,92,88,,,espn,,,,
espn-401736247,2025-07-13,2025,regular,SEA,WSH,69,74,,,espn,,,,
espn-401736248,2025-07-14,2025,regular,CHI,MIN,78,91,,,espn,,,,
espn-401736249,2025-07-14,2025,regular,GS,PHX,77,78,,,espn,,,,
espn-401736250,2025-07-15,2025,regular,CON,IND,77,85,,,espn,,,,
espn-401736251,2025-07-15,2025,regular,LA,WSH,99,80,,,espn,,,,
espn-401736252,2025-07-16,2025,regular,CHI,ATL,49,86,,,espn,,,,
espn-401736253,2025-07-16,2025,regular,MIN,PHX,79,66,,,espn,,,,
espn-401736254,2025-07-16,2025,regular,SEA,GS,67,58,,,espn,,,,
espn-401736255,2025-07-16,2025,regular,NY,IND,98,77,,,espn,,,,
espn-401736256,2025-07-16,2025,regular,DAL,LV,86,90,,,espn,,,,
espn-401781604,2025-07-19,2025,regular,CLA,COL,131,151,,,espn,,,,
espn-401736257,2025-07-22,2025,regular,WSH,LA,86,93,,,espn,,,,
espn-401736258,2025-07-22,2025,regular,NY,IND,98,84,,,espn,,,,
espn-401736259,2025-07-22,2025,regular,MIN,CHI,91,68,,,espn,,,,
espn-401736260,2025-07-22,2025,regular,LV,ATL,87,72,,,espn,,,,
espn-401736261,2025-07-22,2025,regular,SEA,DAL,63,87,,,espn,,,,
espn-401736262,2025-07-23,2025,regular,PHX,ATL,79,90,,,espn,,,,
espn-401736263,2025-07-24,2025,regular,CON,LA,86,101,,,espn,,,,
espn-401736264,2025-07-24,2025,regular,IND,LV,80,70,,,espn,,,,
espn-401736265,2025-07-24,2025,regular,CHI,SEA,57,95,,,espn,,,,
espn-401736266,2025-07-25,2025,regular,NY,PHX,89,76,,,espn,,,,
espn-401736267,2025-07-25,2025,regular,MIN,LV,109,78,,,espn,,,,
espn-401736268,2025-07-25,2025,regular,GS,DAL,86,76,,,espn,,,,
espn-401736270,2025-07-26,2025,regular,NY,LA,99,101,,,espn,,,,
espn-401736271,2025-07-26,2025,regular,WSH,SEA,69,58,,,espn,,,,
espn-401736269,2025-07-27,2025,regular,CHI,IND,78,93,,,espn,,,,
espn-401736272,2025-07-27,2025,regular,CON,GS,95,64,,,espn,,,,
espn-401736273,2025-07-27,2025,regular,DAL,LV,80,106,,,espn,,,,
espn-401736274,2025-07-27,2025,regular,WSH,PHX,72,88,,,espn,,,,
espn-401736275,2025-07-27,2025,regular,MIN,ATL,86,90,,,espn,,,,
espn-401736276,2025-07-28,2025,regular,CON,SEA,85,101,,,espn,,,,
espn-401736277,2025-07-28,2025,regular,DAL,NY,92,82,,,espn,,,,
espn-401736278,2025-07-29,2025,regular,ATL,GS,75,77,,,espn,,,,
espn-401736279,2025-07-29,2025,regular,WSH,CHI,103,86,,,espn,,,,
espn-401736280,2025-07-29,2025,regular,LA,LV,74,89,,,espn,,,,
espn-401736281,2025-07-30,2025,regular,IND,PHX,107,101,,,espn,,,,
espn-401736282,2025-07-30,2025,regular,DAL,ATL,85,88,,,espn,,,,
espn-401736283,2025-07-30,2025,regular,MIN,NY,100,93,,,espn,,,,
espn-401736284,2025-07-31,2025,regular,WSH,GS,67,68,,,espn,,,,
espn-401736285,2025-08-01,2025,regular,ATL,PHX,95,72,,,espn,,,,
espn-401736286,2025-08-01,2025,regular,CON,NY,78,62,,,espn,,,,
espn-401736287,2025-08-01,2025,regular,CHI,GS,66,73,,,espn,,,,
espn-401736288,2025-08-01,2025,regular,DAL,IND,78,88,,,espn,,,,
espn-401736289,2025-08-01,2025,regular,SEA,LA,106,108,,,espn,,,,
espn-401736290,2025-08-02,2025,regular,LV,MIN,58,111,,,espn,,,,
espn-401736291,2025-08-03,2025,regular,ATL,WSH,99,83,,,espn,,,,
espn-401736292,2025-08-03,2025,regular,CON,NY,78,87,,,espn,,,,
espn-401736293,2025-08-03,2025,regular,CHI,PHX,67,83,,,espn,,,,
espn-401736294,2025-08-03,2025,regular,LV,GS,101,77,,,espn,,,,
espn-401736295,2025-08-03,2025,regular,SEA,IND,74,78,,,espn,,,,
espn-401736296,2025-08-05,2025,regular,NY,DAL,85,76,,,espn,,,,
espn-401736297,2025-08-05,2025,regular,CHI,WSH,78,64,,,espn,,,,
espn-401736298,2025-08-05,2025,regular,LA,IND,100,91,,,espn,,,,
espn-401736299,2025-08-05,2025,regular,PHX,CON,82,66,,,espn,,,,
espn-401736300,2025-08-05,2025,regular,SEA,MIN,87,91,,,espn,,,,
espn-401736301,2025-08-06,2025,regular,GS,LV,72,78,,,espn,,,,
espn-401736302,2025-08-07,2025,regular,CHI,ATL,65,86,,,espn,,,,
espn-401736303,2025-08-07,2025,regular,LA,CON,102,91,,,espn,,,,
espn-401736304,2025-08-07,2025,regular,PHX,IND,95,60,,,espn,,,,
espn-401736305,2025-08-08,2025,regular,DAL,NY,77,88,,,espn,,,,
espn-401736306,2025-08-08,2025,regular,MIN,WSH,80,76,,,espn,,,,
espn-401736307,2025-08-08,2025,regular,LV,SEA,90,86,,,espn,,,,
espn-401736308,2025-08-09,2025,regular,GS,LA,72,59,,,espn,,,,
espn-401736309,2025-08-09,2025,regular,IND,CHI,92,70,,,espn,,,,
espn-401736310,2025-08-10,2025,regular,NY,MIN,71,83,,,espn,,,,
espn-401736311,2025-08-10,2025,regular,DAL,WSH,78,91,,,espn,,,,
espn-401736312,2025-08-10,2025,regular,LA,SEA,94,91,,,espn,,,,
espn-401736313,2025-08-10,2025,regular,PHX,ATL,66,74,,,espn,,,,
espn-401736314,2025-08-10,2025,regular,LV,CON,94,86,,,espn,,,,
espn-401736315,2025-08-11,2025,regular,GS,CON,74,57,,,espn,,,,
espn-401736316,2025-08-12,2025,regular,IND,DAL,80,81,,,espn,,,,
espn-401736317,2025-08-12,2025,regular,LA,NY,97,105,,,espn,,,,
espn-401736318,2025-08-13,2025,regular,CON,CHI,71,62,,,espn,,,,
espn-401736319,2025-08-13,2025,regular,WSH,GS,83,88,,,espn,,,,
espn-401736320,2025-08-13,2025,regular,LV,NY,83,77,,,espn,,,,
espn-401736321,2025-08-13,2025,regular,SEA,ATL,75,85,,,espn,,,,
espn-401736322,2025-08-15,2025,regular,IND,WSH,84,88,,,espn,,,,
espn-401736323,2025-08-15,2025,regular,CHI,GS,59,90,,,espn,,,,
espn-401736324,2025-08-15,2025,regular,DAL,LA,96,97,,,espn,,,,
espn-401736325,2025-08-15,2025,regular,ATL,SEA,78,80,1,,espn,,,,
espn-401736326,2025-08-15,2025,regular,PHX,LV,83,86,,,espn,,,,
espn-401736327,2025-08-16,2025,regular,MIN,NY,86,80,,,espn,,,,
espn-401736328,2025-08-17,2025,regular,WSH,LA,95,86,,,espn,,,,
espn-401736329,2025-08-17,2025,regular,CON,IND,93,99,,,espn,,,,
espn-401736330,2025-08-17,2025,regular,LV,DAL,106,87,,,espn,,,,
espn-401736331,2025-08-17,2025,regular,SEA,PHX,82,85,,,espn,,,,
espn-401736332,2025-08-17,2025,regular,GS,ATL,63,79,,,espn,,,,
espn-401736333,2025-08-19,2025,regular,NY,MIN,85,75,,,espn,,,,
espn-401736334,2025-08-19,2025,regular,WSH,CON,69,80,,,espn,,,,
espn-401736335,2025-08-19,2025,regular,CHI,SEA,88,94,,,espn,,,,
espn-401736336,2025-08-19,2025,regular,LV,ATL,74,72,,,espn,,,,
espn-401736337,2025-08-19,2025,regular,GS,PHX,91,98,,,espn,,,,
espn-401736338,2025-08-20,2025,regular,LA,DAL,81,80,,,espn,,,,
espn-401736339,2025-08-21,2025,regular,CON,WSH,67,56,,,espn,,,,
espn-401736340,2025-08-21,2025,regular,NY,CHI,85,91,,,espn,,,,
espn-401736341,2025-08-21,2025,regular,ATL,MIN,75,73,,,espn,,,,
espn-401736342,2025-08-21,2025,regular,LV,PHX,83,61,,,espn,,,,
espn-401736343,2025-08-22,2025,regular,IND,MIN,90,95,,,espn,,,,
espn-401736344,2025-08-22,2025,regular,DAL,SEA,60,95,,,espn,,,,
espn-401736345,2025-08-22,2025,regular,PHX,GS,81,72,,,espn,,,,
espn-401736346,2025-08-23,2025,regular,ATL,NY,78,62,,,espn,,,,
espn-401736347,2025-08-23,2025,regular,WSH,LV,81,91,,,espn,,,,
espn-401736348,2025-08-23,2025,regular,CHI,CON,84,94,,,espn,,,,
espn-401736349,2025-08-24,2025,regular,WSH,SEA,82,84,,,espn,,,,
espn-401736350,2025-08-24,2025,regular,DAL,GS,81,90,,,espn,,,,
espn-401736351,2025-08-24,2025,regular,MIN,IND,97,84,,,espn,,,,
espn-401736352,2025-08-25,2025,regular,NY,CON,81,79,,,espn,,,,
espn-401736353,2025-08-25,2025,regular,CHI,LV,74,79,,,espn,,,,
espn-401736354,2025-08-26,2025,regular,IND,SEA,95,75,,,espn,,,,
espn-401736355,2025-08-26,2025,regular,LA,PHX,84,92,,,espn,,,,
espn-401736356,2025-08-27,2025,regular,ATL,LV,75,81,,,espn,,,,
espn-401736357,2025-08-27,2025,regular,DAL,CON,95,101,,,espn,,,,
espn-401736358,2025-08-28,2025,regular,NY,WSH,89,63,,,espn,,,,
espn-401736359,2025-08-28,2025,regular,MIN,SEA,79,93,,,espn,,,,
espn-401736360,2025-08-28,2025,regular,PHX,CHI,83,79,,,espn,,,,
espn-401736361,2025-08-29,2025,regular,ATL,DAL,100,78,,,espn,,,,
espn-401736362,2025-08-29,2025,regular,LA,IND,75,76,,,espn,,,,
espn-401736363,2025-08-30,2025,regular,CON,MIN,70,94,,,espn,,,,
espn-401736364,2025-08-30,2025,regular,GS,WSH,99,62,,,espn,,,,
espn-401736365,2025-08-30,2025,regular,SEA,CHI,79,69,,,espn,,,,
espn-401736366,2025-08-30,2025,regular,PHX,NY,80,63,,,espn,,,,
espn-401736367,2025-08-31,2025,regular,LA,WSH,81,78,,,espn,,,,
espn-401736368,2025-08-31,2025,regular,GS,IND,75,63,,,espn,,,,
espn-401736369,2025-09-01,2025,regular,CON,ATL,76,93,,,espn,,,,
espn-401736370,2025-09-01,2025,regular,MIN,DAL,96,71,,,espn,,,,
espn-401736371,2025-09-01,2025,regular,SEA,LA,85,91,,,espn,,,,
espn-401736372,2025-09-02,2025,regular,GS,NY,66,58,,,espn,,,,
espn-401736373,2025-09-02,2025,regular,PHX,IND,85,79,,,espn,,,,
espn-401736374,2025-09-03,2025,regular,ATL,LA,86,75,,,espn,,,,
espn-401736375,2025-09-03,2025,regular,CHI,CON,88,64,,,espn,,,,
espn-401736376,2025-09-04,2025,regular,WSH,PHX,69,75,,,espn,,,,
espn-401736377,2025-09-04,2025,regular,GS,DAL,84,80,,,espn,,,,
espn-401736378,2025-09-04,2025,regular,LV,MIN,97,87,,,espn,,,,
espn-401736379,2025-09-05,2025,regular,ATL,LA,104,85,,,espn,,,,
espn-401736380,2025-09-05,2025,regular,IND,CHI,97,77,,,espn,,,,
espn-401736381,2025-09-05,2025,regular,SEA,NY,76,84,,,espn,,,,
espn-401736382,2025-09-06,2025,regular,CON,PHX,87,84,,,espn,,,,
espn-401736383,2025-09-06,2025,regular,GS,MIN,72,78,,,espn,,,,
espn-401736384,2025-09-07,2025,regular,WSH,IND,65,94,,,espn,,,,
espn-401736385,2025-09-07,2025,regular,LA,DAL,91,77,,,espn,,,,
espn-401736386,2025-09-07,2025,regular,LV,CHI,80,66,,,espn,,,,
espn-401736387,2025-09-08,2025,regular,ATL,CON,87,62,,,espn,,,,
espn-401736388,2025-09-09,2025,regular,NY,WSH,75,66,,,espn,,,,
espn-401736389,2025-09-09,2025,regular,IND,MIN,83,72,,,espn,,,,
espn-401736390,2025-09-09,2025,regular,LV,CHI,92,61,,,espn,,,,
espn-401736391,2025-09-09,2025,regular,PHX,LA,83,88,,,espn,,,,
espn-401736392,2025-09-09,2025,regular,SEA,GS,74,73,,,espn,,,,
espn-401736393,2025-09-10,2025,regular,CON,ATL,72,88,,,espn,,,,
espn-401736394,2025-09-11,2025,regular,CHI,NY,86,91,,,espn,,,,
espn-401736395,2025-09-11,2025,regular,DAL,PHX,97,76,,,espn,,,,
espn-401736396,2025-09-11,2025,regular,MIN,GS,72,53,,,espn,,,,
espn-401736397,2025-09-11,2025,regular,LA,LV,75,103,,,espn,,,,
espn-401820272,2025-09-14,2025,postseason,MIN,GS,101,72,,,espn,,,,
espn-401820313,2025-09-14,2025,postseason,ATL,IND,80,68,,,espn,,,,
espn-401820314,2025-09-14,2025,postseason,PHX,NY,69,76,,,espn,,,,
espn-401820315,2025-09-14,2025,postseason,LV,SEA,102,77,,,espn,,,,
espn-401820316,2025-09-16,2025,postseason,IND,ATL,77,60,,,espn,,,,
espn-401820317,2025-09-16,2025,postseason,SEA,LV,86,83,,,espn,,,,
espn-401820318,2025-09-17,2025,postseason,NY,PHX,60,86,,,espn,,,,
espn-401820319,2025-09-17,2025,postseason,GS,MIN,74,75,,,espn,,,,
espn-401820320,2025-09-18,2025,postseason,ATL,IND,85,87,,,espn,,,,
espn-401820321,2025-09-18,2025,postseason,LV,SEA,74,73,,,espn,,,,
espn-401820324,2025-09-19,2025,postseason,PHX,NY,79,73,,,espn,,,,
espn-401820327,2025-09-21,2025,postseason,LV,IND,73,89,,,espn,,,,
espn-401820328,2025-09-21,2025,postseason,MIN,PHX,82,69,,,espn,,,,
espn-401820330,2025-09-23,2025,postseason,MIN,PHX,83,89,,,espn,,,,
espn-401820331,2025-09-23,2025,postseason,LV,IND,90,68,,,espn,,,,
espn-401820333,2025-09-26,2025,postseason,PHX,MIN,84,76,,,espn,,,,
espn-401820334,2025-09-26,2025,postseason,IND,LV,72,84,,,espn,,,,
espn-401820337,2025-09-28,2025,postseason,IND,LV,90,83,,,espn,,,,
espn-401820338,2025-09-28,2025,postseason,PHX,MIN,86,81,,,espn,,,,
espn-401820340,2025-09-30,2025,postseason,LV,IND,107,98,,,espn,,,,
espn-401820322,2025-10-03,2025,postseason,LV,PHX,89,86,,,espn,,,,
espn-401820325,2025-10-05,2025,postseason,LV,PHX,91,78,,,espn,,,,
espn-401820326,2025-10-08,2025,postseason,PHX,LV,88,90,,,espn,,,,
espn-401820329,2025-10-10,2025,postseason,PHX,LV,86,97,,,espn,,,,
espn-401856890,2026-05-08,2026,regular,NY,CON,106,75,,,espn,,,,
espn-401856891,2026-05-08,2026,regular,TOR,WSH,65,68,,,espn,,,,
espn-401856892,2026-05-08,2026,regular,SEA,GS,80,91,,,espn,,,,
espn-401856893,2026-05-09,2026,regular,IND,DAL,104,107,,,espn,,,,
espn-401856894,2026-05-09,2026,regular,LV,PHX,66,99,,,espn,,,,
espn-401856895,2026-05-09,2026,regular,POR,CHI,83,98,,,espn,,,,
espn-401856899,2026-05-09,2026,regular,MIN,ATL,90,91,,,espn,,,,
espn-401856896,2026-05-10,2026,regular,CON,SEA,82,89,,,espn,,,,
espn-401856897,2026-05-10,2026,regular,WSH,NY,93,98,,,espn,,,,
espn-401856898,2026-05-10,2026,regular,LA,LV,78,105,,,espn,,,,
espn-401856900,2026-05-10,2026,regular,GS,PHX,95,79,,,espn,,,,
espn-401856901,2026-05-12,2026,regular,DAL,ATL,72,77,,,espn,,,,
espn-401856902,2026-05-12,2026,regular,PHX,MIN,84,88,,,espn,,,,
espn-401856903,2026-05-12,2026,regular,POR,NY,98,96,,,espn,,,,
espn-401856904,2026-05-13,2026,regular,TOR,SEA,86,73,,,espn,,,,
espn-401856905,2026-05-13,2026,regular,CON,LV,69,98,,,espn,,,,
espn-401856906,2026-05-13,2026,regular,GS,CHI,63,69,,,espn,,,,
espn-401856907,2026-05-13,2026,regular,LA,IND,78,87,,,espn,,,,
espn-401856908,2026-05-14,2026,regular,DAL,MIN,86,90,,,espn,,,,
espn-401856909,2026-05-14,2026,regular,POR,NY,82,100,,,espn,,,,
espn-401856910,2026-05-15,2026,regular,CON,LV,94,101,,,espn,,,,
espn-401856911,2026-05-15,2026,regular,IND,WSH,102,104,,,espn,,,,
espn-401856912,2026-05-15,2026,regular,LA,TOR,99,95,,,espn,,,,
espn-401856913,2026-05-15,2026,regular,PHX,CHI,91,83,,,espn,,,,
espn-401856914,2026-05-17,2026,regular,MIN,CHI,79,86,,,espn,,,,
espn-401856915,2026-05-17,2026,regular,ATL,LV,84,85,,,espn,,,,
espn-401856916,2026-05-17,2026,regular,IND,SEA,89,78,,,espn,,,,
espn-401856917,2026-05-17,2026,regular,LA,TOR,96,106,,,espn,,,,
espn-401856918,2026-05-18,2026,regular,DAL,WSH,92,69,,,espn,,,,
espn-401856919,2026-05-18,2026,regular,POR,CON,83,82,,,espn,,,,
espn-401856920,2026-05-19,2026,regular,PHX,TOR,90,98,,,espn,,,,
espn-401856921,2026-05-20,2026,regular,IND,POR,90,73,,,espn,,,,
espn-401856922,2026-05-20,2026,regular,CHI,DAL,89,99,,,espn,,,,
espn-401856923,2026-05-20,2026,regular,SEA,CON,78,80,,,espn,,,,
espn-401856924,2026-05-21,2026,regular,NY,GS,70,87,,,espn,,,,
espn-401856925,2026-05-21,2026,regular,MIN,TOR,100,72,,,espn,,,,
espn-401856926,2026-05-21,2026,regular,PHX,LA,88,97,,,espn,,,,
espn-401856927,2026-05-22,2026,regular,ATL,DAL,86,69,,,espn,,,,
espn-401856928,2026-05-22,2026,regular,IND,GS,90,82,,,espn,,,,
espn-401856929,2026-05-22,2026,regular,SEA,CON,77,59,,,espn,,,,
espn-401856930,2026-05-23,2026,regular,CHI,MIN,75,85,,,espn,,,,
espn-401856931,2026-05-23,2026,regular,TOR,POR,80,99,,,espn,,,,
espn-401856932,2026-05-23,2026,regular,LV,LA,95,101,,,espn,,,,
espn-401856933,2026-05-24,2026,regular,ATL,PHX,82,80,,,espn,,,,
espn-401856934,2026-05-24,2026,regular,NY,DAL,76,91,,,espn,,,,
espn-401856935,2026-05-24,2026,regular,SEA,WSH,97,85,,,espn,,,,
espn-401856936,2026-05-25,2026,regular,NY,POR,74,81,,,espn,,,,
espn-401856937,2026-05-25,2026,regular,GS,CON,97,70,,,espn,,,,
espn-401856938,2026-05-27,2026,regular,NY,PHX,84,74,,,espn,,,,
espn-401856939,2026-05-27,2026,regular,CHI,TOR,104,111,,,espn,,,,
espn-401856940,2026-05-27,2026,regular,MIN,ATL,96,81,,,espn,,,,
espn-401856941,2026-05-27,2026,regular,POR,CON,71,61,,,espn,,,,
espn-401856942,2026-05-27,2026,regular,SEA,WSH,64,78,,,espn,,,,
espn-401856943,2026-05-28,2026,regular,DAL,LV,95,87,,,espn,,,,
espn-401856944,2026-05-28,2026,regular,GS,IND,90,88,,,espn,,,,
espn-401856945,2026-05-29,2026,regular,NY,PHX,75,68,,,espn,,,,
espn-401856946,2026-05-29,2026,regular,WSH,LA,87,92,,,espn,,,,
espn-401856947,2026-05-29,2026,regular,CHI,MIN,58,79,,,espn,,,,
espn-401856948,2026-05-29,2026,regular,POR,ATL,66,86,,,espn,,,,
espn-401856949,2026-05-30,2026,regular,TOR,SEA,93,72,,,espn,,,,
espn-401856950,2026-05-30,2026,regular,CON,LA,84,81,,,espn,,,,
espn-401856951,2026-05-30,2026,regular,POR,IND,100,84,,,espn,,,,
espn-401856952,2026-05-31,2026,regular,GS,LV,81,91,,,espn,,,,
espn-401856953,2026-06-01,2026,regular,DAL,SEA,79,56,,,espn,,,,
espn-401856954,2026-06-01,2026,regular,PHX,MIN,77,111,,,espn,,,,
espn-401856955,2026-06-02,2026,regular,ATL,CON,91,75,,,espn,,,,
espn-401856956,2026-06-02,2026,regular,WSH,CHI,90,72,,,espn,,,,
espn-401856957,2026-06-02,2026,regular,GS,POR,95,77,,,espn,,,,
espn-401856958,2026-06-02,2026,regular,LA,LV,69,79,,,espn,,,,
espn-401856959,2026-06-03,2026,regular,NY,TOR,97,82,,,espn,,,,
espn-401856960,2026-06-03,2026,regular,SEA,PHX,68,72,,,espn,,,,
espn-401856961,2026-06-04,2026,regular,IND,ATL,83,71,,,espn,,,,
espn-401856962,2026-06-04,2026,regular,MIN,GS,87,84,,,espn,,,,
espn-401856963,2026-06-05,2026,regular,CHI,CON,85,80,,,espn,,,,
espn-401856964,2026-06-05,2026,regular,LA,DAL,96,104,,,espn,,,,
espn-401856965,2026-06-05,2026,regular,POR,PHX,72,78,,,espn,,,,
espn-401856966,2026-06-06,2026,regular,MIN,SEA,88,68,,,espn,,,,
espn-401856967,2026-06-06,2026,regular,LV,GS,84,79,,,espn,,,,
espn-401856968,2026-06-06,2026,regular,ATL,WSH,109,77,,,espn,,,,
espn-401856969,2026-06-06,2026,regular,NY,IND,83,75,,,espn,,,,
espn-401856970,2026-06-07,2026,regular,TOR,CHI,85,68,,,espn,,,,
espn-401856971,2026-06-07,2026,regular,LA,POR,89,72,,,espn,,,,
espn-401856972,2026-06-08,2026,regular,CON,NY,80,89,,,espn,,,,
espn-401856973,2026-06-08,2026,regular,WSH,IND,76,78,,,espn,,,,
espn-401856974,2026-06-08,2026,regular,LV,SEA,101,91,,,espn,,,,
espn-401856975,2026-06-09,2026,regular,CHI,ATL,75,82,,,espn,,,,
espn-401856976,2026-06-09,2026,regular,MIN,DAL,100,76,,,espn,,,,
espn-401856977,2026-06-09,2026,regular,GS,PHX,87,81,,,espn,,,,
espn-401856978,2026-06-10,2026,regular,TOR,CON,106,102,,,espn,,,,
espn-401856979,2026-06-10,2026,regular,SEA,LA,83,88,,,espn,,,,
espn-401856980,2026-06-11,2026,regular,IND,CHI,114,106,,,espn,,,,
espn-401856981,2026-06-11,2026,regular,ATL,NY,90,104,,,espn,,,,
espn-401856982,2026-06-11,2026,regular,DAL,PHX,85,70,,,espn,,,,
espn-401856983,2026-06-11,2026,regular,POR,LV,89,105,,,espn,,,,
espn-401856984,2026-06-12,2026,regular,WSH,TOR,86,85,,,espn,,,,
espn-401856985,2026-06-12,2026,regular,SEA,GS,72,76,,,espn,,,,
espn-401856986,2026-06-13,2026,regular,CON,IND,75,85,,,espn,,,,
espn-401856987,2026-06-13,2026,regular,LV,MIN,100,97,,,espn,,,,
espn-401856988,2026-06-13,2026,regular,POR,DAL,84,83,,,espn,,,,
espn-401856989,2026-06-13,2026,regular,PHX,LA,102,111,,,espn,,,,
espn-401856990,2026-06-14,2026,regular,NY,WSH,86,64,,,espn,,,,
espn-401856991,2026-06-14,2026,regular,TOR,ATL,77,102,,,espn,,,,
espn-401856992,2026-06-15,2026,regular,DAL,LV,96,66,,,espn,,,,
espn-401856993,2026-06-15,2026,regular,MIN,POR,107,74,,,espn,,,,
espn-401856994,2026-06-15,2026,regular,GS,LA,78,58,,,espn,,,,
espn-401856995,2026-06-16,2026,regular,IND,TOR,113,91,,,espn,,,,
espn-401856996,2026-06-17,2026,regular,CON,WSH,81,88,,,espn,,,,
espn-401856997,2026-06-17,2026,regular,CHI,NY,95,96,,,espn,,,,
espn-401856998,2026-06-17,2026,regular,GS,DAL,91,80,,,espn,,,,
espn-401856999,2026-06-17,2026,regular,LA,MIN,83,99,,,espn,,,,
espn-401857000,2026-06-17,2026,regular,PHX,LV,76,86,,,espn,,,,
espn-401857001,2026-06-17,2026,regular,POR,SEA,94,89,,,espn,,,,
espn-401857002,2026-06-18,2026,regular,IND,ATL,101,108,,,espn,,,,
espn-401857003,2026-06-19,2026,regular,CON,TOR,97,101,,,espn,,,,
espn-401857004,2026-06-19,2026,regular,NY,WSH,83,86,,,espn,,,,
espn-401857005,2026-06-19,2026,regular,GS,MIN,75,81,,,espn,,,,
espn-401857006,2026-06-20,2026,regular,ATL,IND,113,96,,,espn,,,,
espn-401857007,2026-06-20,2026,regular,PHX,SEA,93,73,,,espn,,,,
espn-401857008,2026-06-20,2026,regular,DAL,CHI,93,92,,,espn,,,,
espn-401857009,2026-06-21,2026,regular,LV,GS,92,73,,,espn,,,,
espn-401857010,2026-06-21,2026,regular,MIN,WSH,79,84,,,espn,,,,
espn-401857011,2026-06-21,2026,regular,LA,NY,98,97,,,espn,,,,
espn-401857012,2026-06-22,2026,regular,CON,CHI,92,63,,,espn,,,,
espn-401857013,2026-06-22,2026,regular,ATL,TOR,94,87,,,espn,,,,
espn-401857014,2026-06-22,2026,regular,IND,PHX,86,77,,,espn,,,,
espn-401857015,2026-06-22,2026,regular,SEA,DAL,110,112,,,espn,,,,
espn-401857016,2026-06-23,2026,regular,LV,NY,76,87,,,espn,,,,
espn-401857017,2026-06-24,2026,regular,IND,PHX,109,111,,,espn,,,,
espn-401857018,2026-06-24,2026,regular,WSH,MIN,76,78,,,espn,,,,
espn-401857019,2026-06-24,2026,regular,CHI,POR,101,78,,,espn,,,,
espn-401857020,2026-06-24,2026,regular,GS,ATL,77,66,,,espn,,,,
espn-401857021,2026-06-25,2026,regular,TOR,LA,125,97,,,espn,,,,
espn-401857022,2026-06-25,2026,regular,LV,DAL,99,84,,,espn,,,,
espn-401857023,2026-06-25,2026,regular,SEA,NY,99,88,,,espn,,,,
espn-401857024,2026-06-26,2026,regular,CON,WSH,68,57,,,espn,,,,
espn-401857025,2026-06-26,2026,regular,CHI,POR,124,94,,,espn,,,,
espn-401857026,2026-06-26,2026,regular,GS,ATL,78,75,,,espn,,,,
espn-401857027,2026-06-27,2026,regular,TOR,PHX,80,89,,,espn,,,,
espn-401857028,2026-06-27,2026,regular,IND,LA,111,87,,,espn,,,,
espn-401857029,2026-06-27,2026,regular,SEA,ATL,105,90,,,espn,,,,
espn-401857030,2026-06-28,2026,regular,DAL,MIN,77,85,,,espn,,,,
espn-401857031,2026-06-28,2026,regular,WSH,POR,124,123,,,espn,,,,
espn-401857032,2026-06-28,2026,regular,CHI,LV,99,107,,,espn,,,,
espn-401857033,2026-06-28,2026,regular,GS,NY,76,67,,,espn,,,,
espn-401857321,2026-06-30,2026,regular,NY,LV,93,85,,,espn,,,,
espn-401857034,2026-07-02,2026,regular,WSH,ATL,81,76,,,espn,,,,
espn-401857035,2026-07-02,2026,regular,CON,DAL,83,86,,,espn,,,,
espn-401857036,2026-07-02,2026,regular,PHX,SEA,90,67,,,espn,,,,
espn-401857037,2026-07-03,2026,regular,NY,MIN,99,86,,,espn,,,,
espn-401857038,2026-07-03,2026,regular,LV,CHI,98,90,,,espn,,,,
espn-401857039,2026-07-04,2026,regular,ATL,GS,83,88,,,espn,,,,
espn-401857040,2026-07-04,2026,regular,SEA,POR,72,77,,,espn,,,,
espn-401857041,2026-07-05,2026,regular,TOR,DAL,76,89,,,espn,,,,
espn-401857042,2026-07-05,2026,regular,LV,IND,68,84,,,espn,,,,
espn-401857043,2026-07-06,2026,regular,WSH,GS,49,62,,,espn,,,,
espn-401857044,2026-07-06,2026,regular,MIN,CON,89,90,,,espn,,,,
espn-401857045,2026-07-06,2026,regular,LA,SEA,64,82,,,espn,,,,
espn-401857046,2026-07-07,2026,regular,NY,DAL,77,88,,,espn,,,,
espn-401857047,2026-07-07,2026,regular,PHX,CHI,66,77,,,espn,,,,
espn-401857048,2026-07-08,2026,regular,TOR,GS,75,83,,,espn,,,,
espn-401857049,2026-07-08,2026,regular,CON,MIN,80,86,,,espn,,,,
espn-401857050,2026-07-08,2026,regular,LA,IND,106,92,,,espn,,,,
espn-401857051,2026-07-09,2026,regular,ATL,SEA,89,78,,,espn,,,,
espn-401857052,2026-07-09,2026,regular,PHX,IND,89,92,,,espn,,,,
espn-401857053,2026-07-09,2026,regular,POR,LV,80,88,,,espn,,,,
espn-401857054,2026-07-10,2026,regular,CON,GS,64,79,,,espn,,,,
espn-401857055,2026-07-10,2026,regular,TOR,DAL,95,108,,,espn,,,,
espn-401857056,2026-07-10,2026,regular,LA,CHI,102,87,,,espn,,,,
espn-401857057,2026-07-11,2026,regular,MIN,NY,90,85,,,espn,,,,
espn-401857058,2026-07-11,2026,regular,LV,PHX,106,58,,,espn,,,,
espn-401857059,2026-07-11,2026,regular,ATL,POR,92,102,,,espn,,,,
espn-401857060,2026-07-12,2026,regular,TOR,NY,93,91,,,espn,,,,
espn-401857061,2026-07-12,2026,regular,WSH,SEA,84,79,,,espn,,,,
espn-401857062,2026-07-12,2026,regular,DAL,CHI,96,91,,,espn,,,,
espn-401857063,2026-07-12,2026,regular,LV,IND,75,109,,,espn,,,,
espn-401857064,2026-07-13,2026,regular,ATL,LA,101,92,,,espn,,,,
espn-401857065,2026-07-13,2026,regular,MIN,PHX,104,100,,,espn,,,,
espn-401857066,2026-07-14,2026,regular,CON,POR,90,87,,,espn,,,,
espn-401857067,2026-07-14,2026,regular,TOR,WSH,62,79,,,espn,,,,
espn-401857068,2026-07-15,2026,regular,CHI,SEA,95,90,,,espn,,,,
espn-401857069,2026-07-15,2026,regular,MIN,LA,96,87,,,espn,,,,
espn-401857070,2026-07-15,2026,regular,IND,GS,75,88,,,espn,,,,
espn-401857071,2026-07-16,2026,regular,WSH,POR,56,75,,,espn,,,,
espn-401857073,2026-07-17,2026,regular,IND,SEA,110,107,,,espn,,,,
espn-401857074,2026-07-17,2026,regular,TOR,ATL,92,111,,,espn,,,,
espn-401857075,2026-07-17,2026,regular,CHI,LA,96,82,,,espn,,,,
espn-401857076,2026-07-17,2026,regular,PHX,CON,83,96,,,espn,,,,
espn-401857077,2026-07-18,2026,regular,IND,NY,108,88,,,espn,,,,
espn-401857078,2026-07-18,2026,regular,MIN,POR,101,93,,,espn,,,,
espn-401857079,2026-07-18,2026,regular,GS,WSH,74,69,,,espn,,,,
espn-401857080,2026-07-19,2026,regular,DAL,LA,90,82,,,espn,,,,
espn-401857081,2026-07-19,2026,regular,ATL,CHI,93,91,,,espn,,,,
espn-401857082,2026-07-19,2026,regular,PHX,CON,72,63,,,espn,,,,
espn-401857083,2026-07-20,2026,regular,TOR,LV,83,109,,,espn,,,,
espn-401857084,2026-07-20,2026,regular,GS,WSH,82,90,,,espn,,,,
espn-401857085,2026-07-20,2026,regular,SEA,MIN,102,105,,,espn,,,,
espn-401892393,2026-07-20,2026,regular,DAL,NY,98,99,,,espn,,,,
espn-401857086,2026-07-22,2026,regular,LA,PHX,82,86,,,espn,,,,
espn-401857087,2026-07-22,2026,regular,SEA,MIN,76,86,,,espn,,,,
espn-401857088,2026-07-22,2026,regular,NY,CHI,95,94,,,espn,,,,
espn-401857089,2026-07-22,2026,regular,WSH,LV,100,99,,,espn,,,,
espn-401857090,2026-07-22,2026,regular,IND,CON,123,88,,,espn,,,,
espn-401857091,2026-07-22,2026,regular,POR,DAL,97,101,,,espn,,,,
espn-401857320,2026-07-25,2026,regular,COOP,SPO,122,129,,,espn,,,,
espn-401857092,2026-07-28,2026,regular,WSH,CON,92,84,,,espn,,,,
espn-401857093,2026-07-28,2026,regular,MIN,TOR,100,93,,,espn,,,,
espn-401857094,2026-07-28,2026,regular,SEA,IND,95,105,,,espn,,,,
espn-401857095,2026-07-28,2026,regular,LV,POR,98,83,,,espn,,,,
espn-401857096,2026-07-28,2026,regular,LA,NY,109,113,,,espn,,,,
espn-401857097,2026-07-29,2026,regular,DAL,ATL,81,82,,,espn,,,,
espn-401857098,2026-07-29,2026,regular,PHX,GS,91,89,,,espn,,,,
espn-401857099,2026-07-30,2026,regular,TOR,MIN,72,104,,,espn,,,,
espn-401857100,2026-07-30,2026,regular,CHI,CON,94,88,,,espn,,,,
espn-401857101,2026-07-30,2026,regular,LV,NY,104,99,,,espn,,,,
espn-401857102,2026-07-31,2026,regular,ATL,SEA,98,89,,,espn,,,,
espn-401857103,2026-07-31,2026,regular,WSH,DAL,81,75,,,espn,,,,
espn-401857104,2026-07-31,2026,regular,POR,IND,98,112,,,espn,,,,
espn-401857105,2026-08-01,2026,regular,CHI,LV,84,83,,,espn,,,,
espn-401857106,2026-08-01,2026,regular,PHX,NY,92,94,,,espn,,,,
espn-401857107,2026-08-02,2026,regular,MIN,IND,108,100,,,espn,,,,
espn-401857108,2026-08-02,2026,regular,POR,LA,101,106,,,espn,,,,
espn-401857109,2026-08-02,2026,regular,DAL,CON,83,63,,,espn,,,,
espn-401857110,2026-08-02,2026,regular,GS,TOR,96,79,,,espn,,,,
espn-401857111,2026-08-03,2026,regular,ATL,LV,87,109,,,espn,,,,
espn-401857112,2026-08-03,2026,regular,NY,SEA,95,83,,,espn,,,,
espn-401857113,2026-08-03,2026,regular,CHI,PHX,101,106,,,espn,,,,
espn-401857114,2026-08-04,2026,regular,GS,TOR,92,81,,,espn,,,,
espn-401857115,2026-08-05,2026,regular,ATL,PHX,96,82,,,espn,,,,
espn-401857116,2026-08-05,2026,regular,NY,SEA,92,86,,,espn,,,,
espn-401857117,2026-08-05,2026,regular,WSH,DAL,96,92,,,espn,,,,
espn-401857118,2026-08-05,2026,regular,CHI,LA,95,88,,,espn,,,,
espn-401857119,2026-08-06,2026,regular,IND,LV,84,86,,,espn,,,,
espn-401857120,2026-08-06,2026,regular,MIN,LA,82,89,,,espn,,,,
espn-401857121,2026-08-06,2026,regular,POR,TOR,97,83,,,espn,,,,
espn-401857122,2026-08-07,2026,regular,CON,PHX,75,72,,,espn,,,,
espn-401857123,2026-08-07,2026,regular,WSH,ATL,79,74,,,espn,,,,
espn-401857124,2026-08-07,2026,regular,DAL,GS,76,94,,,espn,,,,
espn-401857125,2026-08-08,2026,regular,MIN,LV,98,87,,,espn,,,,
espn-401857126,2026-08-08,2026,regular,CHI,IND,86,90,,,espn,,,,
espn-401857127,2026-08-08,2026,regular,POR,SEA,100,93,,,espn,,,,
espn-401857128,2026-08-09,2026,regular,NY,LV,111,71,,,espn,,,,
espn-401857129,2026-08-09,2026,regular,WSH,PHX,95,75,,,espn,,,,
espn-401857130,2026-08-09,2026,regular,MIN,DAL,103,90,,,espn,,,,
espn-401857131,2026-08-09,2026,regular,LA,GS,78,84,,,espn,,,,
espn-401857132,2026-08-10,2026,regular,ATL,TOR,107,95,,,espn,,,,
espn-401857133,2026-08-10,2026,regular,SEA,CHI,97,88,,,espn,,,,
espn-401857134,2026-08-11,2026,regular,IND,NY,106,92,,,espn,,,,
espn-401857135,2026-08-11,2026,regular,LV,WSH,86,76,,,espn,,,,
espn-401857136,2026-08-11,2026,regular,LA,PHX,87,94,1,,espn,,,,
espn-401857137,2026-08-12,2026,regular,DAL,TOR,94,88,,,espn,,,,
espn-401857138,2026-08-12,2026,regular,GS,CHI,91,71,,,espn,,,,
espn-401857139,2026-08-12,2026,regular,POR,MIN,81,85,,,espn,,,,
espn-401857140,2026-08-13,2026,regular,CON,ATL,69,104,,,espn,,,,
espn-401857141,2026-08-13,2026,regular,NY,LA,85,81,,,espn,,,,
espn-401857142,2026-08-13,2026,regular,LV,WSH,83,76,,,espn,,,,
espn-401857143,2026-08-14,2026,regular,IND,DAL,98,87,,,espn,,,,
espn-401857144,2026-08-14,2026,regular,SEA,POR,82,84,,,espn,,,,
espn-401857145,2026-08-15,2026,regular,CON,NY,75,82,,,espn,,,,
espn-401857146,2026-08-15,2026,regular,WSH,LA,80,70,,,espn,,,,
espn-401857147,2026-08-15,2026,regular,LV,MIN,87,92,,,espn,,,,
espn-401857148,2026-08-16,2026,regular,SEA,CHI,80,82,,,espn,,,,
espn-401857149,2026-08-16,2026,regular,PHX,POR,85,88,,,espn,,,,
espn-401857150,2026-08-16,2026,regular,ATL,IND,91,95,,,espn,,,,
espn-401857151,2026-08-17,2026,regular,GS,DAL,78,70,,,espn,,,,
espn-401857152,2026-08-18,2026,regular,CON,LA,85,77,,,espn,,,,
espn-401857153,2026-08-18,2026,regular,TOR,IND,95,101,,,espn,,,,
espn-401857154,2026-08-18,2026,regular,CHI,NY,93,86,,,espn,,,,
espn-401857155,2026-08-18,2026,regular,LV,ATL,82,97,,,espn,,,,
espn-401857156,2026-08-19,2026,regular,WSH,TOR,93,82,,,espn,,,,
espn-401857157,2026-08-19,2026,regular,GS,MIN,66,77,,,espn,,,,
espn-401857158,2026-08-20,2026,regular,DAL,IND,91,85,,,espn,,,,
espn-401857159,2026-08-20,2026,regular,LV,CON,101,78,,,espn,,,,
espn-401857160,2026-08-20,2026,regular,LA,ATL,88,124,,,espn,,,,
espn-401857161,2026-08-21,2026,regular,WSH,MIN,84,94,,,espn,,,,
espn-401857162,2026-08-21,2026,regular,CHI,GS,73,70,,,espn,,,,
espn-401857163,2026-08-21,2026,regular,TOR,POR,82,79,,,espn,,,,
espn-401857164,2026-08-22,2026,regular,NY,IND,109,102,,,espn,,,,
espn-401857165,2026-08-22,2026,regular,LA,CON,77,68,,,espn,,,,
espn-401857166,2026-08-22,2026,regular,PHX,ATL,89,99,,,espn,,,,
espn-401857167,2026-08-23,2026,regular,DAL,SEA,92,70,,,espn,,,,
espn-401857168,2026-08-23,2026,regular,CHI,IND,90,113,,,espn,,,,
espn-401857169,2026-08-23,2026,regular,POR,WSH,100,105,,,espn,,,,
espn-401857170,2026-08-23,2026,regular,TOR,LV,78,88,,,espn,,,,
espn-401857171,2026-08-24,2026,regular,MIN,GS,66,80,,,espn,,,,
espn-401857172,2026-08-24,2026,regular,LA,ATL,71,78,,,espn,,,,
espn-401857173,2026-08-25,2026,regular,CON,CHI,87,81,,,espn,,,,
espn-401857174,2026-08-25,2026,regular,DAL,POR,96,78,,,espn,,,,
espn-401857175,2026-08-25,2026,regular,PHX,WSH,84,94,,,espn,,,,
espn-401857176,2026-08-26,2026,regular,CON,GS,64,89,,,espn,,,,
espn-401857177,2026-08-26,2026,regular,SEA,TOR,90,78,,,espn,,,,
espn-401857178,2026-08-27,2026,regular,NY,GS,60,79,,,espn,,,,
espn-401857179,2026-08-27,2026,regular,PHX,WSH,73,80,,,espn,,,,
espn-401857180,2026-08-28,2026,regular,ATL,POR,83,101,,,espn,,,,
espn-401857181,2026-08-28,2026,regular,IND,CON,111,91,,,espn,,,,
espn-401857182,2026-08-28,2026,regular,LV,TOR,93,73,,,espn,,,,
espn-401857183,2026-08-28,2026,regular,LA,WSH,88,82,,,espn,,,,
espn-401857184,2026-08-29,2026,regular,NY,CHI,85,66,,,espn,,,,
espn-401857185,2026-08-29,2026,regular,PHX,TOR,101,69,,,espn,,,,
espn-401857186,2026-08-30,2026,regular,ATL,MIN,89,81,,,espn,,,,
espn-401857187,2026-08-30,2026,regular,SEA,LA,74,90,,,espn,,,,
espn-401857188,2026-08-30,2026,regular,POR,GS,69,86,,,espn,,,,
espn-401857189,2026-08-30,2026,regular,DAL,CON,97,71,,,espn,,,,
espn-401857190,2026-09-17,2026,regular,ATL,CON,103,59,,,espn,,,ATL,CON
espn-401857191,2026-09-17,2026,regular,CHI,WSH,80,110,,,espn,,,CHI,WSH
espn-401857192,2026-09-17,2026,regular,DAL,LA,97,77,,,espn,,,DAL,LA
espn-401857193,2026-09-17,2026,regular,POR,PHX,91,94,,,espn,,,POR,PHX
espn-401857194,2026-09-17,2026,regular,SEA,LV,77,114,,,espn,,,SEA,LV
espn-401857195,2026-09-18,2026,regular,TOR,IND,85,103,,,espn,,,TOR,IND
espn-401857196,2026-09-18,2026,regular,MIN,NY,81,93,,,espn,,,MIN,NY
espn-401857197,2026-09-18,2026,regular,GS,POR,82,66,,,espn,,,GS,POR
espn-401857198,2026-09-19,2026,regular,DAL,PHX,87,82,,,espn,,,DAL,PHX
espn-401857199,2026-09-19,2026,regular,ATL,CHI,106,81,,,espn,,,ATL,CHI
espn-401857200,2026-09-19,2026,regular,GS,SEA,70,57,,,espn,,,GS,SEA
espn-401857201,2026-09-20,2026,regular,CON,MIN,89,101,,,espn,,,CON,MIN
espn-401857202,2026-09-20,2026,regular,TOR,NY,69,106,,,espn,,,TOR,NY
espn-401857203,2026-09-20,2026,regular,IND,WSH,77,93,,,espn,,,IND,WSH
espn-401857204,2026-09-20,2026,regular,LA,POR,105,84,,,espn,,,LA,POR
espn-401857205,2026-09-20,2026,regular,LV,SEA,98,77,,,espn,,,LV,SEA
espn-401857206,2026-09-21,2026,regular,NY,ATL,84,95,,,espn,,,NY,ATL
espn-401857207,2026-09-21,2026,regular,PHX,DAL,87,86,,,espn,,,PHX,DAL
espn-401857208,2026-09-22,2026,regular,WSH,CON,79,69,,,espn,,,WSH,CON
espn-401857209,2026-09-22,2026,regular,IND,MIN,96,77,,,espn,,,IND,MIN
espn-401857210,2026-09-22,2026,regular,CHI,TOR,97,85,,,espn,,,CHI,TOR
espn-401857211,2026-09-22,2026,regular,LV,LA,89,79,,,espn,,,LV,LA
espn-401857212,2026-09-22,2026,regular,POR,GS,90,82,,OT,espn,,,POR,GS
espn-401857213,2026-09-23,2026,regular,NY,ATL,65,83,,,espn,,,NY,ATL
espn-401857214,2026-09-23,2026,regular,SEA,DAL,91,103,,,espn,,,SEA,DAL
espn-401857215,2026-09-24,2026,regular,CON,TOR,95,81,,,espn,,,CON,TOR
espn-401857216,2026-09-24,2026,regular,WSH,CHI,101,93,,,espn,,,WSH,CHI
espn-401857217,2026-09-24,2026,regular,MIN,IND,86,66,,,espn,,,MIN,IND
espn-401857218,2026-09-24,2026,regular,LA,GS,75,76,,,espn,,,LA,GS
espn-401857219,2026-09-24,2026,regular,PHX,LV,82,100,,,espn,,,PHX,LV
espn-401918013,2026-09-27,2026,postseason,ATL,WSH,92,77,,,espn,,,ATL,WSH
espn-401918014,2026-09-27,2026,postseason,MIN,NY,75,91,,,espn,,,MIN,NY
espn-401918015,2026-09-27,2026,postseason,LV,IND,102,85,,,espn,,,LV,IND
espn-401918016,2026-09-27,2026,postseason,GS,DAL,104,80,,,espn,,,GS,DAL
espn-401918017,2026-09-29,2026,postseason,NY,MIN,87,71,,,espn,,,NY,MIN
espn-401918018,2026-09-29,2026,postseason,IND,LV,99,89,,,espn,,,IND,LV
espn-401918019,2026-09-30,2026,postseason,WSH,ATL,75,93,,,espn,,,WSH,ATL
espn-401918020,2026-09-30,2026,postseason,DAL,GS,108,100,,OT,espn,,,DAL,GS
espn-401918022,2026-10-01,2026,postseason,LV,IND,94,83,,,espn,,,LV,IND
espn-401918294,2026-10-02,2026,postseason,GS,DAL,77,73,,,espn,,,GS,DAL
espn-401918295,2026-10-04,2026,postseason,ATL,NY,92,82,,,espn,,,ATL,NY
