id,date,season,season_type,home,away,home_points,away_points,neutral,note,source,home_name,away_name,home_abbr,away_abbr
espn-366856,2013-07-19,2013,regular,Tijuana,Atlas,3,3,,,espn,Tijuana,Atlas,TIJ,ATS
espn-366857,2013-07-19,2013,regular,Querétaro,Club Atlético Morelia,1,3,,,espn,Querétaro,Club Atlético Morelia,QRO,MOR
espn-366716,2013-07-20,2013,regular,Veracruz,Chiapas,2,2,,,espn,Veracruz,Chiapas,VER,CHP
espn-366853,2013-07-20,2013,regular,León,Atlante,1,0,,,espn,León,Atlante,LEO,ATL
espn-366855,2013-07-20,2013,regular,Cruz Azul,Monterrey,1,0,,,espn,Cruz Azul,Monterrey,CAZ,MTY
espn-366851,2013-07-21,2013,regular,Toluca,Pachuca,0,1,,,espn,Toluca,Pachuca,TOL,PAC
espn-366852,2013-07-21,2013,regular,Puebla,Pumas UNAM,1,1,,,espn,Puebla,Pumas UNAM,PUE,UNAM
espn-366848,2013-07-26,2013,regular,Santos,Cruz Azul,3,2,,,espn,Santos,Cruz Azul,SAN,CAZ
espn-366849,2013-07-26,2013,regular,Club Atlético Morelia,Toluca,3,4,,,espn,Club Atlético Morelia,Toluca,MOR,TOL
espn-366715,2013-07-27,2013,regular,Atlante,Veracruz,2,4,,,espn,Atlante,Veracruz,ATL,VER
espn-366843,2013-07-27,2013,regular,Chiapas,Guadalajara,1,1,,,espn,Chiapas,Guadalajara,CHP,GDL
espn-366844,2013-07-27,2013,regular,Atlas,León,1,2,,,espn,Atlas,León,ATS,LEO
espn-366845,2013-07-27,2013,regular,Monterrey,Puebla,1,1,,,espn,Monterrey,Puebla,MTY,PUE
espn-366846,2013-07-27,2013,regular,Pachuca,Tigres UANL,2,1,,,espn,Pachuca,Tigres UANL,PAC,UANL
espn-366842,2013-07-28,2013,regular,Pumas UNAM,Querétaro,0,3,,,espn,Pumas UNAM,Querétaro,UNAM,QRO
espn-366834,2013-07-30,2013,regular,Atlante,Atlas,1,1,,,espn,Atlante,Atlas,ATL,ATS
espn-366836,2013-07-30,2013,regular,Cruz Azul,Chiapas,1,1,,,espn,Cruz Azul,Chiapas,CAZ,CHP
espn-366839,2013-07-30,2013,regular,Tijuana,Pachuca,1,0,,,espn,Tijuana,Pachuca,TIJ,PAC
espn-366714,2013-07-31,2013,regular,Guadalajara,Veracruz,0,2,,,espn,Guadalajara,Veracruz,GDL,VER
espn-366835,2013-07-31,2013,regular,León,América,1,1,,,espn,León,América,LEO,AME
espn-366837,2013-07-31,2013,regular,Querétaro,Monterrey,3,3,,,espn,Querétaro,Monterrey,QRO,MTY
espn-366838,2013-07-31,2013,regular,Tigres UANL,Club Atlético Morelia,1,2,,,espn,Tigres UANL,Club Atlético Morelia,UANL,MOR
espn-366840,2013-07-31,2013,regular,Toluca,Pumas UNAM,0,0,,,espn,Toluca,Pumas UNAM,TOL,UNAM
espn-366841,2013-07-31,2013,regular,Puebla,Santos,1,1,,,espn,Puebla,Santos,PUE,SAN
espn-366713,2013-08-03,2013,regular,Veracruz,Cruz Azul,3,2,,,espn,Veracruz,Cruz Azul,VER,CAZ
espn-366828,2013-08-03,2013,regular,Chiapas,Puebla,4,2,,,espn,Chiapas,Puebla,CHP,PUE
espn-366829,2013-08-03,2013,regular,Pachuca,León,1,1,,,espn,Pachuca,León,PAC,LEO
espn-366830,2013-08-03,2013,regular,Monterrey,Toluca,1,1,,,espn,Monterrey,Toluca,MTY,TOL
espn-366831,2013-08-03,2013,regular,América,Atlas,3,0,,,espn,América,Atlas,AME,ATS
espn-366832,2013-08-03,2013,regular,Santos,Querétaro,2,0,,,espn,Santos,Querétaro,SAN,QRO
espn-366833,2013-08-03,2013,regular,Club Atlético Morelia,Tijuana,2,1,,,espn,Club Atlético Morelia,Tijuana,MOR,TIJ
espn-366826,2013-08-04,2013,regular,Guadalajara,Atlante,1,0,,,espn,Guadalajara,Atlante,GDL,ATL
espn-366827,2013-08-04,2013,regular,Pumas UNAM,Tigres UANL,0,2,,,espn,Pumas UNAM,Tigres UANL,UNAM,UANL
espn-366824,2013-08-09,2013,regular,Tijuana,Pumas UNAM,2,0,,,espn,Tijuana,Pumas UNAM,TIJ,UNAM
espn-366825,2013-08-09,2013,regular,Querétaro,Chiapas,1,1,,,espn,Querétaro,Chiapas,QRO,CHP
espn-366819,2013-08-10,2013,regular,Atlas,Pachuca,1,1,,,espn,Atlas,Pachuca,ATS,PAC
espn-366820,2013-08-10,2013,regular,León,Club Atlético Morelia,0,0,,,espn,León,Club Atlético Morelia,LEO,MOR
espn-366821,2013-08-10,2013,regular,Atlante,América,2,4,,,espn,Atlante,América,ATL,AME
espn-366822,2013-08-10,2013,regular,Tigres UANL,Monterrey,3,1,,,espn,Tigres UANL,Monterrey,UANL,MTY
espn-366823,2013-08-10,2013,regular,Cruz Azul,Guadalajara,3,1,,,espn,Cruz Azul,Guadalajara,CAZ,GDL
espn-366712,2013-08-11,2013,regular,Puebla,Veracruz,0,0,,,espn,Puebla,Veracruz,PUE,VER
espn-366818,2013-08-11,2013,regular,Toluca,Santos,2,2,,,espn,Toluca,Santos,TOL,SAN
espn-366816,2013-08-16,2013,regular,Santos,Tigres UANL,3,0,,,espn,Santos,Tigres UANL,SAN,UANL
espn-366817,2013-08-16,2013,regular,Club Atlético Morelia,Atlas,2,0,,,espn,Club Atlético Morelia,Atlas,MOR,ATS
espn-366711,2013-08-17,2013,regular,Veracruz,Querétaro,0,0,,,espn,Veracruz,Querétaro,VER,QRO
espn-366812,2013-08-17,2013,regular,Chiapas,Toluca,0,4,,,espn,Chiapas,Toluca,CHP,TOL
espn-366813,2013-08-17,2013,regular,Pachuca,América,0,1,,,espn,Pachuca,América,PAC,AME
espn-366814,2013-08-17,2013,regular,Monterrey,Tijuana,2,1,,,espn,Monterrey,Tijuana,MTY,TIJ
espn-366815,2013-08-17,2013,regular,Cruz Azul,Atlante,1,0,,,espn,Cruz Azul,Atlante,CAZ,ATL
espn-366810,2013-08-18,2013,regular,Pumas UNAM,León,1,1,,,espn,Pumas UNAM,León,UNAM,LEO
espn-366811,2013-08-18,2013,regular,Guadalajara,Puebla,2,4,,,espn,Guadalajara,Puebla,GDL,PUE
espn-366808,2013-08-23,2013,regular,Tijuana,Santos,1,1,,,espn,Tijuana,Santos,TIJ,SAN
espn-366809,2013-08-23,2013,regular,Querétaro,Guadalajara,2,0,,,espn,Querétaro,Guadalajara,QRO,GDL
espn-366803,2013-08-24,2013,regular,Atlas,Pumas UNAM,1,1,,,espn,Atlas,Pumas UNAM,ATS,UNAM
espn-366804,2013-08-24,2013,regular,León,Monterrey,3,1,,,espn,León,Monterrey,LEO,MTY
espn-366805,2013-08-24,2013,regular,Tigres UANL,Chiapas,2,2,,,espn,Tigres UANL,Chiapas,UANL,CHP
espn-366806,2013-08-24,2013,regular,Atlante,Pachuca,1,1,,,espn,Atlante,Pachuca,ATL,PAC
espn-366807,2013-08-24,2013,regular,América,Club Atlético Morelia,3,1,,,espn,América,Club Atlético Morelia,AME,MOR
espn-366710,2013-08-25,2013,regular,Toluca,Veracruz,3,1,,,espn,Toluca,Veracruz,TOL,VER
espn-366802,2013-08-25,2013,regular,Puebla,Cruz Azul,1,2,,,espn,Puebla,Cruz Azul,PUE,CAZ
espn-366800,2013-08-30,2013,regular,Santos,León,0,2,,,espn,Santos,León,SAN,LEO
espn-366801,2013-08-30,2013,regular,Club Atlético Morelia,Pachuca,4,1,,,espn,Club Atlético Morelia,Pachuca,MOR,PAC
espn-366709,2013-08-31,2013,regular,Veracruz,Tigres UANL,1,1,,,espn,Veracruz,Tigres UANL,VER,UANL
espn-366797,2013-08-31,2013,regular,Chiapas,Tijuana,3,1,,,espn,Chiapas,Tijuana,CHP,TIJ
espn-366798,2013-08-31,2013,regular,Monterrey,Atlas,0,0,,,espn,Monterrey,Atlas,MTY,ATS
espn-366799,2013-08-31,2013,regular,Cruz Azul,Querétaro,0,2,,,espn,Cruz Azul,Querétaro,CAZ,QRO
espn-366794,2013-09-01,2013,regular,Guadalajara,Toluca,0,0,,,espn,Guadalajara,Toluca,GDL,TOL
espn-366795,2013-09-01,2013,regular,Puebla,Atlante,1,0,,,espn,Puebla,Atlante,PUE,ATL
espn-366796,2013-09-02,2013,regular,Pumas UNAM,América,1,4,,,espn,Pumas UNAM,América,UNAM,AME
espn-366793,2013-09-06,2013,regular,Querétaro,Puebla,1,0,,,espn,Querétaro,Puebla,QRO,PUE
espn-366708,2013-09-07,2013,regular,Tijuana,Veracruz,3,0,,,espn,Tijuana,Veracruz,TIJ,VER
espn-366787,2013-09-07,2013,regular,Atlas,Santos,2,2,,,espn,Atlas,Santos,ATS,SAN
espn-366788,2013-09-07,2013,regular,León,Chiapas,0,1,,,espn,León,Chiapas,LEO,CHP
espn-366789,2013-09-07,2013,regular,Tigres UANL,Guadalajara,3,3,,,espn,Tigres UANL,Guadalajara,UANL,GDL
espn-366790,2013-09-07,2013,regular,Atlante,Club Atlético Morelia,2,2,,,espn,Atlante,Club Atlético Morelia,ATL,MOR
espn-366791,2013-09-07,2013,regular,Pachuca,Pumas UNAM,0,0,,,espn,Pachuca,Pumas UNAM,PAC,UNAM
espn-366792,2013-09-07,2013,regular,América,Monterrey,1,0,,,espn,América,Monterrey,AME,MTY
espn-366786,2013-09-08,2013,regular,Toluca,Cruz Azul,1,2,,,espn,Toluca,Cruz Azul,TOL,CAZ
espn-366784,2013-09-13,2013,regular,Santos,América,2,1,,,espn,Santos,América,SAN,AME
espn-366785,2013-09-13,2013,regular,Querétaro,Atlante,1,0,,,espn,Querétaro,Atlante,QRO,ATL
espn-366707,2013-09-14,2013,regular,Veracruz,León,0,1,,,espn,Veracruz,León,VER,LEO
espn-366781,2013-09-14,2013,regular,Chiapas,Atlas,3,0,,,espn,Chiapas,Atlas,CHP,ATS
espn-366782,2013-09-14,2013,regular,Monterrey,Pachuca,1,0,,,espn,Monterrey,Pachuca,MTY,PAC
espn-366783,2013-09-14,2013,regular,Cruz Azul,Tigres UANL,0,1,,,espn,Cruz Azul,Tigres UANL,CAZ,UANL
espn-366778,2013-09-15,2013,regular,Guadalajara,Tijuana,2,2,,,espn,Guadalajara,Tijuana,GDL,TIJ
espn-366779,2013-09-15,2013,regular,Pumas UNAM,Club Atlético Morelia,0,1,,,espn,Pumas UNAM,Club Atlético Morelia,UNAM,MOR
espn-366780,2013-09-15,2013,regular,Puebla,Toluca,1,1,,,espn,Puebla,Toluca,PUE,TOL
espn-366776,2013-09-20,2013,regular,Tijuana,Cruz Azul,0,0,,,espn,Tijuana,Cruz Azul,TIJ,CAZ
espn-366777,2013-09-20,2013,regular,Club Atlético Morelia,Monterrey,1,3,,,espn,Club Atlético Morelia,Monterrey,MOR,MTY
espn-366706,2013-09-21,2013,regular,Atlas,Veracruz,3,3,,,espn,Atlas,Veracruz,ATS,VER
espn-366771,2013-09-21,2013,regular,León,Guadalajara,2,1,,,espn,León,Guadalajara,LEO,GDL
espn-366772,2013-09-21,2013,regular,Tigres UANL,Puebla,0,0,,,espn,Tigres UANL,Puebla,UANL,PUE
espn-366773,2013-09-21,2013,regular,Atlante,Pumas UNAM,1,0,,,espn,Atlante,Pumas UNAM,ATL,UNAM
espn-366774,2013-09-21,2013,regular,Pachuca,Santos,1,1,,,espn,Pachuca,Santos,PAC,SAN
espn-366775,2013-09-21,2013,regular,América,Chiapas,3,1,,,espn,América,Chiapas,AME,CHP
espn-366770,2013-09-22,2013,regular,Toluca,Querétaro,4,0,,,espn,Toluca,Querétaro,TOL,QRO
espn-366768,2013-09-27,2013,regular,Santos,Club Atlético Morelia,3,1,,,espn,Santos,Club Atlético Morelia,SAN,MOR
espn-366769,2013-09-27,2013,regular,Querétaro,Tigres UANL,2,2,,,espn,Querétaro,Tigres UANL,QRO,UANL
espn-366705,2013-09-28,2013,regular,Veracruz,América,0,1,,,espn,Veracruz,América,VER,AME
espn-366765,2013-09-28,2013,regular,Chiapas,Pachuca,2,1,,,espn,Chiapas,Pachuca,CHP,PAC
espn-366766,2013-09-28,2013,regular,Monterrey,Pumas UNAM,0,1,,,espn,Monterrey,Pumas UNAM,MTY,UNAM
espn-366767,2013-09-28,2013,regular,Cruz Azul,León,1,0,,,espn,Cruz Azul,León,CAZ,LEO
espn-366762,2013-09-29,2013,regular,Guadalajara,Atlas,1,1,,,espn,Guadalajara,Atlas,GDL,ATS
espn-366763,2013-09-29,2013,regular,Toluca,Atlante,7,1,,,espn,Toluca,Atlante,TOL,ATL
espn-366764,2013-09-29,2013,regular,Puebla,Tijuana,2,0,,,espn,Puebla,Tijuana,PUE,TIJ
espn-366847,2013-10-01,2013,regular,América,Tijuana,2,0,,,espn,América,Tijuana,AME,TIJ
espn-366760,2013-10-04,2013,regular,Tijuana,Querétaro,1,0,,,espn,Tijuana,Querétaro,TIJ,QRO
espn-366761,2013-10-04,2013,regular,Club Atlético Morelia,Chiapas,2,1,,,espn,Club Atlético Morelia,Chiapas,MOR,CHP
espn-366704,2013-10-05,2013,regular,Pachuca,Veracruz,1,1,,,espn,Pachuca,Veracruz,PAC,VER
espn-366755,2013-10-05,2013,regular,Atlas,Cruz Azul,1,2,,,espn,Atlas,Cruz Azul,ATS,CAZ
espn-366756,2013-10-05,2013,regular,León,Puebla,3,1,,,espn,León,Puebla,LEO,PUE
espn-366757,2013-10-05,2013,regular,Atlante,Monterrey,2,1,,,espn,Atlante,Monterrey,ATL,MTY
espn-366758,2013-10-05,2013,regular,Tigres UANL,Toluca,1,2,,,espn,Tigres UANL,Toluca,UANL,TOL
espn-366759,2013-10-05,2013,regular,América,Guadalajara,2,0,,,espn,América,Guadalajara,AME,GDL
espn-366754,2013-10-06,2013,regular,Pumas UNAM,Santos,0,1,,,espn,Pumas UNAM,Santos,UNAM,SAN
espn-366751,2013-10-18,2013,regular,Santos,Monterrey,3,2,,,espn,Santos,Monterrey,SAN,MTY
espn-366752,2013-10-18,2013,regular,Querétaro,León,2,0,,,espn,Querétaro,León,QRO,LEO
espn-366703,2013-10-19,2013,regular,Veracruz,Club Atlético Morelia,1,0,,,espn,Veracruz,Club Atlético Morelia,VER,MOR
espn-366749,2013-10-19,2013,regular,Chiapas,Pumas UNAM,1,1,,,espn,Chiapas,Pumas UNAM,CHP,UNAM
espn-366750,2013-10-19,2013,regular,Cruz Azul,América,1,1,,,espn,Cruz Azul,América,CAZ,AME
espn-366753,2013-10-19,2013,regular,Tigres UANL,Atlante,3,1,,,espn,Tigres UANL,Atlante,UANL,ATL
espn-366746,2013-10-20,2013,regular,Guadalajara,Pachuca,1,3,,,espn,Guadalajara,Pachuca,GDL,PAC
espn-366747,2013-10-20,2013,regular,Puebla,Atlas,2,0,,,espn,Puebla,Atlas,PUE,ATS
espn-366748,2013-10-20,2013,regular,Toluca,Tijuana,0,0,,,espn,Toluca,Tijuana,TOL,TIJ
espn-366744,2013-10-25,2013,regular,Tijuana,Tigres UANL,0,0,,,espn,Tijuana,Tigres UANL,TIJ,UANL
espn-366745,2013-10-25,2013,regular,Club Atlético Morelia,Guadalajara,1,1,,,espn,Club Atlético Morelia,Guadalajara,MOR,GDL
espn-366738,2013-10-26,2013,regular,Atlas,Querétaro,3,1,,,espn,Atlas,Querétaro,ATS,QRO
espn-366739,2013-10-26,2013,regular,León,Toluca,2,2,,,espn,León,Toluca,LEO,TOL
espn-366740,2013-10-26,2013,regular,Pachuca,Cruz Azul,0,0,,,espn,Pachuca,Cruz Azul,PAC,CAZ
espn-366741,2013-10-26,2013,regular,Monterrey,Chiapas,1,1,,,espn,Monterrey,Chiapas,MTY,CHP
espn-366742,2013-10-26,2013,regular,Atlante,Santos,1,3,,,espn,Atlante,Santos,ATL,SAN
espn-366743,2013-10-26,2013,regular,América,Puebla,3,1,,,espn,América,Puebla,AME,PUE
espn-366702,2013-10-27,2013,regular,Pumas UNAM,Veracruz,0,0,,,espn,Pumas UNAM,Veracruz,UNAM,VER
espn-366854,2013-10-29,2013,regular,Tigres UANL,América,1,0,,,espn,Tigres UANL,América,UANL,AME
espn-366850,2013-10-30,2013,regular,Guadalajara,Santos,0,2,,,espn,Guadalajara,Santos,GDL,SAN
espn-366736,2013-11-01,2013,regular,Tijuana,Atlante,4,1,,,espn,Tijuana,Atlante,TIJ,ATL
espn-366737,2013-11-01,2013,regular,Querétaro,América,0,0,,,espn,Querétaro,América,QRO,AME
espn-366701,2013-11-02,2013,regular,Veracruz,Monterrey,0,3,,,espn,Veracruz,Monterrey,VER,MTY
espn-366733,2013-11-02,2013,regular,Chiapas,Santos,2,1,,,espn,Chiapas,Santos,CHP,SAN
espn-366734,2013-11-02,2013,regular,Tigres UANL,León,1,1,,,espn,Tigres UANL,León,UANL,LEO
espn-366735,2013-11-02,2013,regular,Cruz Azul,Club Atlético Morelia,1,0,,,espn,Cruz Azul,Club Atlético Morelia,CAZ,MOR
espn-366730,2013-11-03,2013,regular,Guadalajara,Pumas UNAM,1,0,,,espn,Guadalajara,Pumas UNAM,GDL,UNAM
espn-366731,2013-11-03,2013,regular,Toluca,Atlas,1,1,,,espn,Toluca,Atlas,TOL,ATS
espn-366732,2013-11-03,2013,regular,Puebla,Pachuca,1,1,,,espn,Puebla,Pachuca,PUE,PAC
espn-366700,2013-11-08,2013,regular,Santos,Veracruz,2,2,,,espn,Santos,Veracruz,SAN,VER
espn-366729,2013-11-08,2013,regular,Club Atlético Morelia,Puebla,1,0,,,espn,Club Atlético Morelia,Puebla,MOR,PUE
espn-366723,2013-11-09,2013,regular,Atlas,Tigres UANL,0,1,,,espn,Atlas,Tigres UANL,ATS,UANL
espn-366724,2013-11-09,2013,regular,León,Tijuana,5,0,,,espn,León,Tijuana,LEO,TIJ
espn-366725,2013-11-09,2013,regular,Monterrey,Guadalajara,2,1,,,espn,Monterrey,Guadalajara,MTY,GDL
espn-366726,2013-11-09,2013,regular,Atlante,Chiapas,2,0,,,espn,Atlante,Chiapas,ATL,CHP
espn-366727,2013-11-09,2013,regular,Pachuca,Querétaro,0,1,,,espn,Pachuca,Querétaro,PAC,QRO
espn-366728,2013-11-09,2013,regular,América,Toluca,1,1,,,espn,América,Toluca,AME,TOL
espn-366722,2013-11-10,2013,regular,Pumas UNAM,Cruz Azul,2,2,,,espn,Pumas UNAM,Cruz Azul,UNAM,CAZ
espn-382803,2013-11-23,2013,regular,Club Atlético Morelia,León,3,3,,,espn,Club Atlético Morelia,León,MOR,LEO
espn-382804,2013-11-23,2013,regular,Toluca,Cruz Azul,3,0,,,espn,Toluca,Cruz Azul,TOL,CAZ
espn-382801,2013-11-24,2013,regular,Querétaro,Santos,2,3,,,espn,Querétaro,Santos,QRO,SAN
espn-382802,2013-11-24,2013,regular,Tigres UANL,América,2,2,,,espn,Tigres UANL,América,UANL,AME
espn-382799,2013-11-30,2013,regular,León,Club Atlético Morelia,4,0,,,espn,León,Club Atlético Morelia,LEO,MOR
espn-382800,2013-11-30,2013,regular,Cruz Azul,Toluca,1,1,,,espn,Cruz Azul,Toluca,CAZ,TOL
espn-382797,2013-12-01,2013,regular,Santos,Querétaro,3,1,,,espn,Santos,Querétaro,SAN,QRO
espn-382798,2013-12-01,2013,regular,América,Tigres UANL,1,1,,,espn,América,Tigres UANL,AME,UANL
espn-383363,2013-12-05,2013,regular,León,Santos,3,1,,,espn,León,Santos,LEO,SAN
espn-383364,2013-12-05,2013,regular,Toluca,América,2,1,,,espn,Toluca,América,TOL,AME
espn-383361,2013-12-08,2013,regular,Santos,León,2,2,,,espn,Santos,León,SAN,LEO
espn-383362,2013-12-08,2013,regular,América,Toluca,2,0,,,espn,América,Toluca,AME,TOL
espn-383531,2013-12-12,2013,regular,León,América,2,0,,,espn,León,América,LEO,AME
espn-383532,2013-12-15,2013,regular,América,León,1,3,,,espn,América,León,AME,LEO
espn-384123,2014-01-03,2013,regular,Santos,Guadalajara,1,1,,,espn,Santos,Guadalajara,SAN,GDL
espn-384124,2014-01-03,2013,regular,Club Atlético Morelia,Querétaro,0,1,,,espn,Club Atlético Morelia,Querétaro,MOR,QRO
espn-384118,2014-01-04,2013,regular,Atlas,Tijuana,0,0,,,espn,Atlas,Tijuana,ATS,TIJ
espn-384119,2014-01-04,2013,regular,Chiapas,Veracruz,1,1,,,espn,Chiapas,Veracruz,CHP,VER
espn-384120,2014-01-04,2013,regular,Monterrey,Cruz Azul,0,0,,,espn,Monterrey,Cruz Azul,MTY,CAZ
espn-384121,2014-01-04,2013,regular,Pachuca,Toluca,0,1,,,espn,Pachuca,Toluca,PAC,TOL
espn-384122,2014-01-04,2013,regular,América,Tigres UANL,3,0,,,espn,América,Tigres UANL,AME,UANL
espn-384116,2014-01-05,2013,regular,Atlante,León,1,1,,,espn,Atlante,León,ATL,LEO
espn-384117,2014-01-05,2013,regular,Pumas UNAM,Puebla,2,2,,,espn,Pumas UNAM,Puebla,UNAM,PUE
espn-384114,2014-01-10,2013,regular,Tijuana,América,1,0,,,espn,Tijuana,América,TIJ,AME
espn-384115,2014-01-10,2013,regular,Querétaro,Pumas UNAM,1,0,,,espn,Querétaro,Pumas UNAM,QRO,UNAM
espn-384110,2014-01-11,2013,regular,León,Atlas,3,1,,,espn,León,Atlas,LEO,ATS
espn-384111,2014-01-11,2013,regular,Tigres UANL,Pachuca,0,0,,,espn,Tigres UANL,Pachuca,UANL,PAC
espn-384112,2014-01-11,2013,regular,Veracruz,Atlante,2,1,,,espn,Veracruz,Atlante,VER,ATL
espn-384113,2014-01-11,2013,regular,Cruz Azul,Santos,2,1,,,espn,Cruz Azul,Santos,CAZ,SAN
espn-384107,2014-01-12,2013,regular,Guadalajara,Chiapas,1,0,,,espn,Guadalajara,Chiapas,GDL,CHP
espn-384108,2014-01-12,2013,regular,Puebla,Monterrey,1,1,,,espn,Puebla,Monterrey,PUE,MTY
espn-384109,2014-01-12,2013,regular,Toluca,Club Atlético Morelia,2,2,,,espn,Toluca,Club Atlético Morelia,TOL,MOR
espn-384105,2014-01-17,2013,regular,Santos,Puebla,0,0,,,espn,Santos,Puebla,SAN,PUE
espn-384106,2014-01-17,2013,regular,Club Atlético Morelia,Tigres UANL,2,0,,,espn,Club Atlético Morelia,Tigres UANL,MOR,UANL
espn-384099,2014-01-18,2013,regular,Atlas,Atlante,0,1,,,espn,Atlas,Atlante,ATS,ATL
espn-384100,2014-01-18,2013,regular,Chiapas,Cruz Azul,0,1,,,espn,Chiapas,Cruz Azul,CHP,CAZ
espn-384101,2014-01-18,2013,regular,Monterrey,Querétaro,3,1,,,espn,Monterrey,Querétaro,MTY,QRO
espn-384102,2014-01-18,2013,regular,Pachuca,Tijuana,2,1,,,espn,Pachuca,Tijuana,PAC,TIJ
espn-384103,2014-01-18,2013,regular,Veracruz,Guadalajara,1,1,,,espn,Veracruz,Guadalajara,VER,GDL
espn-384104,2014-01-18,2013,regular,América,León,1,0,,,espn,América,León,AME,LEO
espn-384098,2014-01-19,2013,regular,Pumas UNAM,Toluca,0,2,,,espn,Pumas UNAM,Toluca,UNAM,TOL
espn-384096,2014-01-24,2013,regular,Tijuana,Club Atlético Morelia,1,0,,,espn,Tijuana,Club Atlético Morelia,TIJ,MOR
espn-384097,2014-01-24,2013,regular,Querétaro,Santos,0,0,,,espn,Querétaro,Santos,QRO,SAN
espn-384092,2014-01-25,2013,regular,Atlas,América,1,2,,,espn,Atlas,América,ATS,AME
espn-384093,2014-01-25,2013,regular,León,Pachuca,1,3,,,espn,León,Pachuca,LEO,PAC
espn-384094,2014-01-25,2013,regular,Tigres UANL,Pumas UNAM,1,2,,,espn,Tigres UANL,Pumas UNAM,UANL,UNAM
espn-384095,2014-01-25,2013,regular,Cruz Azul,Veracruz,4,0,,,espn,Cruz Azul,Veracruz,CAZ,VER
espn-384089,2014-01-26,2013,regular,Atlante,Guadalajara,1,1,,,espn,Atlante,Guadalajara,ATL,GDL
espn-384090,2014-01-26,2013,regular,Puebla,Chiapas,2,3,,,espn,Puebla,Chiapas,PUE,CHP
espn-384091,2014-01-26,2013,regular,Toluca,Monterrey,2,0,,,espn,Toluca,Monterrey,TOL,MTY
espn-384088,2014-01-31,2013,regular,Club Atlético Morelia,León,0,0,,,espn,Club Atlético Morelia,León,MOR,LEO
espn-384080,2014-02-01,2013,regular,Guadalajara,Cruz Azul,0,2,,,espn,Guadalajara,Cruz Azul,GDL,CAZ
espn-384082,2014-02-01,2013,regular,Chiapas,Querétaro,1,0,,,espn,Chiapas,Querétaro,CHP,QRO
espn-384083,2014-02-01,2013,regular,Pachuca,Atlas,0,1,,,espn,Pachuca,Atlas,PAC,ATS
espn-384084,2014-02-01,2013,regular,Monterrey,Tigres UANL,0,0,,,espn,Monterrey,Tigres UANL,MTY,UANL
espn-384085,2014-02-01,2013,regular,América,Atlante,1,0,,,espn,América,Atlante,AME,ATL
espn-384086,2014-02-01,2013,regular,Veracruz,Puebla,0,1,,,espn,Veracruz,Puebla,VER,PUE
espn-384087,2014-02-01,2013,regular,Santos,Toluca,2,0,,,espn,Santos,Toluca,SAN,TOL
espn-384081,2014-02-02,2013,regular,Pumas UNAM,Tijuana,3,0,,,espn,Pumas UNAM,Tijuana,UNAM,TIJ
espn-384078,2014-02-07,2013,regular,Tijuana,Monterrey,2,1,,,espn,Tijuana,Monterrey,TIJ,MTY
espn-384074,2014-02-08,2013,regular,Atlas,Club Atlético Morelia,1,1,,,espn,Atlas,Club Atlético Morelia,ATS,MOR
espn-384075,2014-02-08,2013,regular,León,Pumas UNAM,1,2,,,espn,León,Pumas UNAM,LEO,UNAM
espn-384076,2014-02-08,2013,regular,Tigres UANL,Santos,1,1,,,espn,Tigres UANL,Santos,UANL,SAN
espn-384077,2014-02-08,2013,regular,América,Pachuca,0,1,,,espn,América,Pachuca,AME,PAC
espn-384071,2014-02-09,2013,regular,Atlante,Cruz Azul,1,4,,,espn,Atlante,Cruz Azul,ATL,CAZ
espn-384072,2014-02-09,2013,regular,Toluca,Chiapas,2,0,,,espn,Toluca,Chiapas,TOL,CHP
espn-384073,2014-02-09,2013,regular,Puebla,Guadalajara,0,1,,,espn,Puebla,Guadalajara,PUE,GDL
espn-384079,2014-02-09,2013,regular,Querétaro,Veracruz,2,0,,,espn,Querétaro,Veracruz,QRO,VER
espn-384069,2014-02-14,2013,regular,Santos,Tijuana,3,2,,,espn,Santos,Tijuana,SAN,TIJ
espn-384070,2014-02-14,2013,regular,Club Atlético Morelia,América,1,0,,,espn,Club Atlético Morelia,América,MOR,AME
espn-384064,2014-02-15,2013,regular,Chiapas,Tigres UANL,0,0,,,espn,Chiapas,Tigres UANL,CHP,UANL
espn-384065,2014-02-15,2013,regular,Pachuca,Atlante,0,1,,,espn,Pachuca,Atlante,PAC,ATL
espn-384066,2014-02-15,2013,regular,Monterrey,León,0,2,,,espn,Monterrey,León,MTY,LEO
espn-384067,2014-02-15,2013,regular,Cruz Azul,Puebla,1,0,,,espn,Cruz Azul,Puebla,CAZ,PUE
espn-384068,2014-02-15,2013,regular,Veracruz,Toluca,0,3,,,espn,Veracruz,Toluca,VER,TOL
espn-384062,2014-02-16,2013,regular,Guadalajara,Querétaro,2,1,,,espn,Guadalajara,Querétaro,GDL,QRO
espn-384063,2014-02-16,2013,regular,Pumas UNAM,Atlas,1,1,,,espn,Pumas UNAM,Atlas,UNAM,ATS
espn-384060,2014-02-21,2013,regular,Tijuana,Chiapas,0,3,,,espn,Tijuana,Chiapas,TIJ,CHP
espn-384061,2014-02-21,2013,regular,Querétaro,Cruz Azul,1,3,,,espn,Querétaro,Cruz Azul,QRO,CAZ
espn-384055,2014-02-22,2013,regular,Atlas,Monterrey,0,1,,,espn,Atlas,Monterrey,ATS,MTY
espn-384056,2014-02-22,2013,regular,León,Santos,4,2,,,espn,León,Santos,LEO,SAN
espn-384057,2014-02-22,2013,regular,Pachuca,Club Atlético Morelia,3,0,,,espn,Pachuca,Club Atlético Morelia,PAC,MOR
espn-384058,2014-02-22,2013,regular,Tigres UANL,Veracruz,1,0,,,espn,Tigres UANL,Veracruz,UANL,VER
espn-384059,2014-02-22,2013,regular,América,Pumas UNAM,1,3,,,espn,América,Pumas UNAM,AME,UNAM
espn-384053,2014-02-23,2013,regular,Atlante,Puebla,0,0,,,espn,Atlante,Puebla,ATL,PUE
espn-384054,2014-02-23,2013,regular,Toluca,Guadalajara,1,0,,,espn,Toluca,Guadalajara,TOL,GDL
espn-384051,2014-02-28,2013,regular,Santos,Atlas,2,3,,,espn,Santos,Atlas,SAN,ATS
espn-384052,2014-02-28,2013,regular,Club Atlético Morelia,Atlante,1,2,,,espn,Club Atlético Morelia,Atlante,MOR,ATL
espn-384047,2014-03-01,2013,regular,Chiapas,León,0,3,,,espn,Chiapas,León,CHP,LEO
espn-384048,2014-03-01,2013,regular,Monterrey,América,1,2,,,espn,Monterrey,América,MTY,AME
espn-384049,2014-03-01,2013,regular,Veracruz,Tijuana,1,1,,,espn,Veracruz,Tijuana,VER,TIJ
espn-384050,2014-03-01,2013,regular,Cruz Azul,Toluca,1,0,,,espn,Cruz Azul,Toluca,CAZ,TOL
espn-384044,2014-03-02,2013,regular,Guadalajara,Tigres UANL,0,0,,,espn,Guadalajara,Tigres UANL,GDL,UANL
espn-384045,2014-03-02,2013,regular,Pumas UNAM,Pachuca,0,0,,,espn,Pumas UNAM,Pachuca,UNAM,PAC
espn-384046,2014-03-02,2013,regular,Puebla,Querétaro,1,0,,,espn,Puebla,Querétaro,PUE,QRO
espn-384036,2014-03-07,2013,regular,Toluca,Puebla,3,0,,,espn,Toluca,Puebla,TOL,PUE
espn-384038,2014-03-07,2013,regular,León,Veracruz,0,1,,,espn,León,Veracruz,LEO,VER
espn-384042,2014-03-07,2013,regular,Tijuana,Guadalajara,2,0,,,espn,Tijuana,Guadalajara,TIJ,GDL
espn-384043,2014-03-07,2013,regular,Club Atlético Morelia,Pumas UNAM,3,1,,,espn,Club Atlético Morelia,Pumas UNAM,MOR,UNAM
espn-384037,2014-03-08,2013,regular,Atlas,Chiapas,2,2,,,espn,Atlas,Chiapas,ATS,CHP
espn-384039,2014-03-08,2013,regular,Tigres UANL,Cruz Azul,3,0,,,espn,Tigres UANL,Cruz Azul,UANL,CAZ
espn-384040,2014-03-08,2013,regular,Pachuca,Monterrey,2,0,,,espn,Pachuca,Monterrey,PAC,MTY
espn-384041,2014-03-08,2013,regular,América,Santos,2,4,,,espn,América,Santos,AME,SAN
espn-384035,2014-03-09,2013,regular,Atlante,Querétaro,4,2,,,espn,Atlante,Querétaro,ATL,QRO
espn-384034,2014-03-14,2013,regular,Querétaro,Toluca,0,2,,,espn,Querétaro,Toluca,QRO,TOL
espn-384029,2014-03-15,2013,regular,Chiapas,América,2,2,,,espn,Chiapas,América,CHP,AME
espn-384030,2014-03-15,2013,regular,Monterrey,Club Atlético Morelia,0,1,,,espn,Monterrey,Club Atlético Morelia,MTY,MOR
espn-384031,2014-03-15,2013,regular,Veracruz,Atlas,0,1,,,espn,Veracruz,Atlas,VER,ATS
espn-384032,2014-03-15,2013,regular,Cruz Azul,Tijuana,2,1,,,espn,Cruz Azul,Tijuana,CAZ,TIJ
espn-384033,2014-03-15,2013,regular,Santos,Pachuca,3,1,,,espn,Santos,Pachuca,SAN,PAC
espn-384026,2014-03-16,2013,regular,Guadalajara,León,1,0,,,espn,Guadalajara,León,GDL,LEO
espn-384027,2014-03-16,2013,regular,Pumas UNAM,Atlante,5,0,,,espn,Pumas UNAM,Atlante,UNAM,ATL
espn-384028,2014-03-16,2013,regular,Puebla,Tigres UANL,0,1,,,espn,Puebla,Tigres UANL,PUE,UANL
espn-384024,2014-03-21,2013,regular,Tijuana,Puebla,3,1,,,espn,Tijuana,Puebla,TIJ,PUE
espn-384025,2014-03-21,2013,regular,Club Atlético Morelia,Santos,2,2,,,espn,Club Atlético Morelia,Santos,MOR,SAN
espn-384019,2014-03-22,2013,regular,Atlas,Guadalajara,1,1,,,espn,Atlas,Guadalajara,ATS,GDL
espn-384020,2014-03-22,2013,regular,León,Cruz Azul,0,0,,,espn,León,Cruz Azul,LEO,CAZ
espn-384021,2014-03-22,2013,regular,Tigres UANL,Querétaro,0,2,,,espn,Tigres UANL,Querétaro,UANL,QRO
espn-384022,2014-03-22,2013,regular,Pachuca,Chiapas,2,0,,,espn,Pachuca,Chiapas,PAC,CHP
espn-384023,2014-03-22,2013,regular,América,Veracruz,0,0,,,espn,América,Veracruz,AME,VER
espn-384017,2014-03-23,2013,regular,Atlante,Toluca,2,1,,,espn,Atlante,Toluca,ATL,TOL
espn-384018,2014-03-23,2013,regular,Pumas UNAM,Monterrey,1,2,,,espn,Pumas UNAM,Monterrey,UNAM,MTY
espn-384015,2014-03-28,2013,regular,Santos,Pumas UNAM,2,1,,,espn,Santos,Pumas UNAM,SAN,UNAM
espn-384016,2014-03-28,2013,regular,Querétaro,Tijuana,2,1,,,espn,Querétaro,Tijuana,QRO,TIJ
espn-384010,2014-03-29,2013,regular,Toluca,Tigres UANL,2,1,,,espn,Toluca,Tigres UANL,TOL,UANL
espn-384011,2014-03-29,2013,regular,Chiapas,Club Atlético Morelia,1,0,,,espn,Chiapas,Club Atlético Morelia,CHP,MOR
espn-384012,2014-03-29,2013,regular,Monterrey,Atlante,3,2,,,espn,Monterrey,Atlante,MTY,ATL
espn-384013,2014-03-29,2013,regular,Cruz Azul,Atlas,1,3,,,espn,Cruz Azul,Atlas,CAZ,ATS
espn-384014,2014-03-29,2013,regular,Veracruz,Pachuca,3,1,,,espn,Veracruz,Pachuca,VER,PAC
espn-384008,2014-03-30,2013,regular,Guadalajara,América,0,4,,,espn,Guadalajara,América,GDL,AME
espn-384009,2014-03-30,2013,regular,Puebla,León,1,1,,,espn,Puebla,León,PUE,LEO
espn-384006,2014-04-04,2013,regular,Tijuana,Toluca,3,1,,,espn,Tijuana,Toluca,TIJ,TOL
espn-384007,2014-04-04,2013,regular,Club Atlético Morelia,Veracruz,1,1,,,espn,Club Atlético Morelia,Veracruz,MOR,VER
espn-384001,2014-04-05,2013,regular,Atlas,Puebla,0,0,,,espn,Atlas,Puebla,ATS,PUE
espn-384002,2014-04-05,2013,regular,León,Querétaro,1,1,,,espn,León,Querétaro,LEO,QRO
espn-384003,2014-04-05,2013,regular,Pachuca,Guadalajara,1,3,,,espn,Pachuca,Guadalajara,PAC,GDL
espn-384004,2014-04-05,2013,regular,Monterrey,Santos,2,2,,,espn,Monterrey,Santos,MTY,SAN
espn-384005,2014-04-05,2013,regular,América,Cruz Azul,1,2,,,espn,América,Cruz Azul,AME,CAZ
espn-383999,2014-04-06,2013,regular,Atlante,Tigres UANL,0,2,,,espn,Atlante,Tigres UANL,ATL,UANL
espn-384000,2014-04-06,2013,regular,Pumas UNAM,Chiapas,2,1,,,espn,Pumas UNAM,Chiapas,UNAM,CHP
espn-383998,2014-04-11,2013,regular,Querétaro,Atlas,1,0,,,espn,Querétaro,Atlas,QRO,ATS
espn-383993,2014-04-12,2013,regular,Chiapas,Monterrey,1,1,,,espn,Chiapas,Monterrey,CHP,MTY
espn-383994,2014-04-12,2013,regular,Tigres UANL,Tijuana,1,1,,,espn,Tigres UANL,Tijuana,UANL,TIJ
espn-383995,2014-04-12,2013,regular,Cruz Azul,Pachuca,2,2,,,espn,Cruz Azul,Pachuca,CAZ,PAC
espn-383996,2014-04-12,2013,regular,Veracruz,Pumas UNAM,1,1,,,espn,Veracruz,Pumas UNAM,VER,UNAM
espn-383990,2014-04-13,2013,regular,Guadalajara,Club Atlético Morelia,1,1,,,espn,Guadalajara,Club Atlético Morelia,GDL,MOR
espn-383991,2014-04-13,2013,regular,Puebla,América,0,1,,,espn,Puebla,América,PUE,AME
espn-383992,2014-04-13,2013,regular,Toluca,León,2,1,,,espn,Toluca,León,TOL,LEO
espn-383997,2014-04-13,2013,regular,Santos,Atlante,4,3,,,espn,Santos,Atlante,SAN,ATL
espn-383989,2014-04-18,2013,regular,Club Atlético Morelia,Cruz Azul,5,1,,,espn,Club Atlético Morelia,Cruz Azul,MOR,CAZ
espn-383983,2014-04-19,2013,regular,Atlas,Toluca,1,0,,,espn,Atlas,Toluca,ATS,TOL
espn-383984,2014-04-19,2013,regular,León,Tigres UANL,3,0,,,espn,León,Tigres UANL,LEO,UANL
espn-383985,2014-04-19,2013,regular,Pachuca,Puebla,1,2,,,espn,Pachuca,Puebla,PAC,PUE
espn-383986,2014-04-19,2013,regular,Monterrey,Veracruz,4,1,,,espn,Monterrey,Veracruz,MTY,VER
espn-383987,2014-04-19,2013,regular,América,Querétaro,0,0,,,espn,América,Querétaro,AME,QRO
espn-383988,2014-04-19,2013,regular,Santos,Chiapas,2,3,,,espn,Santos,Chiapas,SAN,CHP
espn-383981,2014-04-20,2013,regular,Pumas UNAM,Guadalajara,1,0,,,espn,Pumas UNAM,Guadalajara,UNAM,GDL
espn-383982,2014-04-20,2013,regular,Atlante,Tijuana,1,2,,,espn,Atlante,Tijuana,ATL,TIJ
espn-383979,2014-04-25,2013,regular,Tijuana,León,1,2,,,espn,Tijuana,León,TIJ,LEO
espn-383980,2014-04-25,2013,regular,Querétaro,Pachuca,3,4,,,espn,Querétaro,Pachuca,QRO,PAC
espn-383975,2014-04-26,2013,regular,Chiapas,Atlante,5,2,,,espn,Chiapas,Atlante,CHP,ATL
espn-383976,2014-04-26,2013,regular,Tigres UANL,Atlas,2,1,,,espn,Tigres UANL,Atlas,UANL,ATS
espn-383977,2014-04-26,2013,regular,Cruz Azul,Pumas UNAM,2,1,,,espn,Cruz Azul,Pumas UNAM,CAZ,UNAM
espn-383978,2014-04-26,2013,regular,Veracruz,Santos,2,2,,,espn,Veracruz,Santos,VER,SAN
espn-383972,2014-04-27,2013,regular,Guadalajara,Monterrey,0,1,,,espn,Guadalajara,Monterrey,GDL,MTY
espn-383973,2014-04-27,2013,regular,Toluca,América,1,1,,,espn,Toluca,América,TOL,AME
espn-383974,2014-04-27,2013,regular,Puebla,Club Atlético Morelia,3,1,,,espn,Puebla,Club Atlético Morelia,PUE,MOR
espn-392406,2014-04-30,2013,regular,León,Cruz Azul,1,1,,,espn,León,Cruz Azul,LEO,CAZ
espn-392407,2014-04-30,2013,regular,América,Santos,5,3,,,espn,América,Santos,AME,SAN
espn-392404,2014-05-01,2013,regular,Tijuana,Toluca,0,0,,,espn,Tijuana,Toluca,TIJ,TOL
espn-392405,2014-05-01,2013,regular,Pachuca,Pumas UNAM,1,1,,,espn,Pachuca,Pumas UNAM,PAC,UNAM
espn-392402,2014-05-03,2013,regular,Santos,América,3,1,,,espn,Santos,América,SAN,AME
espn-392403,2014-05-03,2013,regular,Cruz Azul,León,2,2,,,espn,Cruz Azul,León,CAZ,LEO
espn-392400,2014-05-04,2013,regular,Pumas UNAM,Pachuca,2,4,,,espn,Pumas UNAM,Pachuca,UNAM,PAC
espn-392401,2014-05-04,2013,regular,Toluca,Tijuana,3,1,,,espn,Toluca,Tijuana,TOL,TIJ
espn-392527,2014-05-07,2013,regular,Pachuca,Santos,2,0,,,espn,Pachuca,Santos,PAC,SAN
espn-392526,2014-05-08,2013,regular,León,Toluca,1,0,,,espn,León,Toluca,LEO,TOL
espn-392525,2014-05-10,2013,regular,Santos,Pachuca,4,2,,,espn,Santos,Pachuca,SAN,PAC
espn-392524,2014-05-11,2013,regular,Toluca,León,0,1,,,espn,Toluca,León,TOL,LEO
espn-392761,2014-05-15,2013,regular,León,Pachuca,2,3,,,espn,León,Pachuca,LEO,PAC
espn-392760,2014-05-18,2013,regular,Pachuca,León,0,2,,OT,espn,Pachuca,León,PAC,LEO
espn-397690,2014-07-18,2014,regular,Tijuana,Puebla,0,1,,,espn,Tijuana,Puebla,TIJ,PUE
espn-397691,2014-07-18,2014,regular,Querétaro,Pumas UNAM,1,3,,,espn,Querétaro,Pumas UNAM,QRO,UNAM
espn-397685,2014-07-19,2014,regular,Atlas,Tigres UANL,0,0,,,espn,Atlas,Tigres UANL,ATS,UANL
espn-397686,2014-07-19,2014,regular,León,América,1,2,,,espn,León,América,LEO,AME
espn-397687,2014-07-19,2014,regular,Monterrey,Leones Negros,3,1,,,espn,Monterrey,Leones Negros,MTY,UDG
espn-397688,2014-07-19,2014,regular,Cruz Azul,Pachuca,0,1,,,espn,Cruz Azul,Pachuca,CAZ,PAC
espn-397689,2014-07-19,2014,regular,Veracruz,Santos,0,1,,,espn,Veracruz,Santos,VER,SAN
espn-397683,2014-07-20,2014,regular,Guadalajara,Chiapas,1,1,,,espn,Guadalajara,Chiapas,GDL,CHP
espn-397684,2014-07-20,2014,regular,Toluca,Club Atlético Morelia,0,0,,,espn,Toluca,Club Atlético Morelia,TOL,MOR
espn-397681,2014-07-25,2014,regular,Santos,Cruz Azul,1,1,,,espn,Santos,Cruz Azul,SAN,CAZ
espn-397682,2014-07-25,2014,regular,Club Atlético Morelia,Atlas,0,2,,,espn,Club Atlético Morelia,Atlas,MOR,ATS
espn-397675,2014-07-26,2014,regular,Chiapas,Toluca,2,1,,,espn,Chiapas,Toluca,CHP,TOL
espn-397676,2014-07-26,2014,regular,Pachuca,Monterrey,0,1,,,espn,Pachuca,Monterrey,PAC,MTY
espn-397677,2014-07-26,2014,regular,Tigres UANL,León,4,2,,,espn,Tigres UANL,León,UANL,LEO
espn-397679,2014-07-26,2014,regular,América,Tijuana,2,1,,,espn,América,Tijuana,AME,TIJ
espn-397680,2014-07-26,2014,regular,Puebla,Veracruz,0,0,,,espn,Puebla,Veracruz,PUE,VER
espn-397674,2014-07-27,2014,regular,Pumas UNAM,Guadalajara,0,1,,,espn,Pumas UNAM,Guadalajara,UNAM,GDL
espn-397678,2014-07-27,2014,regular,Leones Negros,Querétaro,0,1,,,espn,Leones Negros,Querétaro,UDG,QRO
espn-397669,2014-08-01,2014,regular,Tijuana,Tigres UANL,1,1,,,espn,Tijuana,Tigres UANL,TIJ,UANL
espn-397672,2014-08-01,2014,regular,Querétaro,Pachuca,2,0,,,espn,Querétaro,Pachuca,QRO,PAC
espn-397665,2014-08-02,2014,regular,Puebla,América,0,4,,,espn,Puebla,América,PUE,AME
espn-397667,2014-08-02,2014,regular,Cruz Azul,Veracruz,0,0,,,espn,Cruz Azul,Veracruz,CAZ,VER
espn-397670,2014-08-02,2014,regular,Atlas,Chiapas,4,2,,,espn,Atlas,Chiapas,ATS,CHP
espn-397671,2014-08-02,2014,regular,León,Club Atlético Morelia,4,0,,,espn,León,Club Atlético Morelia,LEO,MOR
espn-397673,2014-08-02,2014,regular,Monterrey,Santos,0,0,,,espn,Monterrey,Santos,MTY,SAN
espn-397668,2014-08-03,2014,regular,Toluca,Pumas UNAM,2,1,,,espn,Toluca,Pumas UNAM,TOL,UNAM
espn-397661,2014-08-08,2014,regular,Veracruz,Monterrey,2,1,,,espn,Veracruz,Monterrey,VER,MTY
espn-397664,2014-08-08,2014,regular,Club Atlético Morelia,Tijuana,0,0,,,espn,Club Atlético Morelia,Tijuana,MOR,TIJ
espn-397657,2014-08-09,2014,regular,Chiapas,León,3,2,,,espn,Chiapas,León,CHP,LEO
espn-397658,2014-08-09,2014,regular,Pachuca,Guadalajara,3,0,,,espn,Pachuca,Guadalajara,PAC,GDL
espn-397659,2014-08-09,2014,regular,Tigres UANL,América,0,2,,,espn,Tigres UANL,América,UANL,AME
espn-397662,2014-08-09,2014,regular,Cruz Azul,Puebla,1,0,,,espn,Cruz Azul,Puebla,CAZ,PUE
espn-397663,2014-08-09,2014,regular,Santos,Querétaro,2,3,,,espn,Santos,Querétaro,SAN,QRO
espn-397656,2014-08-10,2014,regular,Pumas UNAM,Atlas,0,1,,,espn,Pumas UNAM,Atlas,UNAM,ATS
espn-397660,2014-08-10,2014,regular,Leones Negros,Toluca,0,0,,,espn,Leones Negros,Toluca,UDG,TOL
espn-397650,2014-08-14,2014,regular,León,Pumas UNAM,2,1,,,espn,León,Pumas UNAM,LEO,UNAM
espn-397654,2014-08-15,2014,regular,Tijuana,Chiapas,2,1,,,espn,Tijuana,Chiapas,TIJ,CHP
espn-397655,2014-08-15,2014,regular,Querétaro,Veracruz,0,0,,,espn,Querétaro,Veracruz,QRO,VER
espn-397649,2014-08-16,2014,regular,Atlas,Leones Negros,1,0,,,espn,Atlas,Leones Negros,ATS,UDG
espn-397651,2014-08-16,2014,regular,Monterrey,Cruz Azul,3,1,,,espn,Monterrey,Cruz Azul,MTY,CAZ
espn-397652,2014-08-16,2014,regular,América,Club Atlético Morelia,3,2,,,espn,América,Club Atlético Morelia,AME,MOR
espn-397653,2014-08-16,2014,regular,Puebla,Tigres UANL,1,1,,,espn,Puebla,Tigres UANL,PUE,UANL
espn-397647,2014-08-17,2014,regular,Guadalajara,Santos,0,1,,,espn,Guadalajara,Santos,GDL,SAN
espn-397648,2014-08-17,2014,regular,Toluca,Pachuca,3,0,,,espn,Toluca,Pachuca,TOL,PAC
espn-397645,2014-08-22,2014,regular,Santos,Toluca,3,0,,,espn,Santos,Toluca,SAN,TOL
espn-397646,2014-08-22,2014,regular,Club Atlético Morelia,Tigres UANL,1,5,,,espn,Club Atlético Morelia,Tigres UANL,MOR,UANL
espn-397639,2014-08-23,2014,regular,Chiapas,América,0,0,,,espn,Chiapas,América,CHP,AME
espn-397640,2014-08-23,2014,regular,Pachuca,Atlas,3,1,,,espn,Pachuca,Atlas,PAC,ATS
espn-397642,2014-08-23,2014,regular,Monterrey,Puebla,1,0,,,espn,Monterrey,Puebla,MTY,PUE
espn-397643,2014-08-23,2014,regular,Veracruz,Guadalajara,0,0,,,espn,Veracruz,Guadalajara,VER,GDL
espn-397644,2014-08-23,2014,regular,Cruz Azul,Querétaro,2,1,,,espn,Cruz Azul,Querétaro,CAZ,QRO
espn-397638,2014-08-24,2014,regular,Pumas UNAM,Tijuana,1,1,,,espn,Pumas UNAM,Tijuana,UNAM,TIJ
espn-397641,2014-08-24,2014,regular,Leones Negros,León,1,0,,,espn,Leones Negros,León,UDG,LEO
espn-397636,2014-08-29,2014,regular,Tijuana,Leones Negros,1,1,,,espn,Tijuana,Leones Negros,TIJ,UDG
espn-397637,2014-08-29,2014,regular,Querétaro,Monterrey,0,1,,,espn,Querétaro,Monterrey,QRO,MTY
espn-397631,2014-08-30,2014,regular,Atlas,Santos,1,1,,,espn,Atlas,Santos,ATS,SAN
espn-397632,2014-08-30,2014,regular,León,Pachuca,1,2,,,espn,León,Pachuca,LEO,PAC
espn-397633,2014-08-30,2014,regular,Tigres UANL,Chiapas,0,2,,,espn,Tigres UANL,Chiapas,UANL,CHP
espn-397634,2014-08-30,2014,regular,Puebla,Club Atlético Morelia,3,2,,,espn,Puebla,Club Atlético Morelia,PUE,MOR
espn-397635,2014-08-30,2014,regular,América,Pumas UNAM,0,1,,,espn,América,Pumas UNAM,AME,UNAM
espn-397629,2014-08-31,2014,regular,Guadalajara,Cruz Azul,0,0,,,espn,Guadalajara,Cruz Azul,GDL,CAZ
espn-397630,2014-08-31,2014,regular,Toluca,Veracruz,2,1,,,espn,Toluca,Veracruz,TOL,VER
espn-397666,2014-09-07,2014,regular,Guadalajara,Leones Negros,3,0,,,espn,Guadalajara,Leones Negros,GDL,UDG
espn-397625,2014-09-12,2014,regular,Veracruz,Atlas,1,1,,,espn,Veracruz,Atlas,VER,ATS
espn-397627,2014-09-12,2014,regular,Santos,León,2,0,,,espn,Santos,León,SAN,LEO
espn-397628,2014-09-12,2014,regular,Querétaro,Puebla,1,1,,,espn,Querétaro,Puebla,QRO,PUE
espn-397621,2014-09-13,2014,regular,Chiapas,Club Atlético Morelia,1,1,,,espn,Chiapas,Club Atlético Morelia,CHP,MOR
espn-397622,2014-09-13,2014,regular,Pachuca,Tijuana,1,1,,,espn,Pachuca,Tijuana,PAC,TIJ
espn-397623,2014-09-13,2014,regular,Leones Negros,América,0,0,,,espn,Leones Negros,América,UDG,AME
espn-397626,2014-09-13,2014,regular,Cruz Azul,Toluca,1,2,,,espn,Cruz Azul,Toluca,CAZ,TOL
espn-397620,2014-09-14,2014,regular,Pumas UNAM,Tigres UANL,2,2,,,espn,Pumas UNAM,Tigres UANL,UNAM,UANL
espn-397618,2014-09-19,2014,regular,Tijuana,Santos,4,1,,,espn,Tijuana,Santos,TIJ,SAN
espn-397619,2014-09-19,2014,regular,Club Atlético Morelia,Pumas UNAM,2,3,,,espn,Club Atlético Morelia,Pumas UNAM,MOR,UNAM
espn-397613,2014-09-20,2014,regular,Atlas,Cruz Azul,2,1,,,espn,Atlas,Cruz Azul,ATS,CAZ
espn-397614,2014-09-20,2014,regular,León,Veracruz,3,1,,,espn,León,Veracruz,LEO,VER
espn-397615,2014-09-20,2014,regular,Tigres UANL,Leones Negros,1,0,,,espn,Tigres UANL,Leones Negros,UANL,UDG
espn-397616,2014-09-20,2014,regular,Puebla,Chiapas,1,1,,,espn,Puebla,Chiapas,PUE,CHP
espn-397617,2014-09-20,2014,regular,América,Pachuca,2,1,,,espn,América,Pachuca,AME,PAC
espn-397611,2014-09-21,2014,regular,Guadalajara,Querétaro,1,4,,,espn,Guadalajara,Querétaro,GDL,QRO
espn-397612,2014-09-21,2014,regular,Toluca,Monterrey,1,0,,,espn,Toluca,Monterrey,TOL,MTY
espn-397608,2014-09-26,2014,regular,Veracruz,Tijuana,1,0,,,espn,Veracruz,Tijuana,VER,TIJ
espn-397609,2014-09-26,2014,regular,Santos,América,1,4,,,espn,Santos,América,SAN,AME
espn-397610,2014-09-26,2014,regular,Querétaro,Toluca,1,1,,,espn,Querétaro,Toluca,QRO,TOL
espn-397604,2014-09-27,2014,regular,Pachuca,Tigres UANL,2,3,,,espn,Pachuca,Tigres UANL,PAC,UANL
espn-397605,2014-09-27,2014,regular,Monterrey,Atlas,2,1,,,espn,Monterrey,Atlas,MTY,ATS
espn-397606,2014-09-27,2014,regular,Leones Negros,Club Atlético Morelia,1,2,,,espn,Leones Negros,Club Atlético Morelia,UDG,MOR
espn-397607,2014-09-27,2014,regular,Cruz Azul,León,1,0,,,espn,Cruz Azul,León,CAZ,LEO
espn-397602,2014-09-28,2014,regular,Guadalajara,Puebla,0,0,,,espn,Guadalajara,Puebla,GDL,PUE
espn-397603,2014-09-28,2014,regular,Pumas UNAM,Chiapas,2,2,,,espn,Pumas UNAM,Chiapas,UNAM,CHP
espn-397598,2014-09-30,2014,regular,León,Monterrey,1,3,,,espn,León,Monterrey,LEO,MTY
espn-397600,2014-09-30,2014,regular,Atlas,Querétaro,2,1,,,espn,Atlas,Querétaro,ATS,QRO
espn-397601,2014-09-30,2014,regular,Tigres UANL,Santos,1,1,,,espn,Tigres UANL,Santos,UANL,SAN
espn-397593,2014-10-01,2014,regular,Tijuana,Cruz Azul,0,0,,,espn,Tijuana,Cruz Azul,TIJ,CAZ
espn-397595,2014-10-01,2014,regular,Puebla,Pumas UNAM,1,2,,,espn,Puebla,Pumas UNAM,PUE,UNAM
espn-397596,2014-10-01,2014,regular,Chiapas,Leones Negros,1,1,,,espn,Chiapas,Leones Negros,CHP,UDG
espn-397597,2014-10-01,2014,regular,América,Veracruz,2,0,,,espn,América,Veracruz,AME,VER
espn-397599,2014-10-01,2014,regular,Club Atlético Morelia,Pachuca,0,1,,,espn,Club Atlético Morelia,Pachuca,MOR,PAC
espn-397594,2014-10-02,2014,regular,Toluca,Guadalajara,3,1,,,espn,Toluca,Guadalajara,TOL,GDL
espn-397592,2014-10-03,2014,regular,Querétaro,León,1,2,,,espn,Querétaro,León,QRO,LEO
espn-397586,2014-10-04,2014,regular,Pachuca,Chiapas,2,0,,,espn,Pachuca,Chiapas,PAC,CHP
espn-397587,2014-10-04,2014,regular,Leones Negros,Pumas UNAM,1,0,,,espn,Leones Negros,Pumas UNAM,UDG,UNAM
espn-397588,2014-10-04,2014,regular,Monterrey,Tijuana,1,1,,,espn,Monterrey,Tijuana,MTY,TIJ
espn-397589,2014-10-04,2014,regular,Cruz Azul,América,4,0,,,espn,Cruz Azul,América,CAZ,AME
espn-397590,2014-10-04,2014,regular,Veracruz,Tigres UANL,0,1,,,espn,Veracruz,Tigres UANL,VER,UANL
espn-397591,2014-10-04,2014,regular,Santos,Club Atlético Morelia,2,2,,,espn,Santos,Club Atlético Morelia,SAN,MOR
espn-397584,2014-10-05,2014,regular,Guadalajara,Atlas,0,1,,,espn,Guadalajara,Atlas,GDL,ATS
espn-397585,2014-10-05,2014,regular,Toluca,Puebla,1,1,,,espn,Toluca,Puebla,TOL,PUE
espn-397582,2014-10-17,2014,regular,Tijuana,Querétaro,2,1,,,espn,Tijuana,Querétaro,TIJ,QRO
espn-397583,2014-10-17,2014,regular,Club Atlético Morelia,Veracruz,0,1,,,espn,Club Atlético Morelia,Veracruz,MOR,VER
espn-397576,2014-10-18,2014,regular,Chiapas,Santos,2,0,,,espn,Chiapas,Santos,CHP,SAN
espn-397577,2014-10-18,2014,regular,Atlas,Toluca,0,2,,,espn,Atlas,Toluca,ATS,TOL
espn-397578,2014-10-18,2014,regular,León,Guadalajara,2,1,,,espn,León,Guadalajara,LEO,GDL
espn-397579,2014-10-18,2014,regular,Tigres UANL,Cruz Azul,1,0,,,espn,Tigres UANL,Cruz Azul,UANL,CAZ
espn-397580,2014-10-18,2014,regular,América,Monterrey,2,0,,,espn,América,Monterrey,AME,MTY
espn-397581,2014-10-18,2014,regular,Puebla,Leones Negros,1,1,,,espn,Puebla,Leones Negros,PUE,UDG
espn-397575,2014-10-19,2014,regular,Pumas UNAM,Pachuca,1,1,,,espn,Pumas UNAM,Pachuca,UNAM,PAC
espn-397573,2014-10-24,2014,regular,Santos,Pumas UNAM,1,1,,,espn,Santos,Pumas UNAM,SAN,UNAM
espn-397574,2014-10-24,2014,regular,Querétaro,América,3,2,,,espn,Querétaro,América,QRO,AME
espn-397568,2014-10-25,2014,regular,Atlas,Puebla,2,1,,,espn,Atlas,Puebla,ATS,PUE
espn-397569,2014-10-25,2014,regular,Pachuca,Leones Negros,0,0,,,espn,Pachuca,Leones Negros,PAC,UDG
espn-397570,2014-10-25,2014,regular,Monterrey,Tigres UANL,2,2,,,espn,Monterrey,Tigres UANL,MTY,UANL
espn-397571,2014-10-25,2014,regular,Veracruz,Chiapas,1,2,,,espn,Veracruz,Chiapas,VER,CHP
espn-397572,2014-10-25,2014,regular,Cruz Azul,Club Atlético Morelia,3,1,,,espn,Cruz Azul,Club Atlético Morelia,CAZ,MOR
espn-397566,2014-10-26,2014,regular,Guadalajara,Tijuana,3,3,,,espn,Guadalajara,Tijuana,GDL,TIJ
espn-397567,2014-10-26,2014,regular,Toluca,León,2,3,,,espn,Toluca,León,TOL,LEO
espn-397564,2014-10-31,2014,regular,Tijuana,Toluca,0,1,,,espn,Tijuana,Toluca,TIJ,TOL
espn-397565,2014-10-31,2014,regular,Club Atlético Morelia,Monterrey,2,1,,,espn,Club Atlético Morelia,Monterrey,MOR,MTY
espn-397558,2014-11-01,2014,regular,Chiapas,Cruz Azul,0,0,,,espn,Chiapas,Cruz Azul,CHP,CAZ
espn-397559,2014-11-01,2014,regular,León,Atlas,4,0,,,espn,León,Atlas,LEO,ATS
espn-397560,2014-11-01,2014,regular,Tigres UANL,Querétaro,1,0,,,espn,Tigres UANL,Querétaro,UANL,QRO
espn-397561,2014-11-01,2014,regular,Leones Negros,Santos,1,1,,,espn,Leones Negros,Santos,UDG,SAN
espn-397562,2014-11-01,2014,regular,América,Guadalajara,0,0,,,espn,América,Guadalajara,AME,GDL
espn-397563,2014-11-01,2014,regular,Puebla,Pachuca,1,1,,,espn,Puebla,Pachuca,PUE,PAC
espn-397557,2014-11-02,2014,regular,Pumas UNAM,Veracruz,0,0,,,espn,Pumas UNAM,Veracruz,UNAM,VER
espn-397555,2014-11-07,2014,regular,Santos,Pachuca,2,1,,,espn,Santos,Pachuca,SAN,PAC
espn-397556,2014-11-07,2014,regular,Querétaro,Club Atlético Morelia,2,0,,,espn,Querétaro,Club Atlético Morelia,QRO,MOR
espn-397550,2014-11-08,2014,regular,Atlas,Tijuana,1,1,,,espn,Atlas,Tijuana,ATS,TIJ
espn-397551,2014-11-08,2014,regular,León,Puebla,0,0,,,espn,León,Puebla,LEO,PUE
espn-397552,2014-11-08,2014,regular,Monterrey,Chiapas,1,2,,,espn,Monterrey,Chiapas,MTY,CHP
espn-397553,2014-11-08,2014,regular,Cruz Azul,Pumas UNAM,0,2,,,espn,Cruz Azul,Pumas UNAM,CAZ,UNAM
espn-397554,2014-11-08,2014,regular,Veracruz,Leones Negros,0,1,,,espn,Veracruz,Leones Negros,VER,UDG
espn-397548,2014-11-09,2014,regular,Guadalajara,Tigres UANL,0,0,,,espn,Guadalajara,Tigres UANL,GDL,UANL
espn-397549,2014-11-09,2014,regular,Toluca,América,2,2,,,espn,Toluca,América,TOL,AME
espn-397624,2014-11-15,2014,regular,Monterrey,Guadalajara,1,0,,,espn,Monterrey,Guadalajara,MTY,GDL
espn-397699,2014-11-21,2014,regular,Tijuana,León,3,2,,,espn,Tijuana,León,TIJ,LEO
espn-397700,2014-11-21,2014,regular,Club Atlético Morelia,Guadalajara,1,2,,,espn,Club Atlético Morelia,Guadalajara,MOR,GDL
espn-397692,2014-11-22,2014,regular,América,Atlas,1,2,,,espn,América,Atlas,AME,ATS
espn-397694,2014-11-22,2014,regular,Chiapas,Querétaro,2,1,,,espn,Chiapas,Querétaro,CHP,QRO
espn-397695,2014-11-22,2014,regular,Pachuca,Veracruz,1,0,,,espn,Pachuca,Veracruz,PAC,VER
espn-397696,2014-11-22,2014,regular,Leones Negros,Cruz Azul,1,1,,,espn,Leones Negros,Cruz Azul,UDG,CAZ
espn-397697,2014-11-22,2014,regular,Tigres UANL,Toluca,2,1,,,espn,Tigres UANL,Toluca,UANL,TOL
espn-397698,2014-11-22,2014,regular,Puebla,Santos,3,3,,,espn,Puebla,Santos,PUE,SAN
espn-397693,2014-11-23,2014,regular,Pumas UNAM,Monterrey,4,2,,,espn,Pumas UNAM,Monterrey,UNAM,MTY
espn-409828,2014-11-26,2014,regular,Pumas UNAM,América,1,0,,,espn,Pumas UNAM,América,UNAM,AME
espn-409829,2014-11-26,2014,regular,Pachuca,Tigres UANL,1,1,,,espn,Pachuca,Tigres UANL,PAC,UANL
espn-409826,2014-11-27,2014,regular,Chiapas,Toluca,1,1,,,espn,Chiapas,Toluca,CHP,TOL
espn-409827,2014-11-27,2014,regular,Monterrey,Atlas,0,1,,,espn,Monterrey,Atlas,MTY,ATS
espn-409824,2014-11-29,2014,regular,Tigres UANL,Pachuca,1,1,,,espn,Tigres UANL,Pachuca,UANL,PAC
espn-409825,2014-11-29,2014,regular,América,Pumas UNAM,1,0,,,espn,América,Pumas UNAM,AME,UNAM
espn-409822,2014-11-30,2014,regular,Atlas,Monterrey,0,2,,,espn,Atlas,Monterrey,ATS,MTY
espn-409823,2014-11-30,2014,regular,Toluca,Chiapas,1,1,,,espn,Toluca,Chiapas,TOL,CHP
espn-409943,2014-12-04,2014,regular,Monterrey,América,0,3,,,espn,Monterrey,América,MTY,AME
espn-409944,2014-12-04,2014,regular,Toluca,Tigres UANL,0,0,,,espn,Toluca,Tigres UANL,TOL,UANL
espn-409941,2014-12-07,2014,regular,Tigres UANL,Toluca,0,0,,,espn,Tigres UANL,Toluca,UANL,TOL
espn-409942,2014-12-07,2014,regular,América,Monterrey,0,0,,,espn,América,Monterrey,AME,MTY
espn-410239,2014-12-11,2014,regular,Tigres UANL,América,1,0,,,espn,Tigres UANL,América,UANL,AME
espn-410238,2014-12-14,2014,regular,América,Tigres UANL,3,0,,,espn,América,Tigres UANL,AME,UANL
espn-411035,2015-01-09,2014,regular,Santos,Veracruz,1,2,,,espn,Santos,Veracruz,SAN,VER
espn-411036,2015-01-09,2014,regular,Club Atlético Morelia,Toluca,0,0,,,espn,Club Atlético Morelia,Toluca,MOR,TOL
espn-411030,2015-01-10,2014,regular,Chiapas,Guadalajara,2,1,,,espn,Chiapas,Guadalajara,CHP,GDL
espn-411031,2015-01-10,2014,regular,Pachuca,Cruz Azul,0,1,,,espn,Pachuca,Cruz Azul,PAC,CAZ
espn-411032,2015-01-10,2014,regular,Tigres UANL,Atlas,0,1,,,espn,Tigres UANL,Atlas,UANL,ATS
espn-411033,2015-01-10,2014,regular,América,León,3,2,,,espn,América,León,AME,LEO
espn-411034,2015-01-10,2014,regular,Puebla,Tijuana,2,1,,,espn,Puebla,Tijuana,PUE,TIJ
espn-411028,2015-01-11,2014,regular,Leones Negros,Monterrey,1,0,,,espn,Leones Negros,Monterrey,UDG,MTY
espn-411029,2015-01-11,2014,regular,Pumas UNAM,Querétaro,1,1,,,espn,Pumas UNAM,Querétaro,UNAM,QRO
espn-411025,2015-01-16,2014,regular,Tijuana,América,1,0,,,espn,Tijuana,América,TIJ,AME
espn-411026,2015-01-16,2014,regular,Veracruz,Puebla,3,1,,,espn,Veracruz,Puebla,VER,PUE
espn-411027,2015-01-16,2014,regular,Querétaro,Leones Negros,1,0,,,espn,Querétaro,Leones Negros,QRO,UDG
espn-411021,2015-01-17,2014,regular,Atlas,Club Atlético Morelia,2,1,,,espn,Atlas,Club Atlético Morelia,ATS,MOR
espn-411022,2015-01-17,2014,regular,León,Tigres UANL,0,1,,,espn,León,Tigres UANL,LEO,UANL
espn-411023,2015-01-17,2014,regular,Monterrey,Pachuca,1,0,,,espn,Monterrey,Pachuca,MTY,PAC
espn-411024,2015-01-17,2014,regular,Cruz Azul,Santos,1,0,,,espn,Cruz Azul,Santos,CAZ,SAN
espn-411019,2015-01-18,2014,regular,Guadalajara,Pumas UNAM,2,1,,,espn,Guadalajara,Pumas UNAM,GDL,UNAM
espn-411020,2015-01-18,2014,regular,Toluca,Chiapas,3,0,,,espn,Toluca,Chiapas,TOL,CHP
espn-411016,2015-01-23,2014,regular,Santos,Monterrey,4,1,,,espn,Santos,Monterrey,SAN,MTY
espn-411017,2015-01-23,2014,regular,Veracruz,Cruz Azul,0,0,,,espn,Veracruz,Cruz Azul,VER,CAZ
espn-411018,2015-01-23,2014,regular,Club Atlético Morelia,León,0,0,,,espn,Club Atlético Morelia,León,MOR,LEO
espn-411012,2015-01-24,2014,regular,Chiapas,Atlas,3,1,,,espn,Chiapas,Atlas,CHP,ATS
espn-411013,2015-01-24,2014,regular,Pachuca,Querétaro,2,1,,,espn,Pachuca,Querétaro,PAC,QRO
espn-411014,2015-01-24,2014,regular,Tigres UANL,Tijuana,1,2,,,espn,Tigres UANL,Tijuana,UANL,TIJ
espn-411015,2015-01-24,2014,regular,América,Puebla,0,0,,,espn,América,Puebla,AME,PUE
espn-411010,2015-01-25,2014,regular,Leones Negros,Guadalajara,1,1,,,espn,Leones Negros,Guadalajara,UDG,GDL
espn-411011,2015-01-25,2014,regular,Pumas UNAM,Toluca,3,2,,,espn,Pumas UNAM,Toluca,UNAM,TOL
espn-411008,2015-01-30,2014,regular,Tijuana,Club Atlético Morelia,4,2,,,espn,Tijuana,Club Atlético Morelia,TIJ,MOR
espn-411009,2015-01-30,2014,regular,Querétaro,Santos,0,1,,,espn,Querétaro,Santos,QRO,SAN
espn-411001,2015-01-31,2014,regular,Guadalajara,Pachuca,1,0,,,espn,Guadalajara,Pachuca,GDL,PAC
espn-411003,2015-01-31,2014,regular,Atlas,Pumas UNAM,1,1,,,espn,Atlas,Pumas UNAM,ATS,UNAM
espn-411004,2015-01-31,2014,regular,León,Chiapas,1,1,,,espn,León,Chiapas,LEO,CHP
espn-411005,2015-01-31,2014,regular,Monterrey,Veracruz,1,1,,,espn,Monterrey,Veracruz,MTY,VER
espn-411006,2015-01-31,2014,regular,Puebla,Cruz Azul,0,0,,,espn,Puebla,Cruz Azul,PUE,CAZ
espn-411007,2015-01-31,2014,regular,América,Tigres UANL,1,0,,,espn,América,Tigres UANL,AME,UANL
espn-411002,2015-02-01,2014,regular,Toluca,Leones Negros,3,1,,,espn,Toluca,Leones Negros,TOL,UDG
espn-410998,2015-02-06,2014,regular,Santos,Guadalajara,1,0,,,espn,Santos,Guadalajara,SAN,GDL
espn-410999,2015-02-06,2014,regular,Veracruz,Querétaro,1,1,,,espn,Veracruz,Querétaro,VER,QRO
espn-411000,2015-02-06,2014,regular,Club Atlético Morelia,América,2,2,,,espn,Club Atlético Morelia,América,MOR,AME
espn-410994,2015-02-07,2014,regular,Chiapas,Tijuana,2,2,,,espn,Chiapas,Tijuana,CHP,TIJ
espn-410995,2015-02-07,2014,regular,Pachuca,Toluca,1,1,,,espn,Pachuca,Toluca,PAC,TOL
espn-410996,2015-02-07,2014,regular,Tigres UANL,Puebla,1,0,,,espn,Tigres UANL,Puebla,UANL,PUE
espn-410997,2015-02-07,2014,regular,Cruz Azul,Monterrey,1,0,,,espn,Cruz Azul,Monterrey,CAZ,MTY
espn-410992,2015-02-08,2014,regular,Leones Negros,Atlas,0,2,,,espn,Leones Negros,Atlas,UDG,ATS
espn-410993,2015-02-08,2014,regular,Pumas UNAM,León,1,3,,,espn,Pumas UNAM,León,UNAM,LEO
espn-410990,2015-02-13,2014,regular,Tijuana,Pumas UNAM,3,0,,,espn,Tijuana,Pumas UNAM,TIJ,UNAM
espn-410991,2015-02-13,2014,regular,Querétaro,Cruz Azul,1,2,,,espn,Querétaro,Cruz Azul,QRO,CAZ
espn-410985,2015-02-14,2014,regular,Atlas,Pachuca,1,3,,,espn,Atlas,Pachuca,ATS,PAC
espn-410986,2015-02-14,2014,regular,León,Leones Negros,2,1,,,espn,León,Leones Negros,LEO,UDG
espn-410987,2015-02-14,2014,regular,Tigres UANL,Club Atlético Morelia,1,0,,,espn,Tigres UANL,Club Atlético Morelia,UANL,MOR
espn-410988,2015-02-14,2014,regular,América,Chiapas,5,0,,,espn,América,Chiapas,AME,CHP
espn-410989,2015-02-14,2014,regular,Puebla,Monterrey,2,0,,,espn,Puebla,Monterrey,PUE,MTY
espn-410983,2015-02-15,2014,regular,Guadalajara,Veracruz,0,0,,,espn,Guadalajara,Veracruz,GDL,VER
espn-410984,2015-02-15,2014,regular,Toluca,Santos,2,2,,,espn,Toluca,Santos,TOL,SAN
espn-410980,2015-02-20,2014,regular,Santos,Atlas,0,1,,,espn,Santos,Atlas,SAN,ATS
espn-410981,2015-02-20,2014,regular,Veracruz,Toluca,3,0,,,espn,Veracruz,Toluca,VER,TOL
espn-410982,2015-02-20,2014,regular,Club Atlético Morelia,Puebla,1,2,,,espn,Club Atlético Morelia,Puebla,MOR,PUE
espn-410976,2015-02-21,2014,regular,Chiapas,Tigres UANL,1,0,,,espn,Chiapas,Tigres UANL,CHP,UANL
espn-410977,2015-02-21,2014,regular,Pachuca,León,2,1,,,espn,Pachuca,León,PAC,LEO
espn-410978,2015-02-21,2014,regular,Monterrey,Querétaro,2,1,,,espn,Monterrey,Querétaro,MTY,QRO
espn-410979,2015-02-21,2014,regular,Cruz Azul,Guadalajara,1,2,,,espn,Cruz Azul,Guadalajara,CAZ,GDL
espn-410974,2015-02-22,2014,regular,Leones Negros,Tijuana,0,1,,,espn,Leones Negros,Tijuana,UDG,TIJ
espn-410975,2015-02-22,2014,regular,Pumas UNAM,América,0,1,,,espn,Pumas UNAM,América,UNAM,AME
espn-410972,2015-02-27,2014,regular,Tijuana,Pachuca,3,2,,,espn,Tijuana,Pachuca,TIJ,PAC
espn-410973,2015-02-27,2014,regular,Club Atlético Morelia,Chiapas,3,2,,,espn,Club Atlético Morelia,Chiapas,MOR,CHP
espn-410967,2015-02-28,2014,regular,Atlas,Veracruz,0,3,,,espn,Atlas,Veracruz,ATS,VER
espn-410968,2015-02-28,2014,regular,León,Santos,2,1,,,espn,León,Santos,LEO,SAN
espn-410969,2015-02-28,2014,regular,Tigres UANL,Pumas UNAM,3,0,,,espn,Tigres UANL,Pumas UNAM,UANL,UNAM
espn-410970,2015-02-28,2014,regular,Puebla,Querétaro,4,1,,,espn,Puebla,Querétaro,PUE,QRO
espn-410971,2015-02-28,2014,regular,América,Leones Negros,0,1,,,espn,América,Leones Negros,AME,UDG
espn-410965,2015-03-01,2014,regular,Guadalajara,Monterrey,3,0,,,espn,Guadalajara,Monterrey,GDL,MTY
espn-410966,2015-03-01,2014,regular,Toluca,Cruz Azul,1,0,,,espn,Toluca,Cruz Azul,TOL,CAZ
espn-410963,2015-03-06,2014,regular,Veracruz,León,1,0,,,espn,Veracruz,León,VER,LEO
espn-410964,2015-03-06,2014,regular,Querétaro,Guadalajara,1,0,,,espn,Querétaro,Guadalajara,QRO,GDL
espn-410958,2015-03-07,2014,regular,Chiapas,Puebla,2,2,,,espn,Chiapas,Puebla,CHP,PUE
espn-410959,2015-03-07,2014,regular,Pachuca,América,0,0,,,espn,Pachuca,América,PAC,AME
espn-410960,2015-03-07,2014,regular,Monterrey,Toluca,3,2,,,espn,Monterrey,Toluca,MTY,TOL
espn-410961,2015-03-07,2014,regular,Cruz Azul,Atlas,1,1,,,espn,Cruz Azul,Atlas,CAZ,ATS
espn-410962,2015-03-07,2014,regular,Santos,Tijuana,1,1,,,espn,Santos,Tijuana,SAN,TIJ
espn-410956,2015-03-08,2014,regular,Leones Negros,Tigres UANL,2,1,,,espn,Leones Negros,Tigres UANL,UDG,UANL
espn-410957,2015-03-08,2014,regular,Pumas UNAM,Club Atlético Morelia,2,1,,,espn,Pumas UNAM,Club Atlético Morelia,UNAM,MOR
espn-410954,2015-03-13,2014,regular,Tijuana,Veracruz,3,1,,,espn,Tijuana,Veracruz,TIJ,VER
espn-410955,2015-03-13,2014,regular,Club Atlético Morelia,Leones Negros,0,1,,,espn,Club Atlético Morelia,Leones Negros,MOR,UDG
espn-410948,2015-03-14,2014,regular,Atlas,Monterrey,2,1,,,espn,Atlas,Monterrey,ATS,MTY
espn-410949,2015-03-14,2014,regular,Chiapas,Pumas UNAM,0,2,,,espn,Chiapas,Pumas UNAM,CHP,UNAM
espn-410950,2015-03-14,2014,regular,León,Cruz Azul,2,2,,,espn,León,Cruz Azul,LEO,CAZ
espn-410951,2015-03-14,2014,regular,Tigres UANL,Pachuca,2,1,,,espn,Tigres UANL,Pachuca,UANL,PAC
espn-410952,2015-03-14,2014,regular,Puebla,Guadalajara,1,2,,,espn,Puebla,Guadalajara,PUE,GDL
espn-410953,2015-03-14,2014,regular,América,Santos,1,0,,,espn,América,Santos,AME,SAN
espn-410947,2015-03-15,2014,regular,Toluca,Querétaro,1,0,,,espn,Toluca,Querétaro,TOL,QRO
espn-410944,2015-03-20,2014,regular,Santos,Tigres UANL,2,2,,,espn,Santos,Tigres UANL,SAN,UANL
espn-410945,2015-03-20,2014,regular,Veracruz,América,4,0,,,espn,Veracruz,América,VER,AME
espn-410946,2015-03-20,2014,regular,Querétaro,Atlas,2,0,,,espn,Querétaro,Atlas,QRO,ATS
espn-410940,2015-03-21,2014,regular,Pachuca,Club Atlético Morelia,2,0,,,espn,Pachuca,Club Atlético Morelia,PAC,MOR
espn-410941,2015-03-21,2014,regular,Leones Negros,Chiapas,0,1,,,espn,Leones Negros,Chiapas,UDG,CHP
espn-410942,2015-03-21,2014,regular,Monterrey,León,5,1,,,espn,Monterrey,León,MTY,LEO
espn-410943,2015-03-21,2014,regular,Cruz Azul,Tijuana,2,1,,,espn,Cruz Azul,Tijuana,CAZ,TIJ
espn-410938,2015-03-22,2014,regular,Guadalajara,Toluca,1,0,,,espn,Guadalajara,Toluca,GDL,TOL
espn-410939,2015-03-22,2014,regular,Pumas UNAM,Puebla,2,1,,,espn,Pumas UNAM,Puebla,UNAM,PUE
espn-410937,2015-04-03,2014,regular,Club Atlético Morelia,Santos,0,1,,,espn,Club Atlético Morelia,Santos,MOR,SAN
espn-410930,2015-04-04,2014,regular,Atlas,Guadalajara,1,1,,,espn,Atlas,Guadalajara,ATS,GDL
espn-410931,2015-04-04,2014,regular,Chiapas,Pachuca,2,2,,,espn,Chiapas,Pachuca,CHP,PAC
espn-410932,2015-04-04,2014,regular,León,Querétaro,4,5,,,espn,León,Querétaro,LEO,QRO
espn-410933,2015-04-04,2014,regular,Tigres UANL,Veracruz,3,1,,,espn,Tigres UANL,Veracruz,UANL,VER
espn-410934,2015-04-04,2014,regular,América,Cruz Azul,1,0,,,espn,América,Cruz Azul,AME,CAZ
espn-410935,2015-04-04,2014,regular,Puebla,Toluca,0,1,,,espn,Puebla,Toluca,PUE,TOL
espn-410936,2015-04-04,2014,regular,Tijuana,Monterrey,3,4,,,espn,Tijuana,Monterrey,TIJ,MTY
espn-410929,2015-04-05,2014,regular,Pumas UNAM,Leones Negros,2,0,,,espn,Pumas UNAM,Leones Negros,UNAM,UDG
espn-410926,2015-04-10,2014,regular,Santos,Chiapas,4,3,,,espn,Santos,Chiapas,SAN,CHP
espn-410927,2015-04-10,2014,regular,Veracruz,Club Atlético Morelia,1,1,,,espn,Veracruz,Club Atlético Morelia,VER,MOR
espn-410928,2015-04-10,2014,regular,Querétaro,Tijuana,2,1,,,espn,Querétaro,Tijuana,QRO,TIJ
espn-410922,2015-04-11,2014,regular,Pachuca,Pumas UNAM,3,1,,,espn,Pachuca,Pumas UNAM,PAC,UNAM
espn-410923,2015-04-11,2014,regular,Monterrey,América,1,1,,,espn,Monterrey,América,MTY,AME
espn-410924,2015-04-11,2014,regular,Leones Negros,Puebla,1,1,,,espn,Leones Negros,Puebla,UDG,PUE
espn-410925,2015-04-11,2014,regular,Cruz Azul,Tigres UANL,2,0,,,espn,Cruz Azul,Tigres UANL,CAZ,UANL
espn-410920,2015-04-12,2014,regular,Guadalajara,León,1,0,,,espn,Guadalajara,León,GDL,LEO
espn-410921,2015-04-12,2014,regular,Toluca,Atlas,0,0,,,espn,Toluca,Atlas,TOL,ATS
espn-410913,2015-04-17,2014,regular,Chiapas,Veracruz,1,1,,,espn,Chiapas,Veracruz,CHP,VER
espn-410918,2015-04-17,2014,regular,Tijuana,Guadalajara,1,1,,,espn,Tijuana,Guadalajara,TIJ,GDL
espn-410919,2015-04-17,2014,regular,Club Atlético Morelia,Cruz Azul,2,0,,,espn,Club Atlético Morelia,Cruz Azul,MOR,CAZ
espn-410914,2015-04-18,2014,regular,León,Toluca,1,1,,,espn,León,Toluca,LEO,TOL
espn-410915,2015-04-18,2014,regular,Tigres UANL,Monterrey,3,0,,,espn,Tigres UANL,Monterrey,UANL,MTY
espn-410916,2015-04-18,2014,regular,Puebla,Atlas,0,1,,,espn,Puebla,Atlas,PUE,ATS
espn-410917,2015-04-18,2014,regular,América,Querétaro,0,4,,,espn,América,Querétaro,AME,QRO
espn-410911,2015-04-19,2014,regular,Leones Negros,Pachuca,1,1,,,espn,Leones Negros,Pachuca,UDG,PAC
espn-410912,2015-04-19,2014,regular,Pumas UNAM,Santos,1,0,,,espn,Pumas UNAM,Santos,UNAM,SAN
espn-410908,2015-04-24,2014,regular,Santos,Leones Negros,1,0,,,espn,Santos,Leones Negros,SAN,UDG
espn-410909,2015-04-24,2014,regular,Veracruz,Pumas UNAM,3,3,,,espn,Veracruz,Pumas UNAM,VER,UNAM
espn-410910,2015-04-24,2014,regular,Querétaro,Tigres UANL,1,3,,,espn,Querétaro,Tigres UANL,QRO,UANL
espn-410904,2015-04-25,2014,regular,Atlas,León,3,2,,,espn,Atlas,León,ATS,LEO
espn-410905,2015-04-25,2014,regular,Pachuca,Puebla,2,1,,,espn,Pachuca,Puebla,PAC,PUE
espn-410906,2015-04-25,2014,regular,Monterrey,Club Atlético Morelia,1,0,,,espn,Monterrey,Club Atlético Morelia,MTY,MOR
espn-410907,2015-04-25,2014,regular,Cruz Azul,Chiapas,0,1,,,espn,Cruz Azul,Chiapas,CAZ,CHP
espn-410902,2015-04-26,2014,regular,Guadalajara,América,1,1,,,espn,Guadalajara,América,GDL,AME
espn-410903,2015-04-26,2014,regular,Toluca,Tijuana,2,0,,,espn,Toluca,Tijuana,TOL,TIJ
espn-410900,2015-05-01,2014,regular,Tijuana,Atlas,1,2,,,espn,Tijuana,Atlas,TIJ,ATS
espn-410901,2015-05-01,2014,regular,Club Atlético Morelia,Querétaro,1,2,,,espn,Club Atlético Morelia,Querétaro,MOR,QRO
espn-410895,2015-05-02,2014,regular,Chiapas,Monterrey,0,2,,,espn,Chiapas,Monterrey,CHP,MTY
espn-410896,2015-05-02,2014,regular,Pachuca,Santos,2,3,,,espn,Pachuca,Santos,PAC,SAN
espn-410897,2015-05-02,2014,regular,Tigres UANL,Guadalajara,2,1,,,espn,Tigres UANL,Guadalajara,UANL,GDL
espn-410898,2015-05-02,2014,regular,Puebla,León,2,0,,,espn,Puebla,León,PUE,LEO
espn-410899,2015-05-02,2014,regular,América,Toluca,3,1,,,espn,América,Toluca,AME,TOL
espn-410893,2015-05-03,2014,regular,Leones Negros,Veracruz,1,2,,,espn,Leones Negros,Veracruz,UDG,VER
espn-410894,2015-05-03,2014,regular,Pumas UNAM,Cruz Azul,0,1,,,espn,Pumas UNAM,Cruz Azul,UNAM,CAZ
espn-410889,2015-05-08,2014,regular,Veracruz,Pachuca,1,2,,,espn,Veracruz,Pachuca,VER,PAC
espn-410892,2015-05-08,2014,regular,Querétaro,Chiapas,1,0,,,espn,Querétaro,Chiapas,QRO,CHP
espn-410886,2015-05-09,2014,regular,Atlas,América,1,2,,,espn,Atlas,América,ATS,AME
espn-410887,2015-05-09,2014,regular,León,Tijuana,6,2,,,espn,León,Tijuana,LEO,TIJ
espn-410888,2015-05-09,2014,regular,Monterrey,Pumas UNAM,2,2,,,espn,Monterrey,Pumas UNAM,MTY,UNAM
espn-410890,2015-05-09,2014,regular,Cruz Azul,Leones Negros,0,2,,,espn,Cruz Azul,Leones Negros,CAZ,UDG
espn-410891,2015-05-09,2014,regular,Santos,Puebla,2,2,,,espn,Santos,Puebla,SAN,PUE
espn-411066,2015-05-10,2014,regular,Guadalajara,Club Atlético Morelia,2,3,,,espn,Guadalajara,Club Atlético Morelia,GDL,MOR
espn-411067,2015-05-10,2014,regular,Toluca,Tigres UANL,0,0,,,espn,Toluca,Tigres UANL,TOL,UANL
espn-420200,2015-05-13,2014,regular,Pachuca,América,3,2,,,espn,Pachuca,América,PAC,AME
espn-420201,2015-05-13,2014,regular,Santos,Tigres UANL,1,1,,,espn,Santos,Tigres UANL,SAN,UANL
espn-420198,2015-05-14,2014,regular,Guadalajara,Atlas,0,0,,,espn,Guadalajara,Atlas,GDL,ATS
espn-420199,2015-05-14,2014,regular,Querétaro,Veracruz,2,1,,,espn,Querétaro,Veracruz,QRO,VER
espn-420196,2015-05-16,2014,regular,Tigres UANL,Santos,0,1,,,espn,Tigres UANL,Santos,UANL,SAN
espn-420197,2015-05-16,2014,regular,América,Pachuca,3,4,,,espn,América,Pachuca,AME,PAC
espn-420194,2015-05-17,2014,regular,Veracruz,Querétaro,2,2,,,espn,Veracruz,Querétaro,VER,QRO
espn-420195,2015-05-17,2014,regular,Atlas,Guadalajara,1,4,,,espn,Atlas,Guadalajara,ATS,GDL
espn-420306,2015-05-21,2014,regular,Santos,Guadalajara,0,0,,,espn,Santos,Guadalajara,SAN,GDL
espn-420307,2015-05-21,2014,regular,Pachuca,Querétaro,2,0,,,espn,Pachuca,Querétaro,PAC,QRO
espn-420304,2015-05-24,2014,regular,Querétaro,Pachuca,2,0,,,espn,Querétaro,Pachuca,QRO,PAC
espn-420305,2015-05-24,2014,regular,Guadalajara,Santos,0,3,,,espn,Guadalajara,Santos,GDL,SAN
espn-420427,2015-05-28,2014,regular,Santos,Querétaro,5,0,,,espn,Santos,Querétaro,SAN,QRO
espn-420426,2015-05-31,2014,regular,Querétaro,Santos,3,0,,,espn,Querétaro,Santos,QRO,SAN
espn-421153,2015-07-24,2015,regular,Veracruz,Guadalajara,2,0,,,espn,Veracruz,Guadalajara,VER,GDL
espn-421147,2015-07-25,2015,regular,Dorados de Sinaloa,Chiapas,0,0,,,espn,Dorados de Sinaloa,Chiapas,DOR,CHP
espn-421148,2015-07-25,2015,regular,Atlas,Querétaro,0,2,,,espn,Atlas,Querétaro,ATS,QRO
espn-421149,2015-07-25,2015,regular,Pachuca,Tijuana,2,1,,,espn,Pachuca,Tijuana,PAC,TIJ
espn-421150,2015-07-25,2015,regular,Tigres UANL,Toluca,0,1,,,espn,Tigres UANL,Toluca,UANL,TOL
espn-421151,2015-07-25,2015,regular,Cruz Azul,Club Atlético Morelia,0,3,,,espn,Cruz Azul,Club Atlético Morelia,CAZ,MOR
espn-421152,2015-07-25,2015,regular,Santos,León,1,3,,,espn,Santos,León,SAN,LEO
espn-421145,2015-07-26,2015,regular,Puebla,América,4,2,,,espn,Puebla,América,PUE,AME
espn-421146,2015-07-26,2015,regular,Pumas UNAM,Monterrey,3,0,,,espn,Pumas UNAM,Monterrey,UNAM,MTY
espn-421143,2015-07-31,2015,regular,Tijuana,Dorados de Sinaloa,1,2,,,espn,Tijuana,Dorados de Sinaloa,TIJ,DOR
espn-421144,2015-07-31,2015,regular,Querétaro,Pachuca,1,2,,,espn,Querétaro,Pachuca,QRO,PAC
espn-421138,2015-08-01,2015,regular,Chiapas,Santos,2,1,,,espn,Chiapas,Santos,CHP,SAN
espn-421139,2015-08-01,2015,regular,Club Atlético Morelia,Tigres UANL,1,0,,,espn,Club Atlético Morelia,Tigres UANL,MOR,UANL
espn-421140,2015-08-01,2015,regular,León,Veracruz,4,1,,,espn,León,Veracruz,LEO,VER
espn-421142,2015-08-01,2015,regular,América,Atlas,1,3,,,espn,América,Atlas,AME,ATS
espn-421136,2015-08-02,2015,regular,Guadalajara,Cruz Azul,0,1,,,espn,Guadalajara,Cruz Azul,GDL,CAZ
espn-421137,2015-08-02,2015,regular,Toluca,Pumas UNAM,2,1,,,espn,Toluca,Pumas UNAM,TOL,UNAM
espn-421134,2015-08-07,2015,regular,Santos,Tijuana,0,1,,,espn,Santos,Tijuana,SAN,TIJ
espn-421135,2015-08-07,2015,regular,Veracruz,Chiapas,2,1,,,espn,Veracruz,Chiapas,VER,CHP
espn-421128,2015-08-08,2015,regular,Dorados de Sinaloa,Querétaro,1,1,,,espn,Dorados de Sinaloa,Querétaro,DOR,QRO
espn-421130,2015-08-08,2015,regular,Atlas,Monterrey,0,3,,,espn,Atlas,Monterrey,ATS,MTY
espn-421131,2015-08-08,2015,regular,Pachuca,América,0,3,,,espn,Pachuca,América,PAC,AME
espn-421133,2015-08-08,2015,regular,Cruz Azul,León,2,0,,,espn,Cruz Azul,León,CAZ,LEO
espn-421127,2015-08-09,2015,regular,Puebla,Pumas UNAM,3,2,,,espn,Puebla,Pumas UNAM,PUE,UNAM
espn-421129,2015-08-09,2015,regular,Toluca,Club Atlético Morelia,0,1,,,espn,Toluca,Club Atlético Morelia,TOL,MOR
espn-421132,2015-08-09,2015,regular,Tigres UANL,Guadalajara,2,2,,,espn,Tigres UANL,Guadalajara,UANL,GDL
espn-421123,2015-08-11,2015,regular,América,Dorados de Sinaloa,4,0,,,espn,América,Dorados de Sinaloa,AME,DOR
espn-421124,2015-08-11,2015,regular,Monterrey,Pachuca,4,3,,,espn,Monterrey,Pachuca,MTY,PAC
espn-421125,2015-08-11,2015,regular,Querétaro,Santos,1,2,,,espn,Querétaro,Santos,QRO,SAN
espn-421126,2015-08-11,2015,regular,Tijuana,Veracruz,1,3,,,espn,Tijuana,Veracruz,TIJ,VER
espn-421118,2015-08-12,2015,regular,Pumas UNAM,Atlas,5,0,,,espn,Pumas UNAM,Atlas,UNAM,ATS
espn-421119,2015-08-12,2015,regular,Chiapas,Cruz Azul,2,1,,,espn,Chiapas,Cruz Azul,CHP,CAZ
espn-421120,2015-08-12,2015,regular,Guadalajara,Club Atlético Morelia,2,0,,,espn,Guadalajara,Club Atlético Morelia,GDL,MOR
espn-421121,2015-08-12,2015,regular,León,Tigres UANL,2,1,,,espn,León,Tigres UANL,LEO,UANL
espn-421122,2015-08-12,2015,regular,Puebla,Toluca,1,0,,,espn,Puebla,Toluca,PUE,TOL
espn-421115,2015-08-14,2015,regular,Santos,América,0,2,,,espn,Santos,América,SAN,AME
espn-421116,2015-08-14,2015,regular,Veracruz,Querétaro,2,2,,,espn,Veracruz,Querétaro,VER,QRO
espn-421110,2015-08-15,2015,regular,Dorados de Sinaloa,Monterrey,1,4,,,espn,Dorados de Sinaloa,Monterrey,DOR,MTY
espn-421111,2015-08-15,2015,regular,Club Atlético Morelia,León,3,4,,,espn,Club Atlético Morelia,León,MOR,LEO
espn-421112,2015-08-15,2015,regular,Atlas,Puebla,2,1,,,espn,Atlas,Puebla,ATS,PUE
espn-421113,2015-08-15,2015,regular,Pachuca,Pumas UNAM,1,2,,,espn,Pachuca,Pumas UNAM,PAC,UNAM
espn-421114,2015-08-15,2015,regular,Cruz Azul,Tijuana,1,3,,,espn,Cruz Azul,Tijuana,CAZ,TIJ
espn-421117,2015-08-15,2015,regular,Tigres UANL,Chiapas,4,1,,,espn,Tigres UANL,Chiapas,UANL,CHP
espn-421109,2015-08-16,2015,regular,Toluca,Guadalajara,3,1,,,espn,Toluca,Guadalajara,TOL,GDL
espn-421107,2015-08-21,2015,regular,Tijuana,Tigres UANL,1,2,,,espn,Tijuana,Tigres UANL,TIJ,UANL
espn-421108,2015-08-21,2015,regular,Querétaro,Cruz Azul,4,2,,,espn,Querétaro,Cruz Azul,QRO,CAZ
espn-421102,2015-08-22,2015,regular,Chiapas,Club Atlético Morelia,3,1,,,espn,Chiapas,Club Atlético Morelia,CHP,MOR
espn-421103,2015-08-22,2015,regular,Atlas,Toluca,1,2,,,espn,Atlas,Toluca,ATS,TOL
espn-421104,2015-08-22,2015,regular,León,Guadalajara,1,0,,,espn,León,Guadalajara,LEO,GDL
espn-421105,2015-08-22,2015,regular,Monterrey,Santos,1,1,,,espn,Monterrey,Santos,MTY,SAN
espn-421106,2015-08-22,2015,regular,América,Veracruz,3,1,,,espn,América,Veracruz,AME,VER
espn-421100,2015-08-23,2015,regular,Puebla,Pachuca,3,2,,,espn,Puebla,Pachuca,PUE,PAC
espn-421101,2015-08-23,2015,regular,Pumas UNAM,Dorados de Sinaloa,2,0,,,espn,Pumas UNAM,Dorados de Sinaloa,UNAM,DOR
espn-421098,2015-08-28,2015,regular,Santos,Pumas UNAM,3,4,,,espn,Santos,Pumas UNAM,SAN,UNAM
espn-421099,2015-08-28,2015,regular,Veracruz,Monterrey,2,1,,,espn,Veracruz,Monterrey,VER,MTY
espn-421093,2015-08-29,2015,regular,Dorados de Sinaloa,Puebla,1,0,,,espn,Dorados de Sinaloa,Puebla,DOR,PUE
espn-421094,2015-08-29,2015,regular,Club Atlético Morelia,Tijuana,1,2,,,espn,Club Atlético Morelia,Tijuana,MOR,TIJ
espn-421095,2015-08-29,2015,regular,Pachuca,Atlas,1,1,,,espn,Pachuca,Atlas,PAC,ATS
espn-421096,2015-08-29,2015,regular,Tigres UANL,Querétaro,5,1,,,espn,Tigres UANL,Querétaro,UANL,QRO
espn-421097,2015-08-29,2015,regular,Cruz Azul,América,0,2,,,espn,Cruz Azul,América,CAZ,AME
espn-421091,2015-08-30,2015,regular,Guadalajara,Chiapas,4,1,,,espn,Guadalajara,Chiapas,GDL,CHP
espn-421092,2015-08-30,2015,regular,Toluca,León,1,3,,,espn,Toluca,León,TOL,LEO
espn-421089,2015-09-11,2015,regular,Tijuana,Guadalajara,2,1,,,espn,Tijuana,Guadalajara,TIJ,GDL
espn-421090,2015-09-11,2015,regular,Querétaro,Club Atlético Morelia,0,1,,,espn,Querétaro,Club Atlético Morelia,QRO,MOR
espn-421084,2015-09-12,2015,regular,Chiapas,León,6,2,,,espn,Chiapas,León,CHP,LEO
espn-421085,2015-09-12,2015,regular,Atlas,Dorados de Sinaloa,3,2,,,espn,Atlas,Dorados de Sinaloa,ATS,DOR
espn-421086,2015-09-12,2015,regular,Pachuca,Toluca,3,4,,,espn,Pachuca,Toluca,PAC,TOL
espn-421087,2015-09-12,2015,regular,Monterrey,Cruz Azul,1,1,,,espn,Monterrey,Cruz Azul,MTY,CAZ
espn-421088,2015-09-12,2015,regular,América,Tigres UANL,0,1,,,espn,América,Tigres UANL,AME,UANL
espn-421082,2015-09-13,2015,regular,Puebla,Santos,0,1,,,espn,Puebla,Santos,PUE,SAN
espn-421083,2015-09-13,2015,regular,Pumas UNAM,Veracruz,3,0,,,espn,Pumas UNAM,Veracruz,UNAM,VER
espn-421080,2015-09-18,2015,regular,Santos,Atlas,0,2,,,espn,Santos,Atlas,SAN,ATS
espn-421081,2015-09-18,2015,regular,Veracruz,Puebla,2,1,,,espn,Veracruz,Puebla,VER,PUE
espn-421074,2015-09-19,2015,regular,Dorados de Sinaloa,Pachuca,1,2,,,espn,Dorados de Sinaloa,Pachuca,DOR,PAC
espn-421075,2015-09-19,2015,regular,Club Atlético Morelia,América,0,3,,,espn,Club Atlético Morelia,América,MOR,AME
espn-421076,2015-09-19,2015,regular,León,Tijuana,2,1,,,espn,León,Tijuana,LEO,TIJ
espn-421077,2015-09-19,2015,regular,Tigres UANL,Monterrey,3,1,,,espn,Tigres UANL,Monterrey,UANL,MTY
espn-421078,2015-09-19,2015,regular,Cruz Azul,Pumas UNAM,2,1,,,espn,Cruz Azul,Pumas UNAM,CAZ,UNAM
espn-421073,2015-09-20,2015,regular,Toluca,Chiapas,1,1,,,espn,Toluca,Chiapas,TOL,CHP
espn-421079,2015-09-20,2015,regular,Guadalajara,Querétaro,2,1,,,espn,Guadalajara,Querétaro,GDL,QRO
espn-421071,2015-09-25,2015,regular,Tijuana,Chiapas,1,1,,,espn,Tijuana,Chiapas,TIJ,CHP
espn-421072,2015-09-25,2015,regular,Querétaro,León,3,0,,,espn,Querétaro,León,QRO,LEO
espn-421066,2015-09-26,2015,regular,Dorados de Sinaloa,Toluca,1,2,,,espn,Dorados de Sinaloa,Toluca,DOR,TOL
espn-421067,2015-09-26,2015,regular,Atlas,Veracruz,0,1,,,espn,Atlas,Veracruz,ATS,VER
espn-421068,2015-09-26,2015,regular,Pachuca,Santos,0,0,,,espn,Pachuca,Santos,PAC,SAN
espn-421069,2015-09-26,2015,regular,Monterrey,Club Atlético Morelia,2,2,,,espn,Monterrey,Club Atlético Morelia,MTY,MOR
espn-421070,2015-09-26,2015,regular,América,Guadalajara,1,2,,,espn,América,Guadalajara,AME,GDL
espn-421064,2015-09-27,2015,regular,Puebla,Cruz Azul,2,1,,,espn,Puebla,Cruz Azul,PUE,CAZ
espn-421065,2015-09-27,2015,regular,Pumas UNAM,Tigres UANL,1,0,,,espn,Pumas UNAM,Tigres UANL,UNAM,UANL
espn-421056,2015-09-29,2015,regular,Guadalajara,Monterrey,2,1,,,espn,Guadalajara,Monterrey,GDL,MTY
espn-421059,2015-09-29,2015,regular,León,América,3,0,,,espn,León,América,LEO,AME
espn-421060,2015-09-29,2015,regular,Santos,Dorados de Sinaloa,1,1,,,espn,Santos,Dorados de Sinaloa,SAN,DOR
espn-421061,2015-09-29,2015,regular,Veracruz,Pachuca,0,1,,,espn,Veracruz,Pachuca,VER,PAC
espn-421062,2015-09-29,2015,regular,Chiapas,Querétaro,0,0,,,espn,Chiapas,Querétaro,CHP,QRO
espn-421063,2015-09-29,2015,regular,Toluca,Tijuana,4,1,,,espn,Toluca,Tijuana,TOL,TIJ
espn-421055,2015-09-30,2015,regular,Cruz Azul,Atlas,1,1,,,espn,Cruz Azul,Atlas,CAZ,ATS
espn-421057,2015-09-30,2015,regular,Tigres UANL,Puebla,0,1,,,espn,Tigres UANL,Puebla,UANL,PUE
espn-421058,2015-09-30,2015,regular,Club Atlético Morelia,Pumas UNAM,2,2,,,espn,Club Atlético Morelia,Pumas UNAM,MOR,UNAM
espn-421054,2015-10-02,2015,regular,Querétaro,Tijuana,2,1,,,espn,Querétaro,Tijuana,QRO,TIJ
espn-421049,2015-10-03,2015,regular,Atlas,Tigres UANL,0,1,,,espn,Atlas,Tigres UANL,ATS,UANL
espn-421051,2015-10-03,2015,regular,Monterrey,León,4,0,,,espn,Monterrey,León,MTY,LEO
espn-421052,2015-10-03,2015,regular,América,Chiapas,2,1,,,espn,América,Chiapas,AME,CHP
espn-421053,2015-10-03,2015,regular,Santos,Toluca,0,0,,,espn,Santos,Toluca,SAN,TOL
espn-421046,2015-10-04,2015,regular,Puebla,Club Atlético Morelia,1,3,,,espn,Puebla,Club Atlético Morelia,PUE,MOR
espn-421047,2015-10-04,2015,regular,Pumas UNAM,Guadalajara,1,0,,,espn,Pumas UNAM,Guadalajara,UNAM,GDL
espn-421141,2015-10-09,2015,regular,Monterrey,Puebla,1,1,,,espn,Monterrey,Puebla,MTY,PUE
espn-421044,2015-10-16,2015,regular,Tijuana,América,0,2,,,espn,Tijuana,América,TIJ,AME
espn-421045,2015-10-16,2015,regular,Veracruz,Santos,0,3,,,espn,Veracruz,Santos,VER,SAN
espn-421039,2015-10-17,2015,regular,Chiapas,Monterrey,2,2,,,espn,Chiapas,Monterrey,CHP,MTY
espn-421040,2015-10-17,2015,regular,Club Atlético Morelia,Atlas,0,1,,,espn,Club Atlético Morelia,Atlas,MOR,ATS
espn-421041,2015-10-17,2015,regular,León,Pumas UNAM,1,3,,,espn,León,Pumas UNAM,LEO,UNAM
espn-421042,2015-10-17,2015,regular,Tigres UANL,Pachuca,2,1,,,espn,Tigres UANL,Pachuca,UANL,PAC
espn-421043,2015-10-17,2015,regular,Cruz Azul,Dorados de Sinaloa,1,1,,,espn,Cruz Azul,Dorados de Sinaloa,CAZ,DOR
espn-421037,2015-10-18,2015,regular,Guadalajara,Puebla,1,1,,,espn,Guadalajara,Puebla,GDL,PUE
espn-421038,2015-10-18,2015,regular,Toluca,Querétaro,4,2,,,espn,Toluca,Querétaro,TOL,QRO
espn-421035,2015-10-23,2015,regular,Santos,Cruz Azul,1,2,,,espn,Santos,Cruz Azul,SAN,CAZ
espn-421036,2015-10-23,2015,regular,Veracruz,Toluca,3,2,,,espn,Veracruz,Toluca,VER,TOL
espn-421030,2015-10-24,2015,regular,Dorados de Sinaloa,Tigres UANL,0,0,,,espn,Dorados de Sinaloa,Tigres UANL,DOR,UANL
espn-421032,2015-10-24,2015,regular,Pachuca,Club Atlético Morelia,2,0,,,espn,Pachuca,Club Atlético Morelia,PAC,MOR
espn-421033,2015-10-24,2015,regular,Monterrey,Tijuana,3,1,,,espn,Monterrey,Tijuana,MTY,TIJ
espn-421034,2015-10-24,2015,regular,América,Querétaro,0,1,,,espn,América,Querétaro,AME,QRO
espn-421028,2015-10-25,2015,regular,Puebla,León,1,0,,,espn,Puebla,León,PUE,LEO
espn-421029,2015-10-25,2015,regular,Pumas UNAM,Chiapas,2,3,,,espn,Pumas UNAM,Chiapas,UNAM,CHP
espn-421026,2015-10-30,2015,regular,Tijuana,Pumas UNAM,1,2,,,espn,Tijuana,Pumas UNAM,TIJ,UNAM
espn-421027,2015-10-30,2015,regular,Querétaro,Monterrey,3,1,,,espn,Querétaro,Monterrey,QRO,MTY
espn-421021,2015-10-31,2015,regular,Chiapas,Puebla,1,0,,,espn,Chiapas,Puebla,CHP,PUE
espn-421022,2015-10-31,2015,regular,Club Atlético Morelia,Dorados de Sinaloa,4,0,,,espn,Club Atlético Morelia,Dorados de Sinaloa,MOR,DOR
espn-421023,2015-10-31,2015,regular,León,Atlas,2,1,,,espn,León,Atlas,LEO,ATS
espn-421024,2015-10-31,2015,regular,Tigres UANL,Santos,2,2,,,espn,Tigres UANL,Santos,UANL,SAN
espn-421025,2015-10-31,2015,regular,Cruz Azul,Veracruz,1,1,,,espn,Cruz Azul,Veracruz,CAZ,VER
espn-421019,2015-11-01,2015,regular,Toluca,América,2,3,,,espn,Toluca,América,TOL,AME
espn-421020,2015-11-01,2015,regular,Guadalajara,Pachuca,4,4,,,espn,Guadalajara,Pachuca,GDL,PAC
espn-421017,2015-11-06,2015,regular,Santos,Club Atlético Morelia,2,3,,,espn,Santos,Club Atlético Morelia,SAN,MOR
espn-421018,2015-11-06,2015,regular,Veracruz,Tigres UANL,1,3,,,espn,Veracruz,Tigres UANL,VER,UANL
espn-421012,2015-11-07,2015,regular,Dorados de Sinaloa,Guadalajara,2,1,,,espn,Dorados de Sinaloa,Guadalajara,DOR,GDL
espn-421013,2015-11-07,2015,regular,Atlas,Chiapas,2,3,,,espn,Atlas,Chiapas,ATS,CHP
espn-421014,2015-11-07,2015,regular,Pachuca,León,3,2,,,espn,Pachuca,León,PAC,LEO
espn-421015,2015-11-07,2015,regular,Monterrey,América,2,1,,,espn,Monterrey,América,MTY,AME
espn-421016,2015-11-07,2015,regular,Cruz Azul,Toluca,1,2,,,espn,Cruz Azul,Toluca,CAZ,TOL
espn-421010,2015-11-08,2015,regular,Puebla,Tijuana,2,1,,,espn,Puebla,Tijuana,PUE,TIJ
espn-421011,2015-11-08,2015,regular,Pumas UNAM,Querétaro,2,1,,,espn,Pumas UNAM,Querétaro,UNAM,QRO
espn-421048,2015-11-10,2015,regular,Dorados de Sinaloa,Veracruz,0,0,,,espn,Dorados de Sinaloa,Veracruz,DOR,VER
espn-421031,2015-11-11,2015,regular,Atlas,Guadalajara,0,1,,,espn,Atlas,Guadalajara,ATS,GDL
espn-421050,2015-11-14,2015,regular,Pachuca,Cruz Azul,1,2,,,espn,Pachuca,Cruz Azul,PAC,CAZ
espn-421004,2015-11-20,2015,regular,Tijuana,Atlas,2,0,,,espn,Tijuana,Atlas,TIJ,ATS
espn-421008,2015-11-20,2015,regular,Querétaro,Puebla,0,0,,,espn,Querétaro,Puebla,QRO,PUE
espn-421001,2015-11-21,2015,regular,América,Pumas UNAM,1,1,,,espn,América,Pumas UNAM,AME,UNAM
espn-421005,2015-11-21,2015,regular,Chiapas,Pachuca,3,2,,,espn,Chiapas,Pachuca,CHP,PAC
espn-421006,2015-11-21,2015,regular,Club Atlético Morelia,Veracruz,1,2,,,espn,Club Atlético Morelia,Veracruz,MOR,VER
espn-421007,2015-11-21,2015,regular,León,Dorados de Sinaloa,3,0,,,espn,León,Dorados de Sinaloa,LEO,DOR
espn-421009,2015-11-21,2015,regular,Tigres UANL,Cruz Azul,0,0,,,espn,Tigres UANL,Cruz Azul,UANL,CAZ
espn-421002,2015-11-22,2015,regular,Guadalajara,Santos,0,3,,,espn,Guadalajara,Santos,GDL,SAN
espn-421003,2015-11-22,2015,regular,Toluca,Monterrey,3,1,,,espn,Toluca,Monterrey,TOL,MTY
espn-438106,2015-11-25,2015,regular,Tigres UANL,Chiapas,2,1,,,espn,Tigres UANL,Chiapas,UANL,CHP
espn-438107,2015-11-25,2015,regular,América,León,4,1,,,espn,América,León,AME,LEO
espn-438108,2015-11-26,2015,regular,Veracruz,Pumas UNAM,1,0,,,espn,Veracruz,Pumas UNAM,VER,UNAM
espn-438109,2015-11-26,2015,regular,Puebla,Toluca,2,2,,,espn,Puebla,Toluca,PUE,TOL
espn-438102,2015-11-28,2015,regular,León,América,2,1,,,espn,León,América,LEO,AME
espn-438104,2015-11-28,2015,regular,Chiapas,Tigres UANL,0,1,,,espn,Chiapas,Tigres UANL,CHP,UANL
espn-438103,2015-11-29,2015,regular,Toluca,Puebla,1,0,,,espn,Toluca,Puebla,TOL,PUE
espn-438105,2015-11-29,2015,regular,Pumas UNAM,Veracruz,1,0,,,espn,Pumas UNAM,Veracruz,UNAM,VER
espn-438357,2015-12-03,2015,regular,América,Pumas UNAM,0,3,,,espn,América,Pumas UNAM,AME,UNAM
espn-438358,2015-12-03,2015,regular,Tigres UANL,Toluca,0,0,,,espn,Tigres UANL,Toluca,UANL,TOL
espn-438355,2015-12-06,2015,regular,Pumas UNAM,América,1,3,,,espn,Pumas UNAM,América,UNAM,AME
espn-438356,2015-12-06,2015,regular,Toluca,Tigres UANL,0,2,,,espn,Toluca,Tigres UANL,TOL,UANL
espn-438635,2015-12-10,2015,regular,Tigres UANL,Pumas UNAM,3,0,,,espn,Tigres UANL,Pumas UNAM,UANL,UNAM
espn-438634,2015-12-13,2015,regular,Pumas UNAM,Tigres UANL,4,1,,pens,espn,Pumas UNAM,Tigres UANL,UNAM,UANL
espn-439421,2016-01-08,2015,regular,Tijuana,Pachuca,1,1,,,espn,Tijuana,Pachuca,TIJ,PAC
espn-439422,2016-01-08,2015,regular,Querétaro,Atlas,1,3,,,espn,Querétaro,Atlas,QRO,ATS
espn-439416,2016-01-09,2015,regular,Chiapas,Dorados de Sinaloa,1,0,,,espn,Chiapas,Dorados de Sinaloa,CHP,DOR
espn-439417,2016-01-09,2015,regular,Club Atlético Morelia,Cruz Azul,2,2,,,espn,Club Atlético Morelia,Cruz Azul,MOR,CAZ
espn-439418,2016-01-09,2015,regular,León,Santos,2,0,,,espn,León,Santos,LEO,SAN
espn-439419,2016-01-09,2015,regular,Monterrey,Pumas UNAM,1,0,,,espn,Monterrey,Pumas UNAM,MTY,UNAM
espn-439420,2016-01-09,2015,regular,América,Puebla,0,0,,,espn,América,Puebla,AME,PUE
espn-439414,2016-01-10,2015,regular,Guadalajara,Veracruz,2,2,,,espn,Guadalajara,Veracruz,GDL,VER
espn-439415,2016-01-10,2015,regular,Toluca,Tigres UANL,1,0,,,espn,Toluca,Tigres UANL,TOL,UANL
espn-439412,2016-01-15,2015,regular,Santos,Chiapas,1,0,,,espn,Santos,Chiapas,SAN,CHP
espn-439413,2016-01-15,2015,regular,Veracruz,León,1,3,,,espn,Veracruz,León,VER,LEO
espn-439407,2016-01-16,2015,regular,Dorados de Sinaloa,Tijuana,0,1,,,espn,Dorados de Sinaloa,Tijuana,DOR,TIJ
espn-439408,2016-01-16,2015,regular,Atlas,América,0,3,,,espn,Atlas,América,ATS,AME
espn-439409,2016-01-16,2015,regular,Pachuca,Querétaro,1,0,,,espn,Pachuca,Querétaro,PAC,QRO
espn-439410,2016-01-16,2015,regular,Tigres UANL,Club Atlético Morelia,2,0,,,espn,Tigres UANL,Club Atlético Morelia,UANL,MOR
espn-439411,2016-01-16,2015,regular,Cruz Azul,Guadalajara,1,1,,,espn,Cruz Azul,Guadalajara,CAZ,GDL
espn-439405,2016-01-17,2015,regular,Puebla,Monterrey,1,3,,,espn,Puebla,Monterrey,PUE,MTY
espn-439406,2016-01-17,2015,regular,Pumas UNAM,Toluca,3,2,,,espn,Pumas UNAM,Toluca,UNAM,TOL
espn-439403,2016-01-22,2015,regular,Tijuana,Santos,1,3,,,espn,Tijuana,Santos,TIJ,SAN
espn-439404,2016-01-22,2015,regular,Querétaro,Dorados de Sinaloa,3,0,,,espn,Querétaro,Dorados de Sinaloa,QRO,DOR
espn-439398,2016-01-23,2015,regular,Chiapas,Veracruz,1,1,,,espn,Chiapas,Veracruz,CHP,VER
espn-439399,2016-01-23,2015,regular,Club Atlético Morelia,Toluca,1,1,,,espn,Club Atlético Morelia,Toluca,MOR,TOL
espn-439400,2016-01-23,2015,regular,León,Cruz Azul,3,2,,,espn,León,Cruz Azul,LEO,CAZ
espn-439401,2016-01-23,2015,regular,Monterrey,Atlas,1,0,,,espn,Monterrey,Atlas,MTY,ATS
espn-439402,2016-01-23,2015,regular,América,Pachuca,1,4,,,espn,América,Pachuca,AME,PAC
espn-439396,2016-01-24,2015,regular,Guadalajara,Tigres UANL,2,2,,,espn,Guadalajara,Tigres UANL,GDL,UANL
espn-439397,2016-01-24,2015,regular,Pumas UNAM,Puebla,0,1,,,espn,Pumas UNAM,Puebla,UNAM,PUE
espn-439394,2016-01-29,2015,regular,Santos,Querétaro,2,0,,,espn,Santos,Querétaro,SAN,QRO
espn-439395,2016-01-29,2015,regular,Veracruz,Tijuana,2,2,,,espn,Veracruz,Tijuana,VER,TIJ
espn-439388,2016-01-30,2015,regular,Dorados de Sinaloa,América,0,3,,,espn,Dorados de Sinaloa,América,DOR,AME
espn-439389,2016-01-30,2015,regular,Club Atlético Morelia,Guadalajara,2,0,,,espn,Club Atlético Morelia,Guadalajara,MOR,GDL
espn-439390,2016-01-30,2015,regular,Atlas,Pumas UNAM,1,1,,,espn,Atlas,Pumas UNAM,ATS,UNAM
espn-439391,2016-01-30,2015,regular,Pachuca,Monterrey,3,1,,,espn,Pachuca,Monterrey,PAC,MTY
espn-439392,2016-01-30,2015,regular,Tigres UANL,León,3,1,,,espn,Tigres UANL,León,UANL,LEO
espn-439393,2016-01-30,2015,regular,Cruz Azul,Chiapas,2,1,,,espn,Cruz Azul,Chiapas,CAZ,CHP
espn-439387,2016-01-31,2015,regular,Toluca,Puebla,1,1,,,espn,Toluca,Puebla,TOL,PUE
espn-439381,2016-02-05,2015,regular,Chiapas,Tigres UANL,1,3,,,espn,Chiapas,Tigres UANL,CHP,UANL
espn-439385,2016-02-05,2015,regular,Tijuana,Cruz Azul,1,1,,,espn,Tijuana,Cruz Azul,TIJ,CAZ
espn-439386,2016-02-05,2015,regular,Querétaro,Veracruz,2,1,,,espn,Querétaro,Veracruz,QRO,VER
espn-439378,2016-02-06,2015,regular,Puebla,Atlas,4,1,,,espn,Puebla,Atlas,PUE,ATS
espn-439379,2016-02-06,2015,regular,Guadalajara,Toluca,1,1,,,espn,Guadalajara,Toluca,GDL,TOL
espn-439382,2016-02-06,2015,regular,León,Club Atlético Morelia,1,2,,,espn,León,Club Atlético Morelia,LEO,MOR
espn-439383,2016-02-06,2015,regular,Monterrey,Dorados de Sinaloa,3,0,,,espn,Monterrey,Dorados de Sinaloa,MTY,DOR
espn-439384,2016-02-06,2015,regular,América,Santos,2,0,,,espn,América,Santos,AME,SAN
espn-439380,2016-02-07,2015,regular,Pumas UNAM,Pachuca,1,1,,,espn,Pumas UNAM,Pachuca,UNAM,PAC
espn-439370,2016-02-12,2015,regular,Toluca,Atlas,1,1,,,espn,Toluca,Atlas,TOL,ATS
espn-439376,2016-02-12,2015,regular,Santos,Monterrey,1,2,,,espn,Santos,Monterrey,SAN,MTY
espn-439377,2016-02-12,2015,regular,Veracruz,América,1,1,,,espn,Veracruz,América,VER,AME
espn-439371,2016-02-13,2015,regular,Dorados de Sinaloa,Pumas UNAM,2,3,,,espn,Dorados de Sinaloa,Pumas UNAM,DOR,UNAM
espn-439374,2016-02-13,2015,regular,Tigres UANL,Tijuana,1,2,,,espn,Tigres UANL,Tijuana,UANL,TIJ
espn-439375,2016-02-13,2015,regular,Cruz Azul,Querétaro,2,1,,,espn,Cruz Azul,Querétaro,CAZ,QRO
espn-439369,2016-02-14,2015,regular,Guadalajara,León,0,1,,,espn,Guadalajara,León,GDL,LEO
espn-439373,2016-02-14,2015,regular,Pachuca,Puebla,5,2,,,espn,Pachuca,Puebla,PAC,PUE
espn-439367,2016-02-19,2015,regular,Tijuana,Club Atlético Morelia,1,1,,,espn,Tijuana,Club Atlético Morelia,TIJ,MOR
espn-439368,2016-02-19,2015,regular,Querétaro,Tigres UANL,2,2,,,espn,Querétaro,Tigres UANL,QRO,UANL
espn-439362,2016-02-20,2015,regular,Atlas,Pachuca,1,0,,,espn,Atlas,Pachuca,ATS,PAC
espn-439363,2016-02-20,2015,regular,León,Toluca,5,1,,,espn,León,Toluca,LEO,TOL
espn-439364,2016-02-20,2015,regular,Monterrey,Veracruz,5,1,,,espn,Monterrey,Veracruz,MTY,VER
espn-439365,2016-02-20,2015,regular,América,Cruz Azul,3,3,,,espn,América,Cruz Azul,AME,CAZ
espn-439366,2016-02-20,2015,regular,Chiapas,Guadalajara,1,1,,,espn,Chiapas,Guadalajara,CHP,GDL
espn-439360,2016-02-21,2015,regular,Puebla,Dorados de Sinaloa,3,2,,,espn,Puebla,Dorados de Sinaloa,PUE,DOR
espn-439361,2016-02-21,2015,regular,Pumas UNAM,Santos,1,1,,,espn,Pumas UNAM,Santos,UNAM,SAN
espn-439359,2016-02-26,2015,regular,Veracruz,Pumas UNAM,0,0,,,espn,Veracruz,Pumas UNAM,VER,UNAM
espn-439352,2016-02-27,2015,regular,Dorados de Sinaloa,Atlas,2,1,,,espn,Dorados de Sinaloa,Atlas,DOR,ATS
espn-439353,2016-02-27,2015,regular,Toluca,Pachuca,0,1,,,espn,Toluca,Pachuca,TOL,PAC
espn-439354,2016-02-27,2015,regular,Club Atlético Morelia,Querétaro,1,1,,,espn,Club Atlético Morelia,Querétaro,MOR,QRO
espn-439355,2016-02-27,2015,regular,León,Chiapas,1,3,,,espn,León,Chiapas,LEO,CHP
espn-439356,2016-02-27,2015,regular,Tigres UANL,América,4,1,,,espn,Tigres UANL,América,UANL,AME
espn-439357,2016-02-27,2015,regular,Santos,Puebla,1,1,,,espn,Santos,Puebla,SAN,PUE
espn-439358,2016-02-27,2015,regular,Cruz Azul,Monterrey,4,0,,,espn,Cruz Azul,Monterrey,CAZ,MTY
espn-439351,2016-02-28,2015,regular,Guadalajara,Tijuana,1,1,,,espn,Guadalajara,Tijuana,GDL,TIJ
espn-439349,2016-03-04,2015,regular,Tijuana,León,0,0,,,espn,Tijuana,León,TIJ,LEO
espn-439344,2016-03-05,2015,regular,Chiapas,Toluca,3,2,,,espn,Chiapas,Toluca,CHP,TOL
espn-439345,2016-03-05,2015,regular,Atlas,Santos,1,2,,,espn,Atlas,Santos,ATS,SAN
espn-439346,2016-03-05,2015,regular,Pachuca,Dorados de Sinaloa,2,2,,,espn,Pachuca,Dorados de Sinaloa,PAC,DOR
espn-439347,2016-03-05,2015,regular,Monterrey,Tigres UANL,1,0,,,espn,Monterrey,Tigres UANL,MTY,UANL
espn-439348,2016-03-05,2015,regular,América,Club Atlético Morelia,4,1,,,espn,América,Club Atlético Morelia,AME,MOR
espn-439350,2016-03-05,2015,regular,Querétaro,Guadalajara,0,2,,,espn,Querétaro,Guadalajara,QRO,GDL
espn-439342,2016-03-06,2015,regular,Puebla,Veracruz,1,1,,,espn,Puebla,Veracruz,PUE,VER
espn-439343,2016-03-06,2015,regular,Pumas UNAM,Cruz Azul,2,2,,,espn,Pumas UNAM,Cruz Azul,UNAM,CAZ
espn-439340,2016-03-11,2015,regular,Santos,Pachuca,3,2,,,espn,Santos,Pachuca,SAN,PAC
espn-439341,2016-03-11,2015,regular,Veracruz,Atlas,3,2,,,espn,Veracruz,Atlas,VER,ATS
espn-439335,2016-03-12,2015,regular,Chiapas,Tijuana,1,2,,,espn,Chiapas,Tijuana,CHP,TIJ
espn-439336,2016-03-12,2015,regular,Club Atlético Morelia,Monterrey,1,3,,,espn,Club Atlético Morelia,Monterrey,MOR,MTY
espn-439337,2016-03-12,2015,regular,León,Querétaro,2,0,,,espn,León,Querétaro,LEO,QRO
espn-439338,2016-03-12,2015,regular,Tigres UANL,Pumas UNAM,0,0,,,espn,Tigres UANL,Pumas UNAM,UANL,UNAM
espn-439339,2016-03-12,2015,regular,Cruz Azul,Puebla,1,1,,,espn,Cruz Azul,Puebla,CAZ,PUE
espn-439333,2016-03-13,2015,regular,Guadalajara,América,1,2,,,espn,Guadalajara,América,GDL,AME
espn-439334,2016-03-13,2015,regular,Toluca,Dorados de Sinaloa,3,0,,,espn,Toluca,Dorados de Sinaloa,TOL,DOR
espn-439331,2016-03-18,2015,regular,Tijuana,Toluca,0,0,,,espn,Tijuana,Toluca,TIJ,TOL
espn-439332,2016-03-18,2015,regular,Querétaro,Chiapas,1,1,,,espn,Querétaro,Chiapas,QRO,CHP
espn-439326,2016-03-19,2015,regular,Dorados de Sinaloa,Santos,3,1,,,espn,Dorados de Sinaloa,Santos,DOR,SAN
espn-439327,2016-03-19,2015,regular,Atlas,Cruz Azul,0,2,,,espn,Atlas,Cruz Azul,ATS,CAZ
espn-439328,2016-03-19,2015,regular,Pachuca,Veracruz,6,0,,,espn,Pachuca,Veracruz,PAC,VER
espn-439329,2016-03-19,2015,regular,Monterrey,Guadalajara,1,3,,,espn,Monterrey,Guadalajara,MTY,GDL
espn-439330,2016-03-19,2015,regular,América,León,2,1,,,espn,América,León,AME,LEO
espn-439324,2016-03-20,2015,regular,Puebla,Tigres UANL,0,0,,,espn,Puebla,Tigres UANL,PUE,UANL
espn-439325,2016-03-20,2015,regular,Pumas UNAM,Club Atlético Morelia,4,2,,,espn,Pumas UNAM,Club Atlético Morelia,UNAM,MOR
espn-439372,2016-03-26,2015,regular,Club Atlético Morelia,Chiapas,2,0,,,espn,Club Atlético Morelia,Chiapas,MOR,CHP
espn-439316,2016-04-01,2015,regular,Toluca,Santos,0,0,,,espn,Toluca,Santos,TOL,SAN
espn-439322,2016-04-01,2015,regular,Tijuana,Querétaro,2,4,,,espn,Tijuana,Querétaro,TIJ,QRO
espn-439323,2016-04-01,2015,regular,Veracruz,Dorados de Sinaloa,0,0,,,espn,Veracruz,Dorados de Sinaloa,VER,DOR
espn-439317,2016-04-02,2015,regular,Chiapas,América,0,2,,,espn,Chiapas,América,CHP,AME
espn-439318,2016-04-02,2015,regular,Club Atlético Morelia,Puebla,2,0,,,espn,Club Atlético Morelia,Puebla,MOR,PUE
espn-439319,2016-04-02,2015,regular,León,Monterrey,1,2,,,espn,León,Monterrey,LEO,MTY
espn-439320,2016-04-02,2015,regular,Tigres UANL,Atlas,2,2,,,espn,Tigres UANL,Atlas,UANL,ATS
espn-439321,2016-04-02,2015,regular,Cruz Azul,Pachuca,0,0,,,espn,Cruz Azul,Pachuca,CAZ,PAC
espn-439315,2016-04-03,2015,regular,Guadalajara,Pumas UNAM,4,0,,,espn,Guadalajara,Pumas UNAM,GDL,UNAM
espn-439313,2016-04-08,2015,regular,Santos,Veracruz,2,0,,,espn,Santos,Veracruz,SAN,VER
espn-439314,2016-04-08,2015,regular,Querétaro,Toluca,0,0,,,espn,Querétaro,Toluca,QRO,TOL
espn-439308,2016-04-09,2015,regular,Dorados de Sinaloa,Cruz Azul,3,0,,,espn,Dorados de Sinaloa,Cruz Azul,DOR,CAZ
espn-439309,2016-04-09,2015,regular,Atlas,Club Atlético Morelia,1,2,,,espn,Atlas,Club Atlético Morelia,ATS,MOR
espn-439310,2016-04-09,2015,regular,Pachuca,Tigres UANL,2,1,,,espn,Pachuca,Tigres UANL,PAC,UANL
espn-439311,2016-04-09,2015,regular,Monterrey,Chiapas,6,0,,,espn,Monterrey,Chiapas,MTY,CHP
espn-439312,2016-04-09,2015,regular,América,Tijuana,6,1,,,espn,América,Tijuana,AME,TIJ
espn-439306,2016-04-10,2015,regular,Puebla,Guadalajara,0,3,,,espn,Puebla,Guadalajara,PUE,GDL
espn-439307,2016-04-10,2015,regular,Pumas UNAM,León,1,2,,,espn,Pumas UNAM,León,UNAM,LEO
espn-439304,2016-04-15,2015,regular,Tijuana,Monterrey,1,2,,,espn,Tijuana,Monterrey,TIJ,MTY
espn-439305,2016-04-15,2015,regular,Querétaro,América,1,0,,,espn,Querétaro,América,QRO,AME
espn-439297,2016-04-16,2015,regular,Toluca,Veracruz,4,2,,,espn,Toluca,Veracruz,TOL,VER
espn-439298,2016-04-16,2015,regular,Chiapas,Pumas UNAM,1,2,,,espn,Chiapas,Pumas UNAM,CHP,UNAM
espn-439299,2016-04-16,2015,regular,Club Atlético Morelia,Pachuca,1,0,,,espn,Club Atlético Morelia,Pachuca,MOR,PAC
espn-439300,2016-04-16,2015,regular,León,Puebla,4,1,,,espn,León,Puebla,LEO,PUE
espn-439301,2016-04-16,2015,regular,Tigres UANL,Dorados de Sinaloa,5,2,,,espn,Tigres UANL,Dorados de Sinaloa,UANL,DOR
espn-439303,2016-04-16,2015,regular,Cruz Azul,Santos,0,1,,,espn,Cruz Azul,Santos,CAZ,SAN
espn-439302,2016-04-17,2015,regular,Guadalajara,Atlas,1,0,,,espn,Guadalajara,Atlas,GDL,ATS
espn-439288,2016-04-22,2015,regular,Pumas UNAM,Tijuana,3,1,,,espn,Pumas UNAM,Tijuana,UNAM,TIJ
espn-439295,2016-04-22,2015,regular,Veracruz,Cruz Azul,2,1,,,espn,Veracruz,Cruz Azul,VER,CAZ
espn-439289,2016-04-23,2015,regular,Dorados de Sinaloa,Club Atlético Morelia,1,0,,,espn,Dorados de Sinaloa,Club Atlético Morelia,DOR,MOR
espn-439290,2016-04-23,2015,regular,Atlas,León,1,1,,,espn,Atlas,León,ATS,LEO
espn-439291,2016-04-23,2015,regular,Pachuca,Guadalajara,1,1,,,espn,Pachuca,Guadalajara,PAC,GDL
espn-439292,2016-04-23,2015,regular,Monterrey,Querétaro,3,2,,,espn,Monterrey,Querétaro,MTY,QRO
espn-439293,2016-04-23,2015,regular,Santos,Tigres UANL,2,1,,,espn,Santos,Tigres UANL,SAN,UANL
espn-439296,2016-04-23,2015,regular,América,Toluca,0,1,,,espn,América,Toluca,AME,TOL
espn-439294,2016-04-24,2015,regular,Puebla,Chiapas,2,1,,,espn,Puebla,Chiapas,PUE,CHP
espn-439286,2016-04-29,2015,regular,Tijuana,Puebla,0,0,,,espn,Tijuana,Puebla,TIJ,PUE
espn-439287,2016-04-29,2015,regular,Querétaro,Pumas UNAM,2,1,,,espn,Querétaro,Pumas UNAM,QRO,UNAM
espn-439280,2016-04-30,2015,regular,Chiapas,Atlas,0,3,,,espn,Chiapas,Atlas,CHP,ATS
espn-439281,2016-04-30,2015,regular,Club Atlético Morelia,Santos,3,2,,,espn,Club Atlético Morelia,Santos,MOR,SAN
espn-439282,2016-04-30,2015,regular,León,Pachuca,0,0,,,espn,León,Pachuca,LEO,PAC
espn-439283,2016-04-30,2015,regular,Tigres UANL,Veracruz,0,0,,,espn,Tigres UANL,Veracruz,UANL,VER
espn-439285,2016-04-30,2015,regular,América,Monterrey,3,3,,,espn,América,Monterrey,AME,MTY
espn-439279,2016-05-01,2015,regular,Toluca,Cruz Azul,0,2,,,espn,Toluca,Cruz Azul,TOL,CAZ
espn-439284,2016-05-01,2015,regular,Guadalajara,Dorados de Sinaloa,2,1,,,espn,Guadalajara,Dorados de Sinaloa,GDL,DOR
espn-439276,2016-05-06,2015,regular,Santos,Guadalajara,0,1,,,espn,Santos,Guadalajara,SAN,GDL
espn-439277,2016-05-06,2015,regular,Veracruz,Club Atlético Morelia,1,2,,,espn,Veracruz,Club Atlético Morelia,VER,MOR
espn-439272,2016-05-07,2015,regular,Dorados de Sinaloa,León,0,1,,,espn,Dorados de Sinaloa,León,DOR,LEO
espn-439273,2016-05-07,2015,regular,Atlas,Tijuana,0,0,,,espn,Atlas,Tijuana,ATS,TIJ
espn-439274,2016-05-07,2015,regular,Pachuca,Chiapas,2,1,,,espn,Pachuca,Chiapas,PAC,CHP
espn-439275,2016-05-07,2015,regular,Monterrey,Toluca,1,2,,,espn,Monterrey,Toluca,MTY,TOL
espn-439278,2016-05-07,2015,regular,Cruz Azul,Tigres UANL,0,3,,,espn,Cruz Azul,Tigres UANL,CAZ,UANL
espn-439270,2016-05-08,2015,regular,Puebla,Querétaro,3,1,,,espn,Puebla,Querétaro,PUE,QRO
espn-439271,2016-05-08,2015,regular,Pumas UNAM,América,1,1,,,espn,Pumas UNAM,América,UNAM,AME
espn-448568,2016-05-11,2015,regular,Club Atlético Morelia,León,1,1,,,espn,Club Atlético Morelia,León,MOR,LEO
espn-448569,2016-05-11,2015,regular,Tigres UANL,Monterrey,1,3,,,espn,Tigres UANL,Monterrey,UANL,MTY
espn-448566,2016-05-12,2015,regular,Guadalajara,América,0,0,,,espn,Guadalajara,América,GDL,AME
espn-448567,2016-05-12,2015,regular,Santos,Pachuca,1,1,,,espn,Santos,Pachuca,SAN,PAC
espn-448564,2016-05-14,2015,regular,León,Club Atlético Morelia,4,1,,,espn,León,Club Atlético Morelia,LEO,MOR
espn-448565,2016-05-14,2015,regular,Monterrey,Tigres UANL,1,2,,,espn,Monterrey,Tigres UANL,MTY,UANL
espn-448591,2016-05-15,2015,regular,Pachuca,Santos,3,2,,,espn,Pachuca,Santos,PAC,SAN
espn-448592,2016-05-15,2015,regular,América,Guadalajara,2,1,,,espn,América,Guadalajara,AME,GDL
espn-448723,2016-05-18,2015,regular,América,Monterrey,1,0,,,espn,América,Monterrey,AME,MTY
espn-448722,2016-05-19,2015,regular,León,Pachuca,1,1,,,espn,León,Pachuca,LEO,PAC
espn-448721,2016-05-21,2015,regular,Monterrey,América,4,2,,,espn,Monterrey,América,MTY,AME
espn-448720,2016-05-22,2015,regular,Pachuca,León,2,1,,,espn,Pachuca,León,PAC,LEO
espn-448816,2016-05-26,2015,regular,Pachuca,Monterrey,1,0,,,espn,Pachuca,Monterrey,PAC,MTY
espn-448815,2016-05-29,2015,regular,Monterrey,Pachuca,1,1,,,espn,Monterrey,Pachuca,MTY,PAC
espn-452628,2016-07-15,2016,regular,Tijuana,Club Atlético Morelia,2,0,,,espn,Tijuana,Club Atlético Morelia,TIJ,MOR
espn-452622,2016-07-16,2016,regular,América,Chiapas,2,0,,,espn,América,Chiapas,AME,CHP
espn-452623,2016-07-16,2016,regular,Necaxa,Cruz Azul,0,0,,,espn,Necaxa,Cruz Azul,NCX,CAZ
espn-452624,2016-07-16,2016,regular,Pachuca,León,5,1,,,espn,Pachuca,León,PAC,LEO
espn-452625,2016-07-16,2016,regular,Monterrey,Puebla,1,1,,,espn,Monterrey,Puebla,MTY,PUE
espn-452626,2016-07-16,2016,regular,Atlas,Toluca,1,1,,,espn,Atlas,Toluca,ATS,TOL
espn-452627,2016-07-16,2016,regular,Querétaro,Veracruz,2,0,,,espn,Querétaro,Veracruz,QRO,VER
espn-452620,2016-07-17,2016,regular,Santos,Tigres UANL,0,0,,,espn,Santos,Tigres UANL,SAN,UANL
espn-452621,2016-07-17,2016,regular,Pumas UNAM,Guadalajara,1,0,,,espn,Pumas UNAM,Guadalajara,UNAM,GDL
espn-452619,2016-07-22,2016,regular,Veracruz,Santos,2,0,,,espn,Veracruz,Santos,VER,SAN
espn-452612,2016-07-23,2016,regular,Guadalajara,Monterrey,1,0,,,espn,Guadalajara,Monterrey,GDL,MTY
espn-452613,2016-07-23,2016,regular,América,Toluca,3,1,,,espn,América,Toluca,AME,TOL
espn-452614,2016-07-23,2016,regular,León,Necaxa,0,0,,,espn,León,Necaxa,LEO,NCX
espn-452615,2016-07-23,2016,regular,Tigres UANL,Atlas,0,0,,,espn,Tigres UANL,Atlas,UANL,ATS
espn-452616,2016-07-23,2016,regular,Club Atlético Morelia,Querétaro,2,2,,,espn,Club Atlético Morelia,Querétaro,MOR,QRO
espn-452617,2016-07-23,2016,regular,Chiapas,Pachuca,0,2,,,espn,Chiapas,Pachuca,CHP,PAC
espn-452618,2016-07-23,2016,regular,Cruz Azul,Pumas UNAM,0,0,,,espn,Cruz Azul,Pumas UNAM,CAZ,UNAM
espn-452611,2016-07-24,2016,regular,Puebla,Tijuana,3,2,,,espn,Puebla,Tijuana,PUE,TIJ
espn-452610,2016-07-29,2016,regular,Tijuana,Guadalajara,4,0,,,espn,Tijuana,Guadalajara,TIJ,GDL
espn-452605,2016-07-30,2016,regular,América,Tigres UANL,0,3,,,espn,América,Tigres UANL,AME,UANL
espn-452606,2016-07-30,2016,regular,Pachuca,Necaxa,1,0,,,espn,Pachuca,Necaxa,PAC,NCX
espn-452607,2016-07-30,2016,regular,Monterrey,Cruz Azul,1,1,,,espn,Monterrey,Cruz Azul,MTY,CAZ
espn-452608,2016-07-30,2016,regular,Atlas,Veracruz,1,0,,,espn,Atlas,Veracruz,ATS,VER
espn-452609,2016-07-30,2016,regular,Querétaro,Puebla,2,1,,,espn,Querétaro,Puebla,QRO,PUE
espn-452602,2016-07-31,2016,regular,Santos,Club Atlético Morelia,2,4,,,espn,Santos,Club Atlético Morelia,SAN,MOR
espn-452603,2016-07-31,2016,regular,Chiapas,Toluca,1,0,,,espn,Chiapas,Toluca,CHP,TOL
espn-452604,2016-07-31,2016,regular,Pumas UNAM,León,1,0,,,espn,Pumas UNAM,León,UNAM,LEO
espn-452595,2016-08-06,2016,regular,Necaxa,Pumas UNAM,2,2,,,espn,Necaxa,Pumas UNAM,NCX,UNAM
espn-452596,2016-08-06,2016,regular,Guadalajara,Querétaro,0,0,,,espn,Guadalajara,Querétaro,GDL,QRO
espn-452597,2016-08-06,2016,regular,León,Monterrey,0,3,,,espn,León,Monterrey,LEO,MTY
espn-452598,2016-08-06,2016,regular,Club Atlético Morelia,Atlas,3,2,,,espn,Club Atlético Morelia,Atlas,MOR,ATS
espn-452599,2016-08-06,2016,regular,Tigres UANL,Chiapas,1,0,,,espn,Tigres UANL,Chiapas,UANL,CHP
espn-452600,2016-08-06,2016,regular,Cruz Azul,Tijuana,1,2,,,espn,Cruz Azul,Tijuana,CAZ,TIJ
espn-452601,2016-08-06,2016,regular,Veracruz,América,2,4,,,espn,Veracruz,América,VER,AME
espn-452593,2016-08-07,2016,regular,Puebla,Santos,0,0,,,espn,Puebla,Santos,PUE,SAN
espn-452594,2016-08-07,2016,regular,Toluca,Pachuca,2,0,,,espn,Toluca,Pachuca,TOL,PAC
espn-452592,2016-08-12,2016,regular,Tijuana,León,2,0,,,espn,Tijuana,León,TIJ,LEO
espn-452587,2016-08-13,2016,regular,América,Club Atlético Morelia,1,1,,,espn,América,Club Atlético Morelia,AME,MOR
espn-452588,2016-08-13,2016,regular,Pachuca,Pumas UNAM,3,0,,,espn,Pachuca,Pumas UNAM,PAC,UNAM
espn-452589,2016-08-13,2016,regular,Monterrey,Necaxa,2,1,,,espn,Monterrey,Necaxa,MTY,NCX
espn-452590,2016-08-13,2016,regular,Atlas,Puebla,3,2,,,espn,Atlas,Puebla,ATS,PUE
espn-452591,2016-08-13,2016,regular,Querétaro,Cruz Azul,0,0,,,espn,Querétaro,Cruz Azul,QRO,CAZ
espn-452584,2016-08-14,2016,regular,Santos,Guadalajara,0,1,,,espn,Santos,Guadalajara,SAN,GDL
espn-452585,2016-08-14,2016,regular,Chiapas,Veracruz,1,1,,,espn,Chiapas,Veracruz,CHP,VER
espn-452586,2016-08-14,2016,regular,Toluca,Tigres UANL,0,0,,,espn,Toluca,Tigres UANL,TOL,UANL
espn-452583,2016-08-19,2016,regular,Veracruz,Toluca,2,2,,,espn,Veracruz,Toluca,VER,TOL
espn-452577,2016-08-20,2016,regular,Guadalajara,Atlas,2,2,,,espn,Guadalajara,Atlas,GDL,ATS
espn-452578,2016-08-20,2016,regular,Necaxa,Tijuana,1,1,,,espn,Necaxa,Tijuana,NCX,TIJ
espn-452579,2016-08-20,2016,regular,León,Querétaro,2,1,,,espn,León,Querétaro,LEO,QRO
espn-452580,2016-08-20,2016,regular,Club Atlético Morelia,Chiapas,3,2,,,espn,Club Atlético Morelia,Chiapas,MOR,CHP
espn-452581,2016-08-20,2016,regular,Tigres UANL,Pachuca,4,2,,,espn,Tigres UANL,Pachuca,UANL,PAC
espn-452582,2016-08-20,2016,regular,Cruz Azul,Santos,3,1,,,espn,Cruz Azul,Santos,CAZ,SAN
espn-452575,2016-08-21,2016,regular,Puebla,América,2,2,,,espn,Puebla,América,PUE,AME
espn-452576,2016-08-21,2016,regular,Pumas UNAM,Monterrey,5,3,,,espn,Pumas UNAM,Monterrey,UNAM,MTY
espn-452574,2016-08-26,2016,regular,Tijuana,Pumas UNAM,1,0,,,espn,Tijuana,Pumas UNAM,TIJ,UNAM
espn-452569,2016-08-27,2016,regular,América,Guadalajara,0,3,,,espn,América,Guadalajara,AME,GDL
espn-452570,2016-08-27,2016,regular,Pachuca,Monterrey,1,1,,,espn,Pachuca,Monterrey,PAC,MTY
espn-452571,2016-08-27,2016,regular,Atlas,Cruz Azul,1,1,,,espn,Atlas,Cruz Azul,ATS,CAZ
espn-452572,2016-08-27,2016,regular,Tigres UANL,Veracruz,1,1,,,espn,Tigres UANL,Veracruz,UANL,VER
espn-452573,2016-08-27,2016,regular,Querétaro,Necaxa,1,2,,,espn,Querétaro,Necaxa,QRO,NCX
espn-452566,2016-08-28,2016,regular,Santos,León,1,0,,,espn,Santos,León,SAN,LEO
espn-452567,2016-08-28,2016,regular,Chiapas,Puebla,0,3,,,espn,Chiapas,Puebla,CHP,PUE
espn-452568,2016-08-28,2016,regular,Toluca,Club Atlético Morelia,2,2,,,espn,Toluca,Club Atlético Morelia,TOL,MOR
espn-452565,2016-09-09,2016,regular,Veracruz,Pachuca,1,0,,,espn,Veracruz,Pachuca,VER,PAC
espn-452559,2016-09-10,2016,regular,Guadalajara,Chiapas,2,0,,,espn,Guadalajara,Chiapas,GDL,CHP
espn-452560,2016-09-10,2016,regular,Necaxa,Santos,2,1,,,espn,Necaxa,Santos,NCX,SAN
espn-452561,2016-09-10,2016,regular,León,Atlas,4,1,,,espn,León,Atlas,LEO,ATS
espn-452562,2016-09-10,2016,regular,Club Atlético Morelia,Tigres UANL,0,2,,,espn,Club Atlético Morelia,Tigres UANL,MOR,UANL
espn-452563,2016-09-10,2016,regular,Monterrey,Tijuana,0,0,,,espn,Monterrey,Tijuana,MTY,TIJ
espn-452564,2016-09-10,2016,regular,Cruz Azul,América,3,4,,,espn,Cruz Azul,América,CAZ,AME
espn-452557,2016-09-11,2016,regular,Puebla,Toluca,0,2,,,espn,Puebla,Toluca,PUE,TOL
espn-452558,2016-09-11,2016,regular,Pumas UNAM,Querétaro,4,1,,,espn,Pumas UNAM,Querétaro,UNAM,QRO
espn-452556,2016-09-16,2016,regular,Veracruz,Club Atlético Morelia,1,3,,,espn,Veracruz,Club Atlético Morelia,VER,MOR
espn-452549,2016-09-17,2016,regular,Chiapas,Cruz Azul,0,3,,,espn,Chiapas,Cruz Azul,CHP,CAZ
espn-452550,2016-09-17,2016,regular,Toluca,Guadalajara,2,1,,,espn,Toluca,Guadalajara,TOL,GDL
espn-452551,2016-09-17,2016,regular,América,León,0,2,,,espn,América,León,AME,LEO
espn-452552,2016-09-17,2016,regular,Pachuca,Tijuana,2,2,,,espn,Pachuca,Tijuana,PAC,TIJ
espn-452553,2016-09-17,2016,regular,Atlas,Necaxa,0,0,,,espn,Atlas,Necaxa,ATS,NCX
espn-452554,2016-09-17,2016,regular,Tigres UANL,Puebla,2,1,,,espn,Tigres UANL,Puebla,UANL,PUE
espn-452555,2016-09-17,2016,regular,Querétaro,Monterrey,1,0,,,espn,Querétaro,Monterrey,QRO,MTY
espn-452548,2016-09-18,2016,regular,Santos,Pumas UNAM,3,1,,,espn,Santos,Pumas UNAM,SAN,UNAM
espn-452543,2016-09-20,2016,regular,Necaxa,América,1,1,,,espn,Necaxa,América,NCX,AME
espn-452544,2016-09-20,2016,regular,Club Atlético Morelia,Pachuca,1,5,,,espn,Club Atlético Morelia,Pachuca,MOR,PAC
espn-452545,2016-09-20,2016,regular,Guadalajara,Tigres UANL,0,1,,,espn,Guadalajara,Tigres UANL,GDL,UANL
espn-452546,2016-09-20,2016,regular,Cruz Azul,Toluca,0,1,,,espn,Cruz Azul,Toluca,CAZ,TOL
espn-452547,2016-09-20,2016,regular,Puebla,Veracruz,3,2,,,espn,Puebla,Veracruz,PUE,VER
espn-452539,2016-09-21,2016,regular,Pumas UNAM,Atlas,2,0,,,espn,Pumas UNAM,Atlas,UNAM,ATS
espn-452540,2016-09-21,2016,regular,León,Chiapas,0,0,,,espn,León,Chiapas,LEO,CHP
espn-452541,2016-09-21,2016,regular,Tijuana,Querétaro,2,1,,,espn,Tijuana,Querétaro,TIJ,QRO
espn-452542,2016-09-21,2016,regular,Monterrey,Santos,5,2,,,espn,Monterrey,Santos,MTY,SAN
espn-452538,2016-09-23,2016,regular,Veracruz,Guadalajara,0,1,,,espn,Veracruz,Guadalajara,VER,GDL
espn-452532,2016-09-24,2016,regular,América,Pumas UNAM,2,1,,,espn,América,Pumas UNAM,AME,UNAM
espn-452533,2016-09-24,2016,regular,Pachuca,Querétaro,2,0,,,espn,Pachuca,Querétaro,PAC,QRO
espn-452534,2016-09-24,2016,regular,Tigres UANL,Cruz Azul,0,0,,,espn,Tigres UANL,Cruz Azul,UANL,CAZ
espn-452535,2016-09-24,2016,regular,Atlas,Monterrey,3,1,,,espn,Atlas,Monterrey,ATS,MTY
espn-452536,2016-09-24,2016,regular,Club Atlético Morelia,Puebla,2,3,,,espn,Club Atlético Morelia,Puebla,MOR,PUE
espn-452537,2016-09-24,2016,regular,Chiapas,Necaxa,2,2,,,espn,Chiapas,Necaxa,CHP,NCX
espn-452530,2016-09-25,2016,regular,Santos,Tijuana,1,2,,,espn,Santos,Tijuana,SAN,TIJ
espn-452531,2016-09-25,2016,regular,Toluca,León,1,1,,,espn,Toluca,León,TOL,LEO
espn-452529,2016-09-30,2016,regular,Tijuana,Atlas,1,0,,,espn,Tijuana,Atlas,TIJ,ATS
espn-452523,2016-10-01,2016,regular,Guadalajara,Club Atlético Morelia,2,1,,,espn,Guadalajara,Club Atlético Morelia,GDL,MOR
espn-452524,2016-10-01,2016,regular,Necaxa,Toluca,3,1,,,espn,Necaxa,Toluca,NCX,TOL
espn-452525,2016-10-01,2016,regular,León,Tigres UANL,3,2,,,espn,León,Tigres UANL,LEO,UANL
espn-452526,2016-10-01,2016,regular,Monterrey,América,1,1,,,espn,Monterrey,América,MTY,AME
espn-452527,2016-10-01,2016,regular,Querétaro,Santos,1,1,,,espn,Querétaro,Santos,QRO,SAN
espn-452528,2016-10-01,2016,regular,Cruz Azul,Veracruz,5,3,,,espn,Cruz Azul,Veracruz,CAZ,VER
espn-452521,2016-10-02,2016,regular,Puebla,Pachuca,1,1,,,espn,Puebla,Pachuca,PUE,PAC
espn-452522,2016-10-02,2016,regular,Pumas UNAM,Chiapas,1,0,,,espn,Pumas UNAM,Chiapas,UNAM,CHP
espn-452520,2016-10-14,2016,regular,Veracruz,León,2,3,,,espn,Veracruz,León,VER,LEO
espn-452514,2016-10-15,2016,regular,América,Tijuana,1,0,,,espn,América,Tijuana,AME,TIJ
espn-452515,2016-10-15,2016,regular,Pachuca,Santos,3,0,,,espn,Pachuca,Santos,PAC,SAN
espn-452516,2016-10-15,2016,regular,Club Atlético Morelia,Cruz Azul,1,1,,,espn,Club Atlético Morelia,Cruz Azul,MOR,CAZ
espn-452517,2016-10-15,2016,regular,Tigres UANL,Necaxa,0,2,,,espn,Tigres UANL,Necaxa,UANL,NCX
espn-452518,2016-10-15,2016,regular,Atlas,Querétaro,2,1,,,espn,Atlas,Querétaro,ATS,QRO
espn-452519,2016-10-15,2016,regular,Chiapas,Monterrey,1,4,,,espn,Chiapas,Monterrey,CHP,MTY
espn-452512,2016-10-16,2016,regular,Puebla,Guadalajara,0,2,,,espn,Puebla,Guadalajara,PUE,GDL
espn-452513,2016-10-16,2016,regular,Toluca,Pumas UNAM,2,1,,,espn,Toluca,Pumas UNAM,TOL,UNAM
espn-452511,2016-10-21,2016,regular,Tijuana,Chiapas,2,0,,,espn,Tijuana,Chiapas,TIJ,CHP
espn-452506,2016-10-22,2016,regular,Necaxa,Veracruz,3,2,,,espn,Necaxa,Veracruz,NCX,VER
espn-452507,2016-10-22,2016,regular,León,Club Atlético Morelia,3,1,,,espn,León,Club Atlético Morelia,LEO,MOR
espn-452508,2016-10-22,2016,regular,Monterrey,Toluca,1,1,,,espn,Monterrey,Toluca,MTY,TOL
espn-452509,2016-10-22,2016,regular,Querétaro,América,1,1,,,espn,Querétaro,América,QRO,AME
espn-452510,2016-10-22,2016,regular,Cruz Azul,Puebla,1,2,,,espn,Cruz Azul,Puebla,CAZ,PUE
espn-452503,2016-10-23,2016,regular,Santos,Atlas,2,2,,,espn,Santos,Atlas,SAN,ATS
espn-452504,2016-10-23,2016,regular,Pumas UNAM,Tigres UANL,1,3,,,espn,Pumas UNAM,Tigres UANL,UNAM,UANL
espn-452505,2016-10-23,2016,regular,Guadalajara,Pachuca,1,2,,,espn,Guadalajara,Pachuca,GDL,PAC
espn-452502,2016-10-28,2016,regular,Veracruz,Pumas UNAM,1,4,,,espn,Veracruz,Pumas UNAM,VER,UNAM
espn-452496,2016-10-29,2016,regular,Guadalajara,Cruz Azul,3,2,,,espn,Guadalajara,Cruz Azul,GDL,CAZ
espn-452497,2016-10-29,2016,regular,América,Santos,3,1,,,espn,América,Santos,AME,SAN
espn-452498,2016-10-29,2016,regular,Pachuca,Atlas,3,2,,,espn,Pachuca,Atlas,PAC,ATS
espn-452499,2016-10-29,2016,regular,Tigres UANL,Monterrey,1,1,,,espn,Tigres UANL,Monterrey,UANL,MTY
espn-452500,2016-10-29,2016,regular,Club Atlético Morelia,Necaxa,2,1,,,espn,Club Atlético Morelia,Necaxa,MOR,NCX
espn-452501,2016-10-29,2016,regular,Chiapas,Querétaro,1,2,,,espn,Chiapas,Querétaro,CHP,QRO
espn-452494,2016-10-30,2016,regular,Puebla,León,2,2,,,espn,Puebla,León,PUE,LEO
espn-452495,2016-10-30,2016,regular,Toluca,Tijuana,0,1,,,espn,Toluca,Tijuana,TOL,TIJ
espn-452493,2016-11-04,2016,regular,Tijuana,Tigres UANL,0,1,,,espn,Tijuana,Tigres UANL,TIJ,UANL
espn-452487,2016-11-05,2016,regular,Necaxa,Puebla,3,1,,,espn,Necaxa,Puebla,NCX,PUE
espn-452488,2016-11-05,2016,regular,León,Guadalajara,1,1,,,espn,León,Guadalajara,LEO,GDL
espn-452489,2016-11-05,2016,regular,Atlas,América,1,1,,,espn,Atlas,América,ATS,AME
espn-452490,2016-11-05,2016,regular,Monterrey,Veracruz,4,0,,,espn,Monterrey,Veracruz,MTY,VER
espn-452491,2016-11-05,2016,regular,Cruz Azul,Pachuca,2,1,,,espn,Cruz Azul,Pachuca,CAZ,PAC
espn-452492,2016-11-05,2016,regular,Querétaro,Toluca,2,3,,,espn,Querétaro,Toluca,QRO,TOL
espn-452485,2016-11-06,2016,regular,Santos,Chiapas,2,0,,,espn,Santos,Chiapas,SAN,CHP
espn-452486,2016-11-06,2016,regular,Pumas UNAM,Club Atlético Morelia,1,1,,,espn,Pumas UNAM,Club Atlético Morelia,UNAM,MOR
espn-452484,2016-11-18,2016,regular,Veracruz,Tijuana,2,1,,,espn,Veracruz,Tijuana,VER,TIJ
espn-452478,2016-11-19,2016,regular,Guadalajara,Necaxa,1,1,,,espn,Guadalajara,Necaxa,GDL,NCX
espn-452479,2016-11-19,2016,regular,Pachuca,América,3,3,,,espn,Pachuca,América,PAC,AME
espn-452480,2016-11-19,2016,regular,Club Atlético Morelia,Monterrey,1,2,,,espn,Club Atlético Morelia,Monterrey,MOR,MTY
espn-452481,2016-11-19,2016,regular,Tigres UANL,Querétaro,1,2,,,espn,Tigres UANL,Querétaro,UANL,QRO
espn-452482,2016-11-19,2016,regular,Chiapas,Atlas,1,0,,,espn,Chiapas,Atlas,CHP,ATS
espn-452483,2016-11-19,2016,regular,Cruz Azul,León,2,3,,,espn,Cruz Azul,León,CAZ,LEO
espn-452476,2016-11-20,2016,regular,Puebla,Pumas UNAM,0,3,,,espn,Puebla,Pumas UNAM,PUE,UNAM
espn-452477,2016-11-20,2016,regular,Toluca,Santos,1,2,,,espn,Toluca,Santos,TOL,SAN
espn-468585,2016-11-23,2016,regular,Pumas UNAM,Tigres UANL,2,2,,,espn,Pumas UNAM,Tigres UANL,UNAM,UANL
espn-468586,2016-11-23,2016,regular,León,Tijuana,3,0,,,espn,León,Tijuana,LEO,TIJ
espn-468583,2016-11-24,2016,regular,América,Guadalajara,1,1,,,espn,América,Guadalajara,AME,GDL
espn-468584,2016-11-24,2016,regular,Necaxa,Pachuca,2,1,,,espn,Necaxa,Pachuca,NCX,PAC
espn-468580,2016-11-26,2016,regular,Tijuana,León,3,2,,,espn,Tijuana,León,TIJ,LEO
espn-468582,2016-11-26,2016,regular,Tigres UANL,Pumas UNAM,5,0,,,espn,Tigres UANL,Pumas UNAM,UANL,UNAM
espn-468579,2016-11-27,2016,regular,Guadalajara,América,0,1,,,espn,Guadalajara,América,GDL,AME
espn-468581,2016-11-27,2016,regular,Pachuca,Necaxa,0,0,,,espn,Pachuca,Necaxa,PAC,NCX
espn-468665,2016-11-30,2016,regular,León,Tigres UANL,0,1,,,espn,León,Tigres UANL,LEO,UANL
espn-468664,2016-12-01,2016,regular,Necaxa,América,1,1,,,espn,Necaxa,América,NCX,AME
espn-468662,2016-12-03,2016,regular,Tigres UANL,León,2,1,,,espn,Tigres UANL,León,UANL,LEO
espn-468663,2016-12-04,2016,regular,América,Necaxa,2,0,,,espn,América,Necaxa,AME,NCX
espn-468820,2016-12-22,2016,regular,América,Tigres UANL,1,1,,,espn,América,Tigres UANL,AME,UANL
espn-468819,2016-12-25,2016,regular,Tigres UANL,América,2,1,,pens,espn,Tigres UANL,América,UANL,AME
espn-469913,2017-01-06,2016,regular,Veracruz,Querétaro,1,0,,,espn,Veracruz,Querétaro,VER,QRO
espn-469907,2017-01-07,2016,regular,Guadalajara,Pumas UNAM,2,1,,,espn,Guadalajara,Pumas UNAM,GDL,UNAM
espn-469908,2017-01-07,2016,regular,León,Pachuca,2,4,,,espn,León,Pachuca,LEO,PAC
espn-469909,2017-01-07,2016,regular,Tigres UANL,Santos,0,0,,,espn,Tigres UANL,Santos,UANL,SAN
espn-469910,2017-01-07,2016,regular,Club Atlético Morelia,Tijuana,2,0,,,espn,Club Atlético Morelia,Tijuana,MOR,TIJ
espn-469911,2017-01-07,2016,regular,Cruz Azul,Necaxa,1,0,,,espn,Cruz Azul,Necaxa,CAZ,NCX
espn-469906,2017-01-08,2016,regular,Puebla,Monterrey,2,3,,,espn,Puebla,Monterrey,PUE,MTY
espn-469912,2017-01-08,2016,regular,Toluca,Atlas,4,1,,,espn,Toluca,Atlas,TOL,ATS
espn-469904,2017-01-13,2016,regular,Tijuana,Puebla,6,2,,,espn,Tijuana,Puebla,TIJ,PUE
espn-469899,2017-01-14,2016,regular,Necaxa,León,0,1,,,espn,Necaxa,León,NCX,LEO
espn-469900,2017-01-14,2016,regular,Pachuca,Chiapas,1,0,,,espn,Pachuca,Chiapas,PAC,CHP
espn-469901,2017-01-14,2016,regular,Monterrey,Guadalajara,2,2,,,espn,Monterrey,Guadalajara,MTY,GDL
espn-469902,2017-01-14,2016,regular,Atlas,Tigres UANL,2,0,,,espn,Atlas,Tigres UANL,ATS,UANL
espn-469903,2017-01-14,2016,regular,Querétaro,Club Atlético Morelia,0,0,,,espn,Querétaro,Club Atlético Morelia,QRO,MOR
espn-469896,2017-01-15,2016,regular,Santos,Veracruz,2,1,,,espn,Santos,Veracruz,SAN,VER
espn-469897,2017-01-15,2016,regular,Toluca,América,2,1,,,espn,Toluca,América,TOL,AME
espn-469898,2017-01-15,2016,regular,Pumas UNAM,Cruz Azul,1,0,,,espn,Pumas UNAM,Cruz Azul,UNAM,CAZ
espn-469895,2017-01-20,2016,regular,Veracruz,Atlas,1,0,,,espn,Veracruz,Atlas,VER,ATS
espn-469889,2017-01-21,2016,regular,Guadalajara,Tijuana,0,1,,,espn,Guadalajara,Tijuana,GDL,TIJ
espn-469890,2017-01-21,2016,regular,Necaxa,Pachuca,1,0,,,espn,Necaxa,Pachuca,NCX,PAC
espn-469891,2017-01-21,2016,regular,León,Pumas UNAM,0,1,,,espn,León,Pumas UNAM,LEO,UNAM
espn-469892,2017-01-21,2016,regular,Tigres UANL,América,4,2,,,espn,Tigres UANL,América,UANL,AME
espn-469893,2017-01-21,2016,regular,Club Atlético Morelia,Santos,1,1,,,espn,Club Atlético Morelia,Santos,MOR,SAN
espn-469894,2017-01-21,2016,regular,Cruz Azul,Monterrey,2,2,,,espn,Cruz Azul,Monterrey,CAZ,MTY
espn-469887,2017-01-22,2016,regular,Puebla,Querétaro,0,0,,,espn,Puebla,Querétaro,PUE,QRO
espn-469888,2017-01-22,2016,regular,Toluca,Chiapas,0,1,,,espn,Toluca,Chiapas,TOL,CHP
espn-469886,2017-01-27,2016,regular,Tijuana,Cruz Azul,1,0,,,espn,Tijuana,Cruz Azul,TIJ,CAZ
espn-469881,2017-01-28,2016,regular,América,Veracruz,1,0,,,espn,América,Veracruz,AME,VER
espn-469882,2017-01-28,2016,regular,Pachuca,Toluca,0,0,,,espn,Pachuca,Toluca,PAC,TOL
espn-469883,2017-01-28,2016,regular,Monterrey,León,0,0,,,espn,Monterrey,León,MTY,LEO
espn-469884,2017-01-28,2016,regular,Atlas,Club Atlético Morelia,3,1,,,espn,Atlas,Club Atlético Morelia,ATS,MOR
espn-469885,2017-01-28,2016,regular,Querétaro,Guadalajara,0,1,,,espn,Querétaro,Guadalajara,QRO,GDL
espn-469878,2017-01-29,2016,regular,Santos,Puebla,2,0,,,espn,Santos,Puebla,SAN,PUE
espn-469879,2017-01-29,2016,regular,Chiapas,Tigres UANL,1,0,,,espn,Chiapas,Tigres UANL,CHP,UANL
espn-469880,2017-01-29,2016,regular,Pumas UNAM,Necaxa,3,1,,,espn,Pumas UNAM,Necaxa,UNAM,NCX
espn-469869,2017-02-03,2016,regular,Puebla,Atlas,1,1,,,espn,Puebla,Atlas,PUE,ATS
espn-469877,2017-02-03,2016,regular,Veracruz,Chiapas,2,0,,,espn,Veracruz,Chiapas,VER,CHP
espn-469872,2017-02-04,2016,regular,Necaxa,Monterrey,1,1,,,espn,Necaxa,Monterrey,NCX,MTY
espn-469873,2017-02-04,2016,regular,León,Tijuana,2,4,,,espn,León,Tijuana,LEO,TIJ
espn-469874,2017-02-04,2016,regular,Club Atlético Morelia,América,0,2,,,espn,Club Atlético Morelia,América,MOR,AME
espn-469875,2017-02-04,2016,regular,Tigres UANL,Toluca,0,1,,,espn,Tigres UANL,Toluca,UANL,TOL
espn-469876,2017-02-04,2016,regular,Cruz Azul,Querétaro,1,1,,,espn,Cruz Azul,Querétaro,CAZ,QRO
espn-469870,2017-02-05,2016,regular,Pumas UNAM,Pachuca,1,1,,,espn,Pumas UNAM,Pachuca,UNAM,PAC
espn-469871,2017-02-05,2016,regular,Guadalajara,Santos,1,1,,,espn,Guadalajara,Santos,GDL,SAN
espn-469905,2017-02-07,2016,regular,Chiapas,América,2,0,,,espn,Chiapas,América,CHP,AME
espn-469868,2017-02-10,2016,regular,Tijuana,Necaxa,1,2,,,espn,Tijuana,Necaxa,TIJ,NCX
espn-469863,2017-02-11,2016,regular,América,Puebla,0,0,,,espn,América,Puebla,AME,PUE
espn-469864,2017-02-11,2016,regular,Pachuca,Tigres UANL,1,0,,,espn,Pachuca,Tigres UANL,PAC,UANL
espn-469865,2017-02-11,2016,regular,Atlas,Guadalajara,1,2,,,espn,Atlas,Guadalajara,ATS,GDL
espn-469866,2017-02-11,2016,regular,Monterrey,Pumas UNAM,2,0,,,espn,Monterrey,Pumas UNAM,MTY,UNAM
espn-469867,2017-02-11,2016,regular,Querétaro,León,2,1,,,espn,Querétaro,León,QRO,LEO
espn-469860,2017-02-12,2016,regular,Santos,Cruz Azul,2,2,,,espn,Santos,Cruz Azul,SAN,CAZ
espn-469861,2017-02-12,2016,regular,Chiapas,Club Atlético Morelia,1,2,,,espn,Chiapas,Club Atlético Morelia,CHP,MOR
espn-469862,2017-02-12,2016,regular,Toluca,Veracruz,1,0,,,espn,Toluca,Veracruz,TOL,VER
espn-469859,2017-02-17,2016,regular,Veracruz,Tigres UANL,0,3,,,espn,Veracruz,Tigres UANL,VER,UANL
espn-469853,2017-02-18,2016,regular,Guadalajara,América,1,0,,,espn,Guadalajara,América,GDL,AME
espn-469854,2017-02-18,2016,regular,Necaxa,Querétaro,1,4,,,espn,Necaxa,Querétaro,NCX,QRO
espn-469855,2017-02-18,2016,regular,León,Santos,2,2,,,espn,León,Santos,LEO,SAN
espn-469856,2017-02-18,2016,regular,Monterrey,Pachuca,1,0,,,espn,Monterrey,Pachuca,MTY,PAC
espn-469857,2017-02-18,2016,regular,Club Atlético Morelia,Toluca,1,2,,,espn,Club Atlético Morelia,Toluca,MOR,TOL
espn-469858,2017-02-18,2016,regular,Cruz Azul,Atlas,0,1,,,espn,Cruz Azul,Atlas,CAZ,ATS
espn-469851,2017-02-19,2016,regular,Puebla,Chiapas,3,0,,,espn,Puebla,Chiapas,PUE,CHP
espn-469852,2017-02-19,2016,regular,Pumas UNAM,Tijuana,3,3,,,espn,Pumas UNAM,Tijuana,UNAM,TIJ
espn-469850,2017-02-24,2016,regular,Tijuana,Monterrey,2,0,,,espn,Tijuana,Monterrey,TIJ,MTY
espn-469845,2017-02-25,2016,regular,América,Cruz Azul,2,0,,,espn,América,Cruz Azul,AME,CAZ
espn-469846,2017-02-25,2016,regular,Pachuca,Veracruz,1,0,,,espn,Pachuca,Veracruz,PAC,VER
espn-469847,2017-02-25,2016,regular,Atlas,León,2,0,,,espn,Atlas,León,ATS,LEO
espn-469848,2017-02-25,2016,regular,Tigres UANL,Club Atlético Morelia,1,1,,,espn,Tigres UANL,Club Atlético Morelia,UANL,MOR
espn-469849,2017-02-25,2016,regular,Querétaro,Pumas UNAM,4,3,,,espn,Querétaro,Pumas UNAM,QRO,UNAM
espn-469842,2017-02-26,2016,regular,Santos,Necaxa,2,2,,,espn,Santos,Necaxa,SAN,NCX
espn-469843,2017-02-26,2016,regular,Chiapas,Guadalajara,4,3,,,espn,Chiapas,Guadalajara,CHP,GDL
espn-469844,2017-02-26,2016,regular,Toluca,Puebla,1,3,,,espn,Toluca,Puebla,TOL,PUE
espn-469841,2017-03-03,2016,regular,Tijuana,Pachuca,2,3,,,espn,Tijuana,Pachuca,TIJ,PAC
espn-469835,2017-03-04,2016,regular,Guadalajara,Toluca,2,0,,,espn,Guadalajara,Toluca,GDL,TOL
espn-469836,2017-03-04,2016,regular,Necaxa,Atlas,1,1,,,espn,Necaxa,Atlas,NCX,ATS
espn-469837,2017-03-04,2016,regular,León,América,1,1,,,espn,León,América,LEO,AME
espn-469838,2017-03-04,2016,regular,Monterrey,Querétaro,4,1,,,espn,Monterrey,Querétaro,MTY,QRO
espn-469839,2017-03-04,2016,regular,Club Atlético Morelia,Veracruz,1,0,,,espn,Club Atlético Morelia,Veracruz,MOR,VER
espn-469840,2017-03-04,2016,regular,Cruz Azul,Chiapas,2,0,,,espn,Cruz Azul,Chiapas,CAZ,CHP
espn-469833,2017-03-05,2016,regular,Puebla,Tigres UANL,0,2,,,espn,Puebla,Tigres UANL,PUE,UANL
espn-469834,2017-03-05,2016,regular,Pumas UNAM,Santos,2,1,,,espn,Pumas UNAM,Santos,UNAM,SAN
espn-469823,2017-03-17,2016,regular,Tijuana,Santos,1,1,,,espn,Tijuana,Santos,TIJ,SAN
espn-469817,2017-03-18,2016,regular,Guadalajara,Veracruz,2,0,,,espn,Guadalajara,Veracruz,GDL,VER
espn-469818,2017-03-18,2016,regular,Necaxa,Chiapas,2,2,,,espn,Necaxa,Chiapas,NCX,CHP
espn-469819,2017-03-18,2016,regular,León,Toluca,2,3,,,espn,León,Toluca,LEO,TOL
espn-469820,2017-03-18,2016,regular,Monterrey,Atlas,2,0,,,espn,Monterrey,Atlas,MTY,ATS
espn-469821,2017-03-18,2016,regular,Querétaro,Pachuca,3,0,,,espn,Querétaro,Pachuca,QRO,PAC
espn-469822,2017-03-18,2016,regular,Cruz Azul,Tigres UANL,0,0,,,espn,Cruz Azul,Tigres UANL,CAZ,UANL
espn-469815,2017-03-19,2016,regular,Puebla,Club Atlético Morelia,0,1,,,espn,Puebla,Club Atlético Morelia,PUE,MOR
espn-469816,2017-03-19,2016,regular,Pumas UNAM,América,2,3,,,espn,Pumas UNAM,América,UNAM,AME
espn-469814,2017-03-31,2016,regular,Veracruz,Cruz Azul,3,1,,,espn,Veracruz,Cruz Azul,VER,CAZ
espn-469808,2017-04-01,2016,regular,América,Monterrey,1,0,,,espn,América,Monterrey,AME,MTY
espn-469809,2017-04-01,2016,regular,Pachuca,Puebla,0,0,,,espn,Pachuca,Puebla,PAC,PUE
espn-469810,2017-04-01,2016,regular,Club Atlético Morelia,Guadalajara,0,0,,,espn,Club Atlético Morelia,Guadalajara,MOR,GDL
espn-469811,2017-04-01,2016,regular,Tigres UANL,León,0,1,,,espn,Tigres UANL,León,UANL,LEO
espn-469812,2017-04-01,2016,regular,Atlas,Tijuana,3,3,,,espn,Atlas,Tijuana,ATS,TIJ
espn-469813,2017-04-01,2016,regular,Chiapas,Pumas UNAM,0,3,,,espn,Chiapas,Pumas UNAM,CHP,UNAM
espn-469806,2017-04-02,2016,regular,Santos,Querétaro,1,0,,,espn,Santos,Querétaro,SAN,QRO
espn-469807,2017-04-02,2016,regular,Toluca,Necaxa,2,0,,,espn,Toluca,Necaxa,TOL,NCX
espn-469805,2017-04-07,2016,regular,Tijuana,América,0,0,,,espn,Tijuana,América,TIJ,AME
espn-469799,2017-04-08,2016,regular,Guadalajara,Puebla,3,2,,,espn,Guadalajara,Puebla,GDL,PUE
espn-469800,2017-04-08,2016,regular,Necaxa,Tigres UANL,1,1,,,espn,Necaxa,Tigres UANL,NCX,UANL
espn-469801,2017-04-08,2016,regular,León,Veracruz,4,0,,,espn,León,Veracruz,LEO,VER
espn-469802,2017-04-08,2016,regular,Monterrey,Chiapas,4,1,,,espn,Monterrey,Chiapas,MTY,CHP
espn-469803,2017-04-08,2016,regular,Querétaro,Atlas,1,4,,,espn,Querétaro,Atlas,QRO,ATS
espn-469804,2017-04-08,2016,regular,Cruz Azul,Club Atlético Morelia,1,1,,,espn,Cruz Azul,Club Atlético Morelia,CAZ,MOR
espn-469797,2017-04-09,2016,regular,Santos,Pachuca,1,0,,,espn,Santos,Pachuca,SAN,PAC
espn-469798,2017-04-09,2016,regular,Pumas UNAM,Toluca,0,1,,,espn,Pumas UNAM,Toluca,UNAM,TOL
espn-469825,2017-04-11,2016,regular,Chiapas,León,0,0,,,espn,Chiapas,León,CHP,LEO
espn-469829,2017-04-11,2016,regular,Tigres UANL,Guadalajara,3,0,,,espn,Tigres UANL,Guadalajara,UANL,GDL
espn-469832,2017-04-11,2016,regular,Veracruz,Puebla,3,2,,,espn,Veracruz,Puebla,VER,PUE
espn-469824,2017-04-12,2016,regular,Santos,Monterrey,2,2,,,espn,Santos,Monterrey,SAN,MTY
espn-469827,2017-04-12,2016,regular,América,Necaxa,1,0,,,espn,América,Necaxa,AME,NCX
espn-469828,2017-04-12,2016,regular,Pachuca,Club Atlético Morelia,0,0,,,espn,Pachuca,Club Atlético Morelia,PAC,MOR
espn-469830,2017-04-12,2016,regular,Atlas,Pumas UNAM,1,1,,,espn,Atlas,Pumas UNAM,ATS,UNAM
espn-469831,2017-04-12,2016,regular,Querétaro,Tijuana,0,1,,,espn,Querétaro,Tijuana,QRO,TIJ
espn-469826,2017-04-13,2016,regular,Toluca,Cruz Azul,0,2,,,espn,Toluca,Cruz Azul,TOL,CAZ
espn-469790,2017-04-15,2016,regular,América,Querétaro,1,0,,,espn,América,Querétaro,AME,QRO
espn-469791,2017-04-15,2016,regular,Pachuca,Guadalajara,0,0,,,espn,Pachuca,Guadalajara,PAC,GDL
espn-469792,2017-04-15,2016,regular,Club Atlético Morelia,León,1,2,,,espn,Club Atlético Morelia,León,MOR,LEO
espn-469793,2017-04-15,2016,regular,Tigres UANL,Pumas UNAM,4,0,,,espn,Tigres UANL,Pumas UNAM,UANL,UNAM
espn-469794,2017-04-15,2016,regular,Atlas,Santos,1,1,,,espn,Atlas,Santos,ATS,SAN
espn-469795,2017-04-15,2016,regular,Chiapas,Tijuana,1,2,,,espn,Chiapas,Tijuana,CHP,TIJ
espn-469796,2017-04-15,2016,regular,Veracruz,Necaxa,0,1,,,espn,Veracruz,Necaxa,VER,NCX
espn-469788,2017-04-16,2016,regular,Puebla,Cruz Azul,2,1,,,espn,Puebla,Cruz Azul,PUE,CAZ
espn-469789,2017-04-16,2016,regular,Toluca,Monterrey,1,1,,,espn,Toluca,Monterrey,TOL,MTY
espn-469787,2017-04-21,2016,regular,Tijuana,Toluca,2,0,,,espn,Tijuana,Toluca,TIJ,TOL
espn-469781,2017-04-22,2016,regular,Necaxa,Club Atlético Morelia,2,1,,,espn,Necaxa,Club Atlético Morelia,NCX,MOR
espn-469782,2017-04-22,2016,regular,León,Puebla,1,0,,,espn,León,Puebla,LEO,PUE
espn-469783,2017-04-22,2016,regular,Atlas,Pachuca,1,0,,,espn,Atlas,Pachuca,ATS,PAC
espn-469784,2017-04-22,2016,regular,Monterrey,Tigres UANL,1,0,,,espn,Monterrey,Tigres UANL,MTY,UANL
espn-469785,2017-04-22,2016,regular,Querétaro,Chiapas,2,2,,,espn,Querétaro,Chiapas,QRO,CHP
espn-469786,2017-04-22,2016,regular,Cruz Azul,Guadalajara,2,1,,,espn,Cruz Azul,Guadalajara,CAZ,GDL
espn-469779,2017-04-23,2016,regular,Santos,América,2,1,,,espn,Santos,América,SAN,AME
espn-469780,2017-04-23,2016,regular,Pumas UNAM,Veracruz,0,2,,,espn,Pumas UNAM,Veracruz,UNAM,VER
espn-469778,2017-04-28,2016,regular,Veracruz,Monterrey,1,0,,,espn,Veracruz,Monterrey,VER,MTY
espn-469772,2017-04-29,2016,regular,Guadalajara,León,1,1,,,espn,Guadalajara,León,GDL,LEO
espn-469773,2017-04-29,2016,regular,América,Atlas,1,2,,,espn,América,Atlas,AME,ATS
espn-469774,2017-04-29,2016,regular,Pachuca,Cruz Azul,2,2,,,espn,Pachuca,Cruz Azul,PAC,CAZ
espn-469775,2017-04-29,2016,regular,Club Atlético Morelia,Pumas UNAM,4,0,,,espn,Club Atlético Morelia,Pumas UNAM,MOR,UNAM
espn-469776,2017-04-29,2016,regular,Tigres UANL,Tijuana,3,0,,,espn,Tigres UANL,Tijuana,UANL,TIJ
espn-469777,2017-04-29,2016,regular,Chiapas,Santos,2,2,,,espn,Chiapas,Santos,CHP,SAN
espn-469770,2017-04-30,2016,regular,Puebla,Necaxa,0,1,,,espn,Puebla,Necaxa,PUE,NCX
espn-469771,2017-04-30,2016,regular,Toluca,Querétaro,1,2,,,espn,Toluca,Querétaro,TOL,QRO
espn-469763,2017-05-06,2016,regular,Necaxa,Guadalajara,0,0,,,espn,Necaxa,Guadalajara,NCX,GDL
espn-469764,2017-05-06,2016,regular,América,Pachuca,2,3,,,espn,América,Pachuca,AME,PAC
espn-469765,2017-05-06,2016,regular,León,Cruz Azul,1,2,,,espn,León,Cruz Azul,LEO,CAZ
espn-469766,2017-05-06,2016,regular,Atlas,Chiapas,0,1,,,espn,Atlas,Chiapas,ATS,CHP
espn-469767,2017-05-06,2016,regular,Monterrey,Club Atlético Morelia,1,2,,,espn,Monterrey,Club Atlético Morelia,MTY,MOR
espn-469768,2017-05-06,2016,regular,Querétaro,Tigres UANL,1,5,,,espn,Querétaro,Tigres UANL,QRO,UANL
espn-469769,2017-05-06,2016,regular,Tijuana,Veracruz,1,0,,,espn,Tijuana,Veracruz,TIJ,VER
espn-469761,2017-05-07,2016,regular,Santos,Toluca,2,2,,,espn,Santos,Toluca,SAN,TOL
espn-469762,2017-05-07,2016,regular,Pumas UNAM,Puebla,0,1,,,espn,Pumas UNAM,Puebla,UNAM,PUE
espn-478972,2017-05-10,2016,regular,Tigres UANL,Monterrey,4,1,,,espn,Tigres UANL,Monterrey,UANL,MTY
espn-478974,2017-05-10,2016,regular,Santos,Toluca,1,4,,,espn,Santos,Toluca,SAN,TOL
espn-478971,2017-05-11,2016,regular,Atlas,Guadalajara,1,0,,,espn,Atlas,Guadalajara,ATS,GDL
espn-478973,2017-05-11,2016,regular,Club Atlético Morelia,Tijuana,1,0,,,espn,Club Atlético Morelia,Tijuana,MOR,TIJ
espn-478969,2017-05-13,2016,regular,Toluca,Santos,1,3,,,espn,Toluca,Santos,TOL,SAN
espn-478970,2017-05-13,2016,regular,Monterrey,Tigres UANL,0,2,,,espn,Monterrey,Tigres UANL,MTY,UANL
espn-478967,2017-05-14,2016,regular,Guadalajara,Atlas,1,0,,,espn,Guadalajara,Atlas,GDL,ATS
espn-478968,2017-05-14,2016,regular,Tijuana,Club Atlético Morelia,2,0,,,espn,Tijuana,Club Atlético Morelia,TIJ,MOR
espn-479155,2017-05-18,2016,regular,Toluca,Guadalajara,1,1,,,espn,Toluca,Guadalajara,TOL,GDL
espn-479156,2017-05-18,2016,regular,Tigres UANL,Tijuana,2,0,,,espn,Tigres UANL,Tijuana,UANL,TIJ
espn-479153,2017-05-21,2016,regular,Tijuana,Tigres UANL,0,2,,,espn,Tijuana,Tigres UANL,TIJ,UANL
espn-479154,2017-05-21,2016,regular,Guadalajara,Toluca,1,1,,,espn,Guadalajara,Toluca,GDL,TOL
espn-479309,2017-05-25,2016,regular,Tigres UANL,Guadalajara,2,2,,,espn,Tigres UANL,Guadalajara,UANL,GDL
espn-479308,2017-05-28,2016,regular,Guadalajara,Tigres UANL,2,1,,,espn,Guadalajara,Tigres UANL,GDL,UANL
espn-481979,2017-07-21,2017,regular,Tijuana,Cruz Azul,0,2,,,espn,Tijuana,Cruz Azul,TIJ,CAZ
espn-481982,2017-07-21,2017,regular,Club Atlético Morelia,Monterrey,0,0,,,espn,Club Atlético Morelia,Monterrey,MOR,MTY
espn-481977,2017-07-22,2017,regular,Lobos BUAP,Santos,2,2,,,espn,Lobos BUAP,Santos,BUAP,SAN
espn-481978,2017-07-22,2017,regular,Guadalajara,Toluca,0,0,,,espn,Guadalajara,Toluca,GDL,TOL
espn-481980,2017-07-22,2017,regular,América,Querétaro,0,1,,,espn,América,Querétaro,AME,QRO
espn-481981,2017-07-22,2017,regular,León,Atlas,0,3,,,espn,León,Atlas,LEO,ATS
espn-481983,2017-07-22,2017,regular,Tigres UANL,Puebla,5,0,,,espn,Tigres UANL,Puebla,UANL,PUE
espn-481984,2017-07-23,2017,regular,Veracruz,Necaxa,0,2,,,espn,Veracruz,Necaxa,VER,NCX
espn-481985,2017-07-23,2017,regular,Pumas UNAM,Pachuca,1,0,,,espn,Pumas UNAM,Pachuca,UNAM,PAC
espn-481970,2017-07-28,2017,regular,Atlas,Pumas UNAM,2,1,,,espn,Atlas,Pumas UNAM,ATS,UNAM
espn-481973,2017-07-28,2017,regular,Puebla,Club Atlético Morelia,1,1,,,espn,Puebla,Club Atlético Morelia,PUE,MOR
espn-481968,2017-07-29,2017,regular,Cruz Azul,Guadalajara,1,1,,,espn,Cruz Azul,Guadalajara,CAZ,GDL
espn-481969,2017-07-29,2017,regular,Querétaro,Lobos BUAP,0,4,,,espn,Querétaro,Lobos BUAP,QRO,BUAP
espn-481971,2017-07-29,2017,regular,Necaxa,Tijuana,1,0,,,espn,Necaxa,Tijuana,NCX,TIJ
espn-481972,2017-07-29,2017,regular,Pachuca,América,0,2,,,espn,Pachuca,América,PAC,AME
espn-481974,2017-07-29,2017,regular,Monterrey,Veracruz,1,0,,,espn,Monterrey,Veracruz,MTY,VER
espn-481975,2017-07-30,2017,regular,Santos,Tigres UANL,1,1,,,espn,Santos,Tigres UANL,SAN,UANL
espn-481976,2017-07-30,2017,regular,Toluca,León,3,1,,,espn,Toluca,León,TOL,LEO
espn-481961,2017-08-04,2017,regular,Tijuana,Monterrey,0,3,,,espn,Tijuana,Monterrey,TIJ,MTY
espn-481965,2017-08-04,2017,regular,Club Atlético Morelia,Santos,1,1,,,espn,Club Atlético Morelia,Santos,MOR,SAN
espn-481959,2017-08-05,2017,regular,Lobos BUAP,Pachuca,3,2,,,espn,Lobos BUAP,Pachuca,BUAP,PAC
espn-481960,2017-08-05,2017,regular,Guadalajara,Necaxa,2,2,,,espn,Guadalajara,Necaxa,GDL,NCX
espn-481962,2017-08-05,2017,regular,América,Pumas UNAM,2,1,,,espn,América,Pumas UNAM,AME,UNAM
espn-481963,2017-08-05,2017,regular,León,Cruz Azul,2,2,,,espn,León,Cruz Azul,LEO,CAZ
espn-481964,2017-08-05,2017,regular,Tigres UANL,Querétaro,1,1,,,espn,Tigres UANL,Querétaro,UANL,QRO
espn-481966,2017-08-06,2017,regular,Veracruz,Puebla,2,0,,,espn,Veracruz,Puebla,VER,PUE
espn-481967,2017-08-06,2017,regular,Toluca,Atlas,3,2,,,espn,Toluca,Atlas,TOL,ATS
espn-481952,2017-08-11,2017,regular,Atlas,América,0,1,,,espn,Atlas,América,ATS,AME
espn-481956,2017-08-11,2017,regular,Puebla,Tijuana,1,1,,,espn,Puebla,Tijuana,PUE,TIJ
espn-481950,2017-08-12,2017,regular,Querétaro,Club Atlético Morelia,2,1,,,espn,Querétaro,Club Atlético Morelia,QRO,MOR
espn-481951,2017-08-12,2017,regular,Cruz Azul,Toluca,0,0,,,espn,Cruz Azul,Toluca,CAZ,TOL
espn-481953,2017-08-12,2017,regular,Necaxa,León,0,3,,,espn,Necaxa,León,NCX,LEO
espn-481954,2017-08-12,2017,regular,Pachuca,Tigres UANL,2,1,,,espn,Pachuca,Tigres UANL,PAC,UANL
espn-481955,2017-08-12,2017,regular,Monterrey,Guadalajara,4,1,,,espn,Monterrey,Guadalajara,MTY,GDL
espn-481957,2017-08-13,2017,regular,Santos,Veracruz,2,3,,,espn,Santos,Veracruz,SAN,VER
espn-481958,2017-08-13,2017,regular,Pumas UNAM,Lobos BUAP,2,0,,,espn,Pumas UNAM,Lobos BUAP,UNAM,BUAP
espn-481944,2017-08-18,2017,regular,Tijuana,Santos,2,0,,,espn,Tijuana,Santos,TIJ,SAN
espn-481946,2017-08-18,2017,regular,Club Atlético Morelia,Pachuca,1,2,,,espn,Club Atlético Morelia,Pachuca,MOR,PAC
espn-481941,2017-08-19,2017,regular,Cruz Azul,Atlas,2,1,,,espn,Cruz Azul,Atlas,CAZ,ATS
espn-481942,2017-08-19,2017,regular,Lobos BUAP,América,2,3,,,espn,Lobos BUAP,América,BUAP,AME
espn-481943,2017-08-19,2017,regular,Guadalajara,Puebla,0,1,,,espn,Guadalajara,Puebla,GDL,PUE
espn-481945,2017-08-19,2017,regular,León,Monterrey,1,2,,,espn,León,Monterrey,LEO,MTY
espn-481947,2017-08-19,2017,regular,Tigres UANL,Pumas UNAM,2,0,,,espn,Tigres UANL,Pumas UNAM,UANL,UNAM
espn-481948,2017-08-19,2017,regular,Veracruz,Querétaro,1,1,,,espn,Veracruz,Querétaro,VER,QRO
espn-481949,2017-08-20,2017,regular,Toluca,Necaxa,0,0,,,espn,Toluca,Necaxa,TOL,NCX
espn-481935,2017-08-22,2017,regular,Atlas,Lobos BUAP,1,1,,,espn,Atlas,Lobos BUAP,ATS,BUAP
espn-481936,2017-08-22,2017,regular,Pumas UNAM,Club Atlético Morelia,1,2,,,espn,Pumas UNAM,Club Atlético Morelia,UNAM,MOR
espn-481938,2017-08-22,2017,regular,Querétaro,Tijuana,1,3,,,espn,Querétaro,Tijuana,QRO,TIJ
espn-481940,2017-08-22,2017,regular,Pachuca,Veracruz,4,1,,,espn,Pachuca,Veracruz,PAC,VER
espn-481932,2017-08-23,2017,regular,Necaxa,Cruz Azul,1,1,,,espn,Necaxa,Cruz Azul,NCX,CAZ
espn-481933,2017-08-23,2017,regular,Santos,Guadalajara,1,1,,,espn,Santos,Guadalajara,SAN,GDL
espn-481934,2017-08-23,2017,regular,Puebla,León,0,1,,,espn,Puebla,León,PUE,LEO
espn-481937,2017-08-23,2017,regular,América,Tigres UANL,2,2,,,espn,América,Tigres UANL,AME,UANL
espn-481939,2017-08-23,2017,regular,Monterrey,Toluca,4,1,,,espn,Monterrey,Toluca,MTY,TOL
espn-481926,2017-08-25,2017,regular,Tijuana,Pachuca,2,1,,,espn,Tijuana,Pachuca,TIJ,PAC
espn-481923,2017-08-26,2017,regular,Cruz Azul,Monterrey,1,1,,,espn,Cruz Azul,Monterrey,CAZ,MTY
espn-481924,2017-08-26,2017,regular,Guadalajara,Querétaro,0,0,,,espn,Guadalajara,Querétaro,GDL,QRO
espn-481925,2017-08-26,2017,regular,Necaxa,Atlas,2,1,,,espn,Necaxa,Atlas,NCX,ATS
espn-481927,2017-08-26,2017,regular,León,Santos,1,2,,,espn,León,Santos,LEO,SAN
espn-481928,2017-08-26,2017,regular,Club Atlético Morelia,América,2,0,,,espn,Club Atlético Morelia,América,MOR,AME
espn-481929,2017-08-26,2017,regular,Tigres UANL,Lobos BUAP,3,2,,,espn,Tigres UANL,Lobos BUAP,UANL,BUAP
espn-481930,2017-08-27,2017,regular,Veracruz,Pumas UNAM,1,0,,,espn,Veracruz,Pumas UNAM,VER,UNAM
espn-481931,2017-08-27,2017,regular,Toluca,Puebla,2,1,,,espn,Toluca,Puebla,TOL,PUE
espn-481919,2017-09-08,2017,regular,Puebla,Cruz Azul,0,0,,,espn,Puebla,Cruz Azul,PUE,CAZ
espn-481914,2017-09-09,2017,regular,Querétaro,León,1,2,,,espn,Querétaro,León,QRO,LEO
espn-481915,2017-09-09,2017,regular,Lobos BUAP,Club Atlético Morelia,1,3,,,espn,Lobos BUAP,Club Atlético Morelia,BUAP,MOR
espn-481917,2017-09-09,2017,regular,América,Veracruz,2,0,,,espn,América,Veracruz,AME,VER
espn-481918,2017-09-09,2017,regular,Pachuca,Guadalajara,1,3,,,espn,Pachuca,Guadalajara,PAC,GDL
espn-481920,2017-09-09,2017,regular,Monterrey,Necaxa,1,0,,,espn,Monterrey,Necaxa,MTY,NCX
espn-481921,2017-09-10,2017,regular,Santos,Toluca,0,0,,,espn,Santos,Toluca,SAN,TOL
espn-481922,2017-09-10,2017,regular,Pumas UNAM,Tijuana,0,2,,,espn,Pumas UNAM,Tijuana,UNAM,TIJ
espn-481907,2017-09-15,2017,regular,Tijuana,América,1,1,,,espn,Tijuana,América,TIJ,AME
espn-481911,2017-09-15,2017,regular,Club Atlético Morelia,Tigres UANL,3,3,,,espn,Club Atlético Morelia,Tigres UANL,MOR,UANL
espn-481905,2017-09-16,2017,regular,Cruz Azul,Santos,2,1,,,espn,Cruz Azul,Santos,CAZ,SAN
espn-481906,2017-09-16,2017,regular,Guadalajara,Pumas UNAM,1,1,,,espn,Guadalajara,Pumas UNAM,GDL,UNAM
espn-481908,2017-09-16,2017,regular,Necaxa,Puebla,1,1,,,espn,Necaxa,Puebla,NCX,PUE
espn-481909,2017-09-16,2017,regular,León,Pachuca,3,1,,,espn,León,Pachuca,LEO,PAC
espn-481910,2017-09-16,2017,regular,Monterrey,Atlas,2,1,,,espn,Monterrey,Atlas,MTY,ATS
espn-481912,2017-09-17,2017,regular,Veracruz,Lobos BUAP,0,1,,,espn,Veracruz,Lobos BUAP,VER,BUAP
espn-481913,2017-09-17,2017,regular,Toluca,Querétaro,3,2,,,espn,Toluca,Querétaro,TOL,QRO
espn-481887,2017-09-26,2017,regular,Puebla,Atlas,1,2,,,espn,Puebla,Atlas,PUE,ATS
espn-481889,2017-09-26,2017,regular,Guadalajara,Lobos BUAP,1,2,,,espn,Guadalajara,Lobos BUAP,GDL,BUAP
espn-481890,2017-09-26,2017,regular,Veracruz,Club Atlético Morelia,2,1,,,espn,Veracruz,Club Atlético Morelia,VER,MOR
espn-481888,2017-09-27,2017,regular,León,América,2,1,,,espn,León,América,LEO,AME
espn-481891,2017-09-27,2017,regular,Pachuca,Cruz Azul,4,0,,,espn,Pachuca,Cruz Azul,PAC,CAZ
espn-481892,2017-09-27,2017,regular,Toluca,Pumas UNAM,2,1,,,espn,Toluca,Pumas UNAM,TOL,UNAM
espn-481893,2017-09-27,2017,regular,Necaxa,Querétaro,1,0,,,espn,Necaxa,Querétaro,NCX,QRO
espn-481895,2017-09-27,2017,regular,Tijuana,Tigres UANL,0,1,,,espn,Tijuana,Tigres UANL,TIJ,UANL
espn-481881,2017-09-29,2017,regular,Atlas,Veracruz,2,0,,,espn,Atlas,Veracruz,ATS,VER
espn-481884,2017-09-29,2017,regular,Club Atlético Morelia,Tijuana,3,0,,,espn,Club Atlético Morelia,Tijuana,MOR,TIJ
espn-481878,2017-09-30,2017,regular,Lobos BUAP,León,0,3,,,espn,Lobos BUAP,León,BUAP,LEO
espn-481879,2017-09-30,2017,regular,Querétaro,Monterrey,2,2,,,espn,Querétaro,Monterrey,QRO,MTY
espn-481880,2017-09-30,2017,regular,Toluca,América,1,2,,,espn,Toluca,América,TOL,AME
espn-481882,2017-09-30,2017,regular,Pachuca,Necaxa,0,0,,,espn,Pachuca,Necaxa,PAC,NCX
espn-481883,2017-09-30,2017,regular,Tigres UANL,Guadalajara,1,0,,,espn,Tigres UANL,Guadalajara,UANL,GDL
espn-481885,2017-10-01,2017,regular,Santos,Puebla,0,0,,,espn,Santos,Puebla,SAN,PUE
espn-481886,2017-10-01,2017,regular,Pumas UNAM,Cruz Azul,1,4,,,espn,Pumas UNAM,Cruz Azul,UNAM,CAZ
espn-481877,2017-10-11,2017,regular,Toluca,Lobos BUAP,3,1,,,espn,Toluca,Lobos BUAP,TOL,BUAP
espn-481872,2017-10-13,2017,regular,Tijuana,Veracruz,0,0,,,espn,Tijuana,Veracruz,TIJ,VER
espn-481875,2017-10-13,2017,regular,Puebla,Querétaro,2,2,,,espn,Puebla,Querétaro,PUE,QRO
espn-481869,2017-10-14,2017,regular,Cruz Azul,América,1,3,,,espn,Cruz Azul,América,CAZ,AME
espn-481870,2017-10-14,2017,regular,Guadalajara,Club Atlético Morelia,1,2,,,espn,Guadalajara,Club Atlético Morelia,GDL,MOR
espn-481871,2017-10-14,2017,regular,Necaxa,Pumas UNAM,0,0,,,espn,Necaxa,Pumas UNAM,NCX,UNAM
espn-481873,2017-10-14,2017,regular,León,Tigres UANL,1,0,,,espn,León,Tigres UANL,LEO,UANL
espn-481874,2017-10-14,2017,regular,Monterrey,Pachuca,2,0,,,espn,Monterrey,Pachuca,MTY,PAC
espn-481876,2017-10-15,2017,regular,Santos,Atlas,0,1,,,espn,Santos,Atlas,SAN,ATS
espn-481896,2017-10-17,2017,regular,Querétaro,Cruz Azul,1,2,,,espn,Querétaro,Cruz Azul,QRO,CAZ
espn-481897,2017-10-17,2017,regular,Lobos BUAP,Tijuana,1,2,,,espn,Lobos BUAP,Tijuana,BUAP,TIJ
espn-481899,2017-10-17,2017,regular,Atlas,Club Atlético Morelia,0,1,,,espn,Atlas,Club Atlético Morelia,ATS,MOR
espn-481902,2017-10-17,2017,regular,Tigres UANL,Veracruz,1,0,,,espn,Tigres UANL,Veracruz,UANL,VER
espn-481904,2017-10-17,2017,regular,Pumas UNAM,León,2,0,,,espn,Pumas UNAM,León,UNAM,LEO
espn-481898,2017-10-18,2017,regular,América,Guadalajara,2,1,,,espn,América,Guadalajara,AME,GDL
espn-481900,2017-10-18,2017,regular,Pachuca,Toluca,2,2,,,espn,Pachuca,Toluca,PAC,TOL
espn-481901,2017-10-18,2017,regular,Puebla,Monterrey,2,0,,,espn,Puebla,Monterrey,PUE,MTY
espn-481903,2017-10-18,2017,regular,Santos,Necaxa,3,2,,,espn,Santos,Necaxa,SAN,NCX
espn-481863,2017-10-20,2017,regular,Atlas,Tijuana,1,0,,,espn,Atlas,Tijuana,ATS,TIJ
espn-481865,2017-10-20,2017,regular,Club Atlético Morelia,León,0,0,,,espn,Club Atlético Morelia,León,MOR,LEO
espn-481860,2017-10-21,2017,regular,Lobos BUAP,Cruz Azul,3,0,,,espn,Lobos BUAP,Cruz Azul,BUAP,CAZ
espn-481861,2017-10-21,2017,regular,Querétaro,Santos,1,2,,,espn,Querétaro,Santos,QRO,SAN
espn-481862,2017-10-21,2017,regular,América,Necaxa,0,1,,,espn,América,Necaxa,AME,NCX
espn-481864,2017-10-21,2017,regular,Pachuca,Puebla,1,0,,,espn,Pachuca,Puebla,PAC,PUE
espn-481866,2017-10-21,2017,regular,Tigres UANL,Toluca,3,0,,,espn,Tigres UANL,Toluca,UANL,TOL
espn-481867,2017-10-22,2017,regular,Veracruz,Guadalajara,2,3,,,espn,Veracruz,Guadalajara,VER,GDL
espn-481868,2017-10-22,2017,regular,Pumas UNAM,Monterrey,0,1,,,espn,Pumas UNAM,Monterrey,UNAM,MTY
espn-481857,2017-10-27,2017,regular,Puebla,Pumas UNAM,3,0,,,espn,Puebla,Pumas UNAM,PUE,UNAM
espn-481851,2017-10-28,2017,regular,Cruz Azul,Tigres UANL,1,2,,,espn,Cruz Azul,Tigres UANL,CAZ,UANL
espn-481852,2017-10-28,2017,regular,Guadalajara,Tijuana,3,1,,,espn,Guadalajara,Tijuana,GDL,TIJ
espn-481853,2017-10-28,2017,regular,Necaxa,Lobos BUAP,5,0,,,espn,Necaxa,Lobos BUAP,NCX,BUAP
espn-481854,2017-10-28,2017,regular,León,Veracruz,6,2,,,espn,León,Veracruz,LEO,VER
espn-481855,2017-10-28,2017,regular,Querétaro,Atlas,2,2,,,espn,Querétaro,Atlas,QRO,ATS
espn-481856,2017-10-28,2017,regular,Monterrey,América,2,0,,,espn,Monterrey,América,MTY,AME
espn-481858,2017-10-29,2017,regular,Santos,Pachuca,2,2,,,espn,Santos,Pachuca,SAN,PAC
espn-481859,2017-10-29,2017,regular,Toluca,Club Atlético Morelia,0,1,,,espn,Toluca,Club Atlético Morelia,TOL,MOR
espn-481916,2017-11-01,2017,regular,Atlas,Tigres UANL,1,1,,,espn,Atlas,Tigres UANL,ATS,UANL
espn-481844,2017-11-03,2017,regular,Tijuana,León,2,1,,,espn,Tijuana,León,TIJ,LEO
espn-481847,2017-11-03,2017,regular,Club Atlético Morelia,Cruz Azul,1,2,,,espn,Club Atlético Morelia,Cruz Azul,MOR,CAZ
espn-481842,2017-11-04,2017,regular,Lobos BUAP,Monterrey,2,1,,,espn,Lobos BUAP,Monterrey,BUAP,MTY
espn-481843,2017-11-04,2017,regular,Guadalajara,Atlas,1,2,,,espn,Guadalajara,Atlas,GDL,ATS
espn-481845,2017-11-04,2017,regular,América,Puebla,1,1,,,espn,América,Puebla,AME,PUE
espn-481846,2017-11-04,2017,regular,Pachuca,Querétaro,0,1,,,espn,Pachuca,Querétaro,PAC,QRO
espn-481848,2017-11-05,2017,regular,Tigres UANL,Necaxa,1,0,,,espn,Tigres UANL,Necaxa,UANL,NCX
espn-481849,2017-11-05,2017,regular,Veracruz,Toluca,0,1,,,espn,Veracruz,Toluca,VER,TOL
espn-481850,2017-11-05,2017,regular,Pumas UNAM,Santos,2,2,,,espn,Pumas UNAM,Santos,UNAM,SAN
espn-481894,2017-11-09,2017,regular,Monterrey,Santos,1,1,,,espn,Monterrey,Santos,MTY,SAN
espn-481836,2017-11-17,2017,regular,Atlas,Pachuca,1,1,,,espn,Atlas,Pachuca,ATS,PAC
espn-481838,2017-11-17,2017,regular,Puebla,Lobos BUAP,0,1,,,espn,Puebla,Lobos BUAP,PUE,BUAP
espn-481833,2017-11-18,2017,regular,Querétaro,Pumas UNAM,1,1,,,espn,Querétaro,Pumas UNAM,QRO,UNAM
espn-481834,2017-11-18,2017,regular,Cruz Azul,Veracruz,1,0,,,espn,Cruz Azul,Veracruz,CAZ,VER
espn-481835,2017-11-18,2017,regular,Necaxa,Club Atlético Morelia,1,2,,,espn,Necaxa,Club Atlético Morelia,NCX,MOR
espn-481837,2017-11-18,2017,regular,León,Guadalajara,0,2,,,espn,León,Guadalajara,LEO,GDL
espn-481839,2017-11-18,2017,regular,Monterrey,Tigres UANL,2,0,,,espn,Monterrey,Tigres UANL,MTY,UANL
espn-481840,2017-11-19,2017,regular,Santos,América,0,1,,,espn,Santos,América,SAN,AME
espn-481841,2017-11-19,2017,regular,Toluca,Tijuana,3,1,,,espn,Toluca,Tijuana,TOL,TIJ
espn-498770,2017-11-22,2017,regular,Toluca,Club Atlético Morelia,2,1,,,espn,Toluca,Club Atlético Morelia,TOL,MOR
espn-498771,2017-11-22,2017,regular,León,Tigres UANL,1,1,,,espn,León,Tigres UANL,LEO,UANL
espn-498768,2017-11-23,2017,regular,Cruz Azul,América,0,0,,,espn,Cruz Azul,América,CAZ,AME
espn-498769,2017-11-23,2017,regular,Atlas,Monterrey,1,2,,,espn,Atlas,Monterrey,ATS,MTY
espn-498766,2017-11-25,2017,regular,Tigres UANL,León,1,1,,,espn,Tigres UANL,León,UANL,LEO
espn-498767,2017-11-25,2017,regular,Club Atlético Morelia,Toluca,2,1,,,espn,Club Atlético Morelia,Toluca,MOR,TOL
espn-498764,2017-11-26,2017,regular,Monterrey,Atlas,4,1,,,espn,Monterrey,Atlas,MTY,ATS
espn-498765,2017-11-26,2017,regular,América,Cruz Azul,0,0,,,espn,América,Cruz Azul,AME,CAZ
espn-499151,2017-11-29,2017,regular,América,Tigres UANL,0,1,,,espn,América,Tigres UANL,AME,UANL
espn-499152,2017-11-30,2017,regular,Club Atlético Morelia,Monterrey,0,1,,,espn,Club Atlético Morelia,Monterrey,MOR,MTY
espn-499149,2017-12-02,2017,regular,Tigres UANL,América,3,0,,,espn,Tigres UANL,América,UANL,AME
espn-499150,2017-12-03,2017,regular,Monterrey,Club Atlético Morelia,4,0,,,espn,Monterrey,Club Atlético Morelia,MTY,MOR
espn-499297,2017-12-07,2017,regular,Tigres UANL,Monterrey,1,1,,,espn,Tigres UANL,Monterrey,UANL,MTY
espn-499296,2017-12-10,2017,regular,Monterrey,Tigres UANL,1,2,,,espn,Monterrey,Tigres UANL,MTY,UANL
espn-499985,2018-01-05,2017,regular,Atlas,León,1,2,,,espn,Atlas,León,ATS,LEO
espn-499986,2018-01-05,2017,regular,Puebla,Tigres UANL,2,1,,,espn,Puebla,Tigres UANL,PUE,UANL
espn-499981,2018-01-06,2017,regular,Necaxa,Veracruz,0,0,,,espn,Necaxa,Veracruz,NCX,VER
espn-499982,2018-01-06,2017,regular,Pachuca,Pumas UNAM,2,3,,,espn,Pachuca,Pumas UNAM,PAC,UNAM
espn-499983,2018-01-06,2017,regular,Monterrey,Club Atlético Morelia,1,1,,,espn,Monterrey,Club Atlético Morelia,MTY,MOR
espn-499984,2018-01-06,2017,regular,Cruz Azul,Tijuana,0,0,,,espn,Cruz Azul,Tijuana,CAZ,TIJ
espn-499978,2018-01-07,2017,regular,Querétaro,América,0,1,,,espn,Querétaro,América,QRO,AME
espn-499979,2018-01-07,2017,regular,Santos,Lobos BUAP,4,2,,,espn,Santos,Lobos BUAP,SAN,BUAP
espn-499980,2018-01-07,2017,regular,Toluca,Guadalajara,1,1,,,espn,Toluca,Guadalajara,TOL,GDL
espn-499976,2018-01-12,2017,regular,Tijuana,Necaxa,1,0,,,espn,Tijuana,Necaxa,TIJ,NCX
espn-499977,2018-01-12,2017,regular,Club Atlético Morelia,Puebla,1,0,,,espn,Club Atlético Morelia,Puebla,MOR,PUE
espn-499971,2018-01-13,2017,regular,Guadalajara,Cruz Azul,1,3,,,espn,Guadalajara,Cruz Azul,GDL,CAZ
espn-499972,2018-01-13,2017,regular,América,Pachuca,2,2,,,espn,América,Pachuca,AME,PAC
espn-499973,2018-01-13,2017,regular,León,Toluca,3,1,,,espn,León,Toluca,LEO,TOL
espn-499974,2018-01-13,2017,regular,Tigres UANL,Santos,2,1,,,espn,Tigres UANL,Santos,UANL,SAN
espn-499975,2018-01-13,2017,regular,Lobos BUAP,Querétaro,0,2,,,espn,Lobos BUAP,Querétaro,BUAP,QRO
espn-499969,2018-01-14,2017,regular,Veracruz,Monterrey,0,2,,,espn,Veracruz,Monterrey,VER,MTY
espn-499970,2018-01-14,2017,regular,Pumas UNAM,Atlas,3,1,,,espn,Pumas UNAM,Atlas,UNAM,ATS
espn-499967,2018-01-19,2017,regular,Atlas,Toluca,1,3,,,espn,Atlas,Toluca,ATS,TOL
espn-499968,2018-01-19,2017,regular,Puebla,Veracruz,2,0,,,espn,Puebla,Veracruz,PUE,VER
espn-499962,2018-01-20,2017,regular,Necaxa,Guadalajara,1,3,,,espn,Necaxa,Guadalajara,NCX,GDL
espn-499963,2018-01-20,2017,regular,Pachuca,Lobos BUAP,3,1,,,espn,Pachuca,Lobos BUAP,PAC,BUAP
espn-499964,2018-01-20,2017,regular,Monterrey,Tijuana,0,0,,,espn,Monterrey,Tijuana,MTY,TIJ
espn-499965,2018-01-20,2017,regular,Cruz Azul,León,0,0,,,espn,Cruz Azul,León,CAZ,LEO
espn-499966,2018-01-20,2017,regular,Querétaro,Tigres UANL,0,0,,,espn,Querétaro,Tigres UANL,QRO,UANL
espn-499960,2018-01-21,2017,regular,Santos,Club Atlético Morelia,1,0,,,espn,Santos,Club Atlético Morelia,SAN,MOR
espn-499961,2018-01-21,2017,regular,Pumas UNAM,América,0,0,,,espn,Pumas UNAM,América,UNAM,AME
espn-499958,2018-01-26,2017,regular,Tijuana,Puebla,2,0,,,espn,Tijuana,Puebla,TIJ,PUE
espn-499959,2018-01-26,2017,regular,Club Atlético Morelia,Querétaro,1,0,,,espn,Club Atlético Morelia,Querétaro,MOR,QRO
espn-499953,2018-01-27,2017,regular,América,Atlas,1,0,,,espn,América,Atlas,AME,ATS
espn-499954,2018-01-27,2017,regular,Guadalajara,Monterrey,1,2,,,espn,Guadalajara,Monterrey,GDL,MTY
espn-499955,2018-01-27,2017,regular,León,Necaxa,0,4,,,espn,León,Necaxa,LEO,NCX
espn-499956,2018-01-27,2017,regular,Tigres UANL,Pachuca,3,2,,,espn,Tigres UANL,Pachuca,UANL,PAC
espn-499957,2018-01-27,2017,regular,Lobos BUAP,Pumas UNAM,1,1,,,espn,Lobos BUAP,Pumas UNAM,BUAP,UNAM
espn-499951,2018-01-28,2017,regular,Veracruz,Santos,1,1,,,espn,Veracruz,Santos,VER,SAN
espn-499952,2018-01-28,2017,regular,Toluca,Cruz Azul,1,1,,,espn,Toluca,Cruz Azul,TOL,CAZ
espn-499949,2018-02-02,2017,regular,Atlas,Cruz Azul,2,1,,,espn,Atlas,Cruz Azul,ATS,CAZ
espn-499950,2018-02-02,2017,regular,Puebla,Guadalajara,2,0,,,espn,Puebla,Guadalajara,PUE,GDL
espn-499942,2018-02-03,2017,regular,Santos,Tijuana,0,0,,,espn,Santos,Tijuana,SAN,TIJ
espn-499944,2018-02-03,2017,regular,América,Lobos BUAP,5,1,,,espn,América,Lobos BUAP,AME,BUAP
espn-499945,2018-02-03,2017,regular,Necaxa,Toluca,0,0,,,espn,Necaxa,Toluca,NCX,TOL
espn-499946,2018-02-03,2017,regular,Pachuca,Club Atlético Morelia,2,3,,,espn,Pachuca,Club Atlético Morelia,PAC,MOR
espn-499947,2018-02-03,2017,regular,Monterrey,León,5,1,,,espn,Monterrey,León,MTY,LEO
espn-499948,2018-02-03,2017,regular,Querétaro,Veracruz,0,1,,,espn,Querétaro,Veracruz,QRO,VER
espn-499943,2018-02-04,2017,regular,Pumas UNAM,Tigres UANL,2,0,,,espn,Pumas UNAM,Tigres UANL,UNAM,UANL
espn-499940,2018-02-09,2017,regular,Tijuana,Querétaro,0,2,,,espn,Tijuana,Querétaro,TIJ,QRO
espn-499941,2018-02-09,2017,regular,Club Atlético Morelia,Pumas UNAM,1,2,,,espn,Club Atlético Morelia,Pumas UNAM,MOR,UNAM
espn-499935,2018-02-10,2017,regular,Guadalajara,Santos,0,2,,,espn,Guadalajara,Santos,GDL,SAN
espn-499936,2018-02-10,2017,regular,León,Puebla,2,1,,,espn,León,Puebla,LEO,PUE
espn-499937,2018-02-10,2017,regular,Tigres UANL,América,1,1,,,espn,Tigres UANL,América,UANL,AME
espn-499938,2018-02-10,2017,regular,Lobos BUAP,Atlas,3,1,,,espn,Lobos BUAP,Atlas,BUAP,ATS
espn-499939,2018-02-10,2017,regular,Cruz Azul,Necaxa,0,2,,,espn,Cruz Azul,Necaxa,CAZ,NCX
espn-499933,2018-02-11,2017,regular,Veracruz,Pachuca,0,1,,,espn,Veracruz,Pachuca,VER,PAC
espn-499934,2018-02-11,2017,regular,Toluca,Monterrey,2,1,,,espn,Toluca,Monterrey,TOL,MTY
espn-499930,2018-02-13,2017,regular,América,Club Atlético Morelia,4,1,,,espn,América,Club Atlético Morelia,AME,MOR
espn-499931,2018-02-13,2017,regular,Atlas,Necaxa,1,1,,,espn,Atlas,Necaxa,ATS,NCX
espn-499932,2018-02-13,2017,regular,Lobos BUAP,Tigres UANL,0,0,,,espn,Lobos BUAP,Tigres UANL,BUAP,UANL
espn-499924,2018-02-14,2017,regular,Monterrey,Cruz Azul,2,2,,,espn,Monterrey,Cruz Azul,MTY,CAZ
espn-499925,2018-02-14,2017,regular,Querétaro,Guadalajara,2,2,,,espn,Querétaro,Guadalajara,QRO,GDL
espn-499926,2018-02-14,2017,regular,Pachuca,Tijuana,2,0,,,espn,Pachuca,Tijuana,PAC,TIJ
espn-499927,2018-02-14,2017,regular,Puebla,Toluca,2,0,,,espn,Puebla,Toluca,PUE,TOL
espn-499928,2018-02-14,2017,regular,Pumas UNAM,Veracruz,1,2,,,espn,Pumas UNAM,Veracruz,UNAM,VER
espn-499929,2018-02-14,2017,regular,Santos,León,5,1,,,espn,Santos,León,SAN,LEO
espn-499923,2018-02-16,2017,regular,Club Atlético Morelia,Lobos BUAP,2,1,,,espn,Club Atlético Morelia,Lobos BUAP,MOR,BUAP
espn-499917,2018-02-17,2017,regular,Guadalajara,Pachuca,1,1,,,espn,Guadalajara,Pachuca,GDL,PAC
espn-499918,2018-02-17,2017,regular,Necaxa,Monterrey,3,0,,,espn,Necaxa,Monterrey,NCX,MTY
espn-499919,2018-02-17,2017,regular,Tijuana,Pumas UNAM,4,1,,,espn,Tijuana,Pumas UNAM,TIJ,UNAM
espn-499920,2018-02-17,2017,regular,León,Querétaro,1,1,,,espn,León,Querétaro,LEO,QRO
espn-499921,2018-02-17,2017,regular,Tigres UANL,Atlas,2,0,,,espn,Tigres UANL,Atlas,UANL,ATS
espn-499922,2018-02-17,2017,regular,Cruz Azul,Puebla,1,1,,,espn,Cruz Azul,Puebla,CAZ,PUE
espn-499915,2018-02-18,2017,regular,Veracruz,América,1,1,,,espn,Veracruz,América,VER,AME
espn-499916,2018-02-18,2017,regular,Toluca,Santos,2,0,,,espn,Toluca,Santos,TOL,SAN
espn-499913,2018-02-23,2017,regular,Atlas,Monterrey,0,1,,,espn,Atlas,Monterrey,ATS,MTY
espn-499914,2018-02-23,2017,regular,Puebla,Necaxa,1,1,,,espn,Puebla,Necaxa,PUE,NCX
espn-499908,2018-02-24,2017,regular,América,Tijuana,0,0,,,espn,América,Tijuana,AME,TIJ
espn-499909,2018-02-24,2017,regular,Pachuca,León,2,1,,,espn,Pachuca,León,PAC,LEO
espn-499910,2018-02-24,2017,regular,Tigres UANL,Club Atlético Morelia,2,1,,,espn,Tigres UANL,Club Atlético Morelia,UANL,MOR
espn-499911,2018-02-24,2017,regular,Querétaro,Toluca,0,2,,,espn,Querétaro,Toluca,QRO,TOL
espn-499912,2018-02-24,2017,regular,Lobos BUAP,Veracruz,5,0,,,espn,Lobos BUAP,Veracruz,BUAP,VER
espn-499906,2018-02-25,2017,regular,Santos,Cruz Azul,2,0,,,espn,Santos,Cruz Azul,SAN,CAZ
espn-499907,2018-02-25,2017,regular,Pumas UNAM,Guadalajara,1,1,,,espn,Pumas UNAM,Guadalajara,UNAM,GDL
espn-499904,2018-03-02,2017,regular,Tijuana,Lobos BUAP,3,1,,,espn,Tijuana,Lobos BUAP,TIJ,BUAP
espn-499905,2018-03-02,2017,regular,Club Atlético Morelia,Atlas,2,1,,,espn,Club Atlético Morelia,Atlas,MOR,ATS
espn-499899,2018-03-03,2017,regular,Guadalajara,América,1,1,,,espn,Guadalajara,América,GDL,AME
espn-499900,2018-03-03,2017,regular,Necaxa,Santos,1,2,,,espn,Necaxa,Santos,NCX,SAN
espn-499901,2018-03-03,2017,regular,León,Pumas UNAM,3,0,,,espn,León,Pumas UNAM,LEO,UNAM
espn-499902,2018-03-03,2017,regular,Monterrey,Puebla,1,3,,,espn,Monterrey,Puebla,MTY,PUE
espn-499903,2018-03-03,2017,regular,Cruz Azul,Querétaro,0,1,,,espn,Cruz Azul,Querétaro,CAZ,QRO
espn-499897,2018-03-04,2017,regular,Veracruz,Tigres UANL,0,2,,,espn,Veracruz,Tigres UANL,VER,UANL
espn-499898,2018-03-04,2017,regular,Toluca,Pachuca,2,1,,,espn,Toluca,Pachuca,TOL,PAC
espn-499895,2018-03-09,2017,regular,Atlas,Puebla,1,0,,,espn,Atlas,Puebla,ATS,PUE
espn-499896,2018-03-09,2017,regular,Club Atlético Morelia,Veracruz,2,0,,,espn,Club Atlético Morelia,Veracruz,MOR,VER
espn-499890,2018-03-10,2017,regular,América,León,2,0,,,espn,América,León,AME,LEO
espn-499891,2018-03-10,2017,regular,Tigres UANL,Tijuana,1,0,,,espn,Tigres UANL,Tijuana,UANL,TIJ
espn-499892,2018-03-10,2017,regular,Lobos BUAP,Guadalajara,0,1,,,espn,Lobos BUAP,Guadalajara,BUAP,GDL
espn-499893,2018-03-10,2017,regular,Querétaro,Necaxa,1,1,,,espn,Querétaro,Necaxa,QRO,NCX
espn-499894,2018-03-10,2017,regular,Cruz Azul,Pachuca,5,0,,,espn,Cruz Azul,Pachuca,CAZ,PAC
espn-499888,2018-03-11,2017,regular,Santos,Monterrey,3,2,,,espn,Santos,Monterrey,SAN,MTY
espn-499889,2018-03-11,2017,regular,Pumas UNAM,Toluca,0,1,,,espn,Pumas UNAM,Toluca,UNAM,TOL
espn-499886,2018-03-16,2017,regular,Tijuana,Club Atlético Morelia,1,1,,,espn,Tijuana,Club Atlético Morelia,TIJ,MOR
espn-499887,2018-03-16,2017,regular,Puebla,Santos,0,1,,,espn,Puebla,Santos,PUE,SAN
espn-499879,2018-03-17,2017,regular,León,Lobos BUAP,2,2,,,espn,León,Lobos BUAP,LEO,BUAP
espn-499881,2018-03-17,2017,regular,Guadalajara,Tigres UANL,0,0,,,espn,Guadalajara,Tigres UANL,GDL,UANL
espn-499882,2018-03-17,2017,regular,Necaxa,Pachuca,1,1,,,espn,Necaxa,Pachuca,NCX,PAC
espn-499883,2018-03-17,2017,regular,América,Toluca,1,2,,,espn,América,Toluca,AME,TOL
espn-499884,2018-03-17,2017,regular,Monterrey,Querétaro,3,1,,,espn,Monterrey,Querétaro,MTY,QRO
espn-499885,2018-03-17,2017,regular,Cruz Azul,Pumas UNAM,1,1,,,espn,Cruz Azul,Pumas UNAM,CAZ,UNAM
espn-499880,2018-03-18,2017,regular,Veracruz,Atlas,3,1,,,espn,Veracruz,Atlas,VER,ATS
espn-499877,2018-03-30,2017,regular,Atlas,Santos,3,2,,,espn,Atlas,Santos,ATS,SAN
espn-499878,2018-03-30,2017,regular,Club Atlético Morelia,Guadalajara,1,2,,,espn,Club Atlético Morelia,Guadalajara,MOR,GDL
espn-499872,2018-03-31,2017,regular,América,Cruz Azul,2,1,,,espn,América,Cruz Azul,AME,CAZ
espn-499873,2018-03-31,2017,regular,Pachuca,Monterrey,1,2,,,espn,Pachuca,Monterrey,PAC,MTY
espn-499874,2018-03-31,2017,regular,Tigres UANL,León,4,1,,,espn,Tigres UANL,León,UANL,LEO
espn-499875,2018-03-31,2017,regular,Querétaro,Puebla,2,1,,,espn,Querétaro,Puebla,QRO,PUE
espn-499876,2018-03-31,2017,regular,Lobos BUAP,Toluca,1,2,,,espn,Lobos BUAP,Toluca,BUAP,TOL
espn-499870,2018-04-01,2017,regular,Veracruz,Tijuana,1,0,,,espn,Veracruz,Tijuana,VER,TIJ
espn-499871,2018-04-01,2017,regular,Pumas UNAM,Necaxa,1,1,,,espn,Pumas UNAM,Necaxa,UNAM,NCX
espn-499868,2018-04-06,2017,regular,Tijuana,Atlas,2,2,,,espn,Tijuana,Atlas,TIJ,ATS
espn-499869,2018-04-06,2017,regular,Puebla,Pachuca,2,6,,,espn,Puebla,Pachuca,PUE,PAC
espn-499863,2018-04-07,2017,regular,Guadalajara,Veracruz,0,1,,,espn,Guadalajara,Veracruz,GDL,VER
espn-499864,2018-04-07,2017,regular,Necaxa,América,1,1,,,espn,Necaxa,América,NCX,AME
espn-499865,2018-04-07,2017,regular,León,Club Atlético Morelia,2,3,,,espn,León,Club Atlético Morelia,LEO,MOR
espn-499866,2018-04-07,2017,regular,Monterrey,Pumas UNAM,2,1,,,espn,Monterrey,Pumas UNAM,MTY,UNAM
espn-499867,2018-04-07,2017,regular,Cruz Azul,Lobos BUAP,1,0,,,espn,Cruz Azul,Lobos BUAP,CAZ,BUAP
espn-499861,2018-04-08,2017,regular,Santos,Querétaro,3,0,,,espn,Santos,Querétaro,SAN,QRO
espn-499862,2018-04-08,2017,regular,Toluca,Tigres UANL,1,0,,,espn,Toluca,Tigres UANL,TOL,UANL
espn-499858,2018-04-13,2017,regular,Tijuana,Guadalajara,3,0,,,espn,Tijuana,Guadalajara,TIJ,GDL
espn-499859,2018-04-13,2017,regular,Atlas,Querétaro,1,0,,,espn,Atlas,Querétaro,ATS,QRO
espn-499854,2018-04-14,2017,regular,América,Monterrey,0,0,,,espn,América,Monterrey,AME,MTY
espn-499855,2018-04-14,2017,regular,Pachuca,Santos,3,1,,,espn,Pachuca,Santos,PAC,SAN
espn-499856,2018-04-14,2017,regular,Tigres UANL,Cruz Azul,2,2,,,espn,Tigres UANL,Cruz Azul,UANL,CAZ
espn-499857,2018-04-14,2017,regular,Lobos BUAP,Necaxa,0,1,,,espn,Lobos BUAP,Necaxa,BUAP,NCX
espn-499860,2018-04-14,2017,regular,Club Atlético Morelia,Toluca,0,1,,,espn,Club Atlético Morelia,Toluca,MOR,TOL
espn-499852,2018-04-15,2017,regular,Veracruz,León,1,2,,,espn,Veracruz,León,VER,LEO
espn-499853,2018-04-15,2017,regular,Pumas UNAM,Puebla,4,2,,,espn,Pumas UNAM,Puebla,UNAM,PUE
espn-499850,2018-04-20,2017,regular,Atlas,Guadalajara,1,0,,,espn,Atlas,Guadalajara,ATS,GDL
espn-499851,2018-04-20,2017,regular,Puebla,América,3,1,,,espn,Puebla,América,PUE,AME
espn-499845,2018-04-21,2017,regular,Necaxa,Tigres UANL,1,1,,,espn,Necaxa,Tigres UANL,NCX,UANL
espn-499846,2018-04-21,2017,regular,León,Tijuana,1,1,,,espn,León,Tijuana,LEO,TIJ
espn-499847,2018-04-21,2017,regular,Monterrey,Lobos BUAP,4,0,,,espn,Monterrey,Lobos BUAP,MTY,BUAP
espn-499848,2018-04-21,2017,regular,Cruz Azul,Club Atlético Morelia,2,0,,,espn,Cruz Azul,Club Atlético Morelia,CAZ,MOR
espn-499849,2018-04-21,2017,regular,Querétaro,Pachuca,0,0,,,espn,Querétaro,Pachuca,QRO,PAC
espn-499843,2018-04-22,2017,regular,Santos,Pumas UNAM,1,2,,,espn,Santos,Pumas UNAM,SAN,UNAM
espn-499844,2018-04-22,2017,regular,Toluca,Veracruz,3,0,,,espn,Toluca,Veracruz,TOL,VER
espn-499841,2018-04-27,2017,regular,Tijuana,Toluca,1,0,,,espn,Tijuana,Toluca,TIJ,TOL
espn-499842,2018-04-27,2017,regular,Club Atlético Morelia,Necaxa,2,2,,,espn,Club Atlético Morelia,Necaxa,MOR,NCX
espn-499836,2018-04-28,2017,regular,Guadalajara,León,0,2,,,espn,Guadalajara,León,GDL,LEO
espn-499837,2018-04-28,2017,regular,América,Santos,1,0,,,espn,América,Santos,AME,SAN
espn-499838,2018-04-28,2017,regular,Pachuca,Atlas,0,0,,,espn,Pachuca,Atlas,PAC,ATS
espn-499839,2018-04-28,2017,regular,Tigres UANL,Monterrey,2,2,,,espn,Tigres UANL,Monterrey,UANL,MTY
espn-499840,2018-04-28,2017,regular,Lobos BUAP,Puebla,0,1,,,espn,Lobos BUAP,Puebla,BUAP,PUE
espn-499834,2018-04-29,2017,regular,Veracruz,Cruz Azul,1,2,,,espn,Veracruz,Cruz Azul,VER,CAZ
espn-499835,2018-04-29,2017,regular,Pumas UNAM,Querétaro,1,1,,,espn,Pumas UNAM,Querétaro,UNAM,QRO
espn-510298,2018-05-02,2017,regular,Pumas UNAM,América,1,4,,,espn,Pumas UNAM,América,UNAM,AME
espn-510299,2018-05-02,2017,regular,Tijuana,Monterrey,1,1,,,espn,Tijuana,Monterrey,TIJ,MTY
espn-510300,2018-05-03,2017,regular,Tigres UANL,Santos,2,0,,,espn,Tigres UANL,Santos,UANL,SAN
espn-510301,2018-05-03,2017,regular,Club Atlético Morelia,Toluca,2,2,,,espn,Club Atlético Morelia,Toluca,MOR,TOL
espn-510295,2018-05-05,2017,regular,América,Pumas UNAM,2,1,,,espn,América,Pumas UNAM,AME,UNAM
espn-510297,2018-05-05,2017,regular,Monterrey,Tijuana,1,2,,,espn,Monterrey,Tijuana,MTY,TIJ
espn-510294,2018-05-06,2017,regular,Toluca,Club Atlético Morelia,2,2,,,espn,Toluca,Club Atlético Morelia,TOL,MOR
espn-510296,2018-05-06,2017,regular,Santos,Tigres UANL,2,0,,,espn,Santos,Tigres UANL,SAN,UANL
espn-510439,2018-05-10,2017,regular,Santos,América,4,1,,,espn,Santos,América,SAN,AME
espn-510440,2018-05-10,2017,regular,Tijuana,Toluca,2,1,,,espn,Tijuana,Toluca,TIJ,TOL
espn-510437,2018-05-13,2017,regular,América,Santos,2,2,,,espn,América,Santos,AME,SAN
espn-510438,2018-05-13,2017,regular,Toluca,Tijuana,4,1,,,espn,Toluca,Tijuana,TOL,TIJ
espn-510794,2018-05-17,2017,regular,Santos,Toluca,2,1,,,espn,Santos,Toluca,SAN,TOL
espn-510793,2018-05-20,2017,regular,Toluca,Santos,1,1,,,espn,Toluca,Santos,TOL,SAN
espn-517052,2018-07-20,2018,regular,Atlas,Querétaro,0,0,,,espn,Atlas,Querétaro,ATS,QRO
espn-517053,2018-07-20,2018,regular,Veracruz,Pumas UNAM,0,2,,,espn,Veracruz,Pumas UNAM,VER,UNAM
espn-517047,2018-07-21,2018,regular,Cruz Azul,Puebla,3,0,,,espn,Cruz Azul,Puebla,CAZ,PUE
espn-517049,2018-07-21,2018,regular,Tijuana,Guadalajara,2,1,,,espn,Tijuana,Guadalajara,TIJ,GDL
espn-517050,2018-07-21,2018,regular,Tigres UANL,León,2,0,,,espn,Tigres UANL,León,UANL,LEO
espn-517051,2018-07-21,2018,regular,Pachuca,Monterrey,0,1,,,espn,Pachuca,Monterrey,PAC,MTY
espn-517045,2018-07-22,2018,regular,Necaxa,América,2,1,,,espn,Necaxa,América,NCX,AME
espn-517046,2018-07-22,2018,regular,Santos,Lobos BUAP,2,1,,,espn,Santos,Lobos BUAP,SAN,BUAP
espn-517048,2018-07-22,2018,regular,Toluca,Club Atlético Morelia,2,0,,,espn,Toluca,Club Atlético Morelia,TOL,MOR
espn-516973,2018-07-27,2018,regular,Puebla,Toluca,2,1,,,espn,Puebla,Toluca,PUE,TOL
espn-517044,2018-07-27,2018,regular,Club Atlético Morelia,Santos,3,1,,,espn,Club Atlético Morelia,Santos,MOR,SAN
espn-517039,2018-07-28,2018,regular,Querétaro,Pachuca,1,0,,,espn,Querétaro,Pachuca,QRO,PAC
espn-517042,2018-07-28,2018,regular,Guadalajara,Cruz Azul,0,1,,,espn,Guadalajara,Cruz Azul,GDL,CAZ
espn-517043,2018-07-28,2018,regular,América,Atlas,3,0,,,espn,América,Atlas,AME,ATS
espn-517037,2018-07-29,2018,regular,León,Monterrey,0,2,,,espn,León,Monterrey,LEO,MTY
espn-517038,2018-07-29,2018,regular,Tigres UANL,Tijuana,1,0,,,espn,Tigres UANL,Tijuana,UANL,TIJ
espn-517040,2018-07-29,2018,regular,Lobos BUAP,Veracruz,2,0,,,espn,Lobos BUAP,Veracruz,BUAP,VER
espn-517041,2018-07-29,2018,regular,Pumas UNAM,Necaxa,5,3,,,espn,Pumas UNAM,Necaxa,UNAM,NCX
espn-517033,2018-08-03,2018,regular,Atlas,Pumas UNAM,0,3,,,espn,Atlas,Pumas UNAM,ATS,UNAM
espn-517034,2018-08-03,2018,regular,Veracruz,Club Atlético Morelia,2,2,,,espn,Veracruz,Club Atlético Morelia,VER,MOR
espn-517028,2018-08-04,2018,regular,Necaxa,Lobos BUAP,1,0,,,espn,Necaxa,Lobos BUAP,NCX,BUAP
espn-517030,2018-08-04,2018,regular,Monterrey,Querétaro,2,1,,,espn,Monterrey,Querétaro,MTY,QRO
espn-517031,2018-08-04,2018,regular,Cruz Azul,Tigres UANL,1,0,,,espn,Cruz Azul,Tigres UANL,CAZ,UANL
espn-517032,2018-08-04,2018,regular,Pachuca,América,1,3,,,espn,Pachuca,América,PAC,AME
espn-517026,2018-08-05,2018,regular,Tijuana,León,1,1,,,espn,Tijuana,León,TIJ,LEO
espn-517027,2018-08-05,2018,regular,Santos,Puebla,2,0,,,espn,Santos,Puebla,SAN,PUE
espn-517029,2018-08-05,2018,regular,Toluca,Guadalajara,2,2,,,espn,Toluca,Guadalajara,TOL,GDL
espn-517024,2018-08-10,2018,regular,Club Atlético Morelia,Necaxa,2,1,,,espn,Club Atlético Morelia,Necaxa,MOR,NCX
espn-517025,2018-08-10,2018,regular,Puebla,Veracruz,1,2,,,espn,Puebla,Veracruz,PUE,VER
espn-517019,2018-08-11,2018,regular,Lobos BUAP,Atlas,0,0,,,espn,Lobos BUAP,Atlas,BUAP,ATS
espn-517021,2018-08-11,2018,regular,América,Monterrey,3,0,,,espn,América,Monterrey,AME,MTY
espn-517022,2018-08-11,2018,regular,León,Querétaro,4,0,,,espn,León,Querétaro,LEO,QRO
espn-517023,2018-08-11,2018,regular,Tigres UANL,Toluca,1,2,,,espn,Tigres UANL,Toluca,UANL,TOL
espn-517017,2018-08-12,2018,regular,Tijuana,Cruz Azul,1,1,,,espn,Tijuana,Cruz Azul,TIJ,CAZ
espn-517018,2018-08-12,2018,regular,Guadalajara,Santos,1,2,,,espn,Guadalajara,Santos,GDL,SAN
espn-517020,2018-08-12,2018,regular,Pumas UNAM,Pachuca,0,0,,,espn,Pumas UNAM,Pachuca,UNAM,PAC
espn-517015,2018-08-17,2018,regular,Atlas,Club Atlético Morelia,0,1,,,espn,Atlas,Club Atlético Morelia,ATS,MOR
espn-517016,2018-08-17,2018,regular,Veracruz,Guadalajara,0,2,,,espn,Veracruz,Guadalajara,VER,GDL
espn-517009,2018-08-18,2018,regular,Cruz Azul,León,3,0,,,espn,Cruz Azul,León,CAZ,LEO
espn-517011,2018-08-18,2018,regular,Querétaro,América,1,1,,,espn,Querétaro,América,QRO,AME
espn-517012,2018-08-18,2018,regular,Necaxa,Puebla,2,2,,,espn,Necaxa,Puebla,NCX,PUE
espn-517013,2018-08-18,2018,regular,Monterrey,Pumas UNAM,1,0,,,espn,Monterrey,Pumas UNAM,MTY,UNAM
espn-517014,2018-08-18,2018,regular,Pachuca,Lobos BUAP,3,0,,,espn,Pachuca,Lobos BUAP,PAC,BUAP
espn-517008,2018-08-19,2018,regular,Santos,Tigres UANL,3,1,,,espn,Santos,Tigres UANL,SAN,UANL
espn-517010,2018-08-19,2018,regular,Toluca,Tijuana,3,0,,,espn,Toluca,Tijuana,TOL,TIJ
espn-517004,2018-08-21,2018,regular,Puebla,Atlas,2,0,,,espn,Puebla,Atlas,PUE,ATS
espn-517005,2018-08-21,2018,regular,Guadalajara,Necaxa,1,0,,,espn,Guadalajara,Necaxa,GDL,NCX
espn-517006,2018-08-21,2018,regular,Club Atlético Morelia,Pachuca,1,1,,,espn,Club Atlético Morelia,Pachuca,MOR,PAC
espn-517007,2018-08-21,2018,regular,Pumas UNAM,Querétaro,0,1,,,espn,Pumas UNAM,Querétaro,UNAM,QRO
espn-516999,2018-08-22,2018,regular,Tijuana,Santos,2,2,,,espn,Tijuana,Santos,TIJ,SAN
espn-517000,2018-08-22,2018,regular,León,América,2,0,,,espn,León,América,LEO,AME
espn-517001,2018-08-22,2018,regular,Lobos BUAP,Monterrey,1,2,,,espn,Lobos BUAP,Monterrey,BUAP,MTY
espn-517002,2018-08-22,2018,regular,Cruz Azul,Toluca,1,0,,,espn,Cruz Azul,Toluca,CAZ,TOL
espn-517003,2018-08-22,2018,regular,Tigres UANL,Veracruz,4,0,,,espn,Tigres UANL,Veracruz,UANL,VER
espn-516998,2018-08-24,2018,regular,Atlas,Guadalajara,0,1,,,espn,Atlas,Guadalajara,ATS,GDL
espn-516991,2018-08-25,2018,regular,Veracruz,Tijuana,1,0,,,espn,Veracruz,Tijuana,VER,TIJ
espn-516992,2018-08-25,2018,regular,Pachuca,Puebla,2,0,,,espn,Pachuca,Puebla,PAC,PUE
espn-516995,2018-08-25,2018,regular,Monterrey,Club Atlético Morelia,2,2,,,espn,Monterrey,Club Atlético Morelia,MTY,MOR
espn-516996,2018-08-25,2018,regular,América,Pumas UNAM,2,2,,,espn,América,Pumas UNAM,AME,UNAM
espn-516997,2018-08-25,2018,regular,Necaxa,Tigres UANL,1,1,,,espn,Necaxa,Tigres UANL,NCX,UANL
espn-516990,2018-08-26,2018,regular,Santos,Cruz Azul,1,1,,,espn,Santos,Cruz Azul,SAN,CAZ
espn-516993,2018-08-26,2018,regular,Toluca,León,1,2,,,espn,Toluca,León,TOL,LEO
espn-516994,2018-08-26,2018,regular,Querétaro,Lobos BUAP,2,0,,,espn,Querétaro,Lobos BUAP,QRO,BUAP
espn-516987,2018-08-31,2018,regular,Puebla,Monterrey,2,1,,,espn,Puebla,Monterrey,PUE,MTY
espn-516988,2018-08-31,2018,regular,Tijuana,Necaxa,1,0,,,espn,Tijuana,Necaxa,TIJ,NCX
espn-516989,2018-08-31,2018,regular,Club Atlético Morelia,Querétaro,1,4,,,espn,Club Atlético Morelia,Querétaro,MOR,QRO
espn-516983,2018-09-01,2018,regular,Cruz Azul,Veracruz,4,1,,,espn,Cruz Azul,Veracruz,CAZ,VER
espn-516984,2018-09-01,2018,regular,Guadalajara,Pachuca,1,3,,,espn,Guadalajara,Pachuca,GDL,PAC
espn-516985,2018-09-01,2018,regular,Tigres UANL,Atlas,3,1,,,espn,Tigres UANL,Atlas,UANL,ATS
espn-516986,2018-09-01,2018,regular,León,Pumas UNAM,1,2,,,espn,León,Pumas UNAM,LEO,UNAM
espn-517035,2018-09-02,2018,regular,Lobos BUAP,América,0,2,,,espn,Lobos BUAP,América,BUAP,AME
espn-517036,2018-09-02,2018,regular,Toluca,Santos,2,1,,,espn,Toluca,Santos,TOL,SAN
espn-516982,2018-09-14,2018,regular,Veracruz,Toluca,2,3,,,espn,Veracruz,Toluca,VER,TOL
espn-516975,2018-09-15,2018,regular,Querétaro,Puebla,0,1,,,espn,Querétaro,Puebla,QRO,PUE
espn-516977,2018-09-15,2018,regular,Necaxa,Cruz Azul,2,0,,,espn,Necaxa,Cruz Azul,NCX,CAZ
espn-516978,2018-09-15,2018,regular,Monterrey,Guadalajara,2,4,,,espn,Monterrey,Guadalajara,MTY,GDL
espn-516979,2018-09-15,2018,regular,América,Club Atlético Morelia,2,1,,,espn,América,Club Atlético Morelia,AME,MOR
espn-516980,2018-09-15,2018,regular,Pachuca,Tigres UANL,1,1,,,espn,Pachuca,Tigres UANL,PAC,UANL
espn-516974,2018-09-16,2018,regular,Atlas,Tijuana,0,1,,,espn,Atlas,Tijuana,ATS,TIJ
espn-516976,2018-09-16,2018,regular,Pumas UNAM,Lobos BUAP,4,2,,,espn,Pumas UNAM,Lobos BUAP,UNAM,BUAP
espn-516981,2018-09-16,2018,regular,Santos,León,3,0,,,espn,Santos,León,SAN,LEO
espn-516971,2018-09-21,2018,regular,Puebla,América,2,3,,,espn,Puebla,América,PUE,AME
espn-516972,2018-09-21,2018,regular,Club Atlético Morelia,Pumas UNAM,0,0,,,espn,Club Atlético Morelia,Pumas UNAM,MOR,UNAM
espn-516964,2018-09-22,2018,regular,León,Lobos BUAP,0,1,,,espn,León,Lobos BUAP,LEO,BUAP
espn-516966,2018-09-22,2018,regular,Toluca,Necaxa,3,2,,,espn,Toluca,Necaxa,TOL,NCX
espn-516968,2018-09-22,2018,regular,Cruz Azul,Atlas,2,0,,,espn,Cruz Azul,Atlas,CAZ,ATS
espn-516969,2018-09-22,2018,regular,Tijuana,Pachuca,1,0,,,espn,Tijuana,Pachuca,TIJ,PAC
espn-516965,2018-09-23,2018,regular,Santos,Veracruz,1,1,,,espn,Santos,Veracruz,SAN,VER
espn-516967,2018-09-23,2018,regular,Guadalajara,Querétaro,1,1,,,espn,Guadalajara,Querétaro,GDL,QRO
espn-516970,2018-09-23,2018,regular,Tigres UANL,Monterrey,0,0,,,espn,Tigres UANL,Monterrey,UANL,MTY
espn-516962,2018-09-28,2018,regular,Atlas,Toluca,2,0,,,espn,Atlas,Toluca,ATS,TOL
espn-516963,2018-09-28,2018,regular,Veracruz,León,0,4,,,espn,Veracruz,León,VER,LEO
espn-516956,2018-09-29,2018,regular,Querétaro,Tigres UANL,0,2,,,espn,Querétaro,Tigres UANL,QRO,UANL
espn-516959,2018-09-29,2018,regular,Necaxa,Santos,0,1,,,espn,Necaxa,Santos,NCX,SAN
espn-516960,2018-09-29,2018,regular,Monterrey,Tijuana,3,0,,,espn,Monterrey,Tijuana,MTY,TIJ
espn-516961,2018-09-29,2018,regular,Pachuca,Cruz Azul,3,1,,,espn,Pachuca,Cruz Azul,PAC,CAZ
espn-516955,2018-09-30,2018,regular,América,Guadalajara,1,1,,,espn,América,Guadalajara,AME,GDL
espn-516957,2018-09-30,2018,regular,Lobos BUAP,Club Atlético Morelia,3,1,,,espn,Lobos BUAP,Club Atlético Morelia,BUAP,MOR
espn-516958,2018-09-30,2018,regular,Pumas UNAM,Puebla,2,2,,,espn,Pumas UNAM,Puebla,UNAM,PUE
espn-516953,2018-10-05,2018,regular,Veracruz,Necaxa,0,0,,,espn,Veracruz,Necaxa,VER,NCX
espn-516954,2018-10-05,2018,regular,Santos,Atlas,3,1,,,espn,Santos,Atlas,SAN,ATS
espn-516947,2018-10-06,2018,regular,Cruz Azul,Monterrey,2,1,,,espn,Cruz Azul,Monterrey,CAZ,MTY
espn-516949,2018-10-06,2018,regular,Guadalajara,Pumas UNAM,1,2,,,espn,Guadalajara,Pumas UNAM,GDL,UNAM
espn-516950,2018-10-06,2018,regular,Tijuana,Querétaro,1,1,,,espn,Tijuana,Querétaro,TIJ,QRO
espn-516951,2018-10-06,2018,regular,Tigres UANL,América,2,3,,,espn,Tigres UANL,América,UANL,AME
espn-516952,2018-10-06,2018,regular,León,Club Atlético Morelia,1,2,,,espn,León,Club Atlético Morelia,LEO,MOR
espn-516946,2018-10-07,2018,regular,Puebla,Lobos BUAP,2,2,,,espn,Puebla,Lobos BUAP,PUE,BUAP
espn-516948,2018-10-07,2018,regular,Toluca,Pachuca,2,1,,,espn,Toluca,Pachuca,TOL,PAC
espn-516945,2018-10-19,2018,regular,Atlas,Veracruz,4,3,,,espn,Atlas,Veracruz,ATS,VER
espn-516937,2018-10-20,2018,regular,Monterrey,Toluca,2,1,,,espn,Monterrey,Toluca,MTY,TOL
espn-516939,2018-10-20,2018,regular,Querétaro,Cruz Azul,2,0,,,espn,Querétaro,Cruz Azul,QRO,CAZ
espn-516942,2018-10-20,2018,regular,Necaxa,León,0,2,,,espn,Necaxa,León,NCX,LEO
espn-516943,2018-10-20,2018,regular,Pachuca,Santos,1,1,,,espn,Pachuca,Santos,PAC,SAN
espn-516944,2018-10-20,2018,regular,América,Tijuana,3,0,,,espn,América,Tijuana,AME,TIJ
espn-516938,2018-10-21,2018,regular,Club Atlético Morelia,Puebla,2,0,,,espn,Club Atlético Morelia,Puebla,MOR,PUE
espn-516940,2018-10-21,2018,regular,Pumas UNAM,Tigres UANL,3,3,,,espn,Pumas UNAM,Tigres UANL,UNAM,UANL
espn-516941,2018-10-21,2018,regular,Lobos BUAP,Guadalajara,1,1,,,espn,Lobos BUAP,Guadalajara,BUAP,GDL
espn-516935,2018-10-26,2018,regular,Veracruz,Pachuca,2,3,,,espn,Veracruz,Pachuca,VER,PAC
espn-516936,2018-10-26,2018,regular,Santos,Monterrey,1,0,,,espn,Santos,Monterrey,SAN,MTY
espn-516929,2018-10-27,2018,regular,Necaxa,Atlas,2,2,,,espn,Necaxa,Atlas,NCX,ATS
espn-516931,2018-10-27,2018,regular,Cruz Azul,América,0,0,,,espn,Cruz Azul,América,CAZ,AME
espn-516932,2018-10-27,2018,regular,Tijuana,Pumas UNAM,0,1,,,espn,Tijuana,Pumas UNAM,TIJ,UNAM
espn-516933,2018-10-27,2018,regular,Tigres UANL,Lobos BUAP,2,2,,,espn,Tigres UANL,Lobos BUAP,UANL,BUAP
espn-516934,2018-10-27,2018,regular,Guadalajara,Club Atlético Morelia,1,2,,,espn,Guadalajara,Club Atlético Morelia,GDL,MOR
espn-516928,2018-10-28,2018,regular,León,Puebla,0,4,,,espn,León,Puebla,LEO,PUE
espn-516930,2018-10-28,2018,regular,Toluca,Querétaro,4,0,,,espn,Toluca,Querétaro,TOL,QRO
espn-516925,2018-11-02,2018,regular,Puebla,Guadalajara,2,2,,,espn,Puebla,Guadalajara,PUE,GDL
espn-516927,2018-11-02,2018,regular,Club Atlético Morelia,Tigres UANL,0,2,,,espn,Club Atlético Morelia,Tigres UANL,MOR,UANL
espn-516920,2018-11-03,2018,regular,Pachuca,Necaxa,6,2,,,espn,Pachuca,Necaxa,PAC,NCX
espn-516923,2018-11-03,2018,regular,Lobos BUAP,Tijuana,3,1,,,espn,Lobos BUAP,Tijuana,BUAP,TIJ
espn-516924,2018-11-03,2018,regular,América,Toluca,1,1,,,espn,América,Toluca,AME,TOL
espn-516926,2018-11-03,2018,regular,Monterrey,Veracruz,2,0,,,espn,Monterrey,Veracruz,MTY,VER
espn-516919,2018-11-04,2018,regular,Atlas,León,0,0,,,espn,Atlas,León,ATS,LEO
espn-516921,2018-11-04,2018,regular,Querétaro,Santos,2,1,,,espn,Querétaro,Santos,QRO,SAN
espn-516922,2018-11-04,2018,regular,Pumas UNAM,Cruz Azul,1,2,,,espn,Pumas UNAM,Cruz Azul,UNAM,CAZ
espn-516917,2018-11-09,2018,regular,Atlas,Pachuca,0,0,,,espn,Atlas,Pachuca,ATS,PAC
espn-516918,2018-11-09,2018,regular,Veracruz,Querétaro,2,2,,,espn,Veracruz,Querétaro,VER,QRO
espn-516911,2018-11-10,2018,regular,Cruz Azul,Lobos BUAP,2,1,,,espn,Cruz Azul,Lobos BUAP,CAZ,BUAP
espn-516913,2018-11-10,2018,regular,Necaxa,Monterrey,1,1,,,espn,Necaxa,Monterrey,NCX,MTY
espn-516914,2018-11-10,2018,regular,Tijuana,Club Atlético Morelia,2,3,,,espn,Tijuana,Club Atlético Morelia,TIJ,MOR
espn-516915,2018-11-10,2018,regular,León,Guadalajara,0,1,,,espn,León,Guadalajara,LEO,GDL
espn-516916,2018-11-10,2018,regular,Tigres UANL,Puebla,6,1,,,espn,Tigres UANL,Puebla,UANL,PUE
espn-516910,2018-11-11,2018,regular,Santos,América,1,1,,,espn,Santos,América,SAN,AME
espn-516912,2018-11-11,2018,regular,Toluca,Pumas UNAM,0,1,,,espn,Toluca,Pumas UNAM,TOL,UNAM
espn-516907,2018-11-23,2018,regular,Puebla,Tijuana,0,0,,,espn,Puebla,Tijuana,PUE,TIJ
espn-516908,2018-11-23,2018,regular,Club Atlético Morelia,Cruz Azul,0,2,,,espn,Club Atlético Morelia,Cruz Azul,MOR,CAZ
espn-516901,2018-11-24,2018,regular,Querétaro,Necaxa,1,0,,,espn,Querétaro,Necaxa,QRO,NCX
espn-516903,2018-11-24,2018,regular,Monterrey,Atlas,3,1,,,espn,Monterrey,Atlas,MTY,ATS
espn-516904,2018-11-24,2018,regular,Guadalajara,Tigres UANL,0,1,,,espn,Guadalajara,Tigres UANL,GDL,UANL
espn-516905,2018-11-24,2018,regular,Pachuca,León,1,1,,,espn,Pachuca,León,PAC,LEO
espn-516906,2018-11-24,2018,regular,América,Veracruz,4,1,,,espn,América,Veracruz,AME,VER
espn-516902,2018-11-25,2018,regular,Lobos BUAP,Toluca,2,0,,,espn,Lobos BUAP,Toluca,BUAP,TOL
espn-516909,2018-11-25,2018,regular,Pumas UNAM,Santos,1,1,,,espn,Pumas UNAM,Santos,UNAM,SAN
espn-528573,2018-11-28,2018,regular,Querétaro,Cruz Azul,0,2,,,espn,Querétaro,Cruz Azul,QRO,CAZ
espn-528576,2018-11-28,2018,regular,Monterrey,Santos,1,0,,,espn,Monterrey,Santos,MTY,SAN
espn-528574,2018-11-29,2018,regular,Tigres UANL,Pumas UNAM,2,1,,,espn,Tigres UANL,Pumas UNAM,UANL,UNAM
espn-528575,2018-11-29,2018,regular,Toluca,América,2,2,,,espn,Toluca,América,TOL,AME
espn-528569,2018-12-01,2018,regular,Cruz Azul,Querétaro,1,1,,,espn,Cruz Azul,Querétaro,CAZ,QRO
espn-528571,2018-12-01,2018,regular,Santos,Monterrey,0,2,,,espn,Santos,Monterrey,SAN,MTY
espn-528570,2018-12-02,2018,regular,Pumas UNAM,Tigres UANL,3,1,,,espn,Pumas UNAM,Tigres UANL,UNAM,UANL
espn-528583,2018-12-02,2018,regular,América,Toluca,3,2,,,espn,América,Toluca,AME,TOL
espn-528843,2018-12-05,2018,regular,Monterrey,Cruz Azul,1,0,,,espn,Monterrey,Cruz Azul,MTY,CAZ
espn-528842,2018-12-06,2018,regular,Pumas UNAM,América,1,1,,,espn,Pumas UNAM,América,UNAM,AME
espn-528841,2018-12-08,2018,regular,Cruz Azul,Monterrey,1,0,,,espn,Cruz Azul,Monterrey,CAZ,MTY
espn-528840,2018-12-09,2018,regular,América,Pumas UNAM,6,1,,,espn,América,Pumas UNAM,AME,UNAM
espn-529814,2018-12-13,2018,regular,América,Cruz Azul,0,0,,,espn,América,Cruz Azul,AME,CAZ
espn-529813,2018-12-16,2018,regular,Cruz Azul,América,0,2,,,espn,Cruz Azul,América,CAZ,AME
espn-531922,2019-01-04,2018,regular,Puebla,Cruz Azul,1,1,,,espn,Puebla,Cruz Azul,PUE,CAZ
espn-531923,2019-01-04,2018,regular,Club Atlético Morelia,Toluca,1,3,,,espn,Club Atlético Morelia,Toluca,MOR,TOL
espn-531918,2019-01-05,2018,regular,Guadalajara,Tijuana,2,0,,,espn,Guadalajara,Tijuana,GDL,TIJ
espn-531919,2019-01-05,2018,regular,León,Tigres UANL,2,2,,,espn,León,Tigres UANL,LEO,UANL
espn-531920,2019-01-05,2018,regular,Querétaro,Atlas,1,2,,,espn,Querétaro,Atlas,QRO,ATS
espn-531921,2019-01-05,2018,regular,Monterrey,Pachuca,5,0,,,espn,Monterrey,Pachuca,MTY,PAC
espn-531916,2019-01-06,2018,regular,Lobos BUAP,Santos,2,0,,,espn,Lobos BUAP,Santos,BUAP,SAN
espn-531917,2019-01-06,2018,regular,Pumas UNAM,Veracruz,0,0,,,espn,Pumas UNAM,Veracruz,UNAM,VER
espn-531913,2019-01-11,2018,regular,Atlas,América,1,2,,,espn,Atlas,América,ATS,AME
espn-531914,2019-01-11,2018,regular,Veracruz,Lobos BUAP,0,1,,,espn,Veracruz,Lobos BUAP,VER,BUAP
espn-531908,2019-01-12,2018,regular,Necaxa,Pumas UNAM,2,1,,,espn,Necaxa,Pumas UNAM,NCX,UNAM
espn-531909,2019-01-12,2018,regular,Tijuana,Tigres UANL,0,3,,,espn,Tijuana,Tigres UANL,TIJ,UANL
espn-531910,2019-01-12,2018,regular,Cruz Azul,Guadalajara,0,1,,,espn,Cruz Azul,Guadalajara,CAZ,GDL
espn-531911,2019-01-12,2018,regular,Pachuca,Querétaro,3,0,,,espn,Pachuca,Querétaro,PAC,QRO
espn-531912,2019-01-12,2018,regular,Monterrey,León,2,2,,,espn,Monterrey,León,MTY,LEO
espn-531906,2019-01-13,2018,regular,Santos,Club Atlético Morelia,1,0,,,espn,Santos,Club Atlético Morelia,SAN,MOR
espn-531907,2019-01-13,2018,regular,Toluca,Puebla,2,0,,,espn,Toluca,Puebla,TOL,PUE
espn-531904,2019-01-18,2018,regular,Puebla,Santos,1,1,,,espn,Puebla,Santos,PUE,SAN
espn-531905,2019-01-18,2018,regular,Club Atlético Morelia,Veracruz,2,0,,,espn,Club Atlético Morelia,Veracruz,MOR,VER
espn-531901,2019-01-19,2018,regular,Tigres UANL,Cruz Azul,0,1,,,espn,Tigres UANL,Cruz Azul,UANL,CAZ
espn-531902,2019-01-19,2018,regular,América,Pachuca,3,0,,,espn,América,Pachuca,AME,PAC
espn-531903,2019-01-19,2018,regular,Querétaro,Monterrey,1,2,,,espn,Querétaro,Monterrey,QRO,MTY
espn-531897,2019-01-20,2018,regular,León,Tijuana,0,1,,,espn,León,Tijuana,LEO,TIJ
espn-531898,2019-01-20,2018,regular,Guadalajara,Toluca,1,0,,,espn,Guadalajara,Toluca,GDL,TOL
espn-531899,2019-01-20,2018,regular,Lobos BUAP,Necaxa,2,3,,,espn,Lobos BUAP,Necaxa,BUAP,NCX
espn-531900,2019-01-20,2018,regular,Pumas UNAM,Atlas,2,2,,,espn,Pumas UNAM,Atlas,UNAM,ATS
espn-531895,2019-01-25,2018,regular,Atlas,Lobos BUAP,3,1,,,espn,Atlas,Lobos BUAP,ATS,BUAP
espn-531896,2019-01-25,2018,regular,Veracruz,Puebla,0,1,,,espn,Veracruz,Puebla,VER,PUE
espn-531891,2019-01-26,2018,regular,Necaxa,Club Atlético Morelia,0,0,,,espn,Necaxa,Club Atlético Morelia,NCX,MOR
espn-531892,2019-01-26,2018,regular,Pachuca,Pumas UNAM,1,0,,,espn,Pachuca,Pumas UNAM,PAC,UNAM
espn-531893,2019-01-26,2018,regular,Monterrey,América,3,2,,,espn,Monterrey,América,MTY,AME
espn-531894,2019-01-26,2018,regular,Cruz Azul,Tijuana,1,0,,,espn,Cruz Azul,Tijuana,CAZ,TIJ
espn-531888,2019-01-27,2018,regular,Santos,Guadalajara,1,0,,,espn,Santos,Guadalajara,SAN,GDL
espn-531889,2019-01-27,2018,regular,Querétaro,León,0,4,,,espn,Querétaro,León,QRO,LEO
espn-531890,2019-01-27,2018,regular,Toluca,Tigres UANL,0,1,,,espn,Toluca,Tigres UANL,TOL,UANL
espn-531886,2019-02-01,2018,regular,Puebla,Necaxa,1,4,,,espn,Puebla,Necaxa,PUE,NCX
espn-531887,2019-02-01,2018,regular,Club Atlético Morelia,Atlas,1,2,,,espn,Club Atlético Morelia,Atlas,MOR,ATS
espn-531882,2019-02-02,2018,regular,Tijuana,Toluca,2,0,,,espn,Tijuana,Toluca,TIJ,TOL
espn-531883,2019-02-02,2018,regular,León,Cruz Azul,2,0,,,espn,León,Cruz Azul,LEO,CAZ
espn-531884,2019-02-02,2018,regular,Tigres UANL,Santos,2,1,,,espn,Tigres UANL,Santos,UANL,SAN
espn-531885,2019-02-02,2018,regular,América,Querétaro,2,0,,,espn,América,Querétaro,AME,QRO
espn-531880,2019-02-03,2018,regular,Lobos BUAP,Pachuca,1,1,,,espn,Lobos BUAP,Pachuca,BUAP,PAC
espn-531881,2019-02-03,2018,regular,Pumas UNAM,Monterrey,1,1,,,espn,Pumas UNAM,Monterrey,UNAM,MTY
espn-531879,2019-02-04,2018,regular,Guadalajara,Veracruz,0,0,,,espn,Guadalajara,Veracruz,GDL,VER
espn-531877,2019-02-08,2018,regular,Atlas,Puebla,1,2,,,espn,Atlas,Puebla,ATS,PUE
espn-531878,2019-02-08,2018,regular,Veracruz,Tigres UANL,0,2,,,espn,Veracruz,Tigres UANL,VER,UANL
espn-531872,2019-02-09,2018,regular,Necaxa,Guadalajara,3,3,,,espn,Necaxa,Guadalajara,NCX,GDL
espn-531873,2019-02-09,2018,regular,América,León,0,3,,,espn,América,León,AME,LEO
espn-531874,2019-02-09,2018,regular,Pachuca,Club Atlético Morelia,2,0,,,espn,Pachuca,Club Atlético Morelia,PAC,MOR
espn-531875,2019-02-09,2018,regular,Monterrey,Lobos BUAP,4,0,,,espn,Monterrey,Lobos BUAP,MTY,BUAP
espn-531876,2019-02-09,2018,regular,Querétaro,Pumas UNAM,0,2,,,espn,Querétaro,Pumas UNAM,QRO,UNAM
espn-531870,2019-02-10,2018,regular,Santos,Tijuana,1,1,,,espn,Santos,Tijuana,SAN,TIJ
espn-531871,2019-02-10,2018,regular,Toluca,Cruz Azul,1,1,,,espn,Toluca,Cruz Azul,TOL,CAZ
espn-531867,2019-02-15,2018,regular,Puebla,Pachuca,1,1,,,espn,Puebla,Pachuca,PUE,PAC
espn-531868,2019-02-15,2018,regular,Tijuana,Veracruz,3,0,,,espn,Tijuana,Veracruz,TIJ,VER
espn-531869,2019-02-15,2018,regular,Club Atlético Morelia,Monterrey,2,3,,,espn,Club Atlético Morelia,Monterrey,MOR,MTY
espn-531863,2019-02-16,2018,regular,Guadalajara,Atlas,3,0,,,espn,Guadalajara,Atlas,GDL,ATS
espn-531864,2019-02-16,2018,regular,Tigres UANL,Necaxa,3,2,,,espn,Tigres UANL,Necaxa,UANL,NCX
espn-531865,2019-02-16,2018,regular,León,Toluca,3,0,,,espn,León,Toluca,LEO,TOL
espn-531866,2019-02-16,2018,regular,Cruz Azul,Santos,1,2,,,espn,Cruz Azul,Santos,CAZ,SAN
espn-531861,2019-02-17,2018,regular,Lobos BUAP,Querétaro,3,1,,,espn,Lobos BUAP,Querétaro,BUAP,QRO
espn-531862,2019-02-17,2018,regular,Pumas UNAM,América,1,0,,,espn,Pumas UNAM,América,UNAM,AME
espn-531859,2019-02-22,2018,regular,Atlas,Tigres UANL,0,1,,,espn,Atlas,Tigres UANL,ATS,UANL
espn-531860,2019-02-22,2018,regular,Veracruz,Cruz Azul,1,1,,,espn,Veracruz,Cruz Azul,VER,CAZ
espn-531854,2019-02-23,2018,regular,Pachuca,Guadalajara,3,1,,,espn,Pachuca,Guadalajara,PAC,GDL
espn-531855,2019-02-23,2018,regular,Necaxa,Tijuana,1,2,,,espn,Necaxa,Tijuana,NCX,TIJ
espn-531856,2019-02-23,2018,regular,América,Lobos BUAP,3,0,,,espn,América,Lobos BUAP,AME,BUAP
espn-531857,2019-02-23,2018,regular,Monterrey,Puebla,0,0,,,espn,Monterrey,Puebla,MTY,PUE
espn-531858,2019-02-23,2018,regular,Querétaro,Club Atlético Morelia,3,0,,,espn,Querétaro,Club Atlético Morelia,QRO,MOR
espn-531852,2019-02-24,2018,regular,Santos,Toluca,4,0,,,espn,Santos,Toluca,SAN,TOL
espn-531853,2019-02-24,2018,regular,Pumas UNAM,León,1,3,,,espn,Pumas UNAM,León,UNAM,LEO
espn-531849,2019-03-01,2018,regular,Tijuana,Atlas,3,1,,,espn,Tijuana,Atlas,TIJ,ATS
espn-531850,2019-03-01,2018,regular,Club Atlético Morelia,América,2,2,,,espn,Club Atlético Morelia,América,MOR,AME
espn-531845,2019-03-02,2018,regular,Guadalajara,Monterrey,0,2,,,espn,Guadalajara,Monterrey,GDL,MTY
espn-531846,2019-03-02,2018,regular,Tigres UANL,Pachuca,3,0,,,espn,Tigres UANL,Pachuca,UANL,PAC
espn-531847,2019-03-02,2018,regular,León,Santos,3,0,,,espn,León,Santos,LEO,SAN
espn-531848,2019-03-02,2018,regular,Cruz Azul,Necaxa,2,1,,,espn,Cruz Azul,Necaxa,CAZ,NCX
espn-531843,2019-03-03,2018,regular,Lobos BUAP,Pumas UNAM,2,1,,,espn,Lobos BUAP,Pumas UNAM,BUAP,UNAM
espn-531844,2019-03-03,2018,regular,Toluca,Veracruz,3,1,,,espn,Toluca,Veracruz,TOL,VER
espn-531851,2019-03-04,2018,regular,Puebla,Querétaro,1,0,,,espn,Puebla,Querétaro,PUE,QRO
espn-531915,2019-03-05,2018,regular,América,Necaxa,1,3,,,espn,América,Necaxa,AME,NCX
espn-531841,2019-03-08,2018,regular,Atlas,Cruz Azul,0,2,,,espn,Atlas,Cruz Azul,ATS,CAZ
espn-531842,2019-03-08,2018,regular,Veracruz,Santos,2,2,,,espn,Veracruz,Santos,VER,SAN
espn-531836,2019-03-09,2018,regular,Querétaro,Guadalajara,0,0,,,espn,Querétaro,Guadalajara,QRO,GDL
espn-531837,2019-03-09,2018,regular,Necaxa,Toluca,1,1,,,espn,Necaxa,Toluca,NCX,TOL
espn-531838,2019-03-09,2018,regular,América,Puebla,1,0,,,espn,América,Puebla,AME,PUE
espn-531839,2019-03-09,2018,regular,Monterrey,Tigres UANL,1,1,,,espn,Monterrey,Tigres UANL,MTY,UANL
espn-531840,2019-03-09,2018,regular,Pachuca,Tijuana,4,0,,,espn,Pachuca,Tijuana,PAC,TIJ
espn-531834,2019-03-10,2018,regular,Lobos BUAP,León,0,1,,,espn,Lobos BUAP,León,BUAP,LEO
espn-531835,2019-03-10,2018,regular,Pumas UNAM,Club Atlético Morelia,2,2,,,espn,Pumas UNAM,Club Atlético Morelia,UNAM,MOR
espn-531832,2019-03-15,2018,regular,Puebla,Pumas UNAM,1,0,,,espn,Puebla,Pumas UNAM,PUE,UNAM
espn-531833,2019-03-15,2018,regular,Club Atlético Morelia,Lobos BUAP,1,1,,,espn,Club Atlético Morelia,Lobos BUAP,MOR,BUAP
espn-531828,2019-03-16,2018,regular,Tijuana,Monterrey,1,0,,,espn,Tijuana,Monterrey,TIJ,MTY
espn-531829,2019-03-16,2018,regular,Tigres UANL,Querétaro,4,1,,,espn,Tigres UANL,Querétaro,UANL,QRO
espn-531830,2019-03-16,2018,regular,Guadalajara,América,0,2,,,espn,Guadalajara,América,GDL,AME
espn-531831,2019-03-16,2018,regular,Cruz Azul,Pachuca,4,1,,,espn,Cruz Azul,Pachuca,CAZ,PAC
espn-531825,2019-03-17,2018,regular,León,Veracruz,2,0,,,espn,León,Veracruz,LEO,VER
espn-531826,2019-03-17,2018,regular,Santos,Necaxa,1,2,,,espn,Santos,Necaxa,SAN,NCX
espn-531827,2019-03-17,2018,regular,Toluca,Atlas,2,0,,,espn,Toluca,Atlas,TOL,ATS
espn-531823,2019-03-29,2018,regular,Atlas,Santos,1,0,,,espn,Atlas,Santos,ATS,SAN
espn-531824,2019-03-29,2018,regular,Club Atlético Morelia,León,2,3,,,espn,Club Atlético Morelia,León,MOR,LEO
espn-531818,2019-03-30,2018,regular,Monterrey,Cruz Azul,2,2,,,espn,Monterrey,Cruz Azul,MTY,CAZ
espn-531819,2019-03-30,2018,regular,Necaxa,Veracruz,2,0,,,espn,Necaxa,Veracruz,NCX,VER
espn-531820,2019-03-30,2018,regular,América,Tigres UANL,3,0,,,espn,América,Tigres UANL,AME,UANL
espn-531821,2019-03-30,2018,regular,Pachuca,Toluca,3,2,,,espn,Pachuca,Toluca,PAC,TOL
espn-531822,2019-03-30,2018,regular,Querétaro,Tijuana,1,0,,,espn,Querétaro,Tijuana,QRO,TIJ
espn-531816,2019-03-31,2018,regular,Lobos BUAP,Puebla,0,4,,,espn,Lobos BUAP,Puebla,BUAP,PUE
espn-531817,2019-03-31,2018,regular,Pumas UNAM,Guadalajara,2,1,,,espn,Pumas UNAM,Guadalajara,UNAM,GDL
espn-531814,2019-04-05,2018,regular,Puebla,Club Atlético Morelia,1,1,,,espn,Puebla,Club Atlético Morelia,PUE,MOR
espn-531815,2019-04-05,2018,regular,Veracruz,Atlas,0,1,,,espn,Veracruz,Atlas,VER,ATS
espn-531809,2019-04-06,2018,regular,Tijuana,América,3,2,,,espn,Tijuana,América,TIJ,AME
espn-531810,2019-04-06,2018,regular,Guadalajara,Lobos BUAP,0,1,,,espn,Guadalajara,Lobos BUAP,GDL,BUAP
espn-531811,2019-04-06,2018,regular,León,Necaxa,2,1,,,espn,León,Necaxa,LEO,NCX
espn-531812,2019-04-06,2018,regular,Tigres UANL,Pumas UNAM,2,0,,,espn,Tigres UANL,Pumas UNAM,UANL,UNAM
espn-531813,2019-04-06,2018,regular,Cruz Azul,Querétaro,3,0,,,espn,Cruz Azul,Querétaro,CAZ,QRO
espn-531807,2019-04-07,2018,regular,Santos,Pachuca,0,0,,,espn,Santos,Pachuca,SAN,PAC
espn-531808,2019-04-07,2018,regular,Toluca,Monterrey,5,1,,,espn,Toluca,Monterrey,TOL,MTY
espn-531805,2019-04-12,2018,regular,Atlas,Necaxa,1,2,,,espn,Atlas,Necaxa,ATS,NCX
espn-531806,2019-04-12,2018,regular,Puebla,León,0,3,,,espn,Puebla,León,PUE,LEO
espn-531801,2019-04-13,2018,regular,Club Atlético Morelia,Guadalajara,1,0,,,espn,Club Atlético Morelia,Guadalajara,MOR,GDL
espn-531803,2019-04-13,2018,regular,Pachuca,Veracruz,9,2,,,espn,Pachuca,Veracruz,PAC,VER
espn-531804,2019-04-13,2018,regular,Querétaro,Toluca,0,0,,,espn,Querétaro,Toluca,QRO,TOL
espn-531798,2019-04-14,2018,regular,América,Cruz Azul,0,0,,,espn,América,Cruz Azul,AME,CAZ
espn-531799,2019-04-14,2018,regular,Lobos BUAP,Tigres UANL,0,3,,,espn,Lobos BUAP,Tigres UANL,BUAP,UANL
espn-531800,2019-04-14,2018,regular,Pumas UNAM,Tijuana,1,0,,,espn,Pumas UNAM,Tijuana,UNAM,TIJ
espn-531802,2019-04-14,2018,regular,Monterrey,Santos,4,0,,,espn,Monterrey,Santos,MTY,SAN
espn-531796,2019-04-19,2018,regular,Tijuana,Lobos BUAP,1,2,,,espn,Tijuana,Lobos BUAP,TIJ,BUAP
espn-531797,2019-04-19,2018,regular,Veracruz,Monterrey,0,1,,,espn,Veracruz,Monterrey,VER,MTY
espn-531791,2019-04-20,2018,regular,Guadalajara,Puebla,1,3,,,espn,Guadalajara,Puebla,GDL,PUE
espn-531792,2019-04-20,2018,regular,Tigres UANL,Club Atlético Morelia,3,3,,,espn,Tigres UANL,Club Atlético Morelia,UANL,MOR
espn-531793,2019-04-20,2018,regular,Cruz Azul,Pumas UNAM,2,1,,,espn,Cruz Azul,Pumas UNAM,CAZ,UNAM
espn-531794,2019-04-20,2018,regular,León,Atlas,5,2,,,espn,León,Atlas,LEO,ATS
espn-531795,2019-04-20,2018,regular,Necaxa,Pachuca,2,2,,,espn,Necaxa,Pachuca,NCX,PAC
espn-531789,2019-04-21,2018,regular,Santos,Querétaro,2,1,,,espn,Santos,Querétaro,SAN,QRO
espn-531790,2019-04-21,2018,regular,Toluca,América,3,2,,,espn,Toluca,América,TOL,AME
espn-531787,2019-04-26,2018,regular,Club Atlético Morelia,Tijuana,1,4,,,espn,Club Atlético Morelia,Tijuana,MOR,TIJ
espn-531788,2019-04-26,2018,regular,Puebla,Tigres UANL,1,1,,,espn,Puebla,Tigres UANL,PUE,UANL
espn-531783,2019-04-27,2018,regular,Guadalajara,León,2,1,,,espn,Guadalajara,León,GDL,LEO
espn-531784,2019-04-27,2018,regular,Monterrey,Necaxa,2,2,,,espn,Monterrey,Necaxa,MTY,NCX
espn-531785,2019-04-27,2018,regular,América,Santos,1,0,,,espn,América,Santos,AME,SAN
espn-531786,2019-04-27,2018,regular,Pachuca,Atlas,1,0,,,espn,Pachuca,Atlas,PAC,ATS
espn-531780,2019-04-28,2018,regular,Querétaro,Veracruz,2,1,,,espn,Querétaro,Veracruz,QRO,VER
espn-531781,2019-04-28,2018,regular,Lobos BUAP,Cruz Azul,1,4,,,espn,Lobos BUAP,Cruz Azul,BUAP,CAZ
espn-531782,2019-04-28,2018,regular,Pumas UNAM,Toluca,2,2,,,espn,Pumas UNAM,Toluca,UNAM,TOL
espn-531925,2019-05-03,2018,regular,Veracruz,América,0,2,,,espn,Veracruz,América,VER,AME
espn-531927,2019-05-04,2018,regular,Tijuana,Puebla,4,0,,,espn,Tijuana,Puebla,TIJ,PUE
espn-531928,2019-05-04,2018,regular,Necaxa,Querétaro,1,0,,,espn,Necaxa,Querétaro,NCX,QRO
espn-531929,2019-05-04,2018,regular,Tigres UANL,Guadalajara,2,1,,,espn,Tigres UANL,Guadalajara,UANL,GDL
espn-531930,2019-05-04,2018,regular,León,Pachuca,2,1,,,espn,León,Pachuca,LEO,PAC
espn-531931,2019-05-04,2018,regular,Cruz Azul,Club Atlético Morelia,1,1,,,espn,Cruz Azul,Club Atlético Morelia,CAZ,MOR
espn-531924,2019-05-05,2018,regular,Santos,Pumas UNAM,5,2,,,espn,Santos,Pumas UNAM,SAN,UNAM
espn-531926,2019-05-05,2018,regular,Toluca,Lobos BUAP,4,0,,,espn,Toluca,Lobos BUAP,TOL,BUAP
espn-531932,2019-05-05,2018,regular,Atlas,Monterrey,2,0,,,espn,Atlas,Monterrey,ATS,MTY
espn-539819,2019-05-08,2018,regular,Tijuana,León,1,3,,,espn,Tijuana,León,TIJ,LEO
espn-539820,2019-05-08,2018,regular,Pachuca,Tigres UANL,1,1,,,espn,Pachuca,Tigres UANL,PAC,UANL
espn-539817,2019-05-09,2018,regular,América,Cruz Azul,3,1,,,espn,América,Cruz Azul,AME,CAZ
espn-539818,2019-05-09,2018,regular,Necaxa,Monterrey,1,0,,,espn,Necaxa,Monterrey,NCX,MTY
espn-539823,2019-05-11,2018,regular,Tigres UANL,Pachuca,1,1,,,espn,Tigres UANL,Pachuca,UANL,PAC
espn-539824,2019-05-11,2018,regular,León,Tijuana,2,1,,,espn,León,Tijuana,LEO,TIJ
espn-539821,2019-05-12,2018,regular,Cruz Azul,América,1,0,,,espn,Cruz Azul,América,CAZ,AME
espn-539822,2019-05-12,2018,regular,Monterrey,Necaxa,1,0,,,espn,Monterrey,Necaxa,MTY,NCX
espn-540034,2019-05-15,2018,regular,Monterrey,Tigres UANL,1,0,,,espn,Monterrey,Tigres UANL,MTY,UANL
espn-540033,2019-05-16,2018,regular,América,León,0,1,,,espn,América,León,AME,LEO
espn-540032,2019-05-18,2018,regular,Tigres UANL,Monterrey,1,0,,,espn,Tigres UANL,Monterrey,UANL,MTY
espn-540031,2019-05-19,2018,regular,León,América,0,1,,,espn,León,América,LEO,AME
espn-540306,2019-05-23,2018,regular,Tigres UANL,León,1,0,,,espn,Tigres UANL,León,UANL,LEO
espn-540305,2019-05-26,2018,regular,León,Tigres UANL,0,0,,,espn,León,Tigres UANL,LEO,UANL
espn-547335,2019-07-19,2019,regular,Atlas,FC Juárez,1,0,,,espn,Atlas,FC Juárez,ATS,JUA
espn-547336,2019-07-19,2019,regular,Puebla,Tijuana,1,3,,,espn,Puebla,Tijuana,PUE,TIJ
espn-547330,2019-07-20,2019,regular,Necaxa,Cruz Azul,0,0,,,espn,Necaxa,Cruz Azul,NCX,CAZ
espn-547331,2019-07-20,2019,regular,América,Monterrey,4,2,,,espn,América,Monterrey,AME,MTY
espn-547332,2019-07-20,2019,regular,Tigres UANL,Club Atlético Morelia,4,2,,,espn,Tigres UANL,Club Atlético Morelia,UANL,MOR
espn-547333,2019-07-20,2019,regular,Pachuca,León,1,3,,,espn,Pachuca,León,PAC,LEO
espn-547334,2019-07-20,2019,regular,Atlético de San Luis,Pumas UNAM,0,2,,,espn,Atlético de San Luis,Pumas UNAM,ASL,UNAM
espn-547328,2019-07-21,2019,regular,Santos,Guadalajara,3,0,,,espn,Santos,Guadalajara,SAN,GDL
espn-547329,2019-07-21,2019,regular,Toluca,Querétaro,0,2,,,espn,Toluca,Querétaro,TOL,QRO
espn-547326,2019-07-26,2019,regular,Veracruz,Pachuca,3,3,,,espn,Veracruz,Pachuca,VER,PAC
espn-547327,2019-07-26,2019,regular,Club Atlético Morelia,Atlas,0,1,,,espn,Club Atlético Morelia,Atlas,MOR,ATS
espn-547323,2019-07-27,2019,regular,Cruz Azul,Toluca,1,1,,,espn,Cruz Azul,Toluca,CAZ,TOL
espn-547324,2019-07-27,2019,regular,León,América,0,0,,,espn,León,América,LEO,AME
espn-547325,2019-07-27,2019,regular,Tijuana,Querétaro,1,1,,,espn,Tijuana,Querétaro,TIJ,QRO
espn-547319,2019-07-28,2019,regular,Guadalajara,Tigres UANL,2,0,,,espn,Guadalajara,Tigres UANL,GDL,UANL
espn-547320,2019-07-28,2019,regular,Santos,FC Juárez,3,0,,,espn,Santos,FC Juárez,SAN,JUA
espn-547321,2019-07-28,2019,regular,Atlético de San Luis,Monterrey,1,0,,,espn,Atlético de San Luis,Monterrey,ASL,MTY
espn-547322,2019-07-28,2019,regular,Pumas UNAM,Necaxa,2,0,,,espn,Pumas UNAM,Necaxa,UNAM,NCX
espn-547317,2019-08-02,2019,regular,Atlas,Santos,1,2,,,espn,Atlas,Santos,ATS,SAN
espn-547318,2019-08-02,2019,regular,Puebla,Guadalajara,1,1,,,espn,Puebla,Guadalajara,PUE,GDL
espn-547312,2019-08-03,2019,regular,Monterrey,León,3,2,,,espn,Monterrey,León,MTY,LEO
espn-547313,2019-08-03,2019,regular,Necaxa,Veracruz,7,0,,,espn,Necaxa,Veracruz,NCX,VER
espn-547314,2019-08-03,2019,regular,Pachuca,Club Atlético Morelia,1,2,,,espn,Pachuca,Club Atlético Morelia,PAC,MOR
espn-547315,2019-08-03,2019,regular,América,Tijuana,3,1,,,espn,América,Tijuana,AME,TIJ
espn-547316,2019-08-03,2019,regular,Querétaro,Cruz Azul,3,0,,,espn,Querétaro,Cruz Azul,QRO,CAZ
espn-547310,2019-08-04,2019,regular,FC Juárez,Toluca,2,0,,,espn,FC Juárez,Toluca,JUA,TOL
espn-547311,2019-08-04,2019,regular,Pumas UNAM,Tigres UANL,0,1,,,espn,Pumas UNAM,Tigres UANL,UNAM,UANL
espn-547307,2019-08-09,2019,regular,Veracruz,Atlas,1,2,,,espn,Veracruz,Atlas,VER,ATS
espn-547308,2019-08-09,2019,regular,Club Atlético Morelia,Monterrey,0,1,,,espn,Club Atlético Morelia,Monterrey,MOR,MTY
espn-547309,2019-08-09,2019,regular,Tijuana,Pumas UNAM,1,0,,,espn,Tijuana,Pumas UNAM,TIJ,UNAM
espn-547303,2019-08-10,2019,regular,Guadalajara,Atlético de San Luis,3,0,,,espn,Guadalajara,Atlético de San Luis,GDL,ASL
espn-547304,2019-08-10,2019,regular,Tigres UANL,Necaxa,3,1,,,espn,Tigres UANL,Necaxa,UANL,NCX
espn-547305,2019-08-10,2019,regular,Cruz Azul,FC Juárez,2,0,,,espn,Cruz Azul,FC Juárez,CAZ,JUA
espn-547306,2019-08-10,2019,regular,Querétaro,Pachuca,2,1,,,espn,Querétaro,Pachuca,QRO,PAC
espn-547301,2019-08-11,2019,regular,Santos,Puebla,4,1,,,espn,Santos,Puebla,SAN,PUE
espn-547302,2019-08-11,2019,regular,Toluca,América,0,1,,,espn,Toluca,América,TOL,AME
espn-547299,2019-08-16,2019,regular,Atlas,Cruz Azul,1,3,,,espn,Atlas,Cruz Azul,ATS,CAZ
espn-547300,2019-08-16,2019,regular,Puebla,Pachuca,0,4,,,espn,Puebla,Pachuca,PUE,PAC
espn-547295,2019-08-17,2019,regular,América,Club Atlético Morelia,1,0,,,espn,América,Club Atlético Morelia,AME,MOR
espn-547296,2019-08-17,2019,regular,Monterrey,Toluca,2,0,,,espn,Monterrey,Toluca,MTY,TOL
espn-547297,2019-08-17,2019,regular,León,Guadalajara,4,3,,,espn,León,Guadalajara,LEO,GDL
espn-547298,2019-08-17,2019,regular,Atlético de San Luis,Tigres UANL,1,1,,,espn,Atlético de San Luis,Tigres UANL,ASL,UANL
espn-547292,2019-08-18,2019,regular,FC Juárez,Querétaro,0,2,,,espn,FC Juárez,Querétaro,JUA,QRO
espn-547293,2019-08-18,2019,regular,Necaxa,Santos,3,0,,,espn,Necaxa,Santos,NCX,SAN
espn-547294,2019-08-18,2019,regular,Pumas UNAM,Veracruz,2,0,,,espn,Pumas UNAM,Veracruz,UNAM,VER
espn-547289,2019-08-23,2019,regular,Santos,Monterrey,2,1,,,espn,Santos,Monterrey,SAN,MTY
espn-547290,2019-08-23,2019,regular,Club Atlético Morelia,Pumas UNAM,2,0,,,espn,Club Atlético Morelia,Pumas UNAM,MOR,UNAM
espn-547291,2019-08-23,2019,regular,Veracruz,Atlético de San Luis,1,2,,,espn,Veracruz,Atlético de San Luis,VER,ASL
espn-547285,2019-08-24,2019,regular,Tigres UANL,América,1,1,,,espn,Tigres UANL,América,UANL,AME
espn-547286,2019-08-24,2019,regular,Pachuca,Atlas,3,1,,,espn,Pachuca,Atlas,PAC,ATS
espn-547287,2019-08-24,2019,regular,Cruz Azul,Puebla,1,1,,,espn,Cruz Azul,Puebla,CAZ,PUE
espn-547288,2019-08-24,2019,regular,Querétaro,León,0,4,,,espn,Querétaro,León,QRO,LEO
espn-547283,2019-08-25,2019,regular,Guadalajara,Necaxa,1,2,,,espn,Guadalajara,Necaxa,GDL,NCX
espn-547284,2019-08-25,2019,regular,Toluca,Tijuana,2,0,,,espn,Toluca,Tijuana,TOL,TIJ
espn-547279,2019-08-27,2019,regular,América,Pachuca,1,1,,,espn,América,Pachuca,AME,PAC
espn-547280,2019-08-27,2019,regular,Atlético de San Luis,Club Atlético Morelia,1,1,,,espn,Atlético de San Luis,Club Atlético Morelia,ASL,MOR
espn-547281,2019-08-27,2019,regular,Veracruz,Querétaro,0,5,,,espn,Veracruz,Querétaro,VER,QRO
espn-547282,2019-08-27,2019,regular,Atlas,Tigres UANL,1,1,,,espn,Atlas,Tigres UANL,ATS,UANL
espn-547276,2019-08-28,2019,regular,Tijuana,Cruz Azul,3,2,,,espn,Tijuana,Cruz Azul,TIJ,CAZ
espn-547277,2019-08-28,2019,regular,Necaxa,Toluca,1,1,,,espn,Necaxa,Toluca,NCX,TOL
espn-547278,2019-08-28,2019,regular,León,Santos,2,2,,,espn,León,Santos,LEO,SAN
espn-547274,2019-08-29,2019,regular,Monterrey,Pumas UNAM,2,0,,,espn,Monterrey,Pumas UNAM,MTY,UNAM
espn-547275,2019-08-29,2019,regular,Puebla,FC Juárez,2,1,,,espn,Puebla,FC Juárez,PUE,JUA
espn-547272,2019-08-30,2019,regular,Atlas,América,3,0,,,espn,Atlas,América,ATS,AME
espn-547273,2019-08-30,2019,regular,Club Atlético Morelia,Veracruz,1,0,,,espn,Club Atlético Morelia,Veracruz,MOR,VER
espn-547268,2019-08-31,2019,regular,Cruz Azul,Guadalajara,1,1,,,espn,Cruz Azul,Guadalajara,CAZ,GDL
espn-547269,2019-08-31,2019,regular,Pachuca,Atlético de San Luis,0,2,,,espn,Pachuca,Atlético de San Luis,PAC,ASL
espn-547270,2019-08-31,2019,regular,Tigres UANL,León,1,1,,,espn,Tigres UANL,León,UANL,LEO
espn-547271,2019-08-31,2019,regular,Necaxa,Tijuana,3,2,,,espn,Necaxa,Tijuana,NCX,TIJ
espn-547265,2019-09-01,2019,regular,FC Juárez,Monterrey,1,0,,,espn,FC Juárez,Monterrey,JUA,MTY
espn-547266,2019-09-01,2019,regular,Querétaro,Puebla,1,1,,,espn,Querétaro,Puebla,QRO,PUE
espn-547267,2019-09-01,2019,regular,Pumas UNAM,Toluca,2,1,,,espn,Pumas UNAM,Toluca,UNAM,TOL
espn-547262,2019-09-13,2019,regular,Veracruz,Cruz Azul,0,0,,,espn,Veracruz,Cruz Azul,VER,CAZ
espn-547263,2019-09-13,2019,regular,Puebla,Atlético de San Luis,1,3,,,espn,Puebla,Atlético de San Luis,PUE,ASL
espn-547264,2019-09-13,2019,regular,Tijuana,Tigres UANL,1,1,,,espn,Tijuana,Tigres UANL,TIJ,UANL
espn-547256,2019-09-14,2019,regular,América,Pumas UNAM,1,1,,,espn,América,Pumas UNAM,AME,UNAM
espn-547259,2019-09-14,2019,regular,Guadalajara,Atlas,1,0,,,espn,Guadalajara,Atlas,GDL,ATS
espn-547260,2019-09-14,2019,regular,León,FC Juárez,3,1,,,espn,León,FC Juárez,LEO,JUA
espn-547261,2019-09-14,2019,regular,Monterrey,Necaxa,0,2,,,espn,Monterrey,Necaxa,MTY,NCX
espn-547257,2019-09-15,2019,regular,Santos,Pachuca,2,2,,,espn,Santos,Pachuca,SAN,PAC
espn-547258,2019-09-15,2019,regular,Toluca,Club Atlético Morelia,0,2,,,espn,Toluca,Club Atlético Morelia,TOL,MOR
espn-547254,2019-09-20,2019,regular,Atlas,Toluca,0,1,,,espn,Atlas,Toluca,ATS,TOL
espn-547255,2019-09-20,2019,regular,Club Atlético Morelia,Guadalajara,1,0,,,espn,Club Atlético Morelia,Guadalajara,MOR,GDL
espn-547249,2019-09-21,2019,regular,América,Querétaro,2,2,,,espn,América,Querétaro,AME,QRO
espn-547250,2019-09-21,2019,regular,Pachuca,Tijuana,4,1,,,espn,Pachuca,Tijuana,PAC,TIJ
espn-547251,2019-09-21,2019,regular,Necaxa,León,2,4,,,espn,Necaxa,León,NCX,LEO
espn-547252,2019-09-21,2019,regular,Monterrey,Puebla,3,2,,,espn,Monterrey,Puebla,MTY,PUE
espn-547253,2019-09-21,2019,regular,Atlético de San Luis,Santos,2,3,,,espn,Atlético de San Luis,Santos,ASL,SAN
espn-547247,2019-09-22,2019,regular,FC Juárez,Veracruz,2,0,,,espn,FC Juárez,Veracruz,JUA,VER
espn-547248,2019-09-22,2019,regular,Pumas UNAM,Cruz Azul,1,1,,,espn,Pumas UNAM,Cruz Azul,UNAM,CAZ
espn-547243,2019-09-24,2019,regular,León,Atlas,1,1,,,espn,León,Atlas,LEO,ATS
espn-547244,2019-09-24,2019,regular,Guadalajara,Pachuca,2,4,,,espn,Guadalajara,Pachuca,GDL,PAC
espn-547245,2019-09-24,2019,regular,Querétaro,Necaxa,1,2,,,espn,Querétaro,Necaxa,QRO,NCX
espn-547246,2019-09-24,2019,regular,Tigres UANL,Puebla,0,1,,,espn,Tigres UANL,Puebla,UANL,PUE
espn-547239,2019-09-25,2019,regular,Cruz Azul,Monterrey,1,1,,,espn,Cruz Azul,Monterrey,CAZ,MTY
espn-547240,2019-09-25,2019,regular,FC Juárez,América,1,1,,,espn,FC Juárez,América,JUA,AME
espn-547241,2019-09-25,2019,regular,Tijuana,Club Atlético Morelia,3,2,,,espn,Tijuana,Club Atlético Morelia,TIJ,MOR
espn-547242,2019-09-25,2019,regular,Santos,Veracruz,5,0,,,espn,Santos,Veracruz,SAN,VER
espn-547238,2019-09-26,2019,regular,Toluca,Atlético de San Luis,3,1,,,espn,Toluca,Atlético de San Luis,TOL,ASL
espn-547236,2019-09-27,2019,regular,Atlas,Querétaro,2,0,,,espn,Atlas,Querétaro,ATS,QRO
espn-547237,2019-09-27,2019,regular,Puebla,León,2,1,,,espn,Puebla,León,PUE,LEO
espn-547232,2019-09-28,2019,regular,América,Guadalajara,4,1,,,espn,América,Guadalajara,AME,GDL
espn-547233,2019-09-28,2019,regular,Necaxa,FC Juárez,0,0,,,espn,Necaxa,FC Juárez,NCX,JUA
espn-547234,2019-09-28,2019,regular,Monterrey,Tigres UANL,0,2,,,espn,Monterrey,Tigres UANL,MTY,UANL
espn-547235,2019-09-28,2019,regular,Pachuca,Cruz Azul,2,0,,,espn,Pachuca,Cruz Azul,PAC,CAZ
espn-547229,2019-09-29,2019,regular,Veracruz,Toluca,1,1,,,espn,Veracruz,Toluca,VER,TOL
espn-547230,2019-09-29,2019,regular,Atlético de San Luis,Tijuana,2,3,,,espn,Atlético de San Luis,Tijuana,ASL,TIJ
espn-547231,2019-09-29,2019,regular,Pumas UNAM,Santos,2,0,,,espn,Pumas UNAM,Santos,UNAM,SAN
espn-547227,2019-10-04,2019,regular,Club Atlético Morelia,Necaxa,2,3,,,espn,Club Atlético Morelia,Necaxa,MOR,NCX
espn-547223,2019-10-05,2019,regular,Guadalajara,Pumas UNAM,1,1,,,espn,Guadalajara,Pumas UNAM,GDL,UNAM
espn-547224,2019-10-05,2019,regular,Tigres UANL,Santos,4,0,,,espn,Tigres UANL,Santos,UANL,SAN
espn-547225,2019-10-05,2019,regular,Cruz Azul,América,5,2,,,espn,Cruz Azul,América,CAZ,AME
espn-547226,2019-10-05,2019,regular,León,Veracruz,1,1,,,espn,León,Veracruz,LEO,VER
espn-547228,2019-10-05,2019,regular,Tijuana,Atlas,2,2,,,espn,Tijuana,Atlas,TIJ,ATS
espn-547220,2019-10-06,2019,regular,Querétaro,Monterrey,2,1,,,espn,Querétaro,Monterrey,QRO,MTY
espn-547221,2019-10-06,2019,regular,FC Juárez,Atlético de San Luis,1,2,,,espn,FC Juárez,Atlético de San Luis,JUA,ASL
espn-547222,2019-10-06,2019,regular,Toluca,Puebla,1,1,,,espn,Toluca,Puebla,TOL,PUE
espn-547217,2019-10-18,2019,regular,Veracruz,Tigres UANL,1,3,,,espn,Veracruz,Tigres UANL,VER,UANL
espn-547218,2019-10-18,2019,regular,Santos,Tijuana,4,1,,,espn,Santos,Tijuana,SAN,TIJ
espn-547219,2019-10-18,2019,regular,Puebla,Atlas,0,1,,,espn,Puebla,Atlas,PUE,ATS
espn-547214,2019-10-19,2019,regular,Necaxa,América,2,2,,,espn,Necaxa,América,NCX,AME
espn-547215,2019-10-19,2019,regular,Pachuca,FC Juárez,0,1,,,espn,Pachuca,FC Juárez,PAC,JUA
espn-547216,2019-10-19,2019,regular,Cruz Azul,Club Atlético Morelia,2,3,,,espn,Cruz Azul,Club Atlético Morelia,CAZ,MOR
espn-547211,2019-10-20,2019,regular,Monterrey,Guadalajara,1,1,,,espn,Monterrey,Guadalajara,MTY,GDL
espn-547212,2019-10-20,2019,regular,Atlético de San Luis,Querétaro,0,2,,,espn,Atlético de San Luis,Querétaro,ASL,QRO
espn-547213,2019-10-20,2019,regular,Pumas UNAM,León,1,2,,,espn,Pumas UNAM,León,UNAM,LEO
espn-547208,2019-10-25,2019,regular,Atlas,Necaxa,0,2,,,espn,Atlas,Necaxa,ATS,NCX
espn-547209,2019-10-25,2019,regular,Club Atlético Morelia,Santos,2,2,,,espn,Club Atlético Morelia,Santos,MOR,SAN
espn-547210,2019-10-25,2019,regular,Tijuana,Veracruz,2,0,,,espn,Tijuana,Veracruz,TIJ,VER
espn-547204,2019-10-26,2019,regular,Tigres UANL,Cruz Azul,1,1,,,espn,Tigres UANL,Cruz Azul,UANL,CAZ
espn-547205,2019-10-26,2019,regular,León,Atlético de San Luis,3,2,,,espn,León,Atlético de San Luis,LEO,ASL
espn-547206,2019-10-26,2019,regular,América,Puebla,2,0,,,espn,América,Puebla,AME,PUE
espn-547207,2019-10-26,2019,regular,Querétaro,Pumas UNAM,3,0,,,espn,Querétaro,Pumas UNAM,QRO,UNAM
espn-547202,2019-10-27,2019,regular,FC Juárez,Guadalajara,1,2,,,espn,FC Juárez,Guadalajara,JUA,GDL
espn-547203,2019-10-27,2019,regular,Toluca,Pachuca,2,0,,,espn,Toluca,Pachuca,TOL,PAC
espn-547198,2019-10-29,2019,regular,Pumas UNAM,Atlas,5,1,,,espn,Pumas UNAM,Atlas,UNAM,ATS
espn-547199,2019-10-29,2019,regular,Atlético de San Luis,América,0,1,,,espn,Atlético de San Luis,América,ASL,AME
espn-547200,2019-10-29,2019,regular,Veracruz,Puebla,1,0,,,espn,Veracruz,Puebla,VER,PUE
espn-547201,2019-10-29,2019,regular,Santos,Querétaro,1,0,,,espn,Santos,Querétaro,SAN,QRO
espn-547195,2019-10-30,2019,regular,Guadalajara,Tijuana,0,1,,,espn,Guadalajara,Tijuana,GDL,TIJ
espn-547196,2019-10-30,2019,regular,Tigres UANL,Toluca,1,0,,,espn,Tigres UANL,Toluca,UANL,TOL
espn-547197,2019-10-30,2019,regular,Pachuca,Monterrey,2,3,,,espn,Pachuca,Monterrey,PAC,MTY
espn-547193,2019-10-31,2019,regular,Cruz Azul,León,1,0,,,espn,Cruz Azul,León,CAZ,LEO
espn-547194,2019-10-31,2019,regular,Club Atlético Morelia,FC Juárez,6,1,,,espn,Club Atlético Morelia,FC Juárez,MOR,JUA
espn-547191,2019-11-01,2019,regular,Atlas,Atlético de San Luis,1,2,,,espn,Atlas,Atlético de San Luis,ATS,ASL
espn-547192,2019-11-01,2019,regular,Puebla,Pumas UNAM,1,1,,,espn,Puebla,Pumas UNAM,PUE,UNAM
espn-547187,2019-11-02,2019,regular,Necaxa,Pachuca,1,2,,,espn,Necaxa,Pachuca,NCX,PAC
espn-547188,2019-11-02,2019,regular,América,Santos,1,2,,,espn,América,Santos,AME,SAN
espn-547189,2019-11-02,2019,regular,Monterrey,Veracruz,1,1,,,espn,Monterrey,Veracruz,MTY,VER
espn-547190,2019-11-02,2019,regular,Querétaro,Tigres UANL,0,0,,,espn,Querétaro,Tigres UANL,QRO,UANL
espn-547184,2019-11-03,2019,regular,León,Club Atlético Morelia,1,1,,,espn,León,Club Atlético Morelia,LEO,MOR
espn-547185,2019-11-03,2019,regular,FC Juárez,Tijuana,3,0,,,espn,FC Juárez,Tijuana,JUA,TIJ
espn-547186,2019-11-03,2019,regular,Toluca,Guadalajara,1,3,,,espn,Toluca,Guadalajara,TOL,GDL
espn-547181,2019-11-08,2019,regular,Veracruz,América,0,5,,,espn,Veracruz,América,VER,AME
espn-547182,2019-11-08,2019,regular,Tijuana,Monterrey,0,4,,,espn,Tijuana,Monterrey,TIJ,MTY
espn-547183,2019-11-08,2019,regular,Club Atlético Morelia,Puebla,3,2,,,espn,Club Atlético Morelia,Puebla,MOR,PUE
espn-547177,2019-11-09,2019,regular,Guadalajara,Querétaro,3,2,,,espn,Guadalajara,Querétaro,GDL,QRO
espn-547178,2019-11-09,2019,regular,León,Toluca,4,0,,,espn,León,Toluca,LEO,TOL
espn-547179,2019-11-09,2019,regular,Tigres UANL,Pachuca,0,0,,,espn,Tigres UANL,Pachuca,UANL,PAC
espn-547180,2019-11-09,2019,regular,Atlético de San Luis,Necaxa,0,2,,,espn,Atlético de San Luis,Necaxa,ASL,NCX
espn-547175,2019-11-10,2019,regular,Santos,Cruz Azul,3,1,,,espn,Santos,Cruz Azul,SAN,CAZ
espn-547176,2019-11-10,2019,regular,Pumas UNAM,FC Juárez,1,1,,,espn,Pumas UNAM,FC Juárez,UNAM,JUA
espn-547173,2019-11-22,2019,regular,Tijuana,León,1,2,,,espn,Tijuana,León,TIJ,LEO
espn-547174,2019-11-22,2019,regular,Puebla,Necaxa,3,0,,,espn,Puebla,Necaxa,PUE,NCX
espn-547168,2019-11-23,2019,regular,Pachuca,Pumas UNAM,2,0,,,espn,Pachuca,Pumas UNAM,PAC,UNAM
espn-547169,2019-11-23,2019,regular,Guadalajara,Veracruz,3,1,,,espn,Guadalajara,Veracruz,GDL,VER
espn-547170,2019-11-23,2019,regular,Monterrey,Atlas,2,0,,,espn,Monterrey,Atlas,MTY,ATS
espn-547171,2019-11-23,2019,regular,Cruz Azul,Atlético de San Luis,3,1,,,espn,Cruz Azul,Atlético de San Luis,CAZ,ASL
espn-547172,2019-11-23,2019,regular,Querétaro,Club Atlético Morelia,3,1,,,espn,Querétaro,Club Atlético Morelia,QRO,MOR
espn-547166,2019-11-24,2019,regular,FC Juárez,Tigres UANL,1,2,,,espn,FC Juárez,Tigres UANL,JUA,UANL
espn-547167,2019-11-24,2019,regular,Toluca,Santos,2,2,,,espn,Toluca,Santos,TOL,SAN
espn-560038,2019-11-27,2019,regular,Club Atlético Morelia,León,3,3,,,espn,Club Atlético Morelia,León,MOR,LEO
espn-560039,2019-11-27,2019,regular,Necaxa,Querétaro,3,0,,,espn,Necaxa,Querétaro,NCX,QRO
espn-560036,2019-11-28,2019,regular,América,Tigres UANL,1,2,,,espn,América,Tigres UANL,AME,UANL
espn-560037,2019-11-28,2019,regular,Monterrey,Santos,5,2,,,espn,Monterrey,Santos,MTY,SAN
espn-560032,2019-11-30,2019,regular,León,Club Atlético Morelia,1,2,,,espn,León,Club Atlético Morelia,LEO,MOR
espn-560033,2019-11-30,2019,regular,Querétaro,Necaxa,2,3,,,espn,Querétaro,Necaxa,QRO,NCX
espn-560034,2019-12-01,2019,regular,Santos,Monterrey,1,1,,,espn,Santos,Monterrey,SAN,MTY
espn-560035,2019-12-01,2019,regular,Tigres UANL,América,2,4,,,espn,Tigres UANL,América,UANL,AME
espn-560357,2019-12-04,2019,regular,Monterrey,Necaxa,2,1,,,espn,Monterrey,Necaxa,MTY,NCX
espn-560356,2019-12-05,2019,regular,Club Atlético Morelia,América,2,0,,,espn,Club Atlético Morelia,América,MOR,AME
espn-560354,2019-12-07,2019,regular,Necaxa,Monterrey,0,1,,,espn,Necaxa,Monterrey,NCX,MTY
espn-560355,2019-12-08,2019,regular,América,Club Atlético Morelia,2,0,,,espn,América,Club Atlético Morelia,AME,MOR
espn-560780,2019-12-26,2019,regular,Monterrey,América,2,1,,,espn,Monterrey,América,MTY,AME
espn-560779,2019-12-29,2019,regular,América,Monterrey,2,1,,pens,espn,América,Monterrey,AME,MTY
espn-561970,2020-01-10,2019,regular,Tijuana,Santos,2,1,,,espn,Tijuana,Santos,TIJ,SAN
espn-561971,2020-01-10,2019,regular,Club Atlético Morelia,Toluca,0,1,,,espn,Club Atlético Morelia,Toluca,MOR,TOL
espn-561966,2020-01-11,2019,regular,Tigres UANL,Atlético de San Luis,0,0,,,espn,Tigres UANL,Atlético de San Luis,UANL,ASL
espn-561967,2020-01-11,2019,regular,Guadalajara,FC Juárez,2,0,,,espn,Guadalajara,FC Juárez,GDL,JUA
espn-561968,2020-01-11,2019,regular,León,Querétaro,3,1,,,espn,León,Querétaro,LEO,QRO
espn-561969,2020-01-11,2019,regular,Cruz Azul,Atlas,1,2,,,espn,Cruz Azul,Atlas,CAZ,ATS
espn-561965,2020-01-12,2019,regular,Pumas UNAM,Pachuca,2,1,,,espn,Pumas UNAM,Pachuca,UNAM,PAC
espn-561964,2020-01-16,2019,regular,FC Juárez,Pumas UNAM,4,4,,,espn,FC Juárez,Pumas UNAM,JUA,UNAM
espn-561962,2020-01-17,2019,regular,Atlas,Puebla,0,1,,,espn,Atlas,Puebla,ATS,PUE
espn-561963,2020-01-17,2019,regular,Atlético de San Luis,Cruz Azul,2,1,,,espn,Atlético de San Luis,Cruz Azul,ASL,CAZ
espn-561959,2020-01-18,2019,regular,América,Tigres UANL,1,0,,,espn,América,Tigres UANL,AME,UANL
espn-561960,2020-01-18,2019,regular,Pachuca,Guadalajara,0,0,,,espn,Pachuca,Guadalajara,PAC,GDL
espn-561961,2020-01-18,2019,regular,Monterrey,Club Atlético Morelia,2,2,,,espn,Monterrey,Club Atlético Morelia,MTY,MOR
espn-561956,2020-01-19,2019,regular,Santos,León,3,2,,,espn,Santos,León,SAN,LEO
espn-561957,2020-01-19,2019,regular,Querétaro,Tijuana,3,0,,,espn,Querétaro,Tijuana,QRO,TIJ
espn-561958,2020-01-19,2019,regular,Toluca,Necaxa,2,3,,,espn,Toluca,Necaxa,TOL,NCX
espn-561954,2020-01-24,2019,regular,Tijuana,América,0,0,,,espn,Tijuana,América,TIJ,AME
espn-561955,2020-01-24,2019,regular,Puebla,Querétaro,0,1,,,espn,Puebla,Querétaro,PUE,QRO
espn-561950,2020-01-25,2019,regular,León,Pachuca,3,0,,,espn,León,Pachuca,LEO,PAC
espn-561951,2020-01-25,2019,regular,Guadalajara,Toluca,2,2,,,espn,Guadalajara,Toluca,GDL,TOL
espn-561952,2020-01-25,2019,regular,Tigres UANL,Atlas,2,1,,,espn,Tigres UANL,Atlas,UANL,ATS
espn-561953,2020-01-25,2019,regular,Cruz Azul,Santos,3,0,,,espn,Cruz Azul,Santos,CAZ,SAN
espn-561947,2020-01-26,2019,regular,FC Juárez,Club Atlético Morelia,3,0,,,espn,FC Juárez,Club Atlético Morelia,JUA,MOR
espn-561948,2020-01-26,2019,regular,Necaxa,Atlético de San Luis,1,1,,,espn,Necaxa,Atlético de San Luis,NCX,ASL
espn-561949,2020-01-26,2019,regular,Pumas UNAM,Monterrey,1,0,,,espn,Pumas UNAM,Monterrey,UNAM,MTY
espn-561944,2020-01-31,2019,regular,Atlas,Tijuana,2,1,,,espn,Atlas,Tijuana,ATS,TIJ
espn-561945,2020-01-31,2019,regular,Atlético de San Luis,Guadalajara,2,2,,,espn,Atlético de San Luis,Guadalajara,ASL,GDL
espn-561939,2020-02-01,2019,regular,Necaxa,Puebla,2,0,,,espn,Necaxa,Puebla,NCX,PUE
espn-561940,2020-02-01,2019,regular,Santos,Pumas UNAM,1,1,,,espn,Santos,Pumas UNAM,SAN,UNAM
espn-561941,2020-02-01,2019,regular,Pachuca,Tigres UANL,2,0,,,espn,Pachuca,Tigres UANL,PAC,UANL
espn-561942,2020-02-01,2019,regular,América,FC Juárez,1,3,,,espn,América,FC Juárez,AME,JUA
espn-561943,2020-02-01,2019,regular,Monterrey,Querétaro,1,2,,,espn,Monterrey,Querétaro,MTY,QRO
espn-561946,2020-02-01,2019,regular,Club Atlético Morelia,León,1,2,,,espn,Club Atlético Morelia,León,MOR,LEO
espn-561938,2020-02-02,2019,regular,Toluca,Cruz Azul,3,3,,,espn,Toluca,Cruz Azul,TOL,CAZ
espn-561937,2020-02-04,2019,regular,Puebla,América,0,1,,,espn,Puebla,América,PUE,AME
espn-561936,2020-02-05,2019,regular,Necaxa,Monterrey,2,2,,,espn,Necaxa,Monterrey,NCX,MTY
espn-561935,2020-02-06,2019,regular,Atlas,Club Atlético Morelia,1,3,,,espn,Atlas,Club Atlético Morelia,ATS,MOR
espn-561933,2020-02-07,2019,regular,Tijuana,Toluca,1,1,,,espn,Tijuana,Toluca,TIJ,TOL
espn-561934,2020-02-07,2019,regular,Puebla,Santos,2,2,,,espn,Puebla,Santos,PUE,SAN
espn-561930,2020-02-08,2019,regular,León,Monterrey,3,1,,,espn,León,Monterrey,LEO,MTY
espn-561931,2020-02-08,2019,regular,Tigres UANL,Guadalajara,3,0,,,espn,Tigres UANL,Guadalajara,UANL,GDL
espn-561932,2020-02-08,2019,regular,Cruz Azul,Pachuca,3,1,,,espn,Cruz Azul,Pachuca,CAZ,PAC
espn-561927,2020-02-09,2019,regular,FC Juárez,Necaxa,2,1,,,espn,FC Juárez,Necaxa,JUA,NCX
espn-561928,2020-02-09,2019,regular,Querétaro,América,1,2,,,espn,Querétaro,América,QRO,AME
espn-561929,2020-02-09,2019,regular,Pumas UNAM,Atlético de San Luis,4,0,,,espn,Pumas UNAM,Atlético de San Luis,UNAM,ASL
espn-561925,2020-02-14,2019,regular,Club Atlético Morelia,Tijuana,1,1,,,espn,Club Atlético Morelia,Tijuana,MOR,TIJ
espn-561926,2020-02-14,2019,regular,Atlético de San Luis,León,3,1,,,espn,Atlético de San Luis,León,ASL,LEO
espn-561920,2020-02-15,2019,regular,Toluca,Pumas UNAM,2,3,,,espn,Toluca,Pumas UNAM,TOL,UNAM
espn-561921,2020-02-15,2019,regular,Guadalajara,Cruz Azul,1,2,,,espn,Guadalajara,Cruz Azul,GDL,CAZ
espn-561922,2020-02-15,2019,regular,Monterrey,FC Juárez,1,1,,,espn,Monterrey,FC Juárez,MTY,JUA
espn-561923,2020-02-15,2019,regular,América,Atlas,2,0,,,espn,América,Atlas,AME,ATS
espn-561924,2020-02-15,2019,regular,Pachuca,Puebla,1,0,,,espn,Pachuca,Puebla,PAC,PUE
espn-561918,2020-02-16,2019,regular,Santos,Tigres UANL,2,1,,,espn,Santos,Tigres UANL,SAN,UANL
espn-561919,2020-02-16,2019,regular,Necaxa,Querétaro,2,3,,,espn,Necaxa,Querétaro,NCX,QRO
espn-561915,2020-02-21,2019,regular,Tijuana,Guadalajara,0,1,,,espn,Tijuana,Guadalajara,TIJ,GDL
espn-561916,2020-02-21,2019,regular,Puebla,Toluca,2,0,,,espn,Puebla,Toluca,PUE,TOL
espn-561917,2020-02-21,2019,regular,Atlas,Pachuca,0,2,,,espn,Atlas,Pachuca,ATS,PAC
espn-561912,2020-02-22,2019,regular,Monterrey,América,0,1,,,espn,Monterrey,América,MTY,AME
espn-561913,2020-02-22,2019,regular,Cruz Azul,Tigres UANL,2,1,,,espn,Cruz Azul,Tigres UANL,CAZ,UANL
espn-561914,2020-02-22,2019,regular,León,Necaxa,2,1,,,espn,León,Necaxa,LEO,NCX
espn-561909,2020-02-23,2019,regular,FC Juárez,Santos,1,2,,,espn,FC Juárez,Santos,JUA,SAN
espn-561910,2020-02-23,2019,regular,Querétaro,Atlético de San Luis,0,1,,,espn,Querétaro,Atlético de San Luis,QRO,ASL
espn-561911,2020-02-23,2019,regular,Pumas UNAM,Club Atlético Morelia,1,2,,,espn,Pumas UNAM,Club Atlético Morelia,UNAM,MOR
espn-561902,2020-02-28,2019,regular,Toluca,Monterrey,2,0,,,espn,Toluca,Monterrey,TOL,MTY
espn-561906,2020-02-28,2019,regular,Tijuana,Puebla,0,1,,,espn,Tijuana,Puebla,TIJ,PUE
espn-561907,2020-02-28,2019,regular,Club Atlético Morelia,Cruz Azul,2,4,,,espn,Club Atlético Morelia,Cruz Azul,MOR,CAZ
espn-561908,2020-02-28,2019,regular,Atlético de San Luis,FC Juárez,0,3,,,espn,Atlético de San Luis,FC Juárez,ASL,JUA
espn-561903,2020-02-29,2019,regular,Tigres UANL,Pumas UNAM,3,0,,,espn,Tigres UANL,Pumas UNAM,UANL,UNAM
espn-561904,2020-02-29,2019,regular,América,Necaxa,0,3,,,espn,América,Necaxa,AME,NCX
espn-561905,2020-02-29,2019,regular,Pachuca,Querétaro,1,1,,,espn,Pachuca,Querétaro,PAC,QRO
espn-561900,2020-03-01,2019,regular,Santos,Atlas,1,0,,,espn,Santos,Atlas,SAN,ATS
espn-561901,2020-03-01,2019,regular,Guadalajara,León,2,0,,,espn,Guadalajara,León,GDL,LEO
espn-561893,2020-03-06,2019,regular,Pumas UNAM,América,3,3,,,espn,Pumas UNAM,América,UNAM,AME
espn-561898,2020-03-06,2019,regular,Puebla,Tigres UANL,0,0,,,espn,Puebla,Tigres UANL,PUE,UANL
espn-561899,2020-03-06,2019,regular,Querétaro,Toluca,1,1,,,espn,Querétaro,Toluca,QRO,TOL
espn-561894,2020-03-07,2019,regular,Atlas,Guadalajara,1,2,,,espn,Atlas,Guadalajara,ATS,GDL
espn-561895,2020-03-07,2019,regular,Pachuca,Santos,1,0,,,espn,Pachuca,Santos,PAC,SAN
espn-561896,2020-03-07,2019,regular,Monterrey,Atlético de San Luis,2,2,,,espn,Monterrey,Atlético de San Luis,MTY,ASL
espn-561897,2020-03-07,2019,regular,Cruz Azul,Tijuana,4,2,,,espn,Cruz Azul,Tijuana,CAZ,TIJ
espn-561891,2020-03-08,2019,regular,FC Juárez,León,1,4,,,espn,FC Juárez,León,JUA,LEO
espn-561892,2020-03-08,2019,regular,Necaxa,Club Atlético Morelia,1,2,,,espn,Necaxa,Club Atlético Morelia,NCX,MOR
espn-561889,2020-03-13,2019,regular,Tijuana,Pachuca,3,2,,,espn,Tijuana,Pachuca,TIJ,PAC
espn-561890,2020-03-13,2019,regular,Club Atlético Morelia,Querétaro,4,0,,,espn,Club Atlético Morelia,Querétaro,MOR,QRO
espn-561885,2020-03-14,2019,regular,Guadalajara,Monterrey,1,1,,,espn,Guadalajara,Monterrey,GDL,MTY
espn-561886,2020-03-14,2019,regular,Tigres UANL,FC Juárez,3,2,,,espn,Tigres UANL,FC Juárez,UANL,JUA
espn-561887,2020-03-14,2019,regular,León,Pumas UNAM,3,1,,,espn,León,Pumas UNAM,LEO,UNAM
espn-561888,2020-03-14,2019,regular,Atlético de San Luis,Puebla,0,1,,,espn,Atlético de San Luis,Puebla,ASL,PUE
espn-561882,2020-03-15,2019,regular,América,Cruz Azul,0,1,,,espn,América,Cruz Azul,AME,CAZ
espn-561883,2020-03-15,2019,regular,Santos,Necaxa,2,1,,,espn,Santos,Necaxa,SAN,NCX
espn-561884,2020-03-15,2019,regular,Toluca,Atlas,2,3,,,espn,Toluca,Atlas,TOL,ATS
espn-573967,2020-07-24,2020,regular,Necaxa,Tigres UANL,0,3,,,espn,Necaxa,Tigres UANL,NCX,UANL
espn-573964,2020-07-25,2020,regular,Tijuana,Atlas,3,1,,,espn,Tijuana,Atlas,TIJ,ATS
espn-573965,2020-07-25,2020,regular,Cruz Azul,Santos,2,0,,,espn,Cruz Azul,Santos,CAZ,SAN
espn-573966,2020-07-25,2020,regular,Guadalajara,León,0,0,,,espn,Guadalajara,León,GDL,LEO
espn-573963,2020-07-26,2020,regular,Pumas UNAM,Querétaro,3,2,,,espn,Pumas UNAM,Querétaro,UNAM,QRO
espn-573961,2020-07-27,2020,regular,Pachuca,América,1,2,,,espn,Pachuca,América,PAC,AME
espn-573968,2020-07-27,2020,regular,Atlético de San Luis,FC Juárez,1,1,,,espn,Atlético de San Luis,FC Juárez,ASL,JUA
espn-573974,2020-07-27,2020,regular,Mazatlán FC,Puebla,1,4,,,espn,Mazatlán FC,Puebla,MAZ,PUE
espn-573962,2020-07-28,2020,regular,Monterrey,Toluca,3,1,,,espn,Monterrey,Toluca,MTY,TOL
espn-573959,2020-07-31,2020,regular,FC Juárez,Necaxa,1,0,,,espn,FC Juárez,Necaxa,JUA,NCX
espn-573960,2020-07-31,2020,regular,Puebla,Cruz Azul,1,1,,,espn,Puebla,Cruz Azul,PUE,CAZ
espn-573957,2020-08-01,2020,regular,Tigres UANL,Pachuca,1,1,,,espn,Tigres UANL,Pachuca,UANL,PAC
espn-573958,2020-08-01,2020,regular,América,Tijuana,4,0,,,espn,América,Tijuana,AME,TIJ
espn-573954,2020-08-02,2020,regular,Santos,Guadalajara,2,0,,,espn,Santos,Guadalajara,SAN,GDL
espn-573955,2020-08-02,2020,regular,Toluca,Atlético de San Luis,3,2,,,espn,Toluca,Atlético de San Luis,TOL,ASL
espn-573975,2020-08-02,2020,regular,Querétaro,Mazatlán FC,1,1,,,espn,Querétaro,Mazatlán FC,QRO,MAZ
espn-573953,2020-08-03,2020,regular,León,Monterrey,1,0,,,espn,León,Monterrey,LEO,MTY
espn-573956,2020-08-03,2020,regular,Atlas,Pumas UNAM,1,2,,,espn,Atlas,Pumas UNAM,ATS,UNAM
espn-573951,2020-08-06,2020,regular,Tijuana,Tigres UANL,0,0,,,espn,Tijuana,Tigres UANL,TIJ,UANL
espn-573952,2020-08-06,2020,regular,Pachuca,Querétaro,1,0,,,espn,Pachuca,Querétaro,PAC,QRO
espn-573950,2020-08-07,2020,regular,Necaxa,América,1,1,,,espn,Necaxa,América,NCX,AME
espn-573976,2020-08-07,2020,regular,Mazatlán FC,Toluca,2,1,,,espn,Mazatlán FC,Toluca,MAZ,TOL
espn-573947,2020-08-08,2020,regular,Guadalajara,Puebla,0,1,,,espn,Guadalajara,Puebla,GDL,PUE
espn-573948,2020-08-08,2020,regular,Cruz Azul,León,2,0,,,espn,Cruz Azul,León,CAZ,LEO
espn-573949,2020-08-08,2020,regular,Monterrey,Santos,2,2,,,espn,Monterrey,Santos,MTY,SAN
espn-573945,2020-08-09,2020,regular,Atlético de San Luis,Atlas,1,1,,,espn,Atlético de San Luis,Atlas,ASL,ATS
espn-573946,2020-08-09,2020,regular,Pumas UNAM,FC Juárez,1,1,,,espn,Pumas UNAM,FC Juárez,UNAM,JUA
espn-573943,2020-08-11,2020,regular,Tigres UANL,Puebla,2,1,,,espn,Tigres UANL,Puebla,UANL,PUE
espn-573944,2020-08-11,2020,regular,Pachuca,León,0,1,,,espn,Pachuca,León,PAC,LEO
espn-573977,2020-08-11,2020,regular,Necaxa,Mazatlán FC,1,0,,,espn,Necaxa,Mazatlán FC,NCX,MAZ
espn-573939,2020-08-12,2020,regular,Tijuana,Atlético de San Luis,0,2,,,espn,Tijuana,Atlético de San Luis,TIJ,ASL
espn-573940,2020-08-12,2020,regular,Pumas UNAM,Monterrey,1,1,,,espn,Pumas UNAM,Monterrey,UNAM,MTY
espn-573941,2020-08-12,2020,regular,FC Juárez,Guadalajara,0,2,,,espn,FC Juárez,Guadalajara,JUA,GDL
espn-573942,2020-08-12,2020,regular,Querétaro,Cruz Azul,1,0,,,espn,Querétaro,Cruz Azul,QRO,CAZ
espn-573937,2020-08-13,2020,regular,América,Santos,3,1,,,espn,América,Santos,AME,SAN
espn-573938,2020-08-13,2020,regular,Atlas,Toluca,1,2,,,espn,Atlas,Toluca,ATS,TOL
espn-573936,2020-08-14,2020,regular,Puebla,Pachuca,0,1,,,espn,Puebla,Pachuca,PUE,PAC
espn-573933,2020-08-15,2020,regular,Monterrey,Necaxa,1,1,,,espn,Monterrey,Necaxa,MTY,NCX
espn-573934,2020-08-15,2020,regular,Cruz Azul,FC Juárez,3,2,,,espn,Cruz Azul,FC Juárez,CAZ,JUA
espn-573935,2020-08-15,2020,regular,Guadalajara,Atlético de San Luis,2,1,,,espn,Guadalajara,Atlético de San Luis,GDL,ASL
espn-573978,2020-08-15,2020,regular,Mazatlán FC,Pumas UNAM,0,0,,,espn,Mazatlán FC,Pumas UNAM,MAZ,UNAM
espn-573930,2020-08-16,2020,regular,Querétaro,América,4,1,,,espn,Querétaro,América,QRO,AME
espn-573931,2020-08-16,2020,regular,Santos,Atlas,0,0,,,espn,Santos,Atlas,SAN,ATS
espn-573932,2020-08-16,2020,regular,Toluca,Tigres UANL,3,2,,,espn,Toluca,Tigres UANL,TOL,UANL
espn-573929,2020-08-17,2020,regular,León,Tijuana,2,1,,,espn,León,Tijuana,LEO,TIJ
espn-573926,2020-08-21,2020,regular,FC Juárez,León,0,0,,,espn,FC Juárez,León,JUA,LEO
espn-573927,2020-08-21,2020,regular,Necaxa,Santos,2,1,,,espn,Necaxa,Santos,NCX,SAN
espn-573923,2020-08-22,2020,regular,América,Monterrey,1,3,,,espn,América,Monterrey,AME,MTY
espn-573924,2020-08-22,2020,regular,Tigres UANL,Pumas UNAM,1,1,,,espn,Tigres UANL,Pumas UNAM,UANL,UNAM
espn-573925,2020-08-22,2020,regular,Atlas,Querétaro,1,0,,,espn,Atlas,Querétaro,ATS,QRO
espn-573921,2020-08-23,2020,regular,Atlético de San Luis,Cruz Azul,1,3,,,espn,Atlético de San Luis,Cruz Azul,ASL,CAZ
espn-573922,2020-08-23,2020,regular,Toluca,Guadalajara,1,0,,,espn,Toluca,Guadalajara,TOL,GDL
espn-573928,2020-08-23,2020,regular,Tijuana,Puebla,1,0,,,espn,Tijuana,Puebla,TIJ,PUE
espn-573979,2020-08-24,2020,regular,Pachuca,Mazatlán FC,4,3,,,espn,Pachuca,Mazatlán FC,PAC,MAZ
espn-573920,2020-08-28,2020,regular,Puebla,Toluca,4,1,,,espn,Puebla,Toluca,PUE,TOL
espn-573980,2020-08-28,2020,regular,Mazatlán FC,Tigres UANL,1,1,,,espn,Mazatlán FC,Tigres UANL,MAZ,UANL
espn-573916,2020-08-29,2020,regular,Cruz Azul,Necaxa,3,0,,,espn,Cruz Azul,Necaxa,CAZ,NCX
espn-573917,2020-08-29,2020,regular,Atlético de San Luis,América,1,2,,,espn,Atlético de San Luis,América,ASL,AME
espn-573918,2020-08-29,2020,regular,Guadalajara,Pachuca,0,0,,,espn,Guadalajara,Pachuca,GDL,PAC
espn-573914,2020-08-30,2020,regular,Santos,Querétaro,2,1,,,espn,Santos,Querétaro,SAN,QRO
espn-573915,2020-08-30,2020,regular,Pumas UNAM,Tijuana,3,0,,,espn,Pumas UNAM,Tijuana,UNAM,TIJ
espn-573919,2020-08-30,2020,regular,Monterrey,FC Juárez,2,1,,,espn,Monterrey,FC Juárez,MTY,JUA
espn-573913,2020-08-31,2020,regular,León,Atlas,2,1,,,espn,León,Atlas,LEO,ATS
espn-573981,2020-09-02,2020,regular,América,Mazatlán FC,3,1,,,espn,América,Mazatlán FC,AME,MAZ
espn-573911,2020-09-03,2020,regular,Pachuca,Atlético de San Luis,3,1,,,espn,Pachuca,Atlético de San Luis,PAC,ASL
espn-573912,2020-09-03,2020,regular,Querétaro,Toluca,4,1,,,espn,Querétaro,Toluca,QRO,TOL
espn-573906,2020-09-04,2020,regular,Tijuana,Monterrey,2,1,,,espn,Tijuana,Monterrey,TIJ,MTY
espn-573909,2020-09-04,2020,regular,FC Juárez,Santos,1,1,,,espn,FC Juárez,Santos,JUA,SAN
espn-573910,2020-09-04,2020,regular,Necaxa,León,0,2,,,espn,Necaxa,León,NCX,LEO
espn-573905,2020-09-05,2020,regular,Tigres UANL,Guadalajara,1,3,,,espn,Tigres UANL,Guadalajara,UANL,GDL
espn-573907,2020-09-05,2020,regular,Atlas,Cruz Azul,1,0,,,espn,Atlas,Cruz Azul,ATS,CAZ
espn-573908,2020-09-05,2020,regular,Pumas UNAM,Puebla,4,1,,,espn,Pumas UNAM,Puebla,UNAM,PUE
espn-573900,2020-09-08,2020,regular,Puebla,América,2,3,,,espn,Puebla,América,PUE,AME
espn-573901,2020-09-08,2020,regular,Guadalajara,Querétaro,1,1,,,espn,Guadalajara,Querétaro,GDL,QRO
espn-573902,2020-09-08,2020,regular,Monterrey,Atlas,1,1,,,espn,Monterrey,Atlas,MTY,ATS
espn-573903,2020-09-08,2020,regular,Toluca,FC Juárez,0,1,,,espn,Toluca,FC Juárez,TOL,JUA
espn-573904,2020-09-08,2020,regular,Atlético de San Luis,Necaxa,2,1,,,espn,Atlético de San Luis,Necaxa,ASL,NCX
espn-573897,2020-09-09,2020,regular,Santos,Pumas UNAM,1,2,,,espn,Santos,Pumas UNAM,SAN,UNAM
espn-573898,2020-09-09,2020,regular,Cruz Azul,Pachuca,1,0,,,espn,Cruz Azul,Pachuca,CAZ,PAC
espn-573899,2020-09-09,2020,regular,León,Tigres UANL,1,1,,,espn,León,Tigres UANL,LEO,UANL
espn-573982,2020-09-09,2020,regular,Mazatlán FC,Tijuana,1,0,,,espn,Mazatlán FC,Tijuana,MAZ,TIJ
espn-573895,2020-09-11,2020,regular,FC Juárez,Puebla,1,0,,,espn,FC Juárez,Puebla,JUA,PUE
espn-573896,2020-09-11,2020,regular,Necaxa,Guadalajara,1,2,,,espn,Necaxa,Guadalajara,NCX,GDL
espn-573893,2020-09-12,2020,regular,América,Toluca,1,1,,,espn,América,Toluca,AME,TOL
espn-573894,2020-09-12,2020,regular,Tigres UANL,Santos,2,0,,,espn,Tigres UANL,Santos,UANL,SAN
espn-573983,2020-09-12,2020,regular,Atlas,Mazatlán FC,1,1,,,espn,Atlas,Mazatlán FC,ATS,MAZ
espn-573890,2020-09-13,2020,regular,Tijuana,Cruz Azul,1,2,,,espn,Tijuana,Cruz Azul,TIJ,CAZ
espn-573891,2020-09-13,2020,regular,Querétaro,León,2,3,,,espn,Querétaro,León,QRO,LEO
espn-573892,2020-09-13,2020,regular,Pumas UNAM,Atlético de San Luis,3,0,,,espn,Pumas UNAM,Atlético de San Luis,UNAM,ASL
espn-573889,2020-09-14,2020,regular,Pachuca,Monterrey,1,1,,,espn,Pachuca,Monterrey,PAC,MTY
espn-573888,2020-09-18,2020,regular,Necaxa,Puebla,0,1,,,espn,Necaxa,Puebla,NCX,PUE
espn-573984,2020-09-18,2020,regular,Mazatlán FC,Cruz Azul,2,3,,,espn,Mazatlán FC,Cruz Azul,MAZ,CAZ
espn-573884,2020-09-19,2020,regular,América,Guadalajara,1,0,,,espn,América,Guadalajara,AME,GDL
espn-573885,2020-09-19,2020,regular,Tigres UANL,Querétaro,3,0,,,espn,Tigres UANL,Querétaro,UANL,QRO
espn-573886,2020-09-19,2020,regular,Atlas,Pachuca,0,1,,,espn,Atlas,Pachuca,ATS,PAC
espn-573882,2020-09-20,2020,regular,Atlético de San Luis,Monterrey,1,2,,,espn,Atlético de San Luis,Monterrey,ASL,MTY
espn-573883,2020-09-20,2020,regular,Toluca,Santos,1,2,,,espn,Toluca,Santos,TOL,SAN
espn-573881,2020-09-21,2020,regular,León,Pumas UNAM,2,0,,,espn,León,Pumas UNAM,LEO,UNAM
espn-573873,2020-09-24,2020,regular,Pachuca,Toluca,0,0,,,espn,Pachuca,Toluca,PAC,TOL
espn-573879,2020-09-25,2020,regular,FC Juárez,Atlas,0,1,,,espn,FC Juárez,Atlas,JUA,ATS
espn-573880,2020-09-25,2020,regular,Puebla,Querétaro,3,3,,,espn,Puebla,Querétaro,PUE,QRO
espn-573877,2020-09-26,2020,regular,Monterrey,Tigres UANL,0,2,,,espn,Monterrey,Tigres UANL,MTY,UANL
espn-573878,2020-09-26,2020,regular,Pumas UNAM,Necaxa,1,1,,,espn,Pumas UNAM,Necaxa,UNAM,NCX
espn-573985,2020-09-26,2020,regular,Guadalajara,Mazatlán FC,2,1,,,espn,Guadalajara,Mazatlán FC,GDL,MAZ
espn-573874,2020-09-27,2020,regular,Cruz Azul,América,0,0,,,espn,Cruz Azul,América,CAZ,AME
espn-573876,2020-09-27,2020,regular,Atlético de San Luis,León,0,2,,,espn,Atlético de San Luis,León,ASL,LEO
espn-573887,2020-09-30,2020,regular,Tijuana,FC Juárez,2,1,,,espn,Tijuana,FC Juárez,TIJ,JUA
espn-573872,2020-10-02,2020,regular,Puebla,Santos,0,2,,,espn,Puebla,Santos,PUE,SAN
espn-573986,2020-10-02,2020,regular,León,Mazatlán FC,2,1,,,espn,León,Mazatlán FC,LEO,MAZ
espn-573868,2020-10-03,2020,regular,América,Pumas UNAM,2,2,,,espn,América,Pumas UNAM,AME,UNAM
espn-573869,2020-10-03,2020,regular,Tigres UANL,Atlético de San Luis,3,0,,,espn,Tigres UANL,Atlético de San Luis,UANL,ASL
espn-573870,2020-10-03,2020,regular,Atlas,Necaxa,0,1,,,espn,Atlas,Necaxa,ATS,NCX
espn-573865,2020-10-04,2020,regular,Tijuana,Guadalajara,0,0,,,espn,Tijuana,Guadalajara,TIJ,GDL
espn-573866,2020-10-04,2020,regular,Querétaro,Monterrey,1,2,,,espn,Querétaro,Monterrey,QRO,MTY
espn-573867,2020-10-04,2020,regular,Toluca,Cruz Azul,2,0,,,espn,Toluca,Cruz Azul,TOL,CAZ
espn-573871,2020-10-04,2020,regular,FC Juárez,Pachuca,1,1,,,espn,FC Juárez,Pachuca,JUA,PAC
espn-573875,2020-10-11,2020,regular,Santos,Tijuana,2,0,,,espn,Santos,Tijuana,SAN,TIJ
espn-573864,2020-10-15,2020,regular,Atlético de San Luis,Querétaro,2,1,,,espn,Atlético de San Luis,Querétaro,ASL,QRO
espn-573863,2020-10-16,2020,regular,Necaxa,Tijuana,2,0,,,espn,Necaxa,Tijuana,NCX,TIJ
espn-573987,2020-10-16,2020,regular,Mazatlán FC,FC Juárez,3,2,,,espn,Mazatlán FC,FC Juárez,MAZ,JUA
espn-573860,2020-10-17,2020,regular,Cruz Azul,Tigres UANL,0,2,,,espn,Cruz Azul,Tigres UANL,CAZ,UANL
espn-573861,2020-10-17,2020,regular,Guadalajara,Atlas,3,2,,,espn,Guadalajara,Atlas,GDL,ATS
espn-573862,2020-10-17,2020,regular,Monterrey,Puebla,3,1,,,espn,Monterrey,Puebla,MTY,PUE
espn-573858,2020-10-18,2020,regular,Santos,Pachuca,1,1,,,espn,Santos,Pachuca,SAN,PAC
espn-573859,2020-10-18,2020,regular,Pumas UNAM,Toluca,1,0,,,espn,Pumas UNAM,Toluca,UNAM,TOL
espn-573857,2020-10-19,2020,regular,León,América,3,2,,,espn,León,América,LEO,AME
espn-573856,2020-10-23,2020,regular,Puebla,León,1,2,,,espn,Puebla,León,PUE,LEO
espn-573853,2020-10-24,2020,regular,América,Atlas,1,0,,,espn,América,Atlas,AME,ATS
espn-573854,2020-10-24,2020,regular,Tigres UANL,FC Juárez,1,1,,,espn,Tigres UANL,FC Juárez,UANL,JUA
espn-573855,2020-10-24,2020,regular,Querétaro,Necaxa,0,1,,,espn,Querétaro,Necaxa,QRO,NCX
espn-573988,2020-10-24,2020,regular,Mazatlán FC,Monterrey,1,2,,,espn,Mazatlán FC,Monterrey,MAZ,MTY
espn-573850,2020-10-25,2020,regular,Santos,Atlético de San Luis,2,1,,,espn,Santos,Atlético de San Luis,SAN,ASL
espn-573851,2020-10-25,2020,regular,Guadalajara,Cruz Azul,0,2,,,espn,Guadalajara,Cruz Azul,GDL,CAZ
espn-573852,2020-10-25,2020,regular,Toluca,Tijuana,2,0,,,espn,Toluca,Tijuana,TOL,TIJ
espn-573849,2020-10-26,2020,regular,Pachuca,Pumas UNAM,1,1,,,espn,Pachuca,Pumas UNAM,PAC,UNAM
espn-573989,2020-10-29,2020,regular,Atlético de San Luis,Mazatlán FC,0,5,,,espn,Atlético de San Luis,Mazatlán FC,ASL,MAZ
espn-573846,2020-10-30,2020,regular,FC Juárez,Querétaro,1,0,,,espn,FC Juárez,Querétaro,JUA,QRO
espn-573847,2020-10-30,2020,regular,Tijuana,Pachuca,0,2,,,espn,Tijuana,Pachuca,TIJ,PAC
espn-573848,2020-10-30,2020,regular,Necaxa,Toluca,3,2,,,espn,Necaxa,Toluca,NCX,TOL
espn-573843,2020-10-31,2020,regular,Monterrey,Cruz Azul,1,0,,,espn,Monterrey,Cruz Azul,MTY,CAZ
espn-573844,2020-10-31,2020,regular,Pumas UNAM,Guadalajara,2,2,,,espn,Pumas UNAM,Guadalajara,UNAM,GDL
espn-573845,2020-10-31,2020,regular,Atlas,Puebla,0,1,,,espn,Atlas,Puebla,ATS,PUE
espn-573842,2020-11-01,2020,regular,América,Tigres UANL,3,1,,,espn,América,Tigres UANL,AME,UANL
espn-573841,2020-11-02,2020,regular,León,Santos,2,1,,,espn,León,Santos,LEO,SAN
espn-573839,2020-11-06,2020,regular,FC Juárez,América,1,1,,,espn,FC Juárez,América,JUA,AME
espn-573840,2020-11-06,2020,regular,Puebla,Atlético de San Luis,1,0,,,espn,Puebla,Atlético de San Luis,PUE,ASL
espn-573833,2020-11-07,2020,regular,Pachuca,Necaxa,0,1,,,espn,Pachuca,Necaxa,PAC,NCX
espn-573836,2020-11-07,2020,regular,Cruz Azul,Pumas UNAM,1,2,,,espn,Cruz Azul,Pumas UNAM,CAZ,UNAM
espn-573837,2020-11-07,2020,regular,Tigres UANL,Atlas,1,1,,,espn,Tigres UANL,Atlas,UANL,ATS
espn-573838,2020-11-07,2020,regular,Guadalajara,Monterrey,3,1,,,espn,Guadalajara,Monterrey,GDL,MTY
espn-573834,2020-11-08,2020,regular,Querétaro,Tijuana,2,2,,,espn,Querétaro,Tijuana,QRO,TIJ
espn-573835,2020-11-08,2020,regular,Toluca,León,2,2,,,espn,Toluca,León,TOL,LEO
espn-573990,2020-11-08,2020,regular,Santos,Mazatlán FC,4,0,,,espn,Santos,Mazatlán FC,SAN,MAZ
espn-588197,2020-11-21,2020,regular,Guadalajara,Necaxa,1,0,,,espn,Guadalajara,Necaxa,GDL,NCX
espn-588198,2020-11-21,2020,regular,Santos,Pachuca,0,3,,,espn,Santos,Pachuca,SAN,PAC
espn-588199,2020-11-22,2020,regular,Monterrey,Puebla,2,3,,pens,espn,Monterrey,Puebla,MTY,PUE
espn-588200,2020-11-22,2020,regular,Tigres UANL,Toluca,2,1,,,espn,Tigres UANL,Toluca,UANL,TOL
espn-588957,2020-11-25,2020,regular,Guadalajara,América,1,0,,,espn,Guadalajara,América,GDL,AME
espn-588958,2020-11-25,2020,regular,Puebla,León,2,1,,,espn,Puebla,León,PUE,LEO
espn-588955,2020-11-26,2020,regular,Pachuca,Pumas UNAM,0,1,,,espn,Pachuca,Pumas UNAM,PAC,UNAM
espn-588956,2020-11-26,2020,regular,Tigres UANL,Cruz Azul,1,3,,,espn,Tigres UANL,Cruz Azul,UANL,CAZ
espn-588953,2020-11-28,2020,regular,América,Guadalajara,1,2,,,espn,América,Guadalajara,AME,GDL
espn-588954,2020-11-28,2020,regular,León,Puebla,2,0,,,espn,León,Puebla,LEO,PUE
espn-588951,2020-11-29,2020,regular,Cruz Azul,Tigres UANL,0,1,,,espn,Cruz Azul,Tigres UANL,CAZ,UANL
espn-588952,2020-11-29,2020,regular,Pumas UNAM,Pachuca,0,0,,,espn,Pumas UNAM,Pachuca,UNAM,PAC
espn-589488,2020-12-02,2020,regular,Guadalajara,León,1,1,,,espn,Guadalajara,León,GDL,LEO
espn-589487,2020-12-03,2020,regular,Cruz Azul,Pumas UNAM,4,0,,,espn,Cruz Azul,Pumas UNAM,CAZ,UNAM
espn-589486,2020-12-05,2020,regular,León,Guadalajara,1,0,,,espn,León,Guadalajara,LEO,GDL
espn-589485,2020-12-06,2020,regular,Pumas UNAM,Cruz Azul,4,0,,,espn,Pumas UNAM,Cruz Azul,UNAM,CAZ
espn-590181,2020-12-10,2020,regular,Pumas UNAM,León,1,1,,,espn,Pumas UNAM,León,UNAM,LEO
espn-590180,2020-12-13,2020,regular,León,Pumas UNAM,2,0,,,espn,León,Pumas UNAM,LEO,UNAM
espn-591025,2021-01-08,2020,regular,Mazatlán FC,Necaxa,3,2,,,espn,Mazatlán FC,Necaxa,MAZ,NCX
espn-591026,2021-01-08,2020,regular,Tijuana,Pumas UNAM,0,0,,,espn,Tijuana,Pumas UNAM,TIJ,UNAM
espn-591027,2021-01-08,2020,regular,Puebla,Guadalajara,1,1,,,espn,Puebla,Guadalajara,PUE,GDL
espn-591022,2021-01-09,2020,regular,América,Atlético de San Luis,2,1,,,espn,América,Atlético de San Luis,AME,ASL
espn-591023,2021-01-09,2020,regular,Tigres UANL,León,2,0,,,espn,Tigres UANL,León,UANL,LEO
espn-591024,2021-01-09,2020,regular,Atlas,Monterrey,0,2,,,espn,Atlas,Monterrey,ATS,MTY
espn-591019,2021-01-10,2020,regular,Santos,Cruz Azul,1,0,,,espn,Santos,Cruz Azul,SAN,CAZ
espn-591021,2021-01-10,2020,regular,Toluca,Querétaro,3,1,,,espn,Toluca,Querétaro,TOL,QRO
espn-591020,2021-01-11,2020,regular,Pachuca,FC Juárez,1,1,,,espn,Pachuca,FC Juárez,PAC,JUA
espn-591017,2021-01-15,2020,regular,FC Juárez,Tijuana,0,0,,,espn,FC Juárez,Tijuana,JUA,TIJ
espn-591018,2021-01-15,2020,regular,Necaxa,Atlético de San Luis,1,0,,,espn,Necaxa,Atlético de San Luis,NCX,ASL
espn-591014,2021-01-16,2020,regular,Monterrey,América,1,0,,,espn,Monterrey,América,MTY,AME
espn-591015,2021-01-16,2020,regular,Cruz Azul,Puebla,0,1,,,espn,Cruz Azul,Puebla,CAZ,PUE
espn-591016,2021-01-16,2020,regular,Guadalajara,Toluca,1,1,,,espn,Guadalajara,Toluca,GDL,TOL
espn-591011,2021-01-17,2020,regular,Querétaro,Atlas,1,0,,,espn,Querétaro,Atlas,QRO,ATS
espn-591012,2021-01-17,2020,regular,Santos,Tigres UANL,2,0,,,espn,Santos,Tigres UANL,SAN,UANL
espn-591013,2021-01-17,2020,regular,Pumas UNAM,Mazatlán FC,3,0,,,espn,Pumas UNAM,Mazatlán FC,UNAM,MAZ
espn-591010,2021-01-18,2020,regular,León,Pachuca,0,0,,,espn,León,Pachuca,LEO,PAC
espn-591009,2021-01-21,2020,regular,Atlético de San Luis,Guadalajara,3,1,,,espn,Atlético de San Luis,Guadalajara,ASL,GDL
espn-591007,2021-01-22,2020,regular,Mazatlán FC,Santos,0,0,,,espn,Mazatlán FC,Santos,MAZ,SAN
espn-591008,2021-01-22,2020,regular,Puebla,Tijuana,0,1,,,espn,Puebla,Tijuana,PUE,TIJ
espn-591005,2021-01-23,2020,regular,Atlas,Tigres UANL,0,2,,,espn,Atlas,Tigres UANL,ATS,UANL
espn-591002,2021-01-24,2020,regular,Querétaro,Pumas UNAM,2,0,,,espn,Querétaro,Pumas UNAM,QRO,UNAM
espn-591003,2021-01-24,2020,regular,Toluca,Necaxa,2,0,,,espn,Toluca,Necaxa,TOL,NCX
espn-591001,2021-01-25,2020,regular,Pachuca,Cruz Azul,0,1,,,espn,Pachuca,Cruz Azul,PAC,CAZ
espn-591004,2021-01-26,2020,regular,América,FC Juárez,2,0,,,espn,América,FC Juárez,AME,JUA
espn-590996,2021-01-28,2020,regular,Tigres UANL,Necaxa,1,1,,,espn,Tigres UANL,Necaxa,UANL,NCX
espn-590999,2021-01-29,2020,regular,Mazatlán FC,Pachuca,1,0,,,espn,Mazatlán FC,Pachuca,MAZ,PAC
espn-590995,2021-01-30,2020,regular,Tijuana,Toluca,3,2,,,espn,Tijuana,Toluca,TIJ,TOL
espn-590997,2021-01-30,2020,regular,Cruz Azul,Querétaro,4,1,,,espn,Cruz Azul,Querétaro,CAZ,QRO
espn-590998,2021-01-30,2020,regular,Guadalajara,FC Juárez,1,2,,,espn,Guadalajara,FC Juárez,GDL,JUA
espn-590993,2021-01-31,2020,regular,Santos,América,1,1,,,espn,Santos,América,SAN,AME
espn-590994,2021-01-31,2020,regular,Pumas UNAM,Atlas,0,0,,,espn,Pumas UNAM,Atlas,UNAM,ATS
espn-590992,2021-02-01,2020,regular,León,Atlético de San Luis,3,1,,,espn,León,Atlético de San Luis,LEO,ASL
espn-591000,2021-02-02,2020,regular,Puebla,Monterrey,0,0,,,espn,Puebla,Monterrey,PUE,MTY
espn-590990,2021-02-04,2020,regular,Querétaro,Pachuca,3,1,,,espn,Querétaro,Pachuca,QRO,PAC
espn-590991,2021-02-04,2020,regular,Atlético de San Luis,Tijuana,2,2,,,espn,Atlético de San Luis,Tijuana,ASL,TIJ
espn-590989,2021-02-05,2020,regular,Necaxa,Cruz Azul,0,2,,,espn,Necaxa,Cruz Azul,NCX,CAZ
espn-590985,2021-02-06,2020,regular,Monterrey,Pumas UNAM,1,0,,,espn,Monterrey,Pumas UNAM,MTY,UNAM
espn-590986,2021-02-06,2020,regular,América,Puebla,1,0,,,espn,América,Puebla,AME,PUE
espn-590987,2021-02-06,2020,regular,Atlas,Santos,1,1,,,espn,Atlas,Santos,ATS,SAN
espn-590984,2021-02-07,2020,regular,Toluca,Mazatlán FC,4,1,,,espn,Toluca,Mazatlán FC,TOL,MAZ
espn-590983,2021-02-08,2020,regular,León,Guadalajara,1,3,,,espn,León,Guadalajara,LEO,GDL
espn-590980,2021-02-12,2020,regular,Mazatlán FC,Atlético de San Luis,0,3,,,espn,Mazatlán FC,Atlético de San Luis,MAZ,ASL
espn-590981,2021-02-12,2020,regular,Tijuana,León,2,0,,,espn,Tijuana,León,TIJ,LEO
espn-590982,2021-02-12,2020,regular,Puebla,FC Juárez,4,0,,,espn,Puebla,FC Juárez,PUE,JUA
espn-590978,2021-02-13,2020,regular,América,Querétaro,2,1,,,espn,América,Querétaro,AME,QRO
espn-590979,2021-02-13,2020,regular,Guadalajara,Necaxa,2,2,,,espn,Guadalajara,Necaxa,GDL,NCX
espn-590975,2021-02-14,2020,regular,Santos,Monterrey,1,0,,,espn,Santos,Monterrey,SAN,MTY
espn-590976,2021-02-14,2020,regular,Toluca,Pumas UNAM,1,0,,,espn,Toluca,Pumas UNAM,TOL,UNAM
espn-590974,2021-02-15,2020,regular,Pachuca,Atlas,0,1,,,espn,Pachuca,Atlas,PAC,ATS
espn-590977,2021-02-17,2020,regular,Tigres UANL,Cruz Azul,0,2,,,espn,Tigres UANL,Cruz Azul,UANL,CAZ
espn-590973,2021-02-18,2020,regular,Atlético de San Luis,Santos,1,0,,,espn,Atlético de San Luis,Santos,ASL,SAN
espn-590971,2021-02-19,2020,regular,FC Juárez,Mazatlán FC,1,0,,,espn,FC Juárez,Mazatlán FC,JUA,MAZ
espn-590972,2021-02-19,2020,regular,Necaxa,Monterrey,1,1,,,espn,Necaxa,Monterrey,NCX,MTY
espn-590970,2021-02-20,2020,regular,Cruz Azul,Toluca,3,2,,,espn,Cruz Azul,Toluca,CAZ,TOL
espn-590966,2021-02-21,2020,regular,Tigres UANL,Tijuana,3,2,,,espn,Tigres UANL,Tijuana,UANL,TIJ
espn-590967,2021-02-21,2020,regular,Querétaro,Puebla,1,1,,,espn,Querétaro,Puebla,QRO,PUE
espn-590968,2021-02-21,2020,regular,Pumas UNAM,León,0,1,,,espn,Pumas UNAM,León,UNAM,LEO
espn-590965,2021-02-22,2020,regular,Pachuca,Guadalajara,1,1,,,espn,Pachuca,Guadalajara,PAC,GDL
espn-590964,2021-02-25,2020,regular,Atlético de San Luis,Tigres UANL,2,2,,,espn,Atlético de San Luis,Tigres UANL,ASL,UANL
espn-590962,2021-02-26,2020,regular,Mazatlán FC,Querétaro,3,0,,,espn,Mazatlán FC,Querétaro,MAZ,QRO
espn-590963,2021-02-26,2020,regular,Puebla,Necaxa,1,0,,,espn,Puebla,Necaxa,PUE,NCX
espn-590959,2021-02-27,2020,regular,León,Cruz Azul,0,1,,,espn,León,Cruz Azul,LEO,CAZ
espn-590960,2021-02-27,2020,regular,América,Pachuca,2,0,,,espn,América,Pachuca,AME,PAC
espn-590961,2021-02-27,2020,regular,Toluca,Atlas,0,0,,,espn,Toluca,Atlas,TOL,ATS
espn-590956,2021-02-28,2020,regular,Guadalajara,Pumas UNAM,2,1,,,espn,Guadalajara,Pumas UNAM,GDL,UNAM
espn-590957,2021-02-28,2020,regular,Santos,FC Juárez,3,2,,,espn,Santos,FC Juárez,SAN,JUA
espn-590958,2021-02-28,2020,regular,Monterrey,Tijuana,1,1,,,espn,Monterrey,Tijuana,MTY,TIJ
espn-590953,2021-03-02,2020,regular,León,Puebla,1,2,,,espn,León,Puebla,LEO,PUE
espn-590954,2021-03-02,2020,regular,Tigres UANL,Toluca,0,1,,,espn,Tigres UANL,Toluca,UANL,TOL
espn-590955,2021-03-02,2020,regular,Atlas,Atlético de San Luis,3,1,,,espn,Atlas,Atlético de San Luis,ATS,ASL
espn-590949,2021-03-03,2020,regular,Tijuana,América,0,2,,,espn,Tijuana,América,TIJ,AME
espn-590950,2021-03-03,2020,regular,Cruz Azul,Mazatlán FC,1,0,,,espn,Cruz Azul,Mazatlán FC,CAZ,MAZ
espn-590951,2021-03-03,2020,regular,Querétaro,Guadalajara,2,2,,,espn,Querétaro,Guadalajara,QRO,GDL
espn-590952,2021-03-03,2020,regular,FC Juárez,Monterrey,1,6,,,espn,FC Juárez,Monterrey,JUA,MTY
espn-590947,2021-03-04,2020,regular,Pumas UNAM,Santos,1,0,,,espn,Pumas UNAM,Santos,UNAM,SAN
espn-590948,2021-03-04,2020,regular,Necaxa,Pachuca,2,2,,,espn,Necaxa,Pachuca,NCX,PAC
espn-590945,2021-03-05,2020,regular,Puebla,Tigres UANL,1,1,,,espn,Puebla,Tigres UANL,PUE,UANL
espn-590946,2021-03-05,2020,regular,Atlético de San Luis,Toluca,0,0,,,espn,Atlético de San Luis,Toluca,ASL,TOL
espn-590941,2021-03-06,2020,regular,Mazatlán FC,Guadalajara,1,1,,,espn,Mazatlán FC,Guadalajara,MAZ,GDL
espn-590942,2021-03-06,2020,regular,América,León,2,1,,,espn,América,León,AME,LEO
espn-590943,2021-03-06,2020,regular,Monterrey,Querétaro,2,1,,,espn,Monterrey,Querétaro,MTY,QRO
espn-590944,2021-03-06,2020,regular,Atlas,FC Juárez,2,0,,,espn,Atlas,FC Juárez,ATS,JUA
espn-590939,2021-03-07,2020,regular,Pumas UNAM,Cruz Azul,0,1,,,espn,Pumas UNAM,Cruz Azul,UNAM,CAZ
espn-590940,2021-03-07,2020,regular,Santos,Necaxa,3,1,,,espn,Santos,Necaxa,SAN,NCX
espn-590938,2021-03-08,2020,regular,Pachuca,Tijuana,2,1,,,espn,Pachuca,Tijuana,PAC,TIJ
espn-591006,2021-03-10,2020,regular,Monterrey,León,1,1,,,espn,Monterrey,León,MTY,LEO
espn-590936,2021-03-12,2020,regular,FC Juárez,Pumas UNAM,1,1,,,espn,FC Juárez,Pumas UNAM,JUA,UNAM
espn-590937,2021-03-12,2020,regular,Puebla,Atlas,0,1,,,espn,Puebla,Atlas,PUE,ATS
espn-590933,2021-03-13,2020,regular,Cruz Azul,Monterrey,1,0,,,espn,Cruz Azul,Monterrey,CAZ,MTY
espn-590934,2021-03-13,2020,regular,Tijuana,Santos,0,1,,,espn,Tijuana,Santos,TIJ,SAN
espn-590935,2021-03-13,2020,regular,Tigres UANL,Mazatlán FC,1,2,,,espn,Tigres UANL,Mazatlán FC,UANL,MAZ
espn-590930,2021-03-14,2020,regular,Guadalajara,América,0,3,,,espn,Guadalajara,América,GDL,AME
espn-590931,2021-03-14,2020,regular,Querétaro,Atlético de San Luis,2,1,,,espn,Querétaro,Atlético de San Luis,QRO,ASL
espn-590932,2021-03-14,2020,regular,Toluca,Pachuca,0,2,,,espn,Toluca,Pachuca,TOL,PAC
espn-590929,2021-03-15,2020,regular,León,Necaxa,3,1,,,espn,León,Necaxa,LEO,NCX
espn-590928,2021-03-18,2020,regular,Pachuca,Tigres UANL,1,0,,,espn,Pachuca,Tigres UANL,PAC,UANL
espn-590926,2021-03-19,2020,regular,Mazatlán FC,América,0,1,,,espn,Mazatlán FC,América,MAZ,AME
espn-590927,2021-03-19,2020,regular,Necaxa,FC Juárez,1,0,,,espn,Necaxa,FC Juárez,NCX,JUA
espn-590922,2021-03-20,2020,regular,Tijuana,Querétaro,3,1,,,espn,Tijuana,Querétaro,TIJ,QRO
espn-590923,2021-03-20,2020,regular,Cruz Azul,Atlas,3,2,,,espn,Cruz Azul,Atlas,CAZ,ATS
espn-590925,2021-03-20,2020,regular,Atlético de San Luis,Pumas UNAM,0,1,,,espn,Atlético de San Luis,Pumas UNAM,ASL,UNAM
espn-590920,2021-03-21,2020,regular,Santos,León,1,2,,,espn,Santos,León,SAN,LEO
espn-590921,2021-03-21,2020,regular,Toluca,Puebla,4,4,,,espn,Toluca,Puebla,TOL,PUE
espn-590918,2021-04-02,2020,regular,FC Juárez,Cruz Azul,0,1,,,espn,FC Juárez,Cruz Azul,JUA,CAZ
espn-590919,2021-04-02,2020,regular,Puebla,Mazatlán FC,3,1,,,espn,Puebla,Mazatlán FC,PUE,MAZ
espn-590915,2021-04-03,2020,regular,Monterrey,Atlético de San Luis,2,0,,,espn,Monterrey,Atlético de San Luis,MTY,ASL
espn-590916,2021-04-03,2020,regular,América,Necaxa,2,1,,,espn,América,Necaxa,AME,NCX
espn-590917,2021-04-03,2020,regular,Atlas,Tijuana,1,0,,,espn,Atlas,Tijuana,ATS,TIJ
espn-590911,2021-04-04,2020,regular,León,Toluca,2,1,,,espn,León,Toluca,LEO,TOL
espn-590912,2021-04-04,2020,regular,Querétaro,Tigres UANL,0,1,,,espn,Querétaro,Tigres UANL,QRO,UANL
espn-590913,2021-04-04,2020,regular,Guadalajara,Santos,1,1,,,espn,Guadalajara,Santos,GDL,SAN
espn-590914,2021-04-04,2020,regular,Pumas UNAM,Pachuca,2,2,,,espn,Pumas UNAM,Pachuca,UNAM,PAC
espn-590909,2021-04-09,2020,regular,FC Juárez,Atlético de San Luis,2,1,,,espn,FC Juárez,Atlético de San Luis,JUA,ASL
espn-590910,2021-04-09,2020,regular,Necaxa,Pumas UNAM,0,1,,,espn,Necaxa,Pumas UNAM,NCX,UNAM
espn-590906,2021-04-10,2020,regular,Tigres UANL,América,1,3,,,espn,Tigres UANL,América,UANL,AME
espn-590907,2021-04-10,2020,regular,Cruz Azul,Guadalajara,1,0,,,espn,Cruz Azul,Guadalajara,CAZ,GDL
espn-590908,2021-04-10,2020,regular,Atlas,León,1,3,,,espn,Atlas,León,ATS,LEO
espn-590903,2021-04-11,2020,regular,Tijuana,Mazatlán FC,2,3,,,espn,Tijuana,Mazatlán FC,TIJ,MAZ
espn-590904,2021-04-11,2020,regular,Querétaro,Santos,1,0,,,espn,Querétaro,Santos,QRO,SAN
espn-590905,2021-04-11,2020,regular,Toluca,Monterrey,1,2,,,espn,Toluca,Monterrey,TOL,MTY
espn-590902,2021-04-12,2020,regular,Pachuca,Puebla,1,3,,,espn,Pachuca,Puebla,PAC,PUE
espn-590988,2021-04-14,2020,regular,FC Juárez,Tigres UANL,2,3,,,espn,FC Juárez,Tigres UANL,JUA,UANL
espn-590900,2021-04-16,2020,regular,Mazatlán FC,Atlas,0,0,,,espn,Mazatlán FC,Atlas,MAZ,ATS
espn-590901,2021-04-16,2020,regular,Necaxa,Querétaro,0,0,,,espn,Necaxa,Querétaro,NCX,QRO
espn-590897,2021-04-17,2020,regular,América,Cruz Azul,1,1,,,espn,América,Cruz Azul,AME,CAZ
espn-590898,2021-04-17,2020,regular,Guadalajara,Tijuana,2,0,,,espn,Guadalajara,Tijuana,GDL,TIJ
espn-590899,2021-04-17,2020,regular,Atlético de San Luis,Puebla,1,4,,,espn,Atlético de San Luis,Puebla,ASL,PUE
espn-590894,2021-04-18,2020,regular,Monterrey,Pachuca,0,1,,,espn,Monterrey,Pachuca,MTY,PAC
espn-590895,2021-04-18,2020,regular,Santos,Toluca,3,1,,,espn,Santos,Toluca,SAN,TOL
espn-590896,2021-04-18,2020,regular,Pumas UNAM,Tigres UANL,0,0,,,espn,Pumas UNAM,Tigres UANL,UNAM,UANL
espn-590893,2021-04-19,2020,regular,León,FC Juárez,2,0,,,espn,León,FC Juárez,LEO,JUA
espn-590924,2021-04-21,2020,regular,Monterrey,Guadalajara,1,2,,,espn,Monterrey,Guadalajara,MTY,GDL
espn-590890,2021-04-23,2020,regular,Mazatlán FC,León,4,3,,,espn,Mazatlán FC,León,MAZ,LEO
espn-590891,2021-04-23,2020,regular,Tijuana,Necaxa,1,0,,,espn,Tijuana,Necaxa,TIJ,NCX
espn-590892,2021-04-23,2020,regular,Puebla,Pumas UNAM,0,0,,,espn,Puebla,Pumas UNAM,PUE,UNAM
espn-590887,2021-04-24,2020,regular,Atlas,Guadalajara,0,1,,,espn,Atlas,Guadalajara,ATS,GDL
espn-590888,2021-04-24,2020,regular,Tigres UANL,Monterrey,2,1,,,espn,Tigres UANL,Monterrey,UANL,MTY
espn-590889,2021-04-24,2020,regular,Cruz Azul,Atlético de San Luis,3,2,,,espn,Cruz Azul,Atlético de San Luis,CAZ,ASL
espn-590885,2021-04-25,2020,regular,Querétaro,FC Juárez,1,0,,,espn,Querétaro,FC Juárez,QRO,JUA
espn-590886,2021-04-25,2020,regular,Toluca,América,3,1,,,espn,Toluca,América,TOL,AME
espn-590884,2021-04-26,2020,regular,Pachuca,Santos,1,0,,,espn,Pachuca,Santos,PAC,SAN
espn-590883,2021-04-29,2020,regular,Atlético de San Luis,Pachuca,1,5,,,espn,Atlético de San Luis,Pachuca,ASL,PAC
espn-590881,2021-04-30,2020,regular,FC Juárez,Toluca,1,0,,,espn,FC Juárez,Toluca,JUA,TOL
espn-590882,2021-04-30,2020,regular,Necaxa,Atlas,1,5,,,espn,Necaxa,Atlas,NCX,ATS
espn-590875,2021-05-01,2020,regular,León,Querétaro,2,1,,,espn,León,Querétaro,LEO,QRO
espn-590878,2021-05-01,2020,regular,Monterrey,Mazatlán FC,1,0,,,espn,Monterrey,Mazatlán FC,MTY,MAZ
espn-590879,2021-05-01,2020,regular,Cruz Azul,Tijuana,1,1,,,espn,Cruz Azul,Tijuana,CAZ,TIJ
espn-590880,2021-05-01,2020,regular,Guadalajara,Tigres UANL,0,0,,,espn,Guadalajara,Tigres UANL,GDL,UANL
espn-590876,2021-05-02,2020,regular,Pumas UNAM,América,0,1,,,espn,Pumas UNAM,América,UNAM,AME
espn-590877,2021-05-02,2020,regular,Santos,Puebla,0,0,,,espn,Santos,Puebla,SAN,PUE
espn-602125,2021-05-08,2020,regular,Atlas,Tigres UANL,1,0,,,espn,Atlas,Tigres UANL,ATS,UANL
espn-602126,2021-05-08,2020,regular,Santos,Querétaro,5,0,,,espn,Santos,Querétaro,SAN,QRO
espn-602127,2021-05-09,2020,regular,León,Toluca,2,3,,pens,espn,León,Toluca,LEO,TOL
espn-602128,2021-05-09,2020,regular,Pachuca,Guadalajara,4,2,,,espn,Pachuca,Guadalajara,PAC,GDL
espn-602642,2021-05-12,2020,regular,Toluca,Cruz Azul,2,1,,,espn,Toluca,Cruz Azul,TOL,CAZ
espn-602644,2021-05-12,2020,regular,Atlas,Puebla,1,0,,,espn,Atlas,Puebla,ATS,PUE
espn-602641,2021-05-13,2020,regular,Pachuca,América,3,1,,,espn,Pachuca,América,PAC,AME
espn-602643,2021-05-13,2020,regular,Santos,Monterrey,2,1,,,espn,Santos,Monterrey,SAN,MTY
espn-602645,2021-05-15,2020,regular,Puebla,Atlas,1,0,,,espn,Puebla,Atlas,PUE,ATS
espn-602648,2021-05-15,2020,regular,Cruz Azul,Toluca,3,1,,,espn,Cruz Azul,Toluca,CAZ,TOL
espn-602646,2021-05-16,2020,regular,América,Pachuca,4,2,,,espn,América,Pachuca,AME,PAC
espn-602647,2021-05-16,2020,regular,Monterrey,Santos,1,1,,,espn,Monterrey,Santos,MTY,SAN
espn-602764,2021-05-19,2020,regular,Pachuca,Cruz Azul,0,0,,,espn,Pachuca,Cruz Azul,PAC,CAZ
espn-602765,2021-05-20,2020,regular,Santos,Puebla,3,0,,,espn,Santos,Puebla,SAN,PUE
espn-602762,2021-05-22,2020,regular,Cruz Azul,Pachuca,1,0,,,espn,Cruz Azul,Pachuca,CAZ,PAC
espn-602763,2021-05-23,2020,regular,Puebla,Santos,1,0,,,espn,Puebla,Santos,PUE,SAN
espn-602868,2021-05-27,2020,regular,Santos,Cruz Azul,0,1,,,espn,Santos,Cruz Azul,SAN,CAZ
espn-602867,2021-05-30,2020,regular,Cruz Azul,Santos,1,1,,,espn,Cruz Azul,Santos,CAZ,SAN
espn-611458,2021-07-22,2021,regular,Querétaro,América,0,0,,,espn,Querétaro,América,QRO,AME
espn-611456,2021-07-23,2021,regular,FC Juárez,Toluca,1,3,,,espn,FC Juárez,Toluca,JUA,TOL
espn-611457,2021-07-23,2021,regular,Necaxa,Santos,0,3,,,espn,Necaxa,Santos,NCX,SAN
espn-611454,2021-07-24,2021,regular,Guadalajara,Atlético de San Luis,1,2,,,espn,Guadalajara,Atlético de San Luis,GDL,ASL
espn-611455,2021-07-24,2021,regular,Pachuca,León,4,0,,,espn,Pachuca,León,PAC,LEO
espn-611451,2021-07-25,2021,regular,Tijuana,Tigres UANL,1,2,,,espn,Tijuana,Tigres UANL,TIJ,UANL
espn-611452,2021-07-25,2021,regular,Monterrey,Puebla,1,1,,,espn,Monterrey,Puebla,MTY,PUE
espn-611453,2021-07-25,2021,regular,Pumas UNAM,Atlas,0,0,,,espn,Pumas UNAM,Atlas,UNAM,ATS
espn-611450,2021-07-26,2021,regular,Cruz Azul,Mazatlán FC,0,2,,,espn,Cruz Azul,Mazatlán FC,CAZ,MAZ
espn-611448,2021-07-30,2021,regular,Puebla,Guadalajara,0,2,,,espn,Puebla,Guadalajara,PUE,GDL
espn-611449,2021-07-30,2021,regular,Mazatlán FC,Pachuca,2,1,,,espn,Mazatlán FC,Pachuca,MAZ,PAC
espn-611443,2021-07-31,2021,regular,León,Tijuana,2,1,,,espn,León,Tijuana,LEO,TIJ
espn-611445,2021-07-31,2021,regular,Atlas,FC Juárez,2,0,,,espn,Atlas,FC Juárez,ATS,JUA
espn-611446,2021-07-31,2021,regular,Monterrey,Pumas UNAM,2,0,,,espn,Monterrey,Pumas UNAM,MTY,UNAM
espn-611447,2021-07-31,2021,regular,América,Necaxa,2,1,,,espn,América,Necaxa,AME,NCX
espn-611442,2021-08-01,2021,regular,Santos,Cruz Azul,1,1,,,espn,Santos,Cruz Azul,SAN,CAZ
espn-611444,2021-08-01,2021,regular,Toluca,Tigres UANL,3,1,,,espn,Toluca,Tigres UANL,TOL,UANL
espn-611441,2021-08-02,2021,regular,Atlético de San Luis,Querétaro,1,1,,,espn,Atlético de San Luis,Querétaro,ASL,QRO
espn-611440,2021-08-05,2021,regular,Querétaro,León,0,1,,,espn,Querétaro,León,QRO,LEO
espn-611437,2021-08-06,2021,regular,Necaxa,Cruz Azul,1,2,,,espn,Necaxa,Cruz Azul,NCX,CAZ
espn-611438,2021-08-06,2021,regular,Tijuana,Toluca,0,2,,,espn,Tijuana,Toluca,TIJ,TOL
espn-611439,2021-08-06,2021,regular,Mazatlán FC,Monterrey,1,1,,,espn,Mazatlán FC,Monterrey,MAZ,MTY
espn-611433,2021-08-07,2021,regular,Guadalajara,FC Juárez,2,2,,,espn,Guadalajara,FC Juárez,GDL,JUA
espn-611435,2021-08-07,2021,regular,Tigres UANL,Santos,1,1,,,espn,Tigres UANL,Santos,UANL,SAN
espn-611436,2021-08-07,2021,regular,América,Puebla,2,0,,,espn,América,Puebla,AME,PUE
espn-611434,2021-08-08,2021,regular,Pumas UNAM,Atlético de San Luis,1,3,,,espn,Pumas UNAM,Atlético de San Luis,UNAM,ASL
espn-611432,2021-08-09,2021,regular,Pachuca,Atlas,0,1,,,espn,Pachuca,Atlas,PAC,ATS
espn-611431,2021-08-12,2021,regular,Atlético de San Luis,Necaxa,0,2,,,espn,Atlético de San Luis,Necaxa,ASL,NCX
espn-611429,2021-08-13,2021,regular,FC Juárez,Tijuana,1,1,,,espn,FC Juárez,Tijuana,JUA,TIJ
espn-611430,2021-08-13,2021,regular,Puebla,Tigres UANL,1,1,,,espn,Puebla,Tigres UANL,PUE,UANL
espn-611425,2021-08-14,2021,regular,Pumas UNAM,Querétaro,0,0,,,espn,Pumas UNAM,Querétaro,UNAM,QRO
espn-611426,2021-08-14,2021,regular,Monterrey,Pachuca,3,1,,,espn,Monterrey,Pachuca,MTY,PAC
espn-611427,2021-08-14,2021,regular,Cruz Azul,Toluca,4,0,,,espn,Cruz Azul,Toluca,CAZ,TOL
espn-611428,2021-08-14,2021,regular,León,Mazatlán FC,3,0,,,espn,León,Mazatlán FC,LEO,MAZ
espn-611423,2021-08-15,2021,regular,Atlas,América,0,1,,,espn,Atlas,América,ATS,AME
espn-611424,2021-08-15,2021,regular,Santos,Guadalajara,0,0,,,espn,Santos,Guadalajara,SAN,GDL
espn-611419,2021-08-17,2021,regular,Toluca,Mazatlán FC,2,2,,,espn,Toluca,Mazatlán FC,TOL,MAZ
espn-611420,2021-08-17,2021,regular,Tijuana,Puebla,1,1,,,espn,Tijuana,Puebla,TIJ,PUE
espn-611421,2021-08-17,2021,regular,Necaxa,Pumas UNAM,3,0,,,espn,Necaxa,Pumas UNAM,NCX,UNAM
espn-611422,2021-08-17,2021,regular,Tigres UANL,Querétaro,3,0,,,espn,Tigres UANL,Querétaro,UANL,QRO
espn-611415,2021-08-18,2021,regular,FC Juárez,América,1,2,,,espn,FC Juárez,América,JUA,AME
espn-611416,2021-08-18,2021,regular,Guadalajara,León,0,3,,,espn,Guadalajara,León,GDL,LEO
espn-611417,2021-08-18,2021,regular,Santos,Atlas,1,1,,,espn,Santos,Atlas,SAN,ATS
espn-611418,2021-08-18,2021,regular,Cruz Azul,Monterrey,1,1,,,espn,Cruz Azul,Monterrey,CAZ,MTY
espn-611414,2021-08-20,2021,regular,Mazatlán FC,Tigres UANL,0,3,,,espn,Mazatlán FC,Tigres UANL,MAZ,UANL
espn-611409,2021-08-21,2021,regular,Atlas,Toluca,0,0,,,espn,Atlas,Toluca,ATS,TOL
espn-611411,2021-08-21,2021,regular,Monterrey,Guadalajara,0,0,,,espn,Monterrey,Guadalajara,MTY,GDL
espn-611412,2021-08-21,2021,regular,Atlético de San Luis,Cruz Azul,0,0,,,espn,Atlético de San Luis,Cruz Azul,ASL,CAZ
espn-611413,2021-08-21,2021,regular,León,Santos,1,1,,,espn,León,Santos,LEO,SAN
espn-611406,2021-08-22,2021,regular,América,Tijuana,2,0,,,espn,América,Tijuana,AME,TIJ
espn-611407,2021-08-22,2021,regular,Querétaro,Pachuca,0,2,,,espn,Querétaro,Pachuca,QRO,PAC
espn-611408,2021-08-22,2021,regular,Necaxa,FC Juárez,1,0,,,espn,Necaxa,FC Juárez,NCX,JUA
espn-611410,2021-08-22,2021,regular,Pumas UNAM,Puebla,2,0,,,espn,Pumas UNAM,Puebla,UNAM,PUE
espn-611403,2021-08-27,2021,regular,Mazatlán FC,Atlético de San Luis,2,2,,,espn,Mazatlán FC,Atlético de San Luis,MAZ,ASL
espn-611404,2021-08-27,2021,regular,Tijuana,Monterrey,2,2,,,espn,Tijuana,Monterrey,TIJ,MTY
espn-611405,2021-08-27,2021,regular,Puebla,Querétaro,1,0,,,espn,Puebla,Querétaro,PUE,QRO
espn-611399,2021-08-28,2021,regular,Guadalajara,Necaxa,2,1,,,espn,Guadalajara,Necaxa,GDL,NCX
espn-611401,2021-08-28,2021,regular,León,América,1,1,,,espn,León,América,LEO,AME
espn-611402,2021-08-28,2021,regular,Tigres UANL,Atlas,1,1,,,espn,Tigres UANL,Atlas,UANL,ATS
espn-611397,2021-08-29,2021,regular,Cruz Azul,Pachuca,1,1,,,espn,Cruz Azul,Pachuca,CAZ,PAC
espn-611398,2021-08-29,2021,regular,Santos,FC Juárez,2,0,,,espn,Santos,FC Juárez,SAN,JUA
espn-611400,2021-08-29,2021,regular,Toluca,Pumas UNAM,2,1,,,espn,Toluca,Pumas UNAM,TOL,UNAM
espn-611394,2021-09-10,2021,regular,FC Juárez,Cruz Azul,2,1,,,espn,FC Juárez,Cruz Azul,JUA,CAZ
espn-611395,2021-09-10,2021,regular,Tijuana,Santos,2,1,,,espn,Tijuana,Santos,TIJ,SAN
espn-611396,2021-09-10,2021,regular,Puebla,Atlético de San Luis,2,2,,,espn,Puebla,Atlético de San Luis,PUE,ASL
espn-611391,2021-09-11,2021,regular,Atlas,Monterrey,2,1,,,espn,Atlas,Monterrey,ATS,MTY
espn-611392,2021-09-11,2021,regular,América,Mazatlán FC,2,0,,,espn,América,Mazatlán FC,AME,MAZ
espn-611393,2021-09-11,2021,regular,Tigres UANL,León,2,2,,,espn,Tigres UANL,León,UANL,LEO
espn-611389,2021-09-12,2021,regular,Pumas UNAM,Guadalajara,0,0,,,espn,Pumas UNAM,Guadalajara,UNAM,GDL
espn-611390,2021-09-12,2021,regular,Querétaro,Necaxa,3,0,,,espn,Querétaro,Necaxa,QRO,NCX
espn-611388,2021-09-13,2021,regular,Pachuca,Toluca,1,2,,,espn,Pachuca,Toluca,PAC,TOL
espn-611387,2021-09-16,2021,regular,Atlético de San Luis,Tijuana,4,1,,,espn,Atlético de San Luis,Tijuana,ASL,TIJ
espn-611385,2021-09-17,2021,regular,Necaxa,Atlas,0,3,,,espn,Necaxa,Atlas,NCX,ATS
espn-611382,2021-09-18,2021,regular,León,FC Juárez,0,1,,,espn,León,FC Juárez,LEO,JUA
espn-611383,2021-09-18,2021,regular,Guadalajara,Pachuca,1,0,,,espn,Guadalajara,Pachuca,GDL,PAC
espn-611384,2021-09-18,2021,regular,Toluca,América,3,1,,,espn,Toluca,América,TOL,AME
espn-611386,2021-09-18,2021,regular,Mazatlán FC,Pumas UNAM,2,2,,,espn,Mazatlán FC,Pumas UNAM,MAZ,UNAM
espn-611379,2021-09-19,2021,regular,Santos,Puebla,1,1,,,espn,Santos,Puebla,SAN,PUE
espn-611380,2021-09-19,2021,regular,Cruz Azul,Querétaro,2,0,,,espn,Cruz Azul,Querétaro,CAZ,QRO
espn-611381,2021-09-19,2021,regular,Monterrey,Tigres UANL,2,0,,,espn,Monterrey,Tigres UANL,MTY,UANL
espn-611378,2021-09-21,2021,regular,FC Juárez,Atlético de San Luis,1,0,,,espn,FC Juárez,Atlético de San Luis,JUA,ASL
espn-611377,2021-09-22,2021,regular,Monterrey,Toluca,2,0,,,espn,Monterrey,Toluca,MTY,TOL
espn-611376,2021-09-23,2021,regular,Pachuca,Necaxa,1,0,,,espn,Pachuca,Necaxa,PAC,NCX
espn-611373,2021-09-24,2021,regular,Tijuana,Mazatlán FC,0,0,,,espn,Tijuana,Mazatlán FC,TIJ,MAZ
espn-611375,2021-09-24,2021,regular,Puebla,Cruz Azul,1,1,,,espn,Puebla,Cruz Azul,PUE,CAZ
espn-611369,2021-09-25,2021,regular,Atlas,León,2,0,,,espn,Atlas,León,ATS,LEO
espn-611371,2021-09-25,2021,regular,América,Guadalajara,0,0,,,espn,América,Guadalajara,AME,GDL
espn-611372,2021-09-25,2021,regular,Tigres UANL,Pumas UNAM,0,0,,,espn,Tigres UANL,Pumas UNAM,UANL,UNAM
espn-611368,2021-09-26,2021,regular,Santos,Monterrey,1,2,,,espn,Santos,Monterrey,SAN,MTY
espn-611370,2021-09-26,2021,regular,Toluca,Atlético de San Luis,1,2,,,espn,Toluca,Atlético de San Luis,TOL,ASL
espn-611364,2021-09-28,2021,regular,Necaxa,Tijuana,3,0,,,espn,Necaxa,Tijuana,NCX,TIJ
espn-611365,2021-09-28,2021,regular,Pachuca,América,1,1,,,espn,Pachuca,América,PAC,AME
espn-611366,2021-09-28,2021,regular,Mazatlán FC,FC Juárez,3,1,,,espn,Mazatlán FC,FC Juárez,MAZ,JUA
espn-611367,2021-09-28,2021,regular,Atlas,Puebla,0,1,,,espn,Atlas,Puebla,ATS,PUE
espn-611362,2021-09-29,2021,regular,Atlético de San Luis,Tigres UANL,0,3,,,espn,Atlético de San Luis,Tigres UANL,ASL,UANL
espn-611363,2021-09-29,2021,regular,Querétaro,Guadalajara,1,0,,,espn,Querétaro,Guadalajara,QRO,GDL
espn-611360,2021-10-01,2021,regular,FC Juárez,Monterrey,3,1,,,espn,FC Juárez,Monterrey,JUA,MTY
espn-611361,2021-10-01,2021,regular,Puebla,Pachuca,1,2,,,espn,Puebla,Pachuca,PUE,PAC
espn-611355,2021-10-02,2021,regular,Santos,Mazatlán FC,1,0,,,espn,Santos,Mazatlán FC,SAN,MAZ
espn-611356,2021-10-02,2021,regular,León,Atlético de San Luis,0,0,,,espn,León,Atlético de San Luis,LEO,ASL
espn-611359,2021-10-02,2021,regular,Guadalajara,Atlas,0,1,,,espn,Guadalajara,Atlas,GDL,ATS
espn-611353,2021-10-03,2021,regular,Tigres UANL,Necaxa,0,0,,,espn,Tigres UANL,Necaxa,UANL,NCX
espn-611354,2021-10-03,2021,regular,Tijuana,Cruz Azul,0,1,,,espn,Tijuana,Cruz Azul,TIJ,CAZ
espn-611357,2021-10-03,2021,regular,Toluca,Querétaro,1,1,,,espn,Toluca,Querétaro,TOL,QRO
espn-611358,2021-10-03,2021,regular,América,Pumas UNAM,2,0,,,espn,América,Pumas UNAM,AME,UNAM
espn-611374,2021-10-08,2021,regular,FC Juárez,Querétaro,0,0,,,espn,FC Juárez,Querétaro,JUA,QRO
espn-611352,2021-10-14,2021,regular,Querétaro,Tijuana,1,1,,,espn,Querétaro,Tijuana,QRO,TIJ
espn-611350,2021-10-15,2021,regular,Mazatlán FC,Atlas,1,0,,,espn,Mazatlán FC,Atlas,MAZ,ATS
espn-611351,2021-10-15,2021,regular,Necaxa,Puebla,0,1,,,espn,Necaxa,Puebla,NCX,PUE
espn-611345,2021-10-16,2021,regular,Monterrey,León,0,1,,,espn,Monterrey,León,MTY,LEO
espn-611347,2021-10-16,2021,regular,Cruz Azul,Tigres UANL,1,1,,,espn,Cruz Azul,Tigres UANL,CAZ,UANL
espn-611348,2021-10-16,2021,regular,Atlético de San Luis,América,0,1,,,espn,Atlético de San Luis,América,ASL,AME
espn-611349,2021-10-16,2021,regular,Pachuca,Santos,1,1,,,espn,Pachuca,Santos,PAC,SAN
espn-611344,2021-10-17,2021,regular,Guadalajara,Toluca,2,0,,,espn,Guadalajara,Toluca,GDL,TOL
espn-611346,2021-10-17,2021,regular,Pumas UNAM,FC Juárez,1,0,,,espn,Pumas UNAM,FC Juárez,UNAM,JUA
espn-611340,2021-10-19,2021,regular,Querétaro,Monterrey,1,0,,,espn,Querétaro,Monterrey,QRO,MTY
espn-611341,2021-10-19,2021,regular,Atlas,Cruz Azul,0,0,,,espn,Atlas,Cruz Azul,ATS,CAZ
espn-611342,2021-10-19,2021,regular,Puebla,Mazatlán FC,2,0,,,espn,Puebla,Mazatlán FC,PUE,MAZ
espn-611343,2021-10-19,2021,regular,América,Santos,2,1,,,espn,América,Santos,AME,SAN
espn-611336,2021-10-20,2021,regular,Tijuana,Guadalajara,0,0,,,espn,Tijuana,Guadalajara,TIJ,GDL
espn-611337,2021-10-20,2021,regular,Tigres UANL,Pachuca,3,0,,,espn,Tigres UANL,Pachuca,UANL,PAC
espn-611338,2021-10-20,2021,regular,Toluca,Necaxa,1,1,,,espn,Toluca,Necaxa,TOL,NCX
espn-611339,2021-10-20,2021,regular,León,Pumas UNAM,1,2,,,espn,León,Pumas UNAM,LEO,UNAM
espn-611335,2021-10-22,2021,regular,Mazatlán FC,Querétaro,2,1,,,espn,Mazatlán FC,Querétaro,MAZ,QRO
espn-611330,2021-10-23,2021,regular,Puebla,León,0,1,,,espn,Puebla,León,PUE,LEO
espn-611331,2021-10-23,2021,regular,Monterrey,Necaxa,0,1,,,espn,Monterrey,Necaxa,MTY,NCX
espn-611333,2021-10-23,2021,regular,Guadalajara,Cruz Azul,1,1,,,espn,Guadalajara,Cruz Azul,GDL,CAZ
espn-611334,2021-10-23,2021,regular,América,Tigres UANL,1,0,,,espn,América,Tigres UANL,AME,UANL
espn-611327,2021-10-24,2021,regular,Pachuca,FC Juárez,1,1,,,espn,Pachuca,FC Juárez,PAC,JUA
espn-611328,2021-10-24,2021,regular,Atlético de San Luis,Atlas,2,6,,,espn,Atlético de San Luis,Atlas,ASL,ATS
espn-611329,2021-10-24,2021,regular,Santos,Toluca,2,2,,,espn,Santos,Toluca,SAN,TOL
espn-611332,2021-10-24,2021,regular,Pumas UNAM,Tijuana,3,1,,,espn,Pumas UNAM,Tijuana,UNAM,TIJ
espn-611326,2021-10-28,2021,regular,Atlas,Tijuana,0,2,,,espn,Atlas,Tijuana,ATS,TIJ
espn-611324,2021-10-29,2021,regular,FC Juárez,Puebla,0,2,,,espn,FC Juárez,Puebla,JUA,PUE
espn-611325,2021-10-29,2021,regular,Necaxa,Mazatlán FC,2,1,,,espn,Necaxa,Mazatlán FC,NCX,MAZ
espn-611321,2021-10-30,2021,regular,Tigres UANL,Guadalajara,2,1,,,espn,Tigres UANL,Guadalajara,UANL,GDL
espn-611322,2021-10-30,2021,regular,Pachuca,Pumas UNAM,1,1,,,espn,Pachuca,Pumas UNAM,PAC,UNAM
espn-611323,2021-10-30,2021,regular,Querétaro,Santos,2,3,,,espn,Querétaro,Santos,QRO,SAN
espn-611318,2021-10-31,2021,regular,Cruz Azul,América,2,1,,,espn,Cruz Azul,América,CAZ,AME
espn-611319,2021-10-31,2021,regular,Atlético de San Luis,Monterrey,1,1,,,espn,Atlético de San Luis,Monterrey,ASL,MTY
espn-611320,2021-10-31,2021,regular,Toluca,León,0,0,,,espn,Toluca,León,TOL,LEO
espn-611316,2021-11-03,2021,regular,Cruz Azul,León,0,1,,,espn,Cruz Azul,León,CAZ,LEO
espn-611317,2021-11-03,2021,regular,Pachuca,Atlético de San Luis,0,0,,,espn,Pachuca,Atlético de San Luis,PAC,ASL
espn-611314,2021-11-04,2021,regular,Atlas,Querétaro,2,0,,,espn,Atlas,Querétaro,ATS,QRO
espn-611315,2021-11-04,2021,regular,Pumas UNAM,Santos,0,3,,,espn,Pumas UNAM,Santos,UNAM,SAN
espn-611312,2021-11-05,2021,regular,Mazatlán FC,Guadalajara,0,1,,,espn,Mazatlán FC,Guadalajara,MAZ,GDL
espn-611313,2021-11-05,2021,regular,Puebla,Toluca,1,0,,,espn,Puebla,Toluca,PUE,TOL
espn-611308,2021-11-06,2021,regular,Tigres UANL,FC Juárez,3,0,,,espn,Tigres UANL,FC Juárez,UANL,JUA
espn-611309,2021-11-06,2021,regular,Tijuana,Pachuca,3,2,,,espn,Tijuana,Pachuca,TIJ,PAC
espn-611310,2021-11-06,2021,regular,América,Monterrey,0,0,,,espn,América,Monterrey,AME,MTY
espn-611311,2021-11-06,2021,regular,León,Necaxa,3,0,,,espn,León,Necaxa,LEO,NCX
espn-611306,2021-11-07,2021,regular,Santos,Atlético de San Luis,0,0,,,espn,Santos,Atlético de San Luis,SAN,ASL
espn-611307,2021-11-07,2021,regular,Pumas UNAM,Cruz Azul,4,3,,,espn,Pumas UNAM,Cruz Azul,UNAM,CAZ
espn-621666,2021-11-20,2021,regular,Santos,Atlético de San Luis,2,0,,,espn,Santos,Atlético de San Luis,SAN,ASL
espn-621667,2021-11-20,2021,regular,Puebla,Guadalajara,3,2,,pens,espn,Puebla,Guadalajara,PUE,GDL
espn-621668,2021-11-21,2021,regular,Cruz Azul,Monterrey,1,4,,,espn,Cruz Azul,Monterrey,CAZ,MTY
espn-621669,2021-11-21,2021,regular,Toluca,Pumas UNAM,1,2,,,espn,Toluca,Pumas UNAM,TOL,UNAM
espn-622032,2021-11-24,2021,regular,Monterrey,Atlas,0,0,,,espn,Monterrey,Atlas,MTY,ATS
espn-622033,2021-11-24,2021,regular,Pumas UNAM,América,0,0,,,espn,Pumas UNAM,América,UNAM,AME
espn-622030,2021-11-25,2021,regular,Santos,Tigres UANL,2,1,,,espn,Santos,Tigres UANL,SAN,UANL
espn-622031,2021-11-25,2021,regular,Puebla,León,2,1,,,espn,Puebla,León,PUE,LEO
espn-622028,2021-11-27,2021,regular,Atlas,Monterrey,1,1,,,espn,Atlas,Monterrey,ATS,MTY
espn-622029,2021-11-27,2021,regular,América,Pumas UNAM,1,3,,,espn,América,Pumas UNAM,AME,UNAM
espn-622026,2021-11-28,2021,regular,León,Puebla,2,0,,,espn,León,Puebla,LEO,PUE
espn-622027,2021-11-28,2021,regular,Tigres UANL,Santos,1,0,,,espn,Tigres UANL,Santos,UANL,SAN
espn-622142,2021-12-01,2021,regular,Tigres UANL,León,2,1,,,espn,Tigres UANL,León,UANL,LEO
espn-622141,2021-12-02,2021,regular,Pumas UNAM,Atlas,0,1,,,espn,Pumas UNAM,Atlas,UNAM,ATS
espn-622140,2021-12-04,2021,regular,León,Tigres UANL,2,1,,,espn,León,Tigres UANL,LEO,UANL
espn-622139,2021-12-05,2021,regular,Atlas,Pumas UNAM,0,1,,,espn,Atlas,Pumas UNAM,ATS,UNAM
espn-622732,2021-12-09,2021,regular,León,Atlas,3,2,,,espn,León,Atlas,LEO,ATS
espn-622733,2021-12-12,2021,regular,Atlas,León,1,0,,pens,espn,Atlas,León,ATS,LEO
espn-623178,2022-01-06,2021,regular,Atlético de San Luis,Pachuca,0,2,,,espn,Atlético de San Luis,Pachuca,ASL,PAC
espn-623176,2022-01-07,2021,regular,Puebla,América,1,1,,,espn,Puebla,América,PUE,AME
espn-623177,2022-01-07,2021,regular,FC Juárez,Necaxa,2,1,,,espn,FC Juárez,Necaxa,JUA,NCX
espn-623173,2022-01-08,2021,regular,Cruz Azul,Tijuana,2,0,,,espn,Cruz Azul,Tijuana,CAZ,TIJ
espn-623175,2022-01-08,2021,regular,Monterrey,Querétaro,0,0,,,espn,Monterrey,Querétaro,MTY,QRO
espn-623171,2022-01-09,2021,regular,Guadalajara,Mazatlán FC,3,0,,,espn,Guadalajara,Mazatlán FC,GDL,MAZ
espn-623172,2022-01-10,2021,regular,Pumas UNAM,Toluca,5,0,,,espn,Pumas UNAM,Toluca,UNAM,TOL
espn-623174,2022-01-12,2021,regular,Santos,Tigres UANL,1,1,,,espn,Santos,Tigres UANL,SAN,UANL
espn-623169,2022-01-14,2021,regular,Necaxa,Monterrey,0,4,,,espn,Necaxa,Monterrey,NCX,MTY
espn-623170,2022-01-14,2021,regular,Querétaro,Pumas UNAM,1,3,,,espn,Querétaro,Pumas UNAM,QRO,UNAM
espn-623165,2022-01-15,2021,regular,Cruz Azul,FC Juárez,1,0,,,espn,Cruz Azul,FC Juárez,CAZ,JUA
espn-623166,2022-01-15,2021,regular,Tijuana,León,1,1,,,espn,Tijuana,León,TIJ,LEO
espn-623167,2022-01-15,2021,regular,Tigres UANL,Puebla,0,2,,,espn,Tigres UANL,Puebla,UANL,PUE
espn-623168,2022-01-15,2021,regular,Atlas,Atlético de San Luis,1,0,,,espn,Atlas,Atlético de San Luis,ATS,ASL
espn-623163,2022-01-16,2021,regular,Pachuca,Guadalajara,2,1,,,espn,Pachuca,Guadalajara,PAC,GDL
espn-623164,2022-01-16,2021,regular,Toluca,Santos,3,1,,,espn,Toluca,Santos,TOL,SAN
espn-623162,2022-01-19,2021,regular,León,Atlas,1,1,,,espn,León,Atlas,LEO,ATS
espn-623161,2022-01-20,2021,regular,Atlético de San Luis,FC Juárez,0,1,,,espn,Atlético de San Luis,FC Juárez,ASL,JUA
espn-623160,2022-01-21,2021,regular,Mazatlán FC,Toluca,1,2,,,espn,Mazatlán FC,Toluca,MAZ,TOL
espn-623155,2022-01-22,2021,regular,América,Atlas,0,2,,,espn,América,Atlas,AME,ATS
espn-623156,2022-01-22,2021,regular,Monterrey,Cruz Azul,2,2,,,espn,Monterrey,Cruz Azul,MTY,CAZ
espn-623157,2022-01-22,2021,regular,León,Pachuca,2,1,,,espn,León,Pachuca,LEO,PAC
espn-623158,2022-01-22,2021,regular,Guadalajara,Querétaro,1,1,,,espn,Guadalajara,Querétaro,GDL,QRO
espn-623153,2022-01-23,2021,regular,Santos,Necaxa,1,4,,,espn,Santos,Necaxa,SAN,NCX
espn-623154,2022-01-23,2021,regular,Pumas UNAM,Tigres UANL,1,2,,,espn,Pumas UNAM,Tigres UANL,UNAM,UANL
espn-623159,2022-01-28,2021,regular,Puebla,Tijuana,3,1,,,espn,Puebla,Tijuana,PUE,TIJ
espn-623150,2022-02-05,2021,regular,Tijuana,Pumas UNAM,1,0,,,espn,Tijuana,Pumas UNAM,TIJ,UNAM
espn-623151,2022-02-05,2021,regular,América,Atlético de San Luis,2,3,,,espn,América,Atlético de San Luis,AME,ASL
espn-623152,2022-02-05,2021,regular,Necaxa,Pachuca,1,3,,,espn,Necaxa,Pachuca,NCX,PAC
espn-623146,2022-02-06,2021,regular,Tigres UANL,Mazatlán FC,4,3,,,espn,Tigres UANL,Mazatlán FC,UANL,MAZ
espn-623147,2022-02-06,2021,regular,Atlas,Santos,2,1,,,espn,Atlas,Santos,ATS,SAN
espn-623148,2022-02-06,2021,regular,Querétaro,Puebla,0,2,,,espn,Querétaro,Puebla,QRO,PUE
espn-623145,2022-02-07,2021,regular,León,Cruz Azul,0,1,,,espn,León,Cruz Azul,LEO,CAZ
espn-623149,2022-02-09,2021,regular,FC Juárez,Guadalajara,1,3,,,espn,FC Juárez,Guadalajara,JUA,GDL
espn-623143,2022-02-11,2021,regular,Puebla,Atlas,1,1,,,espn,Puebla,Atlas,PUE,ATS
espn-623144,2022-02-11,2021,regular,Mazatlán FC,Tijuana,2,0,,,espn,Mazatlán FC,Tijuana,MAZ,TIJ
espn-623136,2022-02-12,2021,regular,Guadalajara,Tigres UANL,1,3,,,espn,Guadalajara,Tigres UANL,GDL,UANL
espn-623140,2022-02-12,2021,regular,Santos,América,2,3,,,espn,Santos,América,SAN,AME
espn-623141,2022-02-12,2021,regular,Cruz Azul,Necaxa,1,2,,,espn,Cruz Azul,Necaxa,CAZ,NCX
espn-623142,2022-02-12,2021,regular,Atlético de San Luis,Toluca,0,1,,,espn,Atlético de San Luis,Toluca,ASL,TOL
espn-623139,2022-02-13,2021,regular,Pumas UNAM,León,2,1,,,espn,Pumas UNAM,León,UNAM,LEO
espn-623138,2022-02-14,2021,regular,Pachuca,Querétaro,2,2,,,espn,Pachuca,Querétaro,PAC,QRO
espn-623137,2022-02-16,2021,regular,Mazatlán FC,América,2,1,,,espn,Mazatlán FC,América,MAZ,AME
espn-623133,2022-02-18,2021,regular,Tijuana,Necaxa,1,1,,,espn,Tijuana,Necaxa,TIJ,NCX
espn-623134,2022-02-18,2021,regular,FC Juárez,Santos,0,0,,,espn,FC Juárez,Santos,JUA,SAN
espn-623135,2022-02-18,2021,regular,Puebla,Monterrey,1,0,,,espn,Puebla,Monterrey,PUE,MTY
espn-623129,2022-02-19,2021,regular,Querétaro,Mazatlán FC,2,0,,,espn,Querétaro,Mazatlán FC,QRO,MAZ
espn-623130,2022-02-19,2021,regular,León,Guadalajara,2,1,,,espn,León,Guadalajara,LEO,GDL
espn-623132,2022-02-19,2021,regular,Tigres UANL,Atlético de San Luis,2,1,,,espn,Tigres UANL,Atlético de San Luis,UANL,ASL
espn-623127,2022-02-20,2021,regular,Atlas,Pumas UNAM,0,0,,,espn,Atlas,Pumas UNAM,ATS,UNAM
espn-623128,2022-02-20,2021,regular,Toluca,Cruz Azul,1,4,,,espn,Toluca,Cruz Azul,TOL,CAZ
espn-623131,2022-02-20,2021,regular,América,Pachuca,1,3,,,espn,América,Pachuca,AME,PAC
espn-623125,2022-02-24,2021,regular,Querétaro,Toluca,1,1,,,espn,Querétaro,Toluca,QRO,TOL
espn-623126,2022-02-24,2021,regular,Pachuca,Mazatlán FC,3,1,,,espn,Pachuca,Mazatlán FC,PAC,MAZ
espn-623122,2022-02-25,2021,regular,Tijuana,Atlas,2,0,,,espn,Tijuana,Atlas,TIJ,ATS
espn-623123,2022-02-25,2021,regular,FC Juárez,Tigres UANL,2,3,,,espn,FC Juárez,Tigres UANL,JUA,UANL
espn-623124,2022-02-25,2021,regular,Necaxa,León,0,1,,,espn,Necaxa,León,NCX,LEO
espn-623119,2022-02-26,2021,regular,Pumas UNAM,América,0,0,,,espn,Pumas UNAM,América,UNAM,AME
espn-623120,2022-02-26,2021,regular,Guadalajara,Puebla,2,3,,,espn,Guadalajara,Puebla,GDL,PUE
espn-623121,2022-02-26,2021,regular,Monterrey,Atlético de San Luis,0,2,,,espn,Monterrey,Atlético de San Luis,MTY,ASL
espn-623118,2022-02-27,2021,regular,Cruz Azul,Santos,1,2,,,espn,Cruz Azul,Santos,CAZ,SAN
espn-623113,2022-03-01,2021,regular,León,Monterrey,0,0,,,espn,León,Monterrey,LEO,MTY
espn-623114,2022-03-01,2021,regular,Mazatlán FC,Necaxa,0,0,,,espn,Mazatlán FC,Necaxa,MAZ,NCX
espn-623115,2022-03-01,2021,regular,América,Querétaro,1,1,,,espn,América,Querétaro,AME,QRO
espn-623116,2022-03-01,2021,regular,Puebla,FC Juárez,1,1,,,espn,Puebla,FC Juárez,PUE,JUA
espn-623117,2022-03-01,2021,regular,Toluca,Tijuana,1,2,,,espn,Toluca,Tijuana,TOL,TIJ
espn-623109,2022-03-02,2021,regular,Atlético de San Luis,Guadalajara,2,2,,,espn,Atlético de San Luis,Guadalajara,ASL,GDL
espn-623110,2022-03-02,2021,regular,Santos,Pumas UNAM,3,2,,,espn,Santos,Pumas UNAM,SAN,UNAM
espn-623111,2022-03-02,2021,regular,Tigres UANL,Cruz Azul,2,2,,,espn,Tigres UANL,Cruz Azul,UANL,CAZ
espn-623112,2022-03-02,2021,regular,Atlas,Pachuca,0,1,,,espn,Atlas,Pachuca,ATS,PAC
espn-623107,2022-03-04,2021,regular,FC Juárez,León,0,1,,,espn,FC Juárez,León,JUA,LEO
espn-623108,2022-03-04,2021,regular,Necaxa,Toluca,0,1,,,espn,Necaxa,Toluca,NCX,TOL
espn-623103,2022-03-05,2021,regular,Cruz Azul,Puebla,1,3,,,espn,Cruz Azul,Puebla,CAZ,PUE
espn-623104,2022-03-05,2021,regular,Guadalajara,Santos,1,0,,,espn,Guadalajara,Santos,GDL,SAN
espn-623105,2022-03-05,2021,regular,Monterrey,América,2,1,,,espn,Monterrey,América,MTY,AME
espn-623106,2022-03-05,2021,regular,Querétaro,Atlas,0,1,,,espn,Querétaro,Atlas,QRO,ATS
espn-623093,2022-03-11,2021,regular,Monterrey,Mazatlán FC,2,1,,,espn,Monterrey,Mazatlán FC,MTY,MAZ
espn-623096,2022-03-11,2021,regular,FC Juárez,Atlas,1,2,,,espn,FC Juárez,Atlas,JUA,ATS
espn-623097,2022-03-11,2021,regular,Necaxa,Querétaro,1,0,,,espn,Necaxa,Querétaro,NCX,QRO
espn-623092,2022-03-12,2021,regular,Guadalajara,América,0,0,,,espn,Guadalajara,América,GDL,AME
espn-623094,2022-03-12,2021,regular,Cruz Azul,Pumas UNAM,2,1,,,espn,Cruz Azul,Pumas UNAM,CAZ,UNAM
espn-623095,2022-03-12,2021,regular,León,Tigres UANL,0,3,,,espn,León,Tigres UANL,LEO,UANL
espn-623090,2022-03-13,2021,regular,Atlético de San Luis,Puebla,2,1,,,espn,Atlético de San Luis,Puebla,ASL,PUE
espn-623091,2022-03-13,2021,regular,Toluca,Pachuca,0,3,,,espn,Toluca,Pachuca,TOL,PAC
espn-623098,2022-03-13,2021,regular,Santos,Tijuana,4,0,,,espn,Santos,Tijuana,SAN,TIJ
espn-623099,2022-03-15,2021,regular,Monterrey,FC Juárez,3,0,,,espn,Monterrey,FC Juárez,MTY,JUA
espn-623089,2022-03-17,2021,regular,Querétaro,Atlético de San Luis,2,1,,,espn,Querétaro,Atlético de San Luis,QRO,ASL
espn-623088,2022-03-18,2021,regular,Puebla,Santos,2,2,,,espn,Puebla,Santos,PUE,SAN
espn-623083,2022-03-19,2021,regular,Pachuca,Cruz Azul,1,0,,,espn,Pachuca,Cruz Azul,PAC,CAZ
espn-623084,2022-03-19,2021,regular,Tigres UANL,Monterrey,2,0,,,espn,Tigres UANL,Monterrey,UANL,MTY
espn-623085,2022-03-19,2021,regular,Pumas UNAM,Necaxa,1,3,,,espn,Pumas UNAM,Necaxa,UNAM,NCX
espn-623081,2022-03-20,2021,regular,Atlas,Guadalajara,1,1,,,espn,Atlas,Guadalajara,ATS,GDL
espn-623082,2022-03-20,2021,regular,América,Toluca,3,0,,,espn,América,Toluca,AME,TOL
espn-623086,2022-03-20,2021,regular,Tijuana,FC Juárez,1,0,,,espn,Tijuana,FC Juárez,TIJ,JUA
espn-623087,2022-03-20,2021,regular,Mazatlán FC,León,1,2,,,espn,Mazatlán FC,León,MAZ,LEO
espn-623102,2022-03-26,2021,regular,Pumas UNAM,Mazatlán FC,1,1,,,espn,Pumas UNAM,Mazatlán FC,UNAM,MAZ
espn-623080,2022-04-01,2021,regular,Atlético de San Luis,Mazatlán FC,1,0,,,espn,Atlético de San Luis,Mazatlán FC,ASL,MAZ
espn-623077,2022-04-02,2021,regular,FC Juárez,Pumas UNAM,0,1,,,espn,FC Juárez,Pumas UNAM,JUA,UNAM
espn-623078,2022-04-02,2021,regular,Necaxa,América,0,1,,,espn,Necaxa,América,NCX,AME
espn-623079,2022-04-02,2021,regular,Cruz Azul,Atlas,1,0,,,espn,Cruz Azul,Atlas,CAZ,ATS
espn-623072,2022-04-03,2021,regular,Santos,Pachuca,3,1,,,espn,Santos,Pachuca,SAN,PAC
espn-623073,2022-04-03,2021,regular,Tigres UANL,Tijuana,2,0,,,espn,Tigres UANL,Tijuana,UANL,TIJ
espn-623074,2022-04-03,2021,regular,León,Querétaro,1,1,,,espn,León,Querétaro,LEO,QRO
espn-623075,2022-04-03,2021,regular,Toluca,Puebla,2,1,,,espn,Toluca,Puebla,TOL,PUE
espn-623071,2022-04-06,2021,regular,Toluca,Monterrey,2,2,,,espn,Toluca,Monterrey,TOL,MTY
espn-623100,2022-04-06,2021,regular,Tijuana,Atlético de San Luis,1,1,,,espn,Tijuana,Atlético de San Luis,TIJ,ASL
espn-623070,2022-04-07,2021,regular,Atlas,Necaxa,2,1,,,espn,Atlas,Necaxa,ATS,NCX
espn-623101,2022-04-07,2021,regular,Pachuca,Tigres UANL,2,1,,,espn,Pachuca,Tigres UANL,PAC,UANL
espn-623068,2022-04-08,2021,regular,Mazatlán FC,Cruz Azul,1,1,,,espn,Mazatlán FC,Cruz Azul,MAZ,CAZ
espn-623069,2022-04-08,2021,regular,Puebla,Pumas UNAM,2,2,,,espn,Puebla,Pumas UNAM,PUE,UNAM
espn-623064,2022-04-09,2021,regular,América,FC Juárez,3,0,,,espn,América,FC Juárez,AME,JUA
espn-623065,2022-04-09,2021,regular,Toluca,Guadalajara,1,1,,,espn,Toluca,Guadalajara,TOL,GDL
espn-623066,2022-04-09,2021,regular,Monterrey,Santos,1,0,,,espn,Monterrey,Santos,MTY,SAN
espn-623067,2022-04-09,2021,regular,Atlético de San Luis,León,2,0,,,espn,Atlético de San Luis,León,ASL,LEO
espn-623063,2022-04-10,2021,regular,Querétaro,Tigres UANL,0,1,,,espn,Querétaro,Tigres UANL,QRO,UANL
espn-623062,2022-04-11,2021,regular,Pachuca,Tijuana,0,0,,,espn,Pachuca,Tijuana,PAC,TIJ
espn-623076,2022-04-13,2021,regular,Guadalajara,Monterrey,1,3,,,espn,Guadalajara,Monterrey,GDL,MTY
espn-623061,2022-04-14,2021,regular,Atlas,Mazatlán FC,1,2,,,espn,Atlas,Mazatlán FC,ATS,MAZ
espn-623058,2022-04-15,2021,regular,Tijuana,América,1,3,,,espn,Tijuana,América,TIJ,AME
espn-623059,2022-04-15,2021,regular,FC Juárez,Pachuca,1,2,,,espn,FC Juárez,Pachuca,JUA,PAC
espn-623060,2022-04-15,2021,regular,Necaxa,Atlético de San Luis,4,2,,,espn,Necaxa,Atlético de San Luis,NCX,ASL
espn-623054,2022-04-16,2021,regular,Cruz Azul,Guadalajara,0,1,,,espn,Cruz Azul,Guadalajara,CAZ,GDL
espn-623055,2022-04-16,2021,regular,Santos,Querétaro,1,1,,,espn,Santos,Querétaro,SAN,QRO
espn-623056,2022-04-16,2021,regular,Tigres UANL,Toluca,3,0,,,espn,Tigres UANL,Toluca,UANL,TOL
espn-623057,2022-04-16,2021,regular,León,Puebla,0,1,,,espn,León,Puebla,LEO,PUE
espn-623053,2022-04-17,2021,regular,Pumas UNAM,Monterrey,2,0,,,espn,Pumas UNAM,Monterrey,UNAM,MTY
espn-623048,2022-04-19,2021,regular,Toluca,FC Juárez,0,1,,,espn,Toluca,FC Juárez,TOL,JUA
espn-623049,2022-04-19,2021,regular,Mazatlán FC,Santos,1,0,,,espn,Mazatlán FC,Santos,MAZ,SAN
espn-623050,2022-04-19,2021,regular,Guadalajara,Tijuana,2,1,,,espn,Guadalajara,Tijuana,GDL,TIJ
espn-623051,2022-04-19,2021,regular,Pachuca,Puebla,1,0,,,espn,Pachuca,Puebla,PAC,PUE
espn-623052,2022-04-19,2021,regular,Necaxa,Tigres UANL,2,0,,,espn,Necaxa,Tigres UANL,NCX,UANL
espn-623045,2022-04-20,2021,regular,Monterrey,Atlas,0,0,,,espn,Monterrey,Atlas,MTY,ATS
espn-623046,2022-04-20,2021,regular,América,León,2,0,,,espn,América,León,AME,LEO
espn-623047,2022-04-20,2021,regular,Atlético de San Luis,Pumas UNAM,2,0,,,espn,Atlético de San Luis,Pumas UNAM,ASL,UNAM
espn-623044,2022-04-21,2021,regular,Querétaro,Cruz Azul,0,1,,,espn,Querétaro,Cruz Azul,QRO,CAZ
espn-623042,2022-04-22,2021,regular,FC Juárez,Mazatlán FC,0,2,,,espn,FC Juárez,Mazatlán FC,JUA,MAZ
espn-623043,2022-04-22,2021,regular,Puebla,Necaxa,0,1,,,espn,Puebla,Necaxa,PUE,NCX
espn-623039,2022-04-23,2021,regular,Guadalajara,Pumas UNAM,3,1,,,espn,Guadalajara,Pumas UNAM,GDL,UNAM
espn-623040,2022-04-23,2021,regular,Tigres UANL,América,0,2,,,espn,Tigres UANL,América,UANL,AME
espn-623041,2022-04-23,2021,regular,Pachuca,Monterrey,3,0,,,espn,Pachuca,Monterrey,PAC,MTY
espn-623035,2022-04-24,2021,regular,Tijuana,Querétaro,2,2,,,espn,Tijuana,Querétaro,TIJ,QRO
espn-623036,2022-04-24,2021,regular,Santos,León,1,1,,,espn,Santos,León,SAN,LEO
espn-623037,2022-04-24,2021,regular,Cruz Azul,Atlético de San Luis,0,1,,,espn,Cruz Azul,Atlético de San Luis,CAZ,ASL
espn-623038,2022-04-24,2021,regular,Toluca,Atlas,2,4,,,espn,Toluca,Atlas,TOL,ATS
espn-623033,2022-04-29,2021,regular,Mazatlán FC,Puebla,2,1,,,espn,Mazatlán FC,Puebla,MAZ,PUE
espn-623034,2022-04-29,2021,regular,Necaxa,Guadalajara,0,1,,,espn,Necaxa,Guadalajara,NCX,GDL
espn-623029,2022-04-30,2021,regular,América,Cruz Azul,0,0,,,espn,América,Cruz Azul,AME,CAZ
espn-623030,2022-04-30,2021,regular,Atlas,Tigres UANL,1,1,,,espn,Atlas,Tigres UANL,ATS,UANL
espn-623031,2022-04-30,2021,regular,Monterrey,Tijuana,2,0,,,espn,Monterrey,Tijuana,MTY,TIJ
espn-623032,2022-04-30,2021,regular,Querétaro,FC Juárez,4,0,,,espn,Querétaro,FC Juárez,QRO,JUA
espn-623026,2022-05-01,2021,regular,León,Toluca,4,4,,,espn,León,Toluca,LEO,TOL
espn-623027,2022-05-01,2021,regular,Atlético de San Luis,Santos,1,3,,,espn,Atlético de San Luis,Santos,ASL,SAN
espn-623028,2022-05-01,2021,regular,Pumas UNAM,Pachuca,2,0,,,espn,Pumas UNAM,Pachuca,UNAM,PAC
espn-634829,2022-05-07,2021,regular,Cruz Azul,Necaxa,2,1,,pens,espn,Cruz Azul,Necaxa,CAZ,NCX
espn-634830,2022-05-07,2021,regular,Monterrey,Atlético de San Luis,2,3,,pens,espn,Monterrey,Atlético de San Luis,MTY,ASL
espn-634831,2022-05-08,2021,regular,Puebla,Mazatlán FC,3,2,,pens,espn,Puebla,Mazatlán FC,PUE,MAZ
espn-634832,2022-05-08,2021,regular,Guadalajara,Pumas UNAM,4,1,,,espn,Guadalajara,Pumas UNAM,GDL,UNAM
espn-635028,2022-05-11,2021,regular,Atlético de San Luis,Pachuca,2,2,,,espn,Atlético de San Luis,Pachuca,ASL,PAC
espn-635029,2022-05-11,2021,regular,Puebla,América,1,1,,,espn,Puebla,América,PUE,AME
espn-635030,2022-05-12,2021,regular,Cruz Azul,Tigres UANL,0,1,,,espn,Cruz Azul,Tigres UANL,CAZ,UANL
espn-635031,2022-05-12,2021,regular,Guadalajara,Atlas,1,2,,,espn,Guadalajara,Atlas,GDL,ATS
espn-635032,2022-05-14,2021,regular,América,Puebla,3,2,,,espn,América,Puebla,AME,PUE
espn-635033,2022-05-14,2021,regular,Pachuca,Atlético de San Luis,3,2,,,espn,Pachuca,Atlético de San Luis,PAC,ASL
espn-635034,2022-05-15,2021,regular,Atlas,Guadalajara,1,1,,,espn,Atlas,Guadalajara,ATS,GDL
espn-635035,2022-05-15,2021,regular,Tigres UANL,Cruz Azul,0,1,,,espn,Tigres UANL,Cruz Azul,UANL,CAZ
espn-635186,2022-05-18,2021,regular,Atlas,Tigres UANL,3,0,,,espn,Atlas,Tigres UANL,ATS,UANL
espn-635187,2022-05-19,2021,regular,América,Pachuca,1,1,,,espn,América,Pachuca,AME,PAC
espn-635188,2022-05-21,2021,regular,Tigres UANL,Atlas,4,2,,,espn,Tigres UANL,Atlas,UANL,ATS
espn-635189,2022-05-22,2021,regular,Pachuca,América,3,0,,,espn,Pachuca,América,PAC,AME
espn-635252,2022-05-26,2021,regular,Atlas,Pachuca,2,0,,,espn,Atlas,Pachuca,ATS,PAC
espn-635253,2022-05-29,2021,regular,Pachuca,Atlas,2,1,,,espn,Pachuca,Atlas,PAC,ATS
espn-636012,2022-07-01,2022,regular,Mazatlán FC,Puebla,2,4,,,espn,Mazatlán FC,Puebla,MAZ,PUE
espn-636011,2022-07-02,2022,regular,Necaxa,Toluca,1,3,,,espn,Necaxa,Toluca,NCX,TOL
espn-636013,2022-07-02,2022,regular,Guadalajara,FC Juárez,0,0,,,espn,Guadalajara,FC Juárez,GDL,JUA
espn-636014,2022-07-02,2022,regular,Tigres UANL,Cruz Azul,2,3,,,espn,Tigres UANL,Cruz Azul,UANL,CAZ
espn-636015,2022-07-02,2022,regular,América,Atlas,0,0,,,espn,América,Atlas,AME,ATS
espn-636016,2022-07-03,2022,regular,Pumas UNAM,Tijuana,1,1,,,espn,Pumas UNAM,Tijuana,UNAM,TIJ
espn-636017,2022-07-03,2022,regular,Atlético de San Luis,León,1,2,,,espn,Atlético de San Luis,León,ASL,LEO
espn-636018,2022-07-03,2022,regular,Santos,Monterrey,4,3,,,espn,Santos,Monterrey,SAN,MTY
espn-636019,2022-07-04,2022,regular,Pachuca,Querétaro,2,0,,,espn,Pachuca,Querétaro,PAC,QRO
espn-636020,2022-07-08,2022,regular,Mazatlán FC,Tigres UANL,0,1,,,espn,Mazatlán FC,Tigres UANL,MAZ,UANL
espn-636021,2022-07-08,2022,regular,Tijuana,FC Juárez,0,2,,,espn,Tijuana,FC Juárez,TIJ,JUA
espn-636022,2022-07-08,2022,regular,Puebla,Santos,1,0,,,espn,Puebla,Santos,PUE,SAN
espn-636023,2022-07-09,2022,regular,Guadalajara,Atlético de San Luis,0,1,,,espn,Guadalajara,Atlético de San Luis,GDL,ASL
espn-636024,2022-07-09,2022,regular,Cruz Azul,Pachuca,1,2,,,espn,Cruz Azul,Pachuca,CAZ,PAC
espn-636025,2022-07-09,2022,regular,Monterrey,América,3,2,,,espn,Monterrey,América,MTY,AME
espn-636028,2022-07-09,2022,regular,León,Pumas UNAM,3,3,,,espn,León,Pumas UNAM,LEO,UNAM
espn-636026,2022-07-10,2022,regular,Toluca,Atlas,3,2,,,espn,Toluca,Atlas,TOL,ATS
espn-636027,2022-07-10,2022,regular,Querétaro,Necaxa,1,2,,,espn,Querétaro,Necaxa,QRO,NCX
espn-636029,2022-07-13,2022,regular,América,Toluca,1,0,,,espn,América,Toluca,AME,TOL
espn-636030,2022-07-15,2022,regular,Puebla,León,1,1,,,espn,Puebla,León,PUE,LEO
espn-636031,2022-07-15,2022,regular,FC Juárez,Querétaro,1,1,,,espn,FC Juárez,Querétaro,JUA,QRO
espn-636032,2022-07-16,2022,regular,Atlas,Cruz Azul,3,2,,,espn,Atlas,Cruz Azul,ATS,CAZ
espn-636033,2022-07-16,2022,regular,Santos,Guadalajara,1,1,,,espn,Santos,Guadalajara,SAN,GDL
espn-636034,2022-07-17,2022,regular,Pumas UNAM,Necaxa,1,0,,,espn,Pumas UNAM,Necaxa,UNAM,NCX
espn-636035,2022-07-17,2022,regular,Atlético de San Luis,Monterrey,0,1,,,espn,Atlético de San Luis,Monterrey,ASL,MTY
espn-636036,2022-07-17,2022,regular,Tigres UANL,Tijuana,1,0,,,espn,Tigres UANL,Tijuana,UANL,TIJ
espn-636037,2022-07-18,2022,regular,Pachuca,Mazatlán FC,1,1,,,espn,Pachuca,Mazatlán FC,PAC,MAZ
espn-636038,2022-07-20,2022,regular,Guadalajara,León,0,0,,,espn,Guadalajara,León,GDL,LEO
espn-636039,2022-07-21,2022,regular,Querétaro,Monterrey,0,3,,,espn,Querétaro,Monterrey,QRO,MTY
espn-636040,2022-07-22,2022,regular,Mazatlán FC,Atlético de San Luis,1,1,,,espn,Mazatlán FC,Atlético de San Luis,MAZ,ASL
espn-636041,2022-07-22,2022,regular,Necaxa,FC Juárez,1,0,,,espn,Necaxa,FC Juárez,NCX,JUA
espn-636042,2022-07-23,2022,regular,Toluca,Santos,2,1,,,espn,Toluca,Santos,TOL,SAN
espn-636043,2022-07-23,2022,regular,Cruz Azul,Puebla,2,2,,,espn,Cruz Azul,Puebla,CAZ,PUE
espn-636044,2022-07-23,2022,regular,Tijuana,América,2,0,,,espn,Tijuana,América,TIJ,AME
espn-636045,2022-07-23,2022,regular,Tigres UANL,Atlas,2,0,,,espn,Tigres UANL,Atlas,UANL,ATS
espn-636046,2022-07-24,2022,regular,Pachuca,Pumas UNAM,0,0,,,espn,Pachuca,Pumas UNAM,PAC,UNAM
espn-636047,2022-07-26,2022,regular,Atlas,Tijuana,1,2,,,espn,Atlas,Tijuana,ATS,TIJ
espn-636048,2022-07-26,2022,regular,FC Juárez,Tigres UANL,0,1,,,espn,FC Juárez,Tigres UANL,JUA,UANL
espn-636049,2022-07-26,2022,regular,Monterrey,Puebla,1,0,,,espn,Monterrey,Puebla,MTY,PUE
espn-636050,2022-07-26,2022,regular,León,Toluca,0,1,,,espn,León,Toluca,LEO,TOL
espn-636051,2022-07-26,2022,regular,Atlético de San Luis,Cruz Azul,0,0,,,espn,Atlético de San Luis,Cruz Azul,ASL,CAZ
espn-636052,2022-07-27,2022,regular,Necaxa,Pachuca,2,0,,,espn,Necaxa,Pachuca,NCX,PAC
espn-636053,2022-07-27,2022,regular,Querétaro,Guadalajara,2,2,,,espn,Querétaro,Guadalajara,QRO,GDL
espn-636054,2022-07-27,2022,regular,Pumas UNAM,Mazatlán FC,1,1,,,espn,Pumas UNAM,Mazatlán FC,UNAM,MAZ
espn-636055,2022-07-29,2022,regular,FC Juárez,Toluca,1,1,,,espn,FC Juárez,Toluca,JUA,TOL
espn-636056,2022-07-30,2022,regular,Cruz Azul,Necaxa,1,0,,,espn,Cruz Azul,Necaxa,CAZ,NCX
espn-636057,2022-07-30,2022,regular,Tigres UANL,Querétaro,2,1,,,espn,Tigres UANL,Querétaro,UANL,QRO
espn-636058,2022-07-30,2022,regular,Tijuana,Mazatlán FC,2,0,,,espn,Tijuana,Mazatlán FC,TIJ,MAZ
espn-636059,2022-07-30,2022,regular,Guadalajara,Pachuca,0,0,,,espn,Guadalajara,Pachuca,GDL,PAC
espn-636060,2022-07-30,2022,regular,Puebla,Atlético de San Luis,0,0,,,espn,Puebla,Atlético de San Luis,PUE,ASL
espn-636061,2022-07-31,2022,regular,Pumas UNAM,Monterrey,1,1,,,espn,Pumas UNAM,Monterrey,UNAM,MTY
espn-636062,2022-07-31,2022,regular,Santos,Atlas,1,0,,,espn,Santos,Atlas,SAN,ATS
espn-636063,2022-07-31,2022,regular,León,América,3,2,,,espn,León,América,LEO,AME
espn-636064,2022-08-02,2022,regular,Toluca,Puebla,1,1,,,espn,Toluca,Puebla,TOL,PUE
espn-636065,2022-08-03,2022,regular,FC Juárez,Atlético de San Luis,1,1,,,espn,FC Juárez,Atlético de San Luis,JUA,ASL
espn-636066,2022-08-04,2022,regular,Atlas,Querétaro,3,1,,,espn,Atlas,Querétaro,ATS,QRO
espn-636068,2022-08-05,2022,regular,Mazatlán FC,Guadalajara,2,1,,,espn,Mazatlán FC,Guadalajara,MAZ,GDL
espn-636069,2022-08-06,2022,regular,Monterrey,León,5,1,,,espn,Monterrey,León,MTY,LEO
espn-636071,2022-08-06,2022,regular,Santos,Cruz Azul,4,0,,,espn,Santos,Cruz Azul,SAN,CAZ
espn-636070,2022-08-07,2022,regular,América,FC Juárez,2,1,,,espn,América,FC Juárez,AME,JUA
espn-636072,2022-08-07,2022,regular,Toluca,Tijuana,3,1,,,espn,Toluca,Tijuana,TOL,TIJ
espn-636073,2022-08-07,2022,regular,Atlético de San Luis,Necaxa,1,2,,,espn,Atlético de San Luis,Necaxa,ASL,NCX
espn-636074,2022-08-07,2022,regular,Pachuca,Tigres UANL,2,0,,,espn,Pachuca,Tigres UANL,PAC,UANL
espn-636075,2022-08-11,2022,regular,Querétaro,Atlético de San Luis,1,1,,,espn,Querétaro,Atlético de San Luis,QRO,ASL
espn-636076,2022-08-12,2022,regular,Necaxa,Monterrey,1,2,,,espn,Necaxa,Monterrey,NCX,MTY
espn-636078,2022-08-12,2022,regular,Tijuana,Puebla,3,3,,,espn,Tijuana,Puebla,TIJ,PUE
espn-636079,2022-08-13,2022,regular,León,Mazatlán FC,0,3,,,espn,León,Mazatlán FC,LEO,MAZ
espn-636080,2022-08-13,2022,regular,Pumas UNAM,América,0,3,,,espn,Pumas UNAM,América,UNAM,AME
espn-636081,2022-08-13,2022,regular,Guadalajara,Atlas,1,1,,,espn,Guadalajara,Atlas,GDL,ATS
espn-636082,2022-08-14,2022,regular,Cruz Azul,Toluca,2,3,,,espn,Cruz Azul,Toluca,CAZ,TOL
espn-636083,2022-08-14,2022,regular,Tigres UANL,Santos,2,0,,,espn,Tigres UANL,Santos,UANL,SAN
espn-636084,2022-08-16,2022,regular,Atlas,FC Juárez,0,1,,,espn,Atlas,FC Juárez,ATS,JUA
espn-636085,2022-08-16,2022,regular,Mazatlán FC,Querétaro,1,1,,,espn,Mazatlán FC,Querétaro,MAZ,QRO
espn-636086,2022-08-16,2022,regular,Puebla,Necaxa,2,2,,,espn,Puebla,Necaxa,PUE,NCX
espn-636087,2022-08-17,2022,regular,Toluca,Monterrey,1,1,,,espn,Toluca,Monterrey,TOL,MTY
espn-636088,2022-08-17,2022,regular,Pachuca,América,0,3,,,espn,Pachuca,América,PAC,AME
espn-636089,2022-08-17,2022,regular,Cruz Azul,Tijuana,1,2,,,espn,Cruz Azul,Tijuana,CAZ,TIJ
espn-636090,2022-08-18,2022,regular,Santos,León,2,1,,,espn,Santos,León,SAN,LEO
espn-636091,2022-08-18,2022,regular,Atlético de San Luis,Pumas UNAM,3,2,,,espn,Atlético de San Luis,Pumas UNAM,ASL,UNAM
espn-636092,2022-08-19,2022,regular,Necaxa,Guadalajara,0,4,,,espn,Necaxa,Guadalajara,NCX,GDL
espn-636093,2022-08-20,2022,regular,FC Juárez,Mazatlán FC,1,1,,,espn,FC Juárez,Mazatlán FC,JUA,MAZ
espn-636094,2022-08-20,2022,regular,Querétaro,Tijuana,2,0,,,espn,Querétaro,Tijuana,QRO,TIJ
espn-636095,2022-08-20,2022,regular,Monterrey,Tigres UANL,0,0,,,espn,Monterrey,Tigres UANL,MTY,UANL
espn-636096,2022-08-20,2022,regular,Atlas,Puebla,1,1,,,espn,Atlas,Puebla,ATS,PUE
espn-636097,2022-08-20,2022,regular,América,Cruz Azul,7,0,,,espn,América,Cruz Azul,AME,CAZ
espn-636098,2022-08-21,2022,regular,Pumas UNAM,Santos,1,5,,,espn,Pumas UNAM,Santos,UNAM,SAN
espn-636099,2022-08-21,2022,regular,Atlético de San Luis,Toluca,1,0,,,espn,Atlético de San Luis,Toluca,ASL,TOL
espn-636100,2022-08-21,2022,regular,Pachuca,León,1,0,,,espn,Pachuca,León,PAC,LEO
espn-636101,2022-08-23,2022,regular,Guadalajara,Monterrey,1,0,,,espn,Guadalajara,Monterrey,GDL,MTY
espn-636102,2022-08-23,2022,regular,Querétaro,América,0,1,,,espn,Querétaro,América,QRO,AME
espn-636104,2022-08-24,2022,regular,Pumas UNAM,Tigres UANL,1,1,,,espn,Pumas UNAM,Tigres UANL,UNAM,UANL
espn-636105,2022-08-25,2022,regular,Pachuca,Atlas,3,1,,,espn,Pachuca,Atlas,PAC,ATS
espn-636106,2022-08-25,2022,regular,Tijuana,Santos,0,2,,,espn,Tijuana,Santos,TIJ,SAN
espn-636107,2022-08-26,2022,regular,Puebla,FC Juárez,2,2,,,espn,Puebla,FC Juárez,PUE,JUA
espn-636108,2022-08-26,2022,regular,Mazatlán FC,América,1,3,,,espn,Mazatlán FC,América,MAZ,AME
espn-636109,2022-08-27,2022,regular,Cruz Azul,Querétaro,2,1,,,espn,Cruz Azul,Querétaro,CAZ,QRO
espn-636110,2022-08-27,2022,regular,Tigres UANL,Necaxa,0,0,,,espn,Tigres UANL,Necaxa,UANL,NCX
espn-636111,2022-08-27,2022,regular,Guadalajara,Pumas UNAM,3,1,,,espn,Guadalajara,Pumas UNAM,GDL,UNAM
espn-636112,2022-08-28,2022,regular,Toluca,Pachuca,1,4,,,espn,Toluca,Pachuca,TOL,PAC
espn-636113,2022-08-28,2022,regular,León,Atlas,4,2,,,espn,León,Atlas,LEO,ATS
espn-636114,2022-08-28,2022,regular,Santos,Atlético de San Luis,4,1,,,espn,Santos,Atlético de San Luis,SAN,ASL
espn-636115,2022-08-28,2022,regular,Tijuana,Monterrey,0,3,,,espn,Tijuana,Monterrey,TIJ,MTY
espn-636116,2022-09-01,2022,regular,Atlético de San Luis,Tijuana,0,0,,,espn,Atlético de San Luis,Tijuana,ASL,TIJ
espn-636117,2022-09-01,2022,regular,Querétaro,Puebla,1,1,,,espn,Querétaro,Puebla,QRO,PUE
espn-636118,2022-09-02,2022,regular,Necaxa,León,3,2,,,espn,Necaxa,León,NCX,LEO
espn-636119,2022-09-02,2022,regular,FC Juárez,Cruz Azul,2,2,,,espn,FC Juárez,Cruz Azul,JUA,CAZ
espn-636120,2022-09-03,2022,regular,Pachuca,Santos,2,0,,,espn,Pachuca,Santos,PAC,SAN
espn-636121,2022-09-03,2022,regular,Atlas,Pumas UNAM,0,0,,,espn,Atlas,Pumas UNAM,ATS,UNAM
espn-636122,2022-09-03,2022,regular,Monterrey,Mazatlán FC,0,0,,,espn,Monterrey,Mazatlán FC,MTY,MAZ
espn-636123,2022-09-03,2022,regular,América,Tigres UANL,2,1,,,espn,América,Tigres UANL,AME,UANL
espn-636124,2022-09-04,2022,regular,Toluca,Guadalajara,0,0,,,espn,Toluca,Guadalajara,TOL,GDL
espn-636125,2022-09-06,2022,regular,Santos,Necaxa,3,1,,,espn,Santos,Necaxa,SAN,NCX
espn-636126,2022-09-06,2022,regular,León,FC Juárez,1,0,,,espn,León,FC Juárez,LEO,JUA
espn-636127,2022-09-06,2022,regular,Monterrey,Cruz Azul,3,2,,,espn,Monterrey,Cruz Azul,MTY,CAZ
espn-636128,2022-09-06,2022,regular,América,Atlético de San Luis,3,0,,,espn,América,Atlético de San Luis,AME,ASL
espn-636129,2022-09-07,2022,regular,Tigres UANL,Toluca,3,1,,,espn,Tigres UANL,Toluca,UANL,TOL
espn-636130,2022-09-07,2022,regular,Puebla,Pachuca,2,2,,,espn,Puebla,Pachuca,PUE,PAC
espn-636131,2022-09-07,2022,regular,Pumas UNAM,Querétaro,4,1,,,espn,Pumas UNAM,Querétaro,UNAM,QRO
espn-636132,2022-09-07,2022,regular,Tijuana,Guadalajara,1,2,,,espn,Tijuana,Guadalajara,TIJ,GDL
espn-636133,2022-09-07,2022,regular,Mazatlán FC,Atlas,1,0,,,espn,Mazatlán FC,Atlas,MAZ,ATS
espn-636135,2022-09-09,2022,regular,FC Juárez,Monterrey,0,1,,,espn,FC Juárez,Monterrey,JUA,MTY
espn-636134,2022-09-10,2022,regular,Necaxa,América,1,2,,,espn,Necaxa,América,NCX,AME
espn-636136,2022-09-10,2022,regular,Querétaro,Santos,3,3,,,espn,Querétaro,Santos,QRO,SAN
espn-636137,2022-09-10,2022,regular,Tigres UANL,León,0,1,,,espn,Tigres UANL,León,UANL,LEO
espn-636138,2022-09-10,2022,regular,Guadalajara,Puebla,1,0,,,espn,Guadalajara,Puebla,GDL,PUE
espn-636139,2022-09-10,2022,regular,Toluca,Pumas UNAM,2,2,,,espn,Toluca,Pumas UNAM,TOL,UNAM
espn-636140,2022-09-11,2022,regular,Cruz Azul,Mazatlán FC,2,0,,,espn,Cruz Azul,Mazatlán FC,CAZ,MAZ
espn-636141,2022-09-11,2022,regular,Atlas,Atlético de San Luis,1,3,,,espn,Atlas,Atlético de San Luis,ATS,ASL
espn-636142,2022-09-11,2022,regular,Pachuca,Tijuana,6,1,,,espn,Pachuca,Tijuana,PAC,TIJ
espn-636143,2022-09-13,2022,regular,Guadalajara,Tigres UANL,1,4,,,espn,Guadalajara,Tigres UANL,GDL,UANL
espn-636077,2022-09-14,2022,regular,FC Juárez,Pachuca,2,1,,,espn,FC Juárez,Pachuca,JUA,PAC
espn-636144,2022-09-14,2022,regular,América,Santos,3,3,,,espn,América,Santos,AME,SAN
espn-636103,2022-09-15,2022,regular,Cruz Azul,León,2,1,,,espn,Cruz Azul,León,CAZ,LEO
espn-636145,2022-09-16,2022,regular,Puebla,Tigres UANL,2,1,,,espn,Puebla,Tigres UANL,PUE,UANL
espn-636146,2022-09-16,2022,regular,Mazatlán FC,Toluca,1,1,,,espn,Mazatlán FC,Toluca,MAZ,TOL
espn-636148,2022-09-17,2022,regular,Monterrey,Atlas,2,0,,,espn,Monterrey,Atlas,MTY,ATS
espn-636149,2022-09-17,2022,regular,América,Guadalajara,2,1,,,espn,América,Guadalajara,AME,GDL
espn-636147,2022-09-18,2022,regular,Atlético de San Luis,Pachuca,1,2,,,espn,Atlético de San Luis,Pachuca,ASL,PAC
espn-636150,2022-09-18,2022,regular,Pumas UNAM,Cruz Azul,1,2,,,espn,Pumas UNAM,Cruz Azul,UNAM,CAZ
espn-636151,2022-09-18,2022,regular,León,Querétaro,3,1,,,espn,León,Querétaro,LEO,QRO
espn-636152,2022-09-18,2022,regular,Santos,FC Juárez,2,0,,,espn,Santos,FC Juárez,SAN,JUA
espn-636153,2022-09-18,2022,regular,Tijuana,Necaxa,1,1,,,espn,Tijuana,Necaxa,TIJ,NCX
espn-636067,2022-09-23,2022,regular,Puebla,Pumas UNAM,2,1,,,espn,Puebla,Pumas UNAM,PUE,UNAM
espn-636154,2022-09-23,2022,regular,Necaxa,Mazatlán FC,2,2,,,espn,Necaxa,Mazatlán FC,NCX,MAZ
espn-636155,2022-09-30,2022,regular,Puebla,América,1,2,,,espn,Puebla,América,PUE,AME
espn-636156,2022-09-30,2022,regular,FC Juárez,Pumas UNAM,3,1,,,espn,FC Juárez,Pumas UNAM,JUA,UNAM
espn-636157,2022-10-01,2022,regular,Atlético de San Luis,Tigres UANL,0,3,,,espn,Atlético de San Luis,Tigres UANL,ASL,UANL
espn-636158,2022-10-01,2022,regular,Monterrey,Pachuca,0,0,,,espn,Monterrey,Pachuca,MTY,PAC
espn-636159,2022-10-01,2022,regular,Atlas,Necaxa,1,0,,,espn,Atlas,Necaxa,ATS,NCX
espn-636160,2022-10-01,2022,regular,Cruz Azul,Guadalajara,2,1,,,espn,Cruz Azul,Guadalajara,CAZ,GDL
espn-636161,2022-10-02,2022,regular,Toluca,Querétaro,4,1,,,espn,Toluca,Querétaro,TOL,QRO
espn-636162,2022-10-02,2022,regular,Santos,Mazatlán FC,3,0,,,espn,Santos,Mazatlán FC,SAN,MAZ
espn-636163,2022-10-02,2022,regular,León,Tijuana,2,2,,,espn,León,Tijuana,LEO,TIJ
espn-654396,2022-10-08,2022,regular,Tigres UANL,Necaxa,2,0,,,espn,Tigres UANL,Necaxa,UANL,NCX
espn-654398,2022-10-08,2022,regular,Cruz Azul,León,1,0,,,espn,Cruz Azul,León,CAZ,LEO
espn-654397,2022-10-09,2022,regular,Puebla,Guadalajara,2,1,,pens,espn,Puebla,Guadalajara,PUE,GDL
espn-654399,2022-10-09,2022,regular,Toluca,FC Juárez,3,0,,,espn,Toluca,FC Juárez,TOL,JUA
espn-654401,2022-10-12,2022,regular,Puebla,América,1,6,,,espn,Puebla,América,PUE,AME
espn-654402,2022-10-12,2022,regular,Cruz Azul,Monterrey,0,0,,,espn,Cruz Azul,Monterrey,CAZ,MTY
espn-654400,2022-10-13,2022,regular,Toluca,Santos,4,3,,,espn,Toluca,Santos,TOL,SAN
espn-654403,2022-10-13,2022,regular,Tigres UANL,Pachuca,1,0,,,espn,Tigres UANL,Pachuca,UANL,PAC
espn-654404,2022-10-15,2022,regular,América,Puebla,5,1,,,espn,América,Puebla,AME,PUE
espn-654406,2022-10-15,2022,regular,Monterrey,Cruz Azul,3,0,,,espn,Monterrey,Cruz Azul,MTY,CAZ
espn-654405,2022-10-16,2022,regular,Pachuca,Tigres UANL,2,1,,,espn,Pachuca,Tigres UANL,PAC,UANL
espn-654407,2022-10-16,2022,regular,Santos,Toluca,1,2,,,espn,Santos,Toluca,SAN,TOL
espn-654722,2022-10-19,2022,regular,Toluca,América,2,1,,,espn,Toluca,América,TOL,AME
espn-654721,2022-10-20,2022,regular,Pachuca,Monterrey,5,2,,,espn,Pachuca,Monterrey,PAC,MTY
espn-654723,2022-10-22,2022,regular,América,Toluca,1,1,,,espn,América,Toluca,AME,TOL
espn-654724,2022-10-23,2022,regular,Monterrey,Pachuca,0,1,,,espn,Monterrey,Pachuca,MTY,PAC
espn-655667,2022-10-27,2022,regular,Toluca,Pachuca,1,5,,,espn,Toluca,Pachuca,TOL,PAC
espn-655668,2022-10-30,2022,regular,Pachuca,Toluca,3,1,,,espn,Pachuca,Toluca,PAC,TOL
espn-657572,2023-01-06,2022,regular,Necaxa,Atlético de San Luis,2,3,,,espn,Necaxa,Atlético de San Luis,NCX,ASL
espn-657574,2023-01-07,2022,regular,América,Querétaro,0,0,,,espn,América,Querétaro,AME,QRO
espn-657576,2023-01-07,2022,regular,Monterrey,Guadalajara,0,1,,,espn,Monterrey,Guadalajara,MTY,GDL
espn-657577,2023-01-08,2022,regular,Pumas UNAM,FC Juárez,2,1,,,espn,Pumas UNAM,FC Juárez,UNAM,JUA
espn-657578,2023-01-08,2022,regular,Santos,Tigres UANL,0,3,,,espn,Santos,Tigres UANL,SAN,UANL
espn-657579,2023-01-08,2022,regular,Tijuana,Cruz Azul,1,1,,,espn,Tijuana,Cruz Azul,TIJ,CAZ
espn-657580,2023-01-09,2022,regular,Pachuca,Puebla,5,1,,,espn,Pachuca,Puebla,PAC,PUE
espn-657581,2023-01-12,2022,regular,Atlas,Mazatlán FC,2,1,,,espn,Atlas,Mazatlán FC,ATS,MAZ
espn-657582,2023-01-13,2022,regular,Atlético de San Luis,Guadalajara,0,0,,,espn,Atlético de San Luis,Guadalajara,ASL,GDL
espn-657583,2023-01-13,2022,regular,Puebla,Querétaro,2,0,,,espn,Puebla,Querétaro,PUE,QRO
espn-657584,2023-01-14,2022,regular,Cruz Azul,Monterrey,2,3,,,espn,Cruz Azul,Monterrey,CAZ,MTY
espn-657585,2023-01-14,2022,regular,Toluca,América,2,2,,,espn,Toluca,América,TOL,AME
espn-657586,2023-01-14,2022,regular,FC Juárez,Tijuana,3,0,,,espn,FC Juárez,Tijuana,JUA,TIJ
espn-657587,2023-01-14,2022,regular,Santos,Pumas UNAM,3,0,,,espn,Santos,Pumas UNAM,SAN,UNAM
espn-657588,2023-01-15,2022,regular,Tigres UANL,Pachuca,4,1,,,espn,Tigres UANL,Pachuca,UANL,PAC
espn-657589,2023-01-16,2022,regular,León,Necaxa,2,1,,,espn,León,Necaxa,LEO,NCX
espn-657590,2023-01-20,2022,regular,Mazatlán FC,Santos,1,2,,,espn,Mazatlán FC,Santos,MAZ,SAN
espn-657591,2023-01-20,2022,regular,Tijuana,Tigres UANL,1,1,,,espn,Tijuana,Tigres UANL,TIJ,UANL
espn-657592,2023-01-21,2022,regular,Monterrey,Atlético de San Luis,3,1,,,espn,Monterrey,Atlético de San Luis,MTY,ASL
espn-657593,2023-01-21,2022,regular,América,Puebla,2,2,,,espn,América,Puebla,AME,PUE
espn-657594,2023-01-21,2022,regular,Guadalajara,Toluca,1,2,,,espn,Guadalajara,Toluca,GDL,TOL
espn-657595,2023-01-21,2022,regular,Necaxa,Cruz Azul,1,0,,,espn,Necaxa,Cruz Azul,NCX,CAZ
espn-657596,2023-01-22,2022,regular,Pumas UNAM,León,4,1,,,espn,Pumas UNAM,León,UNAM,LEO
espn-657597,2023-01-22,2022,regular,Querétaro,Atlas,3,3,,,espn,Querétaro,Atlas,QRO,ATS
espn-657598,2023-01-22,2022,regular,Pachuca,FC Juárez,4,1,,,espn,Pachuca,FC Juárez,PAC,JUA
espn-657599,2023-01-26,2022,regular,Atlas,Santos,2,2,,,espn,Atlas,Santos,ATS,SAN
espn-657600,2023-01-27,2022,regular,Puebla,Monterrey,1,2,,,espn,Puebla,Monterrey,PUE,MTY
espn-657601,2023-01-27,2022,regular,Tijuana,Pumas UNAM,0,0,,,espn,Tijuana,Pumas UNAM,TIJ,UNAM
espn-657603,2023-01-28,2022,regular,Tigres UANL,Atlético de San Luis,0,0,,,espn,Tigres UANL,Atlético de San Luis,UANL,ASL
espn-657604,2023-01-28,2022,regular,América,Mazatlán FC,6,0,,,espn,América,Mazatlán FC,AME,MAZ
espn-657605,2023-01-28,2022,regular,FC Juárez,Guadalajara,1,2,,,espn,FC Juárez,Guadalajara,JUA,GDL
espn-657606,2023-01-29,2022,regular,Toluca,León,0,0,,,espn,Toluca,León,TOL,LEO
espn-657607,2023-01-29,2022,regular,Pachuca,Necaxa,2,1,,,espn,Pachuca,Necaxa,PAC,NCX
espn-657575,2023-02-01,2022,regular,Atlas,Toluca,0,0,,,espn,Atlas,Toluca,ATS,TOL
espn-657608,2023-02-02,2022,regular,Atlético de San Luis,Puebla,2,0,,,espn,Atlético de San Luis,Puebla,ASL,PUE
espn-657609,2023-02-03,2022,regular,Necaxa,Tijuana,1,1,,,espn,Necaxa,Tijuana,NCX,TIJ
espn-657610,2023-02-03,2022,regular,Mazatlán FC,FC Juárez,2,3,,,espn,Mazatlán FC,FC Juárez,MAZ,JUA
espn-657611,2023-02-04,2022,regular,León,Pachuca,0,1,,,espn,León,Pachuca,LEO,PAC
espn-657612,2023-02-04,2022,regular,Cruz Azul,Tigres UANL,0,1,,,espn,Cruz Azul,Tigres UANL,CAZ,UANL
espn-657613,2023-02-04,2022,regular,Santos,América,2,2,,,espn,Santos,América,SAN,AME
espn-657614,2023-02-05,2022,regular,Pumas UNAM,Atlas,2,2,,,espn,Pumas UNAM,Atlas,UNAM,ATS
espn-657615,2023-02-05,2022,regular,Guadalajara,Querétaro,1,1,,,espn,Guadalajara,Querétaro,GDL,QRO
espn-657616,2023-02-05,2022,regular,Monterrey,Toluca,2,1,,,espn,Monterrey,Toluca,MTY,TOL
espn-657617,2023-02-09,2022,regular,Querétaro,León,0,3,,,espn,Querétaro,León,QRO,LEO
espn-657618,2023-02-09,2022,regular,Atlas,Monterrey,0,2,,,espn,Atlas,Monterrey,ATS,MTY
espn-657619,2023-02-10,2022,regular,Puebla,Mazatlán FC,3,1,,,espn,Puebla,Mazatlán FC,PUE,MAZ
espn-657620,2023-02-10,2022,regular,Tijuana,Atlético de San Luis,1,0,,,espn,Tijuana,Atlético de San Luis,TIJ,ASL
espn-657621,2023-02-11,2022,regular,América,Necaxa,2,1,,,espn,América,Necaxa,AME,NCX
espn-657622,2023-02-11,2022,regular,FC Juárez,Santos,3,1,,,espn,FC Juárez,Santos,JUA,SAN
espn-657623,2023-02-11,2022,regular,Tigres UANL,Pumas UNAM,4,2,,,espn,Tigres UANL,Pumas UNAM,UANL,UNAM
espn-657624,2023-02-11,2022,regular,Pachuca,Guadalajara,1,1,,,espn,Pachuca,Guadalajara,PAC,GDL
espn-657625,2023-02-12,2022,regular,Toluca,Cruz Azul,3,1,,,espn,Toluca,Cruz Azul,TOL,CAZ
espn-657626,2023-02-14,2022,regular,León,Puebla,2,0,,,espn,León,Puebla,LEO,PUE
espn-657627,2023-02-14,2022,regular,Tigres UANL,FC Juárez,0,0,,,espn,Tigres UANL,FC Juárez,UANL,JUA
espn-657628,2023-02-14,2022,regular,Atlético de San Luis,América,1,3,,,espn,Atlético de San Luis,América,ASL,AME
espn-657629,2023-02-15,2022,regular,Guadalajara,Tijuana,2,1,,,espn,Guadalajara,Tijuana,GDL,TIJ
espn-657630,2023-02-15,2022,regular,Monterrey,Querétaro,2,0,,,espn,Monterrey,Querétaro,MTY,QRO
espn-657631,2023-02-15,2022,regular,Necaxa,Pumas UNAM,3,1,,,espn,Necaxa,Pumas UNAM,NCX,UNAM
espn-657632,2023-02-16,2022,regular,Mazatlán FC,Pachuca,2,3,,,espn,Mazatlán FC,Pachuca,MAZ,PAC
espn-657634,2023-02-17,2022,regular,FC Juárez,León,0,0,,,espn,FC Juárez,León,JUA,LEO
espn-657635,2023-02-17,2022,regular,Puebla,Cruz Azul,1,3,,,espn,Puebla,Cruz Azul,PUE,CAZ
espn-657633,2023-02-18,2022,regular,Atlético de San Luis,Santos,1,1,,,espn,Atlético de San Luis,Santos,ASL,SAN
espn-657636,2023-02-18,2022,regular,Monterrey,Necaxa,2,1,,,espn,Monterrey,Necaxa,MTY,NCX
espn-657637,2023-02-18,2022,regular,Atlas,Tigres UANL,0,1,,,espn,Atlas,Tigres UANL,ATS,UANL
espn-657638,2023-02-18,2022,regular,Pumas UNAM,Guadalajara,1,2,,,espn,Pumas UNAM,Guadalajara,UNAM,GDL
espn-657639,2023-02-19,2022,regular,Querétaro,Mazatlán FC,1,1,,,espn,Querétaro,Mazatlán FC,QRO,MAZ
espn-657640,2023-02-19,2022,regular,América,Tijuana,2,1,,,espn,América,Tijuana,AME,TIJ
espn-657641,2023-02-19,2022,regular,Pachuca,Toluca,1,2,,,espn,Pachuca,Toluca,PAC,TOL
espn-657642,2023-02-22,2022,regular,Cruz Azul,Atlas,1,0,,,espn,Cruz Azul,Atlas,CAZ,ATS
espn-657643,2023-02-23,2022,regular,Santos,Toluca,0,5,,,espn,Santos,Toluca,SAN,TOL
espn-657644,2023-02-24,2022,regular,Necaxa,Querétaro,1,1,,,espn,Necaxa,Querétaro,NCX,QRO
espn-657645,2023-02-24,2022,regular,Mazatlán FC,Pumas UNAM,1,2,,,espn,Mazatlán FC,Pumas UNAM,MAZ,UNAM
espn-657646,2023-02-25,2022,regular,Cruz Azul,FC Juárez,1,0,,,espn,Cruz Azul,FC Juárez,CAZ,JUA
espn-657647,2023-02-25,2022,regular,Tigres UANL,Guadalajara,1,2,,,espn,Tigres UANL,Guadalajara,UANL,GDL
espn-657648,2023-02-25,2022,regular,Atlas,América,2,2,,,espn,Atlas,América,ATS,AME
espn-657649,2023-02-26,2022,regular,Toluca,Atlético de San Luis,2,0,,,espn,Toluca,Atlético de San Luis,TOL,ASL
espn-657650,2023-02-26,2022,regular,Santos,Puebla,3,2,,,espn,Santos,Puebla,SAN,PUE
espn-657651,2023-02-26,2022,regular,Tijuana,Pachuca,2,0,,,espn,Tijuana,Pachuca,TIJ,PAC
espn-657652,2023-02-27,2022,regular,León,Monterrey,1,1,,,espn,León,Monterrey,LEO,MTY
espn-657653,2023-03-03,2022,regular,Mazatlán FC,Cruz Azul,3,1,,,espn,Mazatlán FC,Cruz Azul,MAZ,CAZ
espn-657654,2023-03-03,2022,regular,Necaxa,Tigres UANL,0,1,,,espn,Necaxa,Tigres UANL,NCX,UANL
espn-657655,2023-03-03,2022,regular,Tijuana,Atlas,1,1,,,espn,Tijuana,Atlas,TIJ,ATS
espn-657656,2023-03-04,2022,regular,León,Atlético de San Luis,2,0,,,espn,León,Atlético de San Luis,LEO,ASL
espn-657657,2023-03-04,2022,regular,América,Pachuca,0,3,,,espn,América,Pachuca,AME,PAC
espn-657658,2023-03-04,2022,regular,Monterrey,FC Juárez,3,0,,,espn,Monterrey,FC Juárez,MTY,JUA
espn-657659,2023-03-04,2022,regular,Guadalajara,Santos,2,0,,,espn,Guadalajara,Santos,GDL,SAN
espn-657660,2023-03-05,2022,regular,Pumas UNAM,Puebla,2,4,,,espn,Pumas UNAM,Puebla,UNAM,PUE
espn-657661,2023-03-05,2022,regular,Querétaro,Toluca,1,0,,,espn,Querétaro,Toluca,QRO,TOL
espn-657662,2023-03-10,2022,regular,Atlético de San Luis,Querétaro,2,0,,,espn,Atlético de San Luis,Querétaro,ASL,QRO
espn-657663,2023-03-10,2022,regular,Puebla,Guadalajara,1,0,,,espn,Puebla,Guadalajara,PUE,GDL
espn-657664,2023-03-11,2022,regular,Atlas,León,0,1,,,espn,Atlas,León,ATS,LEO
espn-657665,2023-03-11,2022,regular,Cruz Azul,Pumas UNAM,1,0,,,espn,Cruz Azul,Pumas UNAM,CAZ,UNAM
espn-657666,2023-03-11,2022,regular,Tigres UANL,América,0,2,,,espn,Tigres UANL,América,UANL,AME
espn-657667,2023-03-12,2022,regular,Toluca,Mazatlán FC,4,1,,,espn,Toluca,Mazatlán FC,TOL,MAZ
espn-657668,2023-03-12,2022,regular,Pachuca,Monterrey,1,2,,,espn,Pachuca,Monterrey,PAC,MTY
espn-657669,2023-03-12,2022,regular,Santos,Tijuana,3,2,,,espn,Santos,Tijuana,SAN,TIJ
espn-657670,2023-03-12,2022,regular,FC Juárez,Necaxa,1,1,,,espn,FC Juárez,Necaxa,JUA,NCX
espn-657671,2023-03-17,2022,regular,Puebla,Atlas,0,4,,,espn,Puebla,Atlas,PUE,ATS
espn-657672,2023-03-17,2022,regular,Tijuana,Toluca,3,3,,,espn,Tijuana,Toluca,TIJ,TOL
espn-657673,2023-03-17,2022,regular,Mazatlán FC,Necaxa,0,1,,,espn,Mazatlán FC,Necaxa,MAZ,NCX
espn-657674,2023-03-18,2022,regular,Cruz Azul,Atlético de San Luis,1,0,,,espn,Cruz Azul,Atlético de San Luis,CAZ,ASL
espn-657675,2023-03-18,2022,regular,Tigres UANL,Monterrey,0,1,,,espn,Tigres UANL,Monterrey,UANL,MTY
espn-657676,2023-03-18,2022,regular,Guadalajara,América,2,4,,,espn,Guadalajara,América,GDL,AME
espn-657677,2023-03-19,2022,regular,Pumas UNAM,Pachuca,0,2,,,espn,Pumas UNAM,Pachuca,UNAM,PAC
espn-657678,2023-03-19,2022,regular,Querétaro,FC Juárez,2,2,,,espn,Querétaro,FC Juárez,QRO,JUA
espn-657679,2023-03-19,2022,regular,León,Santos,4,1,,,espn,León,Santos,LEO,SAN
espn-657573,2023-03-24,2022,regular,Mazatlán FC,León,1,2,,,espn,Mazatlán FC,León,MAZ,LEO
espn-657602,2023-03-29,2022,regular,Querétaro,Cruz Azul,2,2,,,espn,Querétaro,Cruz Azul,QRO,CAZ
espn-657680,2023-03-31,2022,regular,Necaxa,Santos,0,0,,,espn,Necaxa,Santos,NCX,SAN
espn-657681,2023-03-31,2022,regular,FC Juárez,Puebla,0,2,,,espn,FC Juárez,Puebla,JUA,PUE
espn-657682,2023-04-01,2022,regular,Pachuca,Cruz Azul,0,2,,,espn,Pachuca,Cruz Azul,PAC,CAZ
espn-657683,2023-04-01,2022,regular,América,León,2,2,,,espn,América,León,AME,LEO
espn-657684,2023-04-01,2022,regular,Monterrey,Tijuana,4,0,,,espn,Monterrey,Tijuana,MTY,TIJ
espn-657685,2023-04-01,2022,regular,Atlas,Guadalajara,3,3,,,espn,Atlas,Guadalajara,ATS,GDL
espn-657686,2023-04-02,2022,regular,Toluca,Tigres UANL,3,2,,,espn,Toluca,Tigres UANL,TOL,UANL
espn-657687,2023-04-02,2022,regular,Atlético de San Luis,Mazatlán FC,2,1,,,espn,Atlético de San Luis,Mazatlán FC,ASL,MAZ
espn-657688,2023-04-02,2022,regular,Querétaro,Pumas UNAM,1,0,,,espn,Querétaro,Pumas UNAM,QRO,UNAM
espn-657689,2023-04-07,2022,regular,Puebla,Toluca,1,2,,,espn,Puebla,Toluca,PUE,TOL
espn-657690,2023-04-07,2022,regular,Tijuana,Querétaro,1,2,,,espn,Tijuana,Querétaro,TIJ,QRO
espn-657691,2023-04-08,2022,regular,León,Cruz Azul,0,0,,,espn,León,Cruz Azul,LEO,CAZ
espn-657692,2023-04-08,2022,regular,Guadalajara,Necaxa,1,0,,,espn,Guadalajara,Necaxa,GDL,NCX
espn-657693,2023-04-08,2022,regular,Tigres UANL,Mazatlán FC,1,2,,,espn,Tigres UANL,Mazatlán FC,UANL,MAZ
espn-657694,2023-04-08,2022,regular,América,Monterrey,2,1,,,espn,América,Monterrey,AME,MTY
espn-657695,2023-04-09,2022,regular,Pumas UNAM,Atlético de San Luis,3,1,,,espn,Pumas UNAM,Atlético de San Luis,UNAM,ASL
espn-657696,2023-04-09,2022,regular,Santos,Pachuca,1,4,,,espn,Santos,Pachuca,SAN,PAC
espn-657697,2023-04-09,2022,regular,FC Juárez,Atlas,1,1,,,espn,FC Juárez,Atlas,JUA,ATS
espn-657698,2023-04-13,2022,regular,Atlético de San Luis,FC Juárez,2,0,,,espn,Atlético de San Luis,FC Juárez,ASL,JUA
espn-657699,2023-04-14,2022,regular,Necaxa,Puebla,1,1,,,espn,Necaxa,Puebla,NCX,PUE
espn-657700,2023-04-14,2022,regular,Mazatlán FC,Tijuana,1,2,,,espn,Mazatlán FC,Tijuana,MAZ,TIJ
espn-657701,2023-04-15,2022,regular,Atlas,Pachuca,4,1,,,espn,Atlas,Pachuca,ATS,PAC
espn-657702,2023-04-15,2022,regular,León,Guadalajara,0,2,,,espn,León,Guadalajara,LEO,GDL
espn-657703,2023-04-15,2022,regular,Cruz Azul,América,1,3,,,espn,Cruz Azul,América,CAZ,AME
espn-657704,2023-04-16,2022,regular,Pumas UNAM,Toluca,3,1,,,espn,Pumas UNAM,Toluca,UNAM,TOL
espn-657705,2023-04-16,2022,regular,Querétaro,Tigres UANL,0,0,,,espn,Querétaro,Tigres UANL,QRO,UANL
espn-657706,2023-04-16,2022,regular,Monterrey,Santos,1,2,,,espn,Monterrey,Santos,MTY,SAN
espn-657707,2023-04-20,2022,regular,Tigres UANL,Puebla,1,0,,,espn,Tigres UANL,Puebla,UANL,PUE
espn-657708,2023-04-21,2022,regular,Mazatlán FC,Monterrey,0,2,,,espn,Mazatlán FC,Monterrey,MAZ,MTY
espn-657709,2023-04-21,2022,regular,Necaxa,Atlas,1,3,,,espn,Necaxa,Atlas,NCX,ATS
espn-657710,2023-04-21,2022,regular,Tijuana,León,0,0,,,espn,Tijuana,León,TIJ,LEO
espn-657711,2023-04-22,2022,regular,Pachuca,Atlético de San Luis,2,1,,,espn,Pachuca,Atlético de San Luis,PAC,ASL
espn-657712,2023-04-22,2022,regular,Guadalajara,Cruz Azul,2,1,,,espn,Guadalajara,Cruz Azul,GDL,CAZ
espn-657713,2023-04-22,2022,regular,América,Pumas UNAM,1,1,,,espn,América,Pumas UNAM,AME,UNAM
espn-657714,2023-04-23,2022,regular,Toluca,FC Juárez,1,1,,,espn,Toluca,FC Juárez,TOL,JUA
espn-657715,2023-04-23,2022,regular,Santos,Querétaro,0,2,,,espn,Santos,Querétaro,SAN,QRO
espn-657717,2023-04-28,2022,regular,FC Juárez,América,0,1,,,espn,FC Juárez,América,JUA,AME
espn-657716,2023-04-29,2022,regular,Puebla,Tijuana,5,2,,,espn,Puebla,Tijuana,PUE,TIJ
espn-657718,2023-04-29,2022,regular,Atlético de San Luis,Atlas,0,0,,,espn,Atlético de San Luis,Atlas,ASL,ATS
espn-657719,2023-04-29,2022,regular,Guadalajara,Mazatlán FC,4,1,,,espn,Guadalajara,Mazatlán FC,GDL,MAZ
espn-657720,2023-04-29,2022,regular,Monterrey,Pumas UNAM,4,1,,,espn,Monterrey,Pumas UNAM,MTY,UNAM
espn-657721,2023-04-29,2022,regular,Cruz Azul,Santos,3,2,,,espn,Cruz Azul,Santos,CAZ,SAN
espn-657722,2023-04-30,2022,regular,Toluca,Necaxa,3,0,,,espn,Toluca,Necaxa,TOL,NCX
espn-657723,2023-04-30,2022,regular,Querétaro,Pachuca,0,1,,,espn,Querétaro,Pachuca,QRO,PAC
espn-657724,2023-04-30,2022,regular,León,Tigres UANL,3,0,,,espn,León,Tigres UANL,LEO,UANL
espn-668701,2023-05-06,2022,regular,Cruz Azul,Atlas,0,1,,,espn,Cruz Azul,Atlas,CAZ,ATS
espn-668702,2023-05-06,2022,regular,Pachuca,Santos,4,5,,pens,espn,Pachuca,Santos,PAC,SAN
espn-668700,2023-05-07,2022,regular,León,Atlético de San Luis,1,3,,,espn,León,Atlético de San Luis,LEO,ASL
espn-668703,2023-05-07,2022,regular,Tigres UANL,Puebla,1,0,,,espn,Tigres UANL,Puebla,UANL,PUE
espn-668829,2023-05-10,2022,regular,Santos,Monterrey,0,0,,,espn,Santos,Monterrey,SAN,MTY
espn-668830,2023-05-10,2022,regular,Atlético de San Luis,América,1,3,,,espn,Atlético de San Luis,América,ASL,AME
espn-668827,2023-05-11,2022,regular,Atlas,Guadalajara,1,0,,,espn,Atlas,Guadalajara,ATS,GDL
espn-668828,2023-05-11,2022,regular,Tigres UANL,Toluca,4,1,,,espn,Tigres UANL,Toluca,UANL,TOL
espn-668823,2023-05-13,2022,regular,Monterrey,Santos,2,0,,,espn,Monterrey,Santos,MTY,SAN
espn-668825,2023-05-13,2022,regular,América,Atlético de San Luis,1,2,,,espn,América,Atlético de San Luis,AME,ASL
espn-668824,2023-05-14,2022,regular,Toluca,Tigres UANL,3,1,,,espn,Toluca,Tigres UANL,TOL,UANL
espn-668826,2023-05-14,2022,regular,Guadalajara,Atlas,1,0,,,espn,Guadalajara,Atlas,GDL,ATS
espn-668993,2023-05-17,2022,regular,Tigres UANL,Monterrey,1,1,,,espn,Tigres UANL,Monterrey,UANL,MTY
espn-668992,2023-05-18,2022,regular,Guadalajara,América,0,1,,,espn,Guadalajara,América,GDL,AME
espn-668995,2023-05-20,2022,regular,Monterrey,Tigres UANL,0,1,,,espn,Monterrey,Tigres UANL,MTY,UANL
espn-668994,2023-05-21,2022,regular,América,Guadalajara,1,3,,,espn,América,Guadalajara,AME,GDL
espn-669278,2023-05-25,2022,regular,Tigres UANL,Guadalajara,0,0,,,espn,Tigres UANL,Guadalajara,UANL,GDL
espn-669279,2023-05-28,2022,regular,Guadalajara,Tigres UANL,2,3,,OT,espn,Guadalajara,Tigres UANL,GDL,UANL
espn-670498,2023-07-01,2023,regular,Atlético de San Luis,Monterrey,1,1,,,espn,Atlético de San Luis,Monterrey,ASL,MTY
espn-670499,2023-07-01,2023,regular,Tigres UANL,Puebla,1,1,,,espn,Tigres UANL,Puebla,UANL,PUE
espn-670500,2023-07-01,2023,regular,Atlas,Cruz Azul,2,0,,,espn,Atlas,Cruz Azul,ATS,CAZ
espn-670501,2023-07-02,2023,regular,Toluca,Necaxa,0,0,,,espn,Toluca,Necaxa,TOL,NCX
espn-670502,2023-07-02,2023,regular,Santos,Querétaro,0,2,,,espn,Santos,Querétaro,SAN,QRO
espn-670503,2023-07-03,2023,regular,León,Guadalajara,1,2,,,espn,León,Guadalajara,LEO,GDL
espn-670504,2023-07-07,2023,regular,Puebla,Santos,2,3,,,espn,Puebla,Santos,PUE,SAN
espn-670510,2023-07-07,2023,regular,Necaxa,Tijuana,1,1,,,espn,Necaxa,Tijuana,NCX,TIJ
espn-670505,2023-07-08,2023,regular,FC Juárez,Tigres UANL,1,1,,,espn,FC Juárez,Tigres UANL,JUA,UANL
espn-670506,2023-07-08,2023,regular,Guadalajara,Atlético de San Luis,3,1,,,espn,Guadalajara,Atlético de San Luis,GDL,ASL
espn-670508,2023-07-08,2023,regular,Cruz Azul,Toluca,0,2,,,espn,Cruz Azul,Toluca,CAZ,TOL
espn-670507,2023-07-09,2023,regular,Monterrey,Atlas,1,0,,,espn,Monterrey,Atlas,MTY,ATS
espn-670509,2023-07-09,2023,regular,Pumas UNAM,Mazatlán FC,0,0,,,espn,Pumas UNAM,Mazatlán FC,UNAM,MAZ
espn-670512,2023-07-10,2023,regular,León,Pachuca,4,0,,,espn,León,Pachuca,LEO,PAC
espn-670513,2023-07-13,2023,regular,Santos,Atlas,0,0,,,espn,Santos,Atlas,SAN,ATS
espn-670514,2023-07-13,2023,regular,Guadalajara,Necaxa,2,0,,,espn,Guadalajara,Necaxa,GDL,NCX
espn-670515,2023-07-14,2023,regular,Mazatlán FC,Monterrey,0,3,,,espn,Mazatlán FC,Monterrey,MAZ,MTY
espn-670516,2023-07-14,2023,regular,Tijuana,Cruz Azul,2,1,,,espn,Tijuana,Cruz Azul,TIJ,CAZ
espn-670517,2023-07-15,2023,regular,Atlético de San Luis,Querétaro,4,1,,,espn,Atlético de San Luis,Querétaro,ASL,QRO
espn-670518,2023-07-15,2023,regular,América,Puebla,3,0,,,espn,América,Puebla,AME,PUE
espn-670519,2023-07-15,2023,regular,Tigres UANL,León,1,0,,,espn,Tigres UANL,León,UANL,LEO
espn-670520,2023-07-16,2023,regular,Toluca,FC Juárez,2,4,,,espn,Toluca,FC Juárez,TOL,JUA
espn-670521,2023-07-16,2023,regular,Pachuca,Pumas UNAM,1,1,,,espn,Pachuca,Pumas UNAM,PAC,UNAM
espn-670524,2023-08-18,2023,regular,FC Juárez,Guadalajara,1,1,,,espn,FC Juárez,Guadalajara,JUA,GDL
espn-670525,2023-08-18,2023,regular,León,Mazatlán FC,2,1,,,espn,León,Mazatlán FC,LEO,MAZ
espn-670528,2023-08-18,2023,regular,Puebla,Atlético de San Luis,1,2,,,espn,Puebla,Atlético de San Luis,PUE,ASL
espn-670529,2023-08-18,2023,regular,Pumas UNAM,Toluca,1,1,,,espn,Pumas UNAM,Toluca,UNAM,TOL
espn-670522,2023-08-20,2023,regular,América,Atlas,1,1,,,espn,América,Atlas,AME,ATS
espn-670523,2023-08-20,2023,regular,Cruz Azul,Santos,2,2,,,espn,Cruz Azul,Santos,CAZ,SAN
espn-670527,2023-08-20,2023,regular,Necaxa,Tigres UANL,0,3,,,espn,Necaxa,Tigres UANL,NCX,UANL
espn-670530,2023-08-20,2023,regular,Querétaro,Pachuca,1,1,,,espn,Querétaro,Pachuca,QRO,PAC
espn-670533,2023-08-22,2023,regular,FC Juárez,Pumas UNAM,4,1,,,espn,FC Juárez,Pumas UNAM,JUA,UNAM
espn-670534,2023-08-22,2023,regular,Guadalajara,Tijuana,1,0,,,espn,Guadalajara,Tijuana,GDL,TIJ
espn-670535,2023-08-22,2023,regular,Mazatlán FC,Puebla,1,0,,,espn,Mazatlán FC,Puebla,MAZ,PUE
espn-670531,2023-08-23,2023,regular,América,Necaxa,3,2,,,espn,América,Necaxa,AME,NCX
espn-670532,2023-08-23,2023,regular,Atlético de San Luis,León,3,0,,,espn,Atlético de San Luis,León,ASL,LEO
espn-670536,2023-08-23,2023,regular,Pachuca,Cruz Azul,1,0,,,espn,Pachuca,Cruz Azul,PAC,CAZ
espn-670540,2023-08-25,2023,regular,Puebla,FC Juárez,1,0,,,espn,Puebla,FC Juárez,PUE,JUA
espn-670541,2023-08-25,2023,regular,Tijuana,Mazatlán FC,1,1,,,espn,Tijuana,Mazatlán FC,TIJ,MAZ
espn-670542,2023-08-26,2023,regular,Atlas,Toluca,0,0,,,espn,Atlas,Toluca,ATS,TOL
espn-670543,2023-08-26,2023,regular,América,León,1,1,,,espn,América,León,AME,LEO
espn-670544,2023-08-26,2023,regular,Santos,Guadalajara,2,1,,,espn,Santos,Guadalajara,SAN,GDL
espn-670545,2023-08-27,2023,regular,Necaxa,Querétaro,0,1,,,espn,Necaxa,Querétaro,NCX,QRO
espn-670546,2023-08-27,2023,regular,Pumas UNAM,Tigres UANL,2,1,,,espn,Pumas UNAM,Tigres UANL,UNAM,UANL
espn-670547,2023-08-27,2023,regular,Monterrey,Cruz Azul,1,2,,,espn,Monterrey,Cruz Azul,MTY,CAZ
espn-670548,2023-08-28,2023,regular,Pachuca,Atlético de San Luis,0,2,,,espn,Pachuca,Atlético de San Luis,PAC,ASL
espn-670537,2023-08-30,2023,regular,Querétaro,Atlas,1,2,,,espn,Querétaro,Atlas,QRO,ATS
espn-670538,2023-08-30,2023,regular,Tigres UANL,Santos,3,2,,,espn,Tigres UANL,Santos,UANL,SAN
espn-670539,2023-08-30,2023,regular,Toluca,Monterrey,1,0,,,espn,Toluca,Monterrey,TOL,MTY
espn-670550,2023-09-01,2023,regular,FC Juárez,Mazatlán FC,3,1,,,espn,FC Juárez,Mazatlán FC,JUA,MAZ
espn-670551,2023-09-01,2023,regular,Puebla,Tijuana,3,0,,,espn,Puebla,Tijuana,PUE,TIJ
espn-670552,2023-09-02,2023,regular,León,Necaxa,1,1,,,espn,León,Necaxa,LEO,NCX
espn-670554,2023-09-02,2023,regular,Santos,Pumas UNAM,2,1,,,espn,Santos,Pumas UNAM,SAN,UNAM
espn-670555,2023-09-02,2023,regular,Tigres UANL,Querétaro,5,0,,,espn,Tigres UANL,Querétaro,UANL,QRO
espn-670556,2023-09-02,2023,regular,Cruz Azul,América,2,3,,,espn,Cruz Azul,América,CAZ,AME
espn-670549,2023-09-03,2023,regular,Atlético de San Luis,Atlas,2,0,,,espn,Atlético de San Luis,Atlas,ASL,ATS
espn-670553,2023-09-03,2023,regular,Guadalajara,Monterrey,1,2,,,espn,Guadalajara,Monterrey,GDL,MTY
espn-670557,2023-09-03,2023,regular,Toluca,Pachuca,5,0,,,espn,Toluca,Pachuca,TOL,PAC
espn-670558,2023-09-15,2023,regular,Mazatlán FC,Cruz Azul,2,2,,,espn,Mazatlán FC,Cruz Azul,MAZ,CAZ
espn-670559,2023-09-15,2023,regular,Tijuana,Toluca,2,1,,,espn,Tijuana,Toluca,TIJ,TOL
espn-670560,2023-09-16,2023,regular,Monterrey,León,3,1,,,espn,Monterrey,León,MTY,LEO
espn-670561,2023-09-16,2023,regular,América,Guadalajara,4,0,,,espn,América,Guadalajara,AME,GDL
espn-670562,2023-09-16,2023,regular,Necaxa,FC Juárez,1,1,,,espn,Necaxa,FC Juárez,NCX,JUA
espn-670563,2023-09-17,2023,regular,Pumas UNAM,Atlético de San Luis,3,2,,,espn,Pumas UNAM,Atlético de San Luis,UNAM,ASL
espn-670564,2023-09-17,2023,regular,Querétaro,Puebla,1,1,,,espn,Querétaro,Puebla,QRO,PUE
espn-670565,2023-09-17,2023,regular,Atlas,Tigres UANL,2,0,,,espn,Atlas,Tigres UANL,ATS,UANL
espn-670566,2023-09-18,2023,regular,Pachuca,Santos,3,2,,,espn,Pachuca,Santos,PAC,SAN
espn-670511,2023-09-20,2023,regular,Querétaro,América,1,2,,,espn,Querétaro,América,QRO,AME
espn-670567,2023-09-22,2023,regular,Atlético de San Luis,Mazatlán FC,3,2,,,espn,Atlético de San Luis,Mazatlán FC,ASL,MAZ
espn-670568,2023-09-22,2023,regular,FC Juárez,Atlas,1,2,,,espn,FC Juárez,Atlas,JUA,ATS
espn-670569,2023-09-22,2023,regular,Puebla,Pumas UNAM,0,2,,,espn,Puebla,Pumas UNAM,PUE,UNAM
espn-670570,2023-09-23,2023,regular,Guadalajara,Pachuca,0,0,,,espn,Guadalajara,Pachuca,GDL,PAC
espn-670571,2023-09-23,2023,regular,León,Tijuana,1,0,,,espn,León,Tijuana,LEO,TIJ
espn-670572,2023-09-23,2023,regular,Tigres UANL,Monterrey,3,0,,,espn,Tigres UANL,Monterrey,UANL,MTY
espn-670573,2023-09-24,2023,regular,Toluca,América,1,1,,,espn,Toluca,América,TOL,AME
espn-670574,2023-09-24,2023,regular,Cruz Azul,Querétaro,1,3,,,espn,Cruz Azul,Querétaro,CAZ,QRO
espn-670575,2023-09-24,2023,regular,Santos,Necaxa,2,5,,,espn,Santos,Necaxa,SAN,NCX
espn-670609,2023-09-26,2023,regular,Guadalajara,Mazatlán FC,1,3,,,espn,Guadalajara,Mazatlán FC,GDL,MAZ
espn-670576,2023-09-28,2023,regular,Atlas,Puebla,2,3,,,espn,Atlas,Puebla,ATS,PUE
espn-670577,2023-09-29,2023,regular,Querétaro,León,1,1,,,espn,Querétaro,León,QRO,LEO
espn-670578,2023-09-29,2023,regular,Tijuana,FC Juárez,5,1,,,espn,Tijuana,FC Juárez,TIJ,JUA
espn-670584,2023-09-29,2023,regular,Atlético de San Luis,Cruz Azul,1,2,,,espn,Atlético de San Luis,Cruz Azul,ASL,CAZ
espn-670579,2023-09-30,2023,regular,Mazatlán FC,Tigres UANL,2,3,,,espn,Mazatlán FC,Tigres UANL,MAZ,UANL
espn-670580,2023-09-30,2023,regular,Pachuca,Necaxa,1,1,,,espn,Pachuca,Necaxa,PAC,NCX
espn-670582,2023-09-30,2023,regular,América,Pumas UNAM,1,0,,,espn,América,Pumas UNAM,AME,UNAM
espn-670583,2023-10-01,2023,regular,Toluca,Guadalajara,1,1,,,espn,Toluca,Guadalajara,TOL,GDL
espn-670585,2023-10-03,2023,regular,Puebla,Monterrey,1,1,,,espn,Puebla,Monterrey,PUE,MTY
espn-670586,2023-10-03,2023,regular,América,Pachuca,4,0,,,espn,América,Pachuca,AME,PAC
espn-670587,2023-10-04,2023,regular,Necaxa,Cruz Azul,1,3,,,espn,Necaxa,Cruz Azul,NCX,CAZ
espn-670588,2023-10-04,2023,regular,Pumas UNAM,Querétaro,4,0,,,espn,Pumas UNAM,Querétaro,UNAM,QRO
espn-670589,2023-10-04,2023,regular,Tigres UANL,Toluca,2,2,,,espn,Tigres UANL,Toluca,UANL,TOL
espn-670610,2023-10-04,2023,regular,Santos,Tijuana,2,1,,,espn,Santos,Tijuana,SAN,TIJ
espn-670590,2023-10-06,2023,regular,Mazatlán FC,América,1,2,,,espn,Mazatlán FC,América,MAZ,AME
espn-670591,2023-10-07,2023,regular,Monterrey,FC Juárez,3,1,,,espn,Monterrey,FC Juárez,MTY,JUA
espn-670592,2023-10-07,2023,regular,Guadalajara,Atlas,4,1,,,espn,Guadalajara,Atlas,GDL,ATS
espn-670593,2023-10-07,2023,regular,Pachuca,Tigres UANL,1,1,,,espn,Pachuca,Tigres UANL,PAC,UANL
espn-670594,2023-10-07,2023,regular,Cruz Azul,Pumas UNAM,1,4,,,espn,Cruz Azul,Pumas UNAM,CAZ,UNAM
espn-670595,2023-10-08,2023,regular,Toluca,Querétaro,3,1,,,espn,Toluca,Querétaro,TOL,QRO
espn-670596,2023-10-08,2023,regular,Necaxa,Puebla,1,2,,,espn,Necaxa,Puebla,NCX,PUE
espn-670597,2023-10-08,2023,regular,Santos,León,0,2,,,espn,Santos,León,SAN,LEO
espn-670598,2023-10-08,2023,regular,Tijuana,Atlético de San Luis,2,1,,,espn,Tijuana,Atlético de San Luis,TIJ,ASL
espn-670599,2023-10-20,2023,regular,Atlas,Mazatlán FC,1,3,,,espn,Atlas,Mazatlán FC,ATS,MAZ
espn-670600,2023-10-20,2023,regular,FC Juárez,Pachuca,0,1,,,espn,FC Juárez,Pachuca,JUA,PAC
espn-670601,2023-10-20,2023,regular,Puebla,Guadalajara,0,2,,,espn,Puebla,Guadalajara,PUE,GDL
espn-670602,2023-10-21,2023,regular,León,Toluca,1,0,,,espn,León,Toluca,LEO,TOL
espn-670603,2023-10-21,2023,regular,América,Santos,4,3,,,espn,América,Santos,AME,SAN
espn-670604,2023-10-21,2023,regular,Tigres UANL,Cruz Azul,2,1,,,espn,Tigres UANL,Cruz Azul,UANL,CAZ
espn-670607,2023-10-21,2023,regular,Querétaro,Tijuana,1,0,,,espn,Querétaro,Tijuana,QRO,TIJ
espn-670605,2023-10-22,2023,regular,Pumas UNAM,Monterrey,0,1,,,espn,Pumas UNAM,Monterrey,UNAM,MTY
espn-670606,2023-10-22,2023,regular,Atlético de San Luis,Necaxa,4,0,,,espn,Atlético de San Luis,Necaxa,ASL,NCX
espn-670608,2023-10-24,2023,regular,León,Atlas,1,1,,,espn,León,Atlas,LEO,ATS
espn-670526,2023-10-25,2023,regular,Monterrey,Tijuana,3,1,,,espn,Monterrey,Tijuana,MTY,TIJ
espn-670611,2023-10-25,2023,regular,FC Juárez,Atlético de San Luis,3,2,,,espn,FC Juárez,Atlético de San Luis,JUA,ASL
espn-670612,2023-10-27,2023,regular,Necaxa,Pumas UNAM,1,0,,,espn,Necaxa,Pumas UNAM,NCX,UNAM
espn-670613,2023-10-27,2023,regular,Mazatlán FC,Querétaro,3,0,,,espn,Mazatlán FC,Querétaro,MAZ,QRO
espn-670614,2023-10-28,2023,regular,Cruz Azul,León,1,0,,,espn,Cruz Azul,León,CAZ,LEO
espn-670615,2023-10-28,2023,regular,Guadalajara,Tigres UANL,0,4,,,espn,Guadalajara,Tigres UANL,GDL,UANL
espn-670616,2023-10-28,2023,regular,Pachuca,Puebla,1,1,,,espn,Pachuca,Puebla,PAC,PUE
espn-670617,2023-10-28,2023,regular,Monterrey,América,0,3,,,espn,Monterrey,América,MTY,AME
espn-670618,2023-10-29,2023,regular,Toluca,Atlético de San Luis,3,1,,,espn,Toluca,Atlético de San Luis,TOL,ASL
espn-670619,2023-10-29,2023,regular,Santos,FC Juárez,5,1,,,espn,Santos,FC Juárez,SAN,JUA
espn-670620,2023-10-29,2023,regular,Tijuana,Atlas,2,0,,,espn,Tijuana,Atlas,TIJ,ATS
espn-670621,2023-10-31,2023,regular,Querétaro,Guadalajara,1,2,,,espn,Querétaro,Guadalajara,QRO,GDL
espn-670622,2023-10-31,2023,regular,Toluca,Puebla,0,1,,,espn,Toluca,Puebla,TOL,PUE
espn-670623,2023-10-31,2023,regular,León,Pumas UNAM,1,1,,,espn,León,Pumas UNAM,LEO,UNAM
espn-670624,2023-10-31,2023,regular,Monterrey,Necaxa,3,0,,,espn,Monterrey,Necaxa,MTY,NCX
espn-670625,2023-11-01,2023,regular,Atlas,Pachuca,0,2,,,espn,Atlas,Pachuca,ATS,PAC
espn-670626,2023-11-01,2023,regular,Cruz Azul,FC Juárez,2,0,,,espn,Cruz Azul,FC Juárez,CAZ,JUA
espn-670627,2023-11-01,2023,regular,Tijuana,Tigres UANL,2,0,,,espn,Tijuana,Tigres UANL,TIJ,UANL
espn-670628,2023-11-01,2023,regular,Atlético de San Luis,América,0,1,,,espn,Atlético de San Luis,América,ASL,AME
espn-670629,2023-11-01,2023,regular,Mazatlán FC,Santos,3,1,,,espn,Mazatlán FC,Santos,MAZ,SAN
espn-670630,2023-11-03,2023,regular,Puebla,León,5,4,,,espn,Puebla,León,PUE,LEO
espn-670631,2023-11-04,2023,regular,Tigres UANL,Atlético de San Luis,2,2,,,espn,Tigres UANL,Atlético de San Luis,UANL,ASL
espn-670632,2023-11-04,2023,regular,América,Tijuana,3,0,,,espn,América,Tijuana,AME,TIJ
espn-670633,2023-11-04,2023,regular,Guadalajara,Cruz Azul,1,0,,,espn,Guadalajara,Cruz Azul,GDL,CAZ
espn-670634,2023-11-04,2023,regular,Pachuca,Monterrey,0,2,,,espn,Pachuca,Monterrey,PAC,MTY
espn-670635,2023-11-05,2023,regular,Pumas UNAM,Atlas,3,0,,,espn,Pumas UNAM,Atlas,UNAM,ATS
espn-670636,2023-11-05,2023,regular,Necaxa,Mazatlán FC,4,0,,,espn,Necaxa,Mazatlán FC,NCX,MAZ
espn-670637,2023-11-05,2023,regular,Santos,Toluca,3,1,,,espn,Santos,Toluca,SAN,TOL
espn-670638,2023-11-05,2023,regular,FC Juárez,Querétaro,0,3,,,espn,FC Juárez,Querétaro,JUA,QRO
espn-670581,2023-11-08,2023,regular,Monterrey,Santos,3,0,,,espn,Monterrey,Santos,MTY,SAN
espn-670639,2023-11-10,2023,regular,Atlas,Necaxa,0,0,,,espn,Atlas,Necaxa,ATS,NCX
espn-670640,2023-11-10,2023,regular,Mazatlán FC,Toluca,1,0,,,espn,Mazatlán FC,Toluca,MAZ,TOL
espn-670641,2023-11-10,2023,regular,Tijuana,Pachuca,2,3,,,espn,Tijuana,Pachuca,TIJ,PAC
espn-670642,2023-11-11,2023,regular,Querétaro,Monterrey,0,0,,,espn,Querétaro,Monterrey,QRO,MTY
espn-670643,2023-11-11,2023,regular,Atlético de San Luis,Santos,0,2,,,espn,Atlético de San Luis,Santos,ASL,SAN
espn-670644,2023-11-11,2023,regular,Pumas UNAM,Guadalajara,1,0,,,espn,Pumas UNAM,Guadalajara,UNAM,GDL
espn-670645,2023-11-11,2023,regular,Tigres UANL,América,0,0,,,espn,Tigres UANL,América,UANL,AME
espn-670646,2023-11-12,2023,regular,Cruz Azul,Puebla,1,2,,,espn,Cruz Azul,Puebla,CAZ,PUE
espn-670647,2023-11-12,2023,regular,León,FC Juárez,2,1,,,espn,León,FC Juárez,LEO,JUA
espn-690131,2023-11-23,2023,regular,Santos,Mazatlán FC,2,1,,,espn,Santos,Mazatlán FC,SAN,MAZ
espn-690132,2023-11-23,2023,regular,Atlético de San Luis,León,3,2,,,espn,Atlético de San Luis,León,ASL,LEO
espn-690339,2023-11-26,2023,regular,León,Santos,3,2,,,espn,León,Santos,LEO,SAN
espn-690133,2023-11-29,2023,regular,León,América,2,2,,,espn,León,América,LEO,AME
espn-690134,2023-11-29,2023,regular,Atlético de San Luis,Monterrey,1,0,,,espn,Atlético de San Luis,Monterrey,ASL,MTY
espn-690135,2023-11-30,2023,regular,Puebla,Tigres UANL,2,2,,,espn,Puebla,Tigres UANL,PUE,UANL
espn-690136,2023-11-30,2023,regular,Guadalajara,Pumas UNAM,1,0,,,espn,Guadalajara,Pumas UNAM,GDL,UNAM
espn-690137,2023-12-02,2023,regular,Monterrey,Atlético de San Luis,1,1,,,espn,Monterrey,Atlético de San Luis,MTY,ASL
espn-690140,2023-12-02,2023,regular,América,León,2,0,,,espn,América,León,AME,LEO
espn-690138,2023-12-03,2023,regular,Pumas UNAM,Guadalajara,3,0,,,espn,Pumas UNAM,Guadalajara,UNAM,GDL
espn-690139,2023-12-03,2023,regular,Tigres UANL,Puebla,3,0,,,espn,Tigres UANL,Puebla,UANL,PUE
espn-690682,2023-12-06,2023,regular,Atlético de San Luis,América,0,5,,,espn,Atlético de San Luis,América,ASL,AME
espn-690681,2023-12-07,2023,regular,Pumas UNAM,Tigres UANL,0,1,,,espn,Pumas UNAM,Tigres UANL,UNAM,UANL
espn-690684,2023-12-09,2023,regular,América,Atlético de San Luis,0,2,,,espn,América,Atlético de San Luis,AME,ASL
espn-690683,2023-12-10,2023,regular,Tigres UANL,Pumas UNAM,1,1,,,espn,Tigres UANL,Pumas UNAM,UANL,UNAM
espn-690857,2023-12-14,2023,regular,Tigres UANL,América,1,1,,,espn,Tigres UANL,América,UANL,AME
espn-690858,2023-12-17,2023,regular,América,Tigres UANL,3,0,,OT,espn,América,Tigres UANL,AME,UANL
espn-692245,2024-01-12,2023,regular,Querétaro,Toluca,2,2,,,espn,Querétaro,Toluca,QRO,TOL
espn-692246,2024-01-12,2023,regular,Mazatlán FC,Atlético de San Luis,0,1,,,espn,Mazatlán FC,Atlético de San Luis,MAZ,ASL
espn-692247,2024-01-13,2023,regular,Cruz Azul,Pachuca,0,1,,,espn,Cruz Azul,Pachuca,CAZ,PAC
espn-692248,2024-01-13,2023,regular,Guadalajara,Santos,1,1,,,espn,Guadalajara,Santos,GDL,SAN
espn-692249,2024-01-13,2023,regular,Tijuana,América,0,2,,,espn,Tijuana,América,TIJ,AME
espn-692250,2024-01-13,2023,regular,Monterrey,Puebla,2,0,,,espn,Monterrey,Puebla,MTY,PUE
espn-692251,2024-01-14,2023,regular,Pumas UNAM,FC Juárez,1,0,,,espn,Pumas UNAM,FC Juárez,UNAM,JUA
espn-692252,2024-01-14,2023,regular,Necaxa,Atlas,2,1,,,espn,Necaxa,Atlas,NCX,ATS
espn-692253,2024-01-17,2023,regular,León,Tigres UANL,1,2,,,espn,León,Tigres UANL,LEO,UANL
espn-692254,2024-01-19,2023,regular,Puebla,Necaxa,1,2,,,espn,Puebla,Necaxa,PUE,NCX
espn-692255,2024-01-19,2023,regular,Atlético de San Luis,Pumas UNAM,3,1,,,espn,Atlético de San Luis,Pumas UNAM,ASL,UNAM
espn-692256,2024-01-19,2023,regular,FC Juárez,Cruz Azul,0,0,,,espn,FC Juárez,Cruz Azul,JUA,CAZ
espn-692257,2024-01-20,2023,regular,Toluca,Mazatlán FC,4,1,,,espn,Toluca,Mazatlán FC,TOL,MAZ
espn-692258,2024-01-20,2023,regular,América,Querétaro,2,0,,,espn,América,Querétaro,AME,QRO
espn-692259,2024-01-20,2023,regular,Atlas,Tijuana,0,0,,,espn,Atlas,Tijuana,ATS,TIJ
espn-692261,2024-01-21,2023,regular,Tigres UANL,Guadalajara,1,0,,,espn,Tigres UANL,Guadalajara,UANL,GDL
espn-692262,2024-01-21,2023,regular,Santos,Monterrey,0,2,,,espn,Santos,Monterrey,SAN,MTY
espn-692263,2024-01-24,2023,regular,Atlético de San Luis,Tigres UANL,1,2,,,espn,Atlético de San Luis,Tigres UANL,ASL,UANL
espn-692264,2024-01-24,2023,regular,Monterrey,Querétaro,1,1,,,espn,Monterrey,Querétaro,MTY,QRO
espn-692265,2024-01-24,2023,regular,FC Juárez,América,0,2,,,espn,FC Juárez,América,JUA,AME
espn-692266,2024-01-26,2023,regular,Puebla,Toluca,1,1,,,espn,Puebla,Toluca,PUE,TOL
espn-692267,2024-01-26,2023,regular,Tijuana,Guadalajara,1,1,,,espn,Tijuana,Guadalajara,TIJ,GDL
espn-692268,2024-01-27,2023,regular,León,Santos,3,2,,,espn,León,Santos,LEO,SAN
espn-692269,2024-01-27,2023,regular,Cruz Azul,Mazatlán FC,2,1,,,espn,Cruz Azul,Mazatlán FC,CAZ,MAZ
espn-692270,2024-01-27,2023,regular,Monterrey,Atlético de San Luis,3,1,,,espn,Monterrey,Atlético de San Luis,MTY,ASL
espn-692271,2024-01-27,2023,regular,Necaxa,América,0,0,,,espn,Necaxa,América,NCX,AME
espn-692272,2024-01-28,2023,regular,Atlas,FC Juárez,2,1,,,espn,Atlas,FC Juárez,ATS,JUA
espn-692273,2024-01-28,2023,regular,Pumas UNAM,Pachuca,3,1,,,espn,Pumas UNAM,Pachuca,UNAM,PAC
espn-692274,2024-01-28,2023,regular,Querétaro,Tigres UANL,1,1,,,espn,Querétaro,Tigres UANL,QRO,UANL
espn-692275,2024-01-30,2023,regular,Cruz Azul,Tijuana,1,0,,,espn,Cruz Azul,Tijuana,CAZ,TIJ
espn-692276,2024-01-30,2023,regular,Mazatlán FC,León,2,2,,,espn,Mazatlán FC,León,MAZ,LEO
espn-692277,2024-01-30,2023,regular,Guadalajara,Toluca,3,2,,,espn,Guadalajara,Toluca,GDL,TOL
espn-692280,2024-01-30,2023,regular,Santos,Puebla,3,0,,,espn,Santos,Puebla,SAN,PUE
espn-692278,2024-01-31,2023,regular,Pachuca,Atlas,4,3,,,espn,Pachuca,Atlas,PAC,ATS
espn-692279,2024-01-31,2023,regular,Pumas UNAM,Necaxa,2,2,,,espn,Pumas UNAM,Necaxa,UNAM,NCX
espn-692281,2024-02-02,2023,regular,Querétaro,Cruz Azul,1,3,,,espn,Querétaro,Cruz Azul,QRO,CAZ
espn-692282,2024-02-02,2023,regular,Puebla,Mazatlán FC,3,2,,,espn,Puebla,Mazatlán FC,PUE,MAZ
espn-692283,2024-02-03,2023,regular,FC Juárez,Necaxa,2,2,,,espn,FC Juárez,Necaxa,JUA,NCX
espn-692284,2024-02-03,2023,regular,Toluca,León,4,1,,,espn,Toluca,León,TOL,LEO
espn-692285,2024-02-03,2023,regular,Tigres UANL,Pumas UNAM,2,2,,,espn,Tigres UANL,Pumas UNAM,UANL,UNAM
espn-692286,2024-02-03,2023,regular,Pachuca,Tijuana,3,2,,,espn,Pachuca,Tijuana,PAC,TIJ
espn-692287,2024-02-03,2023,regular,América,Monterrey,1,1,,,espn,América,Monterrey,AME,MTY
espn-692288,2024-02-04,2023,regular,Atlas,Santos,3,0,,,espn,Atlas,Santos,ATS,SAN
espn-692289,2024-02-04,2023,regular,Atlético de San Luis,Guadalajara,0,2,,,espn,Atlético de San Luis,Guadalajara,ASL,GDL
espn-692260,2024-02-07,2023,regular,Pachuca,León,3,2,,,espn,Pachuca,León,PAC,LEO
espn-692290,2024-02-09,2023,regular,Mazatlán FC,Atlas,2,0,,,espn,Mazatlán FC,Atlas,MAZ,ATS
espn-692291,2024-02-09,2023,regular,Tijuana,Querétaro,1,1,,,espn,Tijuana,Querétaro,TIJ,QRO
espn-692292,2024-02-10,2023,regular,Guadalajara,FC Juárez,2,1,,,espn,Guadalajara,FC Juárez,GDL,JUA
espn-692293,2024-02-10,2023,regular,Necaxa,Toluca,3,3,,,espn,Necaxa,Toluca,NCX,TOL
espn-692294,2024-02-10,2023,regular,Cruz Azul,Atlético de San Luis,3,0,,,espn,Cruz Azul,Atlético de San Luis,CAZ,ASL
espn-692295,2024-02-10,2023,regular,León,América,0,1,,,espn,León,América,LEO,AME
espn-692296,2024-02-10,2023,regular,Santos,Tigres UANL,0,3,,,espn,Santos,Tigres UANL,SAN,UANL
espn-692297,2024-02-10,2023,regular,Monterrey,Pachuca,3,2,,,espn,Monterrey,Pachuca,MTY,PAC
espn-692298,2024-02-11,2023,regular,Pumas UNAM,Puebla,3,0,,,espn,Pumas UNAM,Puebla,UNAM,PUE
espn-692299,2024-02-14,2023,regular,Atlas,Pumas UNAM,0,0,,,espn,Atlas,Pumas UNAM,ATS,UNAM
espn-692300,2024-02-16,2023,regular,Querétaro,Necaxa,1,1,,,espn,Querétaro,Necaxa,QRO,NCX
espn-692301,2024-02-16,2023,regular,Mazatlán FC,Guadalajara,2,2,,,espn,Mazatlán FC,Guadalajara,MAZ,GDL
espn-692302,2024-02-17,2023,regular,Atlético de San Luis,Tijuana,3,3,,,espn,Atlético de San Luis,Tijuana,ASL,TIJ
espn-692304,2024-02-17,2023,regular,Pachuca,América,2,1,,,espn,Pachuca,América,PAC,AME
espn-692305,2024-02-17,2023,regular,Cruz Azul,Tigres UANL,1,0,,,espn,Cruz Azul,Tigres UANL,CAZ,UANL
espn-692306,2024-02-18,2023,regular,Atlas,León,0,1,,,espn,Atlas,León,ATS,LEO
espn-692307,2024-02-18,2023,regular,Pumas UNAM,Santos,3,0,,,espn,Pumas UNAM,Santos,UNAM,SAN
espn-692308,2024-02-18,2023,regular,Monterrey,Toluca,0,0,,,espn,Monterrey,Toluca,MTY,TOL
espn-692309,2024-02-20,2023,regular,Puebla,Pachuca,1,4,,,espn,Puebla,Pachuca,PUE,PAC
espn-692310,2024-02-20,2023,regular,Necaxa,Guadalajara,1,0,,,espn,Necaxa,Guadalajara,NCX,GDL
espn-692311,2024-02-21,2023,regular,Toluca,Santos,1,0,,,espn,Toluca,Santos,TOL,SAN
espn-692312,2024-02-21,2023,regular,América,Mazatlán FC,2,2,,,espn,América,Mazatlán FC,AME,MAZ
espn-692313,2024-02-21,2023,regular,León,Cruz Azul,2,3,,,espn,León,Cruz Azul,LEO,CAZ
espn-692314,2024-02-23,2023,regular,Puebla,Querétaro,0,2,,,espn,Puebla,Querétaro,PUE,QRO
espn-692315,2024-02-23,2023,regular,FC Juárez,Monterrey,0,3,,,espn,FC Juárez,Monterrey,JUA,MTY
espn-692316,2024-02-23,2023,regular,Necaxa,Pachuca,1,1,,,espn,Necaxa,Pachuca,NCX,PAC
espn-692317,2024-02-24,2023,regular,León,Atlético de San Luis,1,0,,,espn,León,Atlético de San Luis,LEO,ASL
espn-692318,2024-02-24,2023,regular,Guadalajara,Pumas UNAM,3,1,,,espn,Guadalajara,Pumas UNAM,GDL,UNAM
espn-692319,2024-02-24,2023,regular,Tigres UANL,Atlas,1,1,,,espn,Tigres UANL,Atlas,UANL,ATS
espn-692320,2024-02-24,2023,regular,América,Cruz Azul,1,0,,,espn,América,Cruz Azul,AME,CAZ
espn-692321,2024-02-25,2023,regular,Toluca,Tijuana,2,0,,,espn,Toluca,Tijuana,TOL,TIJ
espn-692322,2024-02-25,2023,regular,Santos,Mazatlán FC,1,0,,,espn,Santos,Mazatlán FC,SAN,MAZ
espn-692323,2024-02-27,2023,regular,Querétaro,Atlético de San Luis,4,1,,,espn,Querétaro,Atlético de San Luis,QRO,ASL
espn-692324,2024-02-28,2023,regular,Tigres UANL,FC Juárez,1,0,,,espn,Tigres UANL,FC Juárez,UANL,JUA
espn-692325,2024-02-28,2023,regular,Tijuana,Monterrey,1,1,,,espn,Tijuana,Monterrey,TIJ,MTY
espn-692326,2024-03-01,2023,regular,Atlético de San Luis,Puebla,4,0,,,espn,Atlético de San Luis,Puebla,ASL,PUE
espn-692327,2024-03-01,2023,regular,Querétaro,Santos,0,1,,,espn,Querétaro,Santos,QRO,SAN
espn-692328,2024-03-01,2023,regular,Mazatlán FC,Necaxa,2,1,,,espn,Mazatlán FC,Necaxa,MAZ,NCX
espn-692329,2024-03-02,2023,regular,Toluca,Tigres UANL,2,1,,,espn,Toluca,Tigres UANL,TOL,UANL
espn-692330,2024-03-02,2023,regular,Cruz Azul,Guadalajara,3,0,,,espn,Cruz Azul,Guadalajara,CAZ,GDL
espn-692331,2024-03-02,2023,regular,Pachuca,FC Juárez,3,2,,,espn,Pachuca,FC Juárez,PAC,JUA
espn-692332,2024-03-02,2023,regular,Atlas,América,1,5,,,espn,Atlas,América,ATS,AME
espn-692333,2024-03-03,2023,regular,Monterrey,Pumas UNAM,3,0,,,espn,Monterrey,Pumas UNAM,MTY,UNAM
espn-692334,2024-03-03,2023,regular,Tijuana,León,1,1,,,espn,Tijuana,León,TIJ,LEO
espn-692335,2024-03-08,2023,regular,Puebla,Atlas,2,2,,,espn,Puebla,Atlas,PUE,ATS
espn-692336,2024-03-08,2023,regular,FC Juárez,Toluca,1,1,,,espn,FC Juárez,Toluca,JUA,TOL
espn-692337,2024-03-08,2023,regular,Necaxa,Atlético de San Luis,3,1,,,espn,Necaxa,Atlético de San Luis,NCX,ASL
espn-692338,2024-03-09,2023,regular,Guadalajara,León,1,2,,,espn,Guadalajara,León,GDL,LEO
espn-692339,2024-03-09,2023,regular,Santos,Cruz Azul,3,0,,,espn,Santos,Cruz Azul,SAN,CAZ
espn-692340,2024-03-09,2023,regular,Pachuca,Querétaro,1,2,,,espn,Pachuca,Querétaro,PAC,QRO
espn-692341,2024-03-09,2023,regular,América,Tigres UANL,2,0,,,espn,América,Tigres UANL,AME,UANL
espn-692342,2024-03-10,2023,regular,Pumas UNAM,Tijuana,3,3,,,espn,Pumas UNAM,Tijuana,UNAM,TIJ
espn-692343,2024-03-10,2023,regular,Monterrey,Mazatlán FC,2,1,,,espn,Monterrey,Mazatlán FC,MTY,MAZ
espn-692344,2024-03-15,2023,regular,Querétaro,FC Juárez,1,0,,,espn,Querétaro,FC Juárez,QRO,JUA
espn-692345,2024-03-15,2023,regular,Tijuana,Santos,2,2,,,espn,Tijuana,Santos,TIJ,SAN
espn-692346,2024-03-16,2023,regular,Cruz Azul,Necaxa,1,2,,,espn,Cruz Azul,Necaxa,CAZ,NCX
espn-692348,2024-03-16,2023,regular,León,Puebla,2,1,,,espn,León,Puebla,LEO,PUE
espn-692349,2024-03-16,2023,regular,Guadalajara,América,0,0,,,espn,Guadalajara,América,GDL,AME
espn-692350,2024-03-16,2023,regular,Tigres UANL,Mazatlán FC,5,1,,,espn,Tigres UANL,Mazatlán FC,UANL,MAZ
espn-692347,2024-03-17,2023,regular,Toluca,Pumas UNAM,3,0,,,espn,Toluca,Pumas UNAM,TOL,UNAM
espn-692351,2024-03-17,2023,regular,Atlas,Monterrey,1,2,,,espn,Atlas,Monterrey,ATS,MTY
espn-692352,2024-03-17,2023,regular,Atlético de San Luis,Pachuca,2,1,,,espn,Atlético de San Luis,Pachuca,ASL,PAC
espn-692303,2024-03-23,2023,regular,FC Juárez,Puebla,4,3,,,espn,FC Juárez,Puebla,JUA,PUE
espn-692353,2024-03-29,2023,regular,Puebla,Tigres UANL,2,3,,,espn,Puebla,Tigres UANL,PUE,UANL
espn-692354,2024-03-29,2023,regular,Mazatlán FC,Tijuana,2,0,,,espn,Mazatlán FC,Tijuana,MAZ,TIJ
espn-692355,2024-03-29,2023,regular,América,Atlético de San Luis,2,1,,,espn,América,Atlético de San Luis,AME,ASL
espn-692356,2024-03-30,2023,regular,Monterrey,Guadalajara,0,2,,,espn,Monterrey,Guadalajara,MTY,GDL
espn-692357,2024-03-30,2023,regular,Pachuca,Toluca,2,3,,,espn,Pachuca,Toluca,PAC,TOL
espn-692358,2024-03-30,2023,regular,Pumas UNAM,Cruz Azul,0,0,,,espn,Pumas UNAM,Cruz Azul,UNAM,CAZ
espn-692359,2024-03-31,2023,regular,Atlas,Querétaro,2,3,,,espn,Atlas,Querétaro,ATS,QRO
espn-692360,2024-03-31,2023,regular,Necaxa,León,1,2,,,espn,Necaxa,León,NCX,LEO
espn-692361,2024-03-31,2023,regular,FC Juárez,Santos,2,1,,,espn,FC Juárez,Santos,JUA,SAN
espn-692362,2024-04-05,2023,regular,Mazatlán FC,Pumas UNAM,0,4,,,espn,Mazatlán FC,Pumas UNAM,MAZ,UNAM
espn-692363,2024-04-05,2023,regular,Tijuana,Necaxa,2,3,,,espn,Tijuana,Necaxa,TIJ,NCX
espn-692364,2024-04-06,2023,regular,León,Querétaro,0,2,,,espn,León,Querétaro,LEO,QRO
espn-692365,2024-04-06,2023,regular,Guadalajara,Puebla,3,2,,,espn,Guadalajara,Puebla,GDL,PUE
espn-692366,2024-04-06,2023,regular,Tigres UANL,Pachuca,0,3,,,espn,Tigres UANL,Pachuca,UANL,PAC
espn-692367,2024-04-06,2023,regular,Cruz Azul,Monterrey,2,1,,,espn,Cruz Azul,Monterrey,CAZ,MTY
espn-692368,2024-04-06,2023,regular,Santos,América,1,1,,,espn,Santos,América,SAN,AME
espn-692369,2024-04-07,2023,regular,Toluca,Atlas,4,1,,,espn,Toluca,Atlas,TOL,ATS
espn-692370,2024-04-08,2023,regular,Atlético de San Luis,FC Juárez,2,3,,,espn,Atlético de San Luis,FC Juárez,ASL,JUA
espn-692371,2024-04-12,2023,regular,Querétaro,Mazatlán FC,0,2,,,espn,Querétaro,Mazatlán FC,QRO,MAZ
espn-692372,2024-04-12,2023,regular,Necaxa,Santos,2,0,,,espn,Necaxa,Santos,NCX,SAN
espn-692373,2024-04-12,2023,regular,Puebla,Cruz Azul,0,1,,,espn,Puebla,Cruz Azul,PUE,CAZ
espn-692374,2024-04-13,2023,regular,Pachuca,Guadalajara,0,1,,,espn,Pachuca,Guadalajara,PAC,GDL
espn-692375,2024-04-13,2023,regular,América,Toluca,5,1,,,espn,América,Toluca,AME,TOL
espn-692376,2024-04-13,2023,regular,Monterrey,Tigres UANL,3,3,,,espn,Monterrey,Tigres UANL,MTY,UANL
espn-692377,2024-04-14,2023,regular,Atlas,Atlético de San Luis,2,1,,,espn,Atlas,Atlético de San Luis,ATS,ASL
espn-692378,2024-04-14,2023,regular,Pumas UNAM,León,1,0,,,espn,Pumas UNAM,León,UNAM,LEO
espn-692379,2024-04-14,2023,regular,FC Juárez,Tijuana,0,1,,,espn,FC Juárez,Tijuana,JUA,TIJ
espn-692380,2024-04-19,2023,regular,Mazatlán FC,FC Juárez,0,2,,,espn,Mazatlán FC,FC Juárez,MAZ,JUA
espn-692381,2024-04-19,2023,regular,Atlético de San Luis,Toluca,1,5,,,espn,Atlético de San Luis,Toluca,ASL,TOL
espn-692382,2024-04-19,2023,regular,Tijuana,Puebla,3,1,,,espn,Tijuana,Puebla,TIJ,PUE
espn-692383,2024-04-20,2023,regular,León,Monterrey,2,0,,,espn,León,Monterrey,LEO,MTY
espn-692384,2024-04-20,2023,regular,Guadalajara,Querétaro,2,0,,,espn,Guadalajara,Querétaro,GDL,QRO
espn-692385,2024-04-20,2023,regular,Tigres UANL,Necaxa,5,2,,,espn,Tigres UANL,Necaxa,UANL,NCX
espn-692386,2024-04-20,2023,regular,Pumas UNAM,América,2,1,,,espn,Pumas UNAM,América,UNAM,AME
espn-692388,2024-04-20,2023,regular,Santos,Pachuca,0,2,,,espn,Santos,Pachuca,SAN,PAC
espn-692387,2024-04-21,2023,regular,Cruz Azul,Atlas,2,2,,,espn,Cruz Azul,Atlas,CAZ,ATS
espn-692389,2024-04-26,2023,regular,Puebla,América,1,2,,,espn,Puebla,América,PUE,AME
espn-692390,2024-04-26,2023,regular,Querétaro,Pumas UNAM,1,1,,,espn,Querétaro,Pumas UNAM,QRO,UNAM
espn-692391,2024-04-27,2023,regular,Tigres UANL,Tijuana,4,1,,,espn,Tigres UANL,Tijuana,UANL,TIJ
espn-692392,2024-04-27,2023,regular,FC Juárez,León,1,1,,,espn,FC Juárez,León,JUA,LEO
espn-692393,2024-04-27,2023,regular,Pachuca,Mazatlán FC,1,1,,,espn,Pachuca,Mazatlán FC,PAC,MAZ
espn-692394,2024-04-27,2023,regular,Toluca,Cruz Azul,0,1,,,espn,Toluca,Cruz Azul,TOL,CAZ
espn-692395,2024-04-27,2023,regular,Atlas,Guadalajara,0,1,,,espn,Atlas,Guadalajara,ATS,GDL
espn-692396,2024-04-28,2023,regular,Necaxa,Monterrey,2,5,,,espn,Necaxa,Monterrey,NCX,MTY
espn-692397,2024-04-28,2023,regular,Santos,Atlético de San Luis,0,3,,,espn,Santos,Atlético de San Luis,SAN,ASL
espn-702270,2024-05-02,2023,regular,Necaxa,Querétaro,2,1,,pens,espn,Necaxa,Querétaro,NCX,QRO
espn-702271,2024-05-02,2023,regular,Pachuca,Pumas UNAM,0,1,,pens,espn,Pachuca,Pumas UNAM,PAC,UNAM
espn-702334,2024-05-05,2023,regular,Pachuca,Necaxa,2,1,,,espn,Pachuca,Necaxa,PAC,NCX
espn-702274,2024-05-08,2023,regular,Guadalajara,Toluca,1,0,,,espn,Guadalajara,Toluca,GDL,TOL
espn-702275,2024-05-08,2023,regular,Pachuca,América,1,1,,,espn,Pachuca,América,PAC,AME
espn-702272,2024-05-09,2023,regular,Tigres UANL,Monterrey,1,2,,,espn,Tigres UANL,Monterrey,UANL,MTY
espn-702273,2024-05-09,2023,regular,Pumas UNAM,Cruz Azul,0,2,,,espn,Pumas UNAM,Cruz Azul,UNAM,CAZ
espn-702276,2024-05-11,2023,regular,Toluca,Guadalajara,0,0,,,espn,Toluca,Guadalajara,TOL,GDL
espn-702279,2024-05-11,2023,regular,América,Pachuca,1,1,,,espn,América,Pachuca,AME,PAC
espn-702277,2024-05-12,2023,regular,Monterrey,Tigres UANL,1,1,,,espn,Monterrey,Tigres UANL,MTY,UANL
espn-702278,2024-05-12,2023,regular,Cruz Azul,Pumas UNAM,2,2,,,espn,Cruz Azul,Pumas UNAM,CAZ,UNAM
espn-702498,2024-05-15,2023,regular,Guadalajara,América,0,0,,,espn,Guadalajara,América,GDL,AME
espn-702497,2024-05-16,2023,regular,Monterrey,Cruz Azul,0,1,,,espn,Monterrey,Cruz Azul,MTY,CAZ
espn-702500,2024-05-18,2023,regular,América,Guadalajara,1,0,,,espn,América,Guadalajara,AME,GDL
espn-702499,2024-05-19,2023,regular,Cruz Azul,Monterrey,1,2,,,espn,Cruz Azul,Monterrey,CAZ,MTY
espn-702649,2024-05-23,2023,regular,Cruz Azul,América,1,1,,,espn,Cruz Azul,América,CAZ,AME
espn-702650,2024-05-26,2023,regular,América,Cruz Azul,1,0,,,espn,América,Cruz Azul,AME,CAZ
espn-703521,2024-07-05,2024,regular,Puebla,Santos,1,0,,,espn,Puebla,Santos,PUE,SAN
espn-703522,2024-07-05,2024,regular,Querétaro,Tijuana,1,2,,,espn,Querétaro,Tijuana,QRO,TIJ
espn-703523,2024-07-05,2024,regular,FC Juárez,Atlas,2,2,,,espn,FC Juárez,Atlas,JUA,ATS
espn-703524,2024-07-06,2024,regular,Atlético de San Luis,América,2,1,,,espn,Atlético de San Luis,América,ASL,AME
espn-703525,2024-07-06,2024,regular,Tigres UANL,Necaxa,1,0,,,espn,Tigres UANL,Necaxa,UANL,NCX
espn-703526,2024-07-06,2024,regular,Guadalajara,Toluca,0,0,,,espn,Guadalajara,Toluca,GDL,TOL
espn-703527,2024-07-06,2024,regular,Cruz Azul,Mazatlán FC,1,0,,,espn,Cruz Azul,Mazatlán FC,CAZ,MAZ
espn-703528,2024-07-07,2024,regular,Pumas UNAM,León,4,1,,,espn,Pumas UNAM,León,UNAM,LEO
espn-703529,2024-07-07,2024,regular,Pachuca,Monterrey,0,1,,,espn,Pachuca,Monterrey,PAC,MTY
espn-703530,2024-07-12,2024,regular,América,Querétaro,3,1,,,espn,América,Querétaro,AME,QRO
espn-703531,2024-07-12,2024,regular,Mazatlán FC,Atlético de San Luis,2,2,,,espn,Mazatlán FC,Atlético de San Luis,MAZ,ASL
espn-703532,2024-07-12,2024,regular,Tijuana,Guadalajara,4,2,,,espn,Tijuana,Guadalajara,TIJ,GDL
espn-703533,2024-07-12,2024,regular,Atlas,Tigres UANL,1,1,,,espn,Atlas,Tigres UANL,ATS,UANL
espn-703534,2024-07-13,2024,regular,León,Pachuca,0,0,,,espn,León,Pachuca,LEO,PAC
espn-703535,2024-07-13,2024,regular,Necaxa,Puebla,4,1,,,espn,Necaxa,Puebla,NCX,PUE
espn-703536,2024-07-13,2024,regular,Toluca,FC Juárez,3,2,,,espn,Toluca,FC Juárez,TOL,JUA
espn-703537,2024-07-13,2024,regular,Santos,Pumas UNAM,1,1,,,espn,Santos,Pumas UNAM,SAN,UNAM
espn-703538,2024-07-13,2024,regular,Monterrey,Cruz Azul,0,4,,,espn,Monterrey,Cruz Azul,MTY,CAZ
espn-703539,2024-07-16,2024,regular,Atlas,Santos,1,0,,,espn,Atlas,Santos,ATS,SAN
espn-703540,2024-07-16,2024,regular,Querétaro,Guadalajara,0,2,,,espn,Querétaro,Guadalajara,QRO,GDL
espn-703541,2024-07-16,2024,regular,Pachuca,Atlético de San Luis,2,0,,,espn,Pachuca,Atlético de San Luis,PAC,ASL
espn-703542,2024-07-16,2024,regular,Puebla,León,2,2,,,espn,Puebla,León,PUE,LEO
espn-703543,2024-07-16,2024,regular,Cruz Azul,Tijuana,3,0,,,espn,Cruz Azul,Tijuana,CAZ,TIJ
espn-703544,2024-07-17,2024,regular,FC Juárez,Pumas UNAM,1,2,,,espn,FC Juárez,Pumas UNAM,JUA,UNAM
espn-703545,2024-07-17,2024,regular,Toluca,Mazatlán FC,3,0,,,espn,Toluca,Mazatlán FC,TOL,MAZ
espn-703546,2024-07-17,2024,regular,Tigres UANL,América,1,0,,,espn,Tigres UANL,América,UANL,AME
espn-703547,2024-07-17,2024,regular,Necaxa,Monterrey,0,1,,,espn,Necaxa,Monterrey,NCX,MTY
espn-703548,2024-07-19,2024,regular,Atlético de San Luis,Tijuana,1,1,,,espn,Atlético de San Luis,Tijuana,ASL,TIJ
espn-703549,2024-07-19,2024,regular,Puebla,Atlas,1,2,,,espn,Puebla,Atlas,PUE,ATS
espn-703550,2024-07-20,2024,regular,Guadalajara,Mazatlán FC,2,0,,,espn,Guadalajara,Mazatlán FC,GDL,MAZ
espn-703551,2024-07-20,2024,regular,Monterrey,Querétaro,2,1,,,espn,Monterrey,Querétaro,MTY,QRO
espn-703552,2024-07-20,2024,regular,Santos,Tigres UANL,0,3,,,espn,Santos,Tigres UANL,SAN,UANL
espn-703553,2024-07-20,2024,regular,FC Juárez,América,1,2,,,espn,FC Juárez,América,JUA,AME
espn-703554,2024-07-20,2024,regular,Cruz Azul,Toluca,1,1,,,espn,Cruz Azul,Toluca,CAZ,TOL
espn-703555,2024-07-21,2024,regular,Pumas UNAM,Pachuca,2,0,,,espn,Pumas UNAM,Pachuca,UNAM,PAC
espn-703556,2024-07-21,2024,regular,León,Necaxa,1,1,,,espn,León,Necaxa,LEO,NCX
espn-703657,2024-08-16,2024,regular,Puebla,Monterrey,1,2,,,espn,Puebla,Monterrey,PUE,MTY
espn-703592,2024-08-18,2024,regular,Tijuana,Santos,3,1,,,espn,Tijuana,Santos,TIJ,SAN
espn-703633,2024-08-18,2024,regular,Atlético de San Luis,Querétaro,4,0,,,espn,Atlético de San Luis,Querétaro,ASL,QRO
espn-703557,2024-08-23,2024,regular,Querétaro,Cruz Azul,0,2,,,espn,Querétaro,Cruz Azul,QRO,CAZ
espn-703558,2024-08-23,2024,regular,Mazatlán FC,Pachuca,3,0,,,espn,Mazatlán FC,Pachuca,MAZ,PAC
espn-703559,2024-08-23,2024,regular,Tijuana,Monterrey,2,2,,,espn,Tijuana,Monterrey,TIJ,MTY
espn-703560,2024-08-24,2024,regular,Necaxa,FC Juárez,3,0,,,espn,Necaxa,FC Juárez,NCX,JUA
espn-703561,2024-08-24,2024,regular,Atlas,Pumas UNAM,2,1,,,espn,Atlas,Pumas UNAM,ATS,UNAM
espn-703562,2024-08-24,2024,regular,León,Santos,1,1,,,espn,León,Santos,LEO,SAN
espn-703563,2024-08-24,2024,regular,Tigres UANL,Guadalajara,1,1,,,espn,Tigres UANL,Guadalajara,UANL,GDL
espn-703564,2024-08-24,2024,regular,América,Puebla,0,1,,,espn,América,Puebla,AME,PUE
espn-703565,2024-08-25,2024,regular,Toluca,Atlético de San Luis,2,1,,,espn,Toluca,Atlético de San Luis,TOL,ASL
espn-703566,2024-08-30,2024,regular,Atlético de San Luis,Atlas,2,1,,,espn,Atlético de San Luis,Atlas,ASL,ATS
espn-703567,2024-08-30,2024,regular,Mazatlán FC,Puebla,1,1,,,espn,Mazatlán FC,Puebla,MAZ,PUE
espn-703568,2024-08-30,2024,regular,Tijuana,León,2,1,,,espn,Tijuana,León,TIJ,LEO
espn-703569,2024-08-31,2024,regular,Guadalajara,FC Juárez,5,0,,,espn,Guadalajara,FC Juárez,GDL,JUA
espn-703570,2024-08-31,2024,regular,Pachuca,Querétaro,1,1,,,espn,Pachuca,Querétaro,PAC,QRO
espn-703571,2024-08-31,2024,regular,Monterrey,Toluca,1,2,,,espn,Monterrey,Toluca,MTY,TOL
espn-703572,2024-08-31,2024,regular,Cruz Azul,América,4,1,,,espn,Cruz Azul,América,CAZ,AME
espn-703573,2024-09-01,2024,regular,Pumas UNAM,Tigres UANL,1,3,,,espn,Pumas UNAM,Tigres UANL,UNAM,UANL
espn-703574,2024-09-01,2024,regular,Santos,Necaxa,3,2,,,espn,Santos,Necaxa,SAN,NCX
espn-703575,2024-09-13,2024,regular,Puebla,Querétaro,2,1,,,espn,Puebla,Querétaro,PUE,QRO
espn-703576,2024-09-13,2024,regular,Atlas,Pachuca,2,0,,,espn,Atlas,Pachuca,ATS,PAC
espn-703577,2024-09-13,2024,regular,FC Juárez,Mazatlán FC,1,0,,,espn,FC Juárez,Mazatlán FC,JUA,MAZ
espn-703578,2024-09-13,2024,regular,Tigres UANL,Atlético de San Luis,1,0,,,espn,Tigres UANL,Atlético de San Luis,UANL,ASL
espn-703579,2024-09-13,2024,regular,Necaxa,Pumas UNAM,2,0,,,espn,Necaxa,Pumas UNAM,NCX,UNAM
espn-703580,2024-09-14,2024,regular,Toluca,Tijuana,4,0,,,espn,Toluca,Tijuana,TOL,TIJ
espn-703581,2024-09-14,2024,regular,América,Guadalajara,1,0,,,espn,América,Guadalajara,AME,GDL
espn-703582,2024-09-14,2024,regular,León,Cruz Azul,1,2,,,espn,León,Cruz Azul,LEO,CAZ
espn-703583,2024-09-14,2024,regular,Santos,Monterrey,0,2,,,espn,Santos,Monterrey,SAN,MTY
espn-703584,2024-09-17,2024,regular,Pumas UNAM,Puebla,1,0,,,espn,Pumas UNAM,Puebla,UNAM,PUE
espn-703585,2024-09-17,2024,regular,Pachuca,Toluca,2,2,,,espn,Pachuca,Toluca,PAC,TOL
espn-703586,2024-09-17,2024,regular,Atlético de San Luis,Cruz Azul,3,1,,,espn,Atlético de San Luis,Cruz Azul,ASL,CAZ
espn-703587,2024-09-17,2024,regular,Querétaro,Tigres UANL,1,0,,,espn,Querétaro,Tigres UANL,QRO,UANL
espn-703588,2024-09-17,2024,regular,América,Atlas,3,0,,,espn,América,Atlas,AME,ATS
espn-703589,2024-09-18,2024,regular,Guadalajara,León,2,0,,,espn,Guadalajara,León,GDL,LEO
espn-703590,2024-09-18,2024,regular,Mazatlán FC,Necaxa,0,0,,,espn,Mazatlán FC,Necaxa,MAZ,NCX
espn-703591,2024-09-18,2024,regular,Monterrey,FC Juárez,3,2,,,espn,Monterrey,FC Juárez,MTY,JUA
espn-703593,2024-09-20,2024,regular,Atlas,Querétaro,0,1,,,espn,Atlas,Querétaro,ATS,QRO
espn-703594,2024-09-20,2024,regular,Puebla,Pachuca,2,3,,,espn,Puebla,Pachuca,PUE,PAC
espn-703595,2024-09-21,2024,regular,León,Atlético de San Luis,1,0,,,espn,León,Atlético de San Luis,LEO,ASL
espn-703596,2024-09-21,2024,regular,Monterrey,Mazatlán FC,0,0,,,espn,Monterrey,Mazatlán FC,MTY,MAZ
espn-703597,2024-09-21,2024,regular,Necaxa,América,1,1,,,espn,Necaxa,América,NCX,AME
espn-703598,2024-09-21,2024,regular,Cruz Azul,Guadalajara,1,0,,,espn,Cruz Azul,Guadalajara,CAZ,GDL
espn-703599,2024-09-22,2024,regular,Pumas UNAM,Tijuana,1,0,,,espn,Pumas UNAM,Tijuana,UNAM,TIJ
espn-703600,2024-09-22,2024,regular,FC Juárez,Tigres UANL,0,1,,,espn,FC Juárez,Tigres UANL,JUA,UANL
espn-703601,2024-09-22,2024,regular,Santos,Toluca,2,0,,,espn,Santos,Toluca,SAN,TOL
espn-703602,2024-09-27,2024,regular,Puebla,FC Juárez,2,3,,,espn,Puebla,FC Juárez,PUE,JUA
espn-703603,2024-09-27,2024,regular,Querétaro,Necaxa,0,0,,,espn,Querétaro,Necaxa,QRO,NCX
espn-703604,2024-09-27,2024,regular,Tigres UANL,León,2,2,,,espn,Tigres UANL,León,UANL,LEO
espn-703605,2024-09-27,2024,regular,Tijuana,Mazatlán FC,1,0,,,espn,Tijuana,Mazatlán FC,TIJ,MAZ
espn-703606,2024-09-28,2024,regular,Toluca,Atlas,4,1,,,espn,Toluca,Atlas,TOL,ATS
espn-703607,2024-09-28,2024,regular,Pachuca,Cruz Azul,2,4,,,espn,Pachuca,Cruz Azul,PAC,CAZ
espn-703608,2024-09-28,2024,regular,Guadalajara,Monterrey,1,1,,,espn,Guadalajara,Monterrey,GDL,MTY
espn-703609,2024-09-28,2024,regular,Atlético de San Luis,Santos,3,1,,,espn,Atlético de San Luis,Santos,ASL,SAN
espn-703610,2024-09-29,2024,regular,América,Pumas UNAM,0,1,,,espn,América,Pumas UNAM,AME,UNAM
espn-703611,2024-10-04,2024,regular,Mazatlán FC,Querétaro,2,2,,,espn,Mazatlán FC,Querétaro,MAZ,QRO
espn-703612,2024-10-04,2024,regular,Tijuana,Pachuca,2,1,,,espn,Tijuana,Pachuca,TIJ,PAC
espn-703613,2024-10-05,2024,regular,Atlético de San Luis,Monterrey,1,0,,,espn,Atlético de San Luis,Monterrey,ASL,MTY
espn-703614,2024-10-05,2024,regular,Tigres UANL,Puebla,1,0,,,espn,Tigres UANL,Puebla,UANL,PUE
espn-703615,2024-10-05,2024,regular,Guadalajara,Atlas,2,3,,,espn,Guadalajara,Atlas,GDL,ATS
espn-703616,2024-10-05,2024,regular,León,América,1,1,,,espn,León,América,LEO,AME
espn-703617,2024-10-05,2024,regular,Toluca,Pumas UNAM,1,1,,,espn,Toluca,Pumas UNAM,TOL,UNAM
espn-703618,2024-10-05,2024,regular,Cruz Azul,Necaxa,3,0,,,espn,Cruz Azul,Necaxa,CAZ,NCX
espn-703619,2024-10-06,2024,regular,Santos,FC Juárez,0,2,,,espn,Santos,FC Juárez,SAN,JUA
espn-703620,2024-10-18,2024,regular,Atlas,Mazatlán FC,0,0,,,espn,Atlas,Mazatlán FC,ATS,MAZ
espn-703621,2024-10-18,2024,regular,Querétaro,Toluca,0,1,,,espn,Querétaro,Toluca,QRO,TOL
espn-703622,2024-10-18,2024,regular,Necaxa,Tijuana,1,2,,,espn,Necaxa,Tijuana,NCX,TIJ
espn-703623,2024-10-18,2024,regular,Puebla,Cruz Azul,1,2,,,espn,Puebla,Cruz Azul,PUE,CAZ
espn-703624,2024-10-19,2024,regular,Pachuca,Guadalajara,0,2,,,espn,Pachuca,Guadalajara,PAC,GDL
espn-703625,2024-10-19,2024,regular,FC Juárez,León,2,3,,,espn,FC Juárez,León,JUA,LEO
espn-703626,2024-10-19,2024,regular,América,Santos,3,0,,,espn,América,Santos,AME,SAN
espn-703627,2024-10-19,2024,regular,Monterrey,Tigres UANL,4,2,,,espn,Monterrey,Tigres UANL,MTY,UANL
espn-703628,2024-10-20,2024,regular,Pumas UNAM,Atlético de San Luis,3,0,,,espn,Pumas UNAM,Atlético de San Luis,UNAM,ASL
espn-703629,2024-10-22,2024,regular,Guadalajara,Necaxa,3,2,,,espn,Guadalajara,Necaxa,GDL,NCX
espn-703630,2024-10-22,2024,regular,Santos,Pachuca,1,1,,,espn,Santos,Pachuca,SAN,PAC
espn-703631,2024-10-22,2024,regular,Mazatlán FC,Tigres UANL,2,0,,,espn,Mazatlán FC,Tigres UANL,MAZ,UANL
espn-703632,2024-10-22,2024,regular,Toluca,Puebla,5,0,,,espn,Toluca,Puebla,TOL,PUE
espn-703634,2024-10-23,2024,regular,Monterrey,Pumas UNAM,0,0,,,espn,Monterrey,Pumas UNAM,MTY,UNAM
espn-703635,2024-10-23,2024,regular,Cruz Azul,FC Juárez,4,0,,,espn,Cruz Azul,FC Juárez,CAZ,JUA
espn-703636,2024-10-23,2024,regular,León,Atlas,0,0,,,espn,León,Atlas,LEO,ATS
espn-703637,2024-10-23,2024,regular,Tijuana,América,2,2,,,espn,Tijuana,América,TIJ,AME
espn-703638,2024-10-25,2024,regular,Santos,Mazatlán FC,0,0,,,espn,Santos,Mazatlán FC,SAN,MAZ
espn-703639,2024-10-25,2024,regular,Puebla,Guadalajara,1,0,,,espn,Puebla,Guadalajara,PUE,GDL
espn-703640,2024-10-26,2024,regular,León,Querétaro,4,0,,,espn,León,Querétaro,LEO,QRO
espn-703641,2024-10-26,2024,regular,Pumas UNAM,Cruz Azul,0,2,,,espn,Pumas UNAM,Cruz Azul,UNAM,CAZ
espn-703642,2024-10-26,2024,regular,Tigres UANL,Pachuca,2,1,,,espn,Tigres UANL,Pachuca,UANL,PAC
espn-703643,2024-10-26,2024,regular,Atlas,Tijuana,0,0,,,espn,Atlas,Tijuana,ATS,TIJ
espn-703644,2024-10-27,2024,regular,Necaxa,Toluca,1,3,,,espn,Necaxa,Toluca,NCX,TOL
espn-703645,2024-10-27,2024,regular,FC Juárez,Atlético de San Luis,2,4,,,espn,FC Juárez,Atlético de San Luis,JUA,ASL
espn-703646,2024-10-27,2024,regular,América,Monterrey,2,1,,,espn,América,Monterrey,AME,MTY
espn-703647,2024-11-01,2024,regular,Querétaro,FC Juárez,1,2,,,espn,Querétaro,FC Juárez,QRO,JUA
espn-703648,2024-11-01,2024,regular,Mazatlán FC,América,0,5,,,espn,Mazatlán FC,América,MAZ,AME
espn-703649,2024-11-01,2024,regular,Tijuana,Tigres UANL,0,3,,,espn,Tijuana,Tigres UANL,TIJ,UANL
espn-703650,2024-11-02,2024,regular,Atlético de San Luis,Puebla,2,0,,,espn,Atlético de San Luis,Puebla,ASL,PUE
espn-703651,2024-11-02,2024,regular,Toluca,León,2,2,,,espn,Toluca,León,TOL,LEO
espn-703652,2024-11-02,2024,regular,Guadalajara,Pumas UNAM,0,0,,,espn,Guadalajara,Pumas UNAM,GDL,UNAM
espn-703653,2024-11-02,2024,regular,Monterrey,Atlas,4,0,,,espn,Monterrey,Atlas,MTY,ATS
espn-703654,2024-11-02,2024,regular,Pachuca,Necaxa,6,2,,,espn,Pachuca,Necaxa,PAC,NCX
espn-703655,2024-11-02,2024,regular,Cruz Azul,Santos,2,0,,,espn,Cruz Azul,Santos,CAZ,SAN
espn-703656,2024-11-05,2024,regular,León,Mazatlán FC,0,0,,,espn,León,Mazatlán FC,LEO,MAZ
espn-703658,2024-11-05,2024,regular,Pumas UNAM,Querétaro,2,0,,,espn,Pumas UNAM,Querétaro,UNAM,QRO
espn-703659,2024-11-05,2024,regular,Santos,Guadalajara,0,2,,,espn,Santos,Guadalajara,SAN,GDL
espn-703660,2024-11-06,2024,regular,América,Pachuca,2,1,,,espn,América,Pachuca,AME,PAC
espn-703661,2024-11-06,2024,regular,Necaxa,Atlético de San Luis,1,1,,,espn,Necaxa,Atlético de San Luis,NCX,ASL
espn-703662,2024-11-06,2024,regular,Tigres UANL,Toluca,2,1,,,espn,Tigres UANL,Toluca,UANL,TOL
espn-703663,2024-11-06,2024,regular,FC Juárez,Tijuana,1,1,,,espn,FC Juárez,Tijuana,JUA,TIJ
espn-703664,2024-11-06,2024,regular,Atlas,Cruz Azul,2,2,,,espn,Atlas,Cruz Azul,ATS,CAZ
espn-703665,2024-11-08,2024,regular,Querétaro,Santos,3,2,,,espn,Querétaro,Santos,QRO,SAN
espn-703666,2024-11-08,2024,regular,Mazatlán FC,Pumas UNAM,0,1,,,espn,Mazatlán FC,Pumas UNAM,MAZ,UNAM
espn-703667,2024-11-09,2024,regular,Guadalajara,Atlético de San Luis,0,1,,,espn,Guadalajara,Atlético de San Luis,GDL,ASL
espn-703668,2024-11-09,2024,regular,Toluca,América,4,0,,,espn,Toluca,América,TOL,AME
espn-703669,2024-11-09,2024,regular,Pachuca,FC Juárez,0,1,,,espn,Pachuca,FC Juárez,PAC,JUA
espn-703670,2024-11-09,2024,regular,Cruz Azul,Tigres UANL,1,1,,,espn,Cruz Azul,Tigres UANL,CAZ,UANL
espn-703671,2024-11-10,2024,regular,Necaxa,Atlas,0,0,,,espn,Necaxa,Atlas,NCX,ATS
espn-703672,2024-11-10,2024,regular,Monterrey,León,2,1,,,espn,Monterrey,León,MTY,LEO
espn-703673,2024-11-10,2024,regular,Tijuana,Puebla,2,1,,,espn,Tijuana,Puebla,TIJ,PUE
espn-723396,2024-11-21,2024,regular,Guadalajara,Atlas,1,2,,,espn,Guadalajara,Atlas,GDL,ATS
espn-723397,2024-11-21,2024,regular,Tijuana,América,2,3,,pens,espn,Tijuana,América,TIJ,AME
espn-723706,2024-11-24,2024,regular,Tijuana,Atlas,3,0,,,espn,Tijuana,Atlas,TIJ,ATS
espn-723400,2024-11-27,2024,regular,América,Toluca,2,0,,,espn,América,Toluca,AME,TOL
espn-723401,2024-11-27,2024,regular,Tijuana,Cruz Azul,3,0,,,espn,Tijuana,Cruz Azul,TIJ,CAZ
espn-723398,2024-11-28,2024,regular,Atlético de San Luis,Tigres UANL,3,0,,,espn,Atlético de San Luis,Tigres UANL,ASL,UANL
espn-723399,2024-11-28,2024,regular,Monterrey,Pumas UNAM,1,0,,,espn,Monterrey,Pumas UNAM,MTY,UNAM
espn-723403,2024-11-30,2024,regular,Toluca,América,0,2,,,espn,Toluca,América,TOL,AME
espn-723404,2024-11-30,2024,regular,Cruz Azul,Tijuana,3,0,,,espn,Cruz Azul,Tijuana,CAZ,TIJ
espn-723402,2024-12-01,2024,regular,Pumas UNAM,Monterrey,3,5,,,espn,Pumas UNAM,Monterrey,UNAM,MTY
espn-723405,2024-12-01,2024,regular,Tigres UANL,Atlético de San Luis,0,0,,,espn,Tigres UANL,Atlético de San Luis,UANL,ASL
espn-723944,2024-12-04,2024,regular,Atlético de San Luis,Monterrey,2,1,,,espn,Atlético de San Luis,Monterrey,ASL,MTY
espn-723947,2024-12-05,2024,regular,América,Cruz Azul,0,0,,,espn,América,Cruz Azul,AME,CAZ
espn-723946,2024-12-07,2024,regular,Monterrey,Atlético de San Luis,5,1,,,espn,Monterrey,Atlético de San Luis,MTY,ASL
espn-723945,2024-12-08,2024,regular,Cruz Azul,América,3,4,,,espn,Cruz Azul,América,CAZ,AME
espn-724678,2024-12-12,2024,regular,América,Monterrey,2,1,,,espn,América,Monterrey,AME,MTY
espn-724679,2024-12-15,2024,regular,Monterrey,América,1,1,,,espn,Monterrey,América,MTY,AME
espn-725043,2025-01-10,2024,regular,Querétaro,América,0,1,,,espn,Querétaro,América,QRO,AME
espn-725044,2025-01-10,2024,regular,Tijuana,Toluca,2,4,,,espn,Tijuana,Toluca,TIJ,TOL
espn-725045,2025-01-10,2024,regular,Mazatlán FC,FC Juárez,1,1,,,espn,Mazatlán FC,FC Juárez,MAZ,JUA
espn-725046,2025-01-11,2024,regular,Atlético de San Luis,Tigres UANL,1,3,,,espn,Atlético de San Luis,Tigres UANL,ASL,UANL
espn-725048,2025-01-11,2024,regular,Guadalajara,Santos,1,0,,,espn,Guadalajara,Santos,GDL,SAN
espn-725049,2025-01-11,2024,regular,Cruz Azul,Atlas,1,1,,,espn,Cruz Azul,Atlas,CAZ,ATS
espn-725047,2025-01-12,2024,regular,Monterrey,Puebla,1,1,,,espn,Monterrey,Puebla,MTY,PUE
espn-725050,2025-01-12,2024,regular,Pumas UNAM,Necaxa,2,1,,,espn,Pumas UNAM,Necaxa,UNAM,NCX
espn-725051,2025-01-16,2024,regular,América,Tijuana,1,1,,,espn,América,Tijuana,AME,TIJ
espn-725052,2025-01-17,2024,regular,Puebla,Atlético de San Luis,1,2,,,espn,Puebla,Atlético de San Luis,PUE,ASL
espn-725053,2025-01-17,2024,regular,Necaxa,Guadalajara,3,2,,,espn,Necaxa,Guadalajara,NCX,GDL
espn-725054,2025-01-17,2024,regular,Tigres UANL,Mazatlán FC,2,1,,,espn,Tigres UANL,Mazatlán FC,UANL,MAZ
espn-725055,2025-01-18,2024,regular,Toluca,Monterrey,1,1,,,espn,Toluca,Monterrey,TOL,MTY
espn-725056,2025-01-18,2024,regular,Atlas,León,1,2,,,espn,Atlas,León,ATS,LEO
espn-725057,2025-01-18,2024,regular,FC Juárez,Cruz Azul,1,0,,,espn,FC Juárez,Cruz Azul,JUA,CAZ
espn-725058,2025-01-19,2024,regular,Querétaro,Pumas UNAM,3,2,,,espn,Querétaro,Pumas UNAM,QRO,UNAM
espn-725059,2025-01-20,2024,regular,Pachuca,Santos,2,1,,,espn,Pachuca,Santos,PAC,SAN
espn-725060,2025-01-24,2024,regular,Atlético de San Luis,Necaxa,0,3,,,espn,Atlético de San Luis,Necaxa,ASL,NCX
espn-725061,2025-01-24,2024,regular,Tijuana,Querétaro,2,1,,,espn,Tijuana,Querétaro,TIJ,QRO
espn-725062,2025-01-24,2024,regular,Mazatlán FC,Toluca,2,1,,,espn,Mazatlán FC,Toluca,MAZ,TOL
espn-725063,2025-01-25,2024,regular,Cruz Azul,Puebla,1,1,,,espn,Cruz Azul,Puebla,CAZ,PUE
espn-725064,2025-01-25,2024,regular,León,FC Juárez,1,0,,,espn,León,FC Juárez,LEO,JUA
espn-725065,2025-01-25,2024,regular,Monterrey,Pachuca,2,3,,,espn,Monterrey,Pachuca,MTY,PAC
espn-725066,2025-01-25,2024,regular,Guadalajara,Tigres UANL,1,1,,,espn,Guadalajara,Tigres UANL,GDL,UANL
espn-725067,2025-01-25,2024,regular,Santos,América,1,4,,,espn,Santos,América,SAN,AME
espn-725068,2025-01-26,2024,regular,Pumas UNAM,Atlas,0,0,,,espn,Pumas UNAM,Atlas,UNAM,ATS
espn-725069,2025-01-28,2024,regular,América,Atlético de San Luis,3,0,,,espn,América,Atlético de San Luis,AME,ASL
espn-725070,2025-01-28,2024,regular,Puebla,Mazatlán FC,0,1,,,espn,Puebla,Mazatlán FC,PUE,MAZ
espn-725071,2025-01-28,2024,regular,Necaxa,Cruz Azul,1,3,,,espn,Necaxa,Cruz Azul,NCX,CAZ
espn-725072,2025-01-28,2024,regular,Tigres UANL,Tijuana,4,0,,,espn,Tigres UANL,Tijuana,UANL,TIJ
espn-725073,2025-01-28,2024,regular,León,Guadalajara,2,1,,,espn,León,Guadalajara,LEO,GDL
espn-725074,2025-01-29,2024,regular,Atlas,Monterrey,3,3,,,espn,Atlas,Monterrey,ATS,MTY
espn-725075,2025-01-29,2024,regular,Querétaro,Pachuca,0,1,,,espn,Querétaro,Pachuca,QRO,PAC
espn-725076,2025-01-29,2024,regular,Pumas UNAM,Toluca,1,1,,,espn,Pumas UNAM,Toluca,UNAM,TOL
espn-725077,2025-01-29,2024,regular,FC Juárez,Santos,1,0,,,espn,FC Juárez,Santos,JUA,SAN
espn-725078,2025-01-31,2024,regular,Mazatlán FC,León,1,2,,,espn,Mazatlán FC,León,MAZ,LEO
espn-725079,2025-01-31,2024,regular,Tijuana,Cruz Azul,2,3,,,espn,Tijuana,Cruz Azul,TIJ,CAZ
espn-725080,2025-02-01,2024,regular,América,FC Juárez,4,0,,,espn,América,FC Juárez,AME,JUA
espn-725081,2025-02-01,2024,regular,Guadalajara,Querétaro,1,1,,,espn,Guadalajara,Querétaro,GDL,QRO
espn-725082,2025-02-01,2024,regular,Monterrey,Necaxa,1,0,,,espn,Monterrey,Necaxa,MTY,NCX
espn-725083,2025-02-01,2024,regular,Pachuca,Atlas,0,0,,,espn,Pachuca,Atlas,PAC,ATS
espn-725084,2025-02-01,2024,regular,Toluca,Tigres UANL,1,0,,,espn,Toluca,Tigres UANL,TOL,UANL
espn-725085,2025-02-02,2024,regular,Santos,Puebla,0,2,,,espn,Santos,Puebla,SAN,PUE
espn-725086,2025-02-02,2024,regular,Atlético de San Luis,Pumas UNAM,2,3,,,espn,Atlético de San Luis,Pumas UNAM,ASL,UNAM
espn-725087,2025-02-05,2024,regular,Pachuca,León,1,2,,,espn,Pachuca,León,PAC,LEO
espn-725088,2025-02-07,2024,regular,Querétaro,Atlético de San Luis,1,0,,,espn,Querétaro,Atlético de San Luis,QRO,ASL
espn-725089,2025-02-07,2024,regular,Puebla,América,1,2,,,espn,Puebla,América,PUE,AME
espn-725090,2025-02-07,2024,regular,Necaxa,Santos,3,2,,,espn,Necaxa,Santos,NCX,SAN
espn-725091,2025-02-08,2024,regular,León,Toluca,3,3,,,espn,León,Toluca,LEO,TOL
espn-725092,2025-02-08,2024,regular,Tigres UANL,Atlas,2,1,,,espn,Tigres UANL,Atlas,UANL,ATS
espn-725093,2025-02-08,2024,regular,Cruz Azul,Pachuca,2,1,,,espn,Cruz Azul,Pachuca,CAZ,PAC
espn-725094,2025-02-08,2024,regular,FC Juárez,Monterrey,2,1,,,espn,FC Juárez,Monterrey,JUA,MTY
espn-725095,2025-02-09,2024,regular,Pumas UNAM,Mazatlán FC,1,0,,,espn,Pumas UNAM,Mazatlán FC,UNAM,MAZ
espn-725096,2025-02-09,2024,regular,Guadalajara,Tijuana,2,1,,,espn,Guadalajara,Tijuana,GDL,TIJ
espn-725097,2025-02-14,2024,regular,Mazatlán FC,Santos,1,1,,,espn,Mazatlán FC,Santos,MAZ,SAN
espn-725098,2025-02-14,2024,regular,Tijuana,FC Juárez,1,2,,,espn,Tijuana,FC Juárez,TIJ,JUA
espn-725100,2025-02-14,2024,regular,América,Necaxa,2,3,,,espn,América,Necaxa,AME,NCX
espn-725099,2025-02-15,2024,regular,Atlas,Puebla,3,2,,,espn,Atlas,Puebla,ATS,PUE
espn-725101,2025-02-15,2024,regular,Tigres UANL,Cruz Azul,2,1,,,espn,Tigres UANL,Cruz Azul,UANL,CAZ
espn-725102,2025-02-15,2024,regular,Toluca,Guadalajara,2,1,,,espn,Toluca,Guadalajara,TOL,GDL
espn-725103,2025-02-16,2024,regular,Querétaro,Monterrey,2,4,,,espn,Querétaro,Monterrey,QRO,MTY
espn-725104,2025-02-16,2024,regular,Pachuca,Pumas UNAM,2,1,,,espn,Pachuca,Pumas UNAM,PAC,UNAM
espn-725105,2025-02-16,2024,regular,Atlético de San Luis,León,1,2,,,espn,Atlético de San Luis,León,ASL,LEO
espn-725107,2025-02-18,2024,regular,Atlas,Necaxa,0,4,,,espn,Atlas,Necaxa,ATS,NCX
espn-725106,2025-02-19,2024,regular,Santos,Cruz Azul,0,1,,,espn,Santos,Cruz Azul,SAN,CAZ
espn-725108,2025-02-19,2024,regular,América,León,1,1,,,espn,América,León,AME,LEO
espn-725109,2025-02-21,2024,regular,Necaxa,Mazatlán FC,3,1,,,espn,Necaxa,Mazatlán FC,NCX,MAZ
espn-725110,2025-02-21,2024,regular,Puebla,Tijuana,2,0,,,espn,Puebla,Tijuana,PUE,TIJ
espn-725111,2025-02-22,2024,regular,León,Tigres UANL,1,0,,,espn,León,Tigres UANL,LEO,UANL
espn-725112,2025-02-22,2024,regular,Monterrey,Atlético de San Luis,3,1,,,espn,Monterrey,Atlético de San Luis,MTY,ASL
espn-725113,2025-02-22,2024,regular,Guadalajara,Pachuca,2,1,,,espn,Guadalajara,Pachuca,GDL,PAC
espn-725114,2025-02-22,2024,regular,Pumas UNAM,América,0,2,,,espn,Pumas UNAM,América,UNAM,AME
espn-725115,2025-02-22,2024,regular,FC Juárez,Toluca,0,4,,,espn,FC Juárez,Toluca,JUA,TOL
espn-725116,2025-02-23,2024,regular,Santos,Atlas,2,0,,,espn,Santos,Atlas,SAN,ATS
espn-725117,2025-02-23,2024,regular,Cruz Azul,Querétaro,1,0,,,espn,Cruz Azul,Querétaro,CAZ,QRO
espn-725118,2025-02-25,2024,regular,Tigres UANL,FC Juárez,0,1,,,espn,Tigres UANL,FC Juárez,UANL,JUA
espn-725119,2025-02-25,2024,regular,Tijuana,Pumas UNAM,4,2,,,espn,Tijuana,Pumas UNAM,TIJ,UNAM
espn-725120,2025-02-25,2024,regular,Mazatlán FC,Monterrey,1,0,,,espn,Mazatlán FC,Monterrey,MAZ,MTY
espn-725121,2025-02-26,2024,regular,Pachuca,Puebla,2,1,,,espn,Pachuca,Puebla,PAC,PUE
espn-725122,2025-02-26,2024,regular,Atlético de San Luis,Guadalajara,3,1,,,espn,Atlético de San Luis,Guadalajara,ASL,GDL
espn-725123,2025-02-26,2024,regular,Toluca,Querétaro,5,0,,,espn,Toluca,Querétaro,TOL,QRO
espn-725124,2025-02-28,2024,regular,Mazatlán FC,Cruz Azul,1,1,,,espn,Mazatlán FC,Cruz Azul,MAZ,CAZ
espn-725125,2025-03-01,2024,regular,Necaxa,Tigres UANL,1,2,,,espn,Necaxa,Tigres UANL,NCX,UANL
espn-725126,2025-03-01,2024,regular,América,Toluca,3,0,,,espn,América,Toluca,AME,TOL
espn-725127,2025-03-01,2024,regular,León,Tijuana,2,1,,,espn,León,Tijuana,LEO,TIJ
espn-725128,2025-03-01,2024,regular,FC Juárez,Pachuca,2,2,,,espn,FC Juárez,Pachuca,JUA,PAC
espn-725129,2025-03-01,2024,regular,Pumas UNAM,Guadalajara,0,1,,,espn,Pumas UNAM,Guadalajara,UNAM,GDL
espn-725130,2025-03-02,2024,regular,Querétaro,Puebla,2,0,,,espn,Querétaro,Puebla,QRO,PUE
espn-725131,2025-03-02,2024,regular,Atlas,Atlético de San Luis,3,1,,,espn,Atlas,Atlético de San Luis,ATS,ASL
espn-725132,2025-03-02,2024,regular,Monterrey,Santos,4,2,,,espn,Monterrey,Santos,MTY,SAN
espn-725133,2025-03-07,2024,regular,Atlético de San Luis,FC Juárez,1,0,,,espn,Atlético de San Luis,FC Juárez,ASL,JUA
espn-725134,2025-03-07,2024,regular,Tigres UANL,Querétaro,1,0,,,espn,Tigres UANL,Querétaro,UANL,QRO
espn-725135,2025-03-07,2024,regular,Puebla,Pumas UNAM,1,3,,,espn,Puebla,Pumas UNAM,PUE,UNAM
espn-725136,2025-03-08,2024,regular,Toluca,Necaxa,5,2,,,espn,Toluca,Necaxa,TOL,NCX
espn-725137,2025-03-08,2024,regular,Cruz Azul,Monterrey,1,1,,,espn,Cruz Azul,Monterrey,CAZ,MTY
espn-725138,2025-03-08,2024,regular,Pachuca,Mazatlán FC,1,1,,,espn,Pachuca,Mazatlán FC,PAC,MAZ
espn-725139,2025-03-08,2024,regular,Guadalajara,América,0,0,,,espn,Guadalajara,América,GDL,AME
espn-725140,2025-03-09,2024,regular,Santos,León,2,1,,,espn,Santos,León,SAN,LEO
espn-725141,2025-03-09,2024,regular,Tijuana,Atlas,3,4,,,espn,Tijuana,Atlas,TIJ,ATS
espn-725142,2025-03-14,2024,regular,Necaxa,León,2,1,,,espn,Necaxa,León,NCX,LEO
espn-725143,2025-03-14,2024,regular,Querétaro,Mazatlán FC,1,0,,,espn,Querétaro,Mazatlán FC,QRO,MAZ
espn-725144,2025-03-14,2024,regular,Puebla,Toluca,0,3,,,espn,Puebla,Toluca,PUE,TOL
espn-725145,2025-03-15,2024,regular,Tigres UANL,Santos,3,0,,,espn,Tigres UANL,Santos,UANL,SAN
espn-725146,2025-03-15,2024,regular,Cruz Azul,Atlético de San Luis,3,0,,,espn,Cruz Azul,Atlético de San Luis,CAZ,ASL
espn-725147,2025-03-15,2024,regular,Atlas,América,1,3,,,espn,Atlas,América,ATS,AME
espn-725148,2025-03-15,2024,regular,FC Juárez,Guadalajara,1,1,,,espn,FC Juárez,Guadalajara,JUA,GDL
espn-725149,2025-03-16,2024,regular,Pumas UNAM,Monterrey,1,3,,,espn,Pumas UNAM,Monterrey,UNAM,MTY
espn-725150,2025-03-16,2024,regular,Pachuca,Tijuana,4,1,,,espn,Pachuca,Tijuana,PAC,TIJ
espn-725152,2025-03-28,2024,regular,Necaxa,Querétaro,2,0,,,espn,Necaxa,Querétaro,NCX,QRO
espn-725153,2025-03-28,2024,regular,Mazatlán FC,Atlas,3,2,,,espn,Mazatlán FC,Atlas,MAZ,ATS
espn-725151,2025-03-29,2024,regular,FC Juárez,Puebla,2,0,,,espn,FC Juárez,Puebla,JUA,PUE
espn-725154,2025-03-29,2024,regular,Toluca,Pachuca,3,2,,,espn,Toluca,Pachuca,TOL,PAC
espn-725155,2025-03-29,2024,regular,América,Tigres UANL,3,0,,,espn,América,Tigres UANL,AME,UANL
espn-725156,2025-03-29,2024,regular,Monterrey,Tijuana,1,2,,,espn,Monterrey,Tijuana,MTY,TIJ
espn-725157,2025-03-29,2024,regular,Guadalajara,Cruz Azul,0,1,,,espn,Guadalajara,Cruz Azul,GDL,CAZ
espn-725158,2025-03-30,2024,regular,Santos,Atlético de San Luis,2,3,,,espn,Santos,Atlético de San Luis,SAN,ASL
espn-725159,2025-03-30,2024,regular,León,Pumas UNAM,1,2,,,espn,León,Pumas UNAM,LEO,UNAM
espn-725160,2025-04-04,2024,regular,Querétaro,León,1,1,,,espn,Querétaro,León,QRO,LEO
espn-725161,2025-04-04,2024,regular,Tijuana,Necaxa,1,2,,,espn,Tijuana,Necaxa,TIJ,NCX
espn-725162,2025-04-04,2024,regular,Puebla,Tigres UANL,0,0,,,espn,Puebla,Tigres UANL,PUE,UANL
espn-725163,2025-04-05,2024,regular,Atlas,FC Juárez,1,1,,,espn,Atlas,FC Juárez,ATS,JUA
espn-725164,2025-04-05,2024,regular,Pachuca,América,1,0,,,espn,Pachuca,América,PAC,AME
espn-725165,2025-04-05,2024,regular,Monterrey,Guadalajara,3,1,,,espn,Monterrey,Guadalajara,MTY,GDL
espn-725166,2025-04-05,2024,regular,Cruz Azul,Pumas UNAM,3,2,,,espn,Cruz Azul,Pumas UNAM,CAZ,UNAM
espn-725168,2025-04-05,2024,regular,Atlético de San Luis,Mazatlán FC,2,1,,,espn,Atlético de San Luis,Mazatlán FC,ASL,MAZ
espn-725167,2025-04-06,2024,regular,Toluca,Santos,2,1,,,espn,Toluca,Santos,TOL,SAN
espn-725177,2025-04-10,2024,regular,Tijuana,Atlético de San Luis,2,1,,,espn,Tijuana,Atlético de San Luis,TIJ,ASL
espn-725169,2025-04-11,2024,regular,Necaxa,Pachuca,3,5,,,espn,Necaxa,Pachuca,NCX,PAC
espn-725170,2025-04-11,2024,regular,Mazatlán FC,Guadalajara,1,1,,,espn,Mazatlán FC,Guadalajara,MAZ,GDL
espn-725171,2025-04-12,2024,regular,León,Puebla,1,0,,,espn,León,Puebla,LEO,PUE
espn-725172,2025-04-12,2024,regular,Pumas UNAM,FC Juárez,0,0,,,espn,Pumas UNAM,FC Juárez,UNAM,JUA
espn-725173,2025-04-12,2024,regular,Atlas,Toluca,2,3,,,espn,Atlas,Toluca,ATS,TOL
espn-725174,2025-04-12,2024,regular,Tigres UANL,Monterrey,2,1,,,espn,Tigres UANL,Monterrey,UANL,MTY
espn-725175,2025-04-12,2024,regular,América,Cruz Azul,0,0,,,espn,América,Cruz Azul,AME,CAZ
espn-725176,2025-04-13,2024,regular,Santos,Querétaro,1,2,,,espn,Santos,Querétaro,SAN,QRO
espn-725178,2025-04-15,2024,regular,Pachuca,Tigres UANL,0,0,,,espn,Pachuca,Tigres UANL,PAC,UANL
espn-725179,2025-04-15,2024,regular,Guadalajara,Puebla,1,0,,,espn,Guadalajara,Puebla,GDL,PUE
espn-725180,2025-04-15,2024,regular,Cruz Azul,León,2,1,,,espn,Cruz Azul,León,CAZ,LEO
espn-725181,2025-04-15,2024,regular,FC Juárez,Necaxa,2,2,,,espn,FC Juárez,Necaxa,JUA,NCX
espn-725182,2025-04-16,2024,regular,Atlético de San Luis,Toluca,0,1,,,espn,Atlético de San Luis,Toluca,ASL,TOL
espn-725183,2025-04-16,2024,regular,Querétaro,Atlas,1,2,,,espn,Querétaro,Atlas,QRO,ATS
espn-725184,2025-04-16,2024,regular,Monterrey,América,1,0,,,espn,Monterrey,América,MTY,AME
espn-725185,2025-04-16,2024,regular,Pumas UNAM,Santos,2,0,,,espn,Pumas UNAM,Santos,UNAM,SAN
espn-725186,2025-04-16,2024,regular,Mazatlán FC,Tijuana,0,2,,,espn,Mazatlán FC,Tijuana,MAZ,TIJ
espn-725187,2025-04-18,2024,regular,Puebla,Necaxa,0,1,,,espn,Puebla,Necaxa,PUE,NCX
espn-725188,2025-04-19,2024,regular,América,Mazatlán FC,5,0,,,espn,América,Mazatlán FC,AME,MAZ
espn-725190,2025-04-19,2024,regular,Toluca,Cruz Azul,2,2,,,espn,Toluca,Cruz Azul,TOL,CAZ
espn-725191,2025-04-19,2024,regular,Tigres UANL,Pumas UNAM,2,1,,,espn,Tigres UANL,Pumas UNAM,UANL,UNAM
espn-725192,2025-04-19,2024,regular,Atlas,Guadalajara,1,1,,,espn,Atlas,Guadalajara,ATS,GDL
espn-725189,2025-04-20,2024,regular,FC Juárez,Querétaro,0,2,,,espn,FC Juárez,Querétaro,JUA,QRO
espn-725193,2025-04-20,2024,regular,Santos,Tijuana,0,4,,,espn,Santos,Tijuana,SAN,TIJ
espn-725194,2025-04-20,2024,regular,León,Monterrey,0,2,,,espn,León,Monterrey,LEO,MTY
espn-725195,2025-04-20,2024,regular,Atlético de San Luis,Pachuca,2,1,,,espn,Atlético de San Luis,Pachuca,ASL,PAC
espn-735470,2025-04-27,2024,regular,FC Juárez,Pumas UNAM,1,2,,pens,espn,FC Juárez,Pumas UNAM,JUA,UNAM
espn-735471,2025-04-27,2024,regular,Monterrey,Pachuca,1,2,,,espn,Monterrey,Pachuca,MTY,PAC
espn-735577,2025-05-04,2024,regular,Monterrey,Pumas UNAM,2,0,,,espn,Monterrey,Pumas UNAM,MTY,UNAM
espn-735473,2025-05-07,2024,regular,Monterrey,Toluca,3,2,,,espn,Monterrey,Toluca,MTY,TOL
espn-735475,2025-05-07,2024,regular,Pachuca,América,0,0,,,espn,Pachuca,América,PAC,AME
espn-735472,2025-05-08,2024,regular,Necaxa,Tigres UANL,0,0,,,espn,Necaxa,Tigres UANL,NCX,UANL
espn-735474,2025-05-08,2024,regular,León,Cruz Azul,2,3,,,espn,León,Cruz Azul,LEO,CAZ
espn-735476,2025-05-10,2024,regular,América,Pachuca,2,0,,,espn,América,Pachuca,AME,PAC
espn-735479,2025-05-10,2024,regular,Toluca,Monterrey,2,1,,,espn,Toluca,Monterrey,TOL,MTY
espn-735477,2025-05-11,2024,regular,Cruz Azul,León,2,1,,,espn,Cruz Azul,León,CAZ,LEO
espn-735478,2025-05-11,2024,regular,Tigres UANL,Necaxa,2,2,,,espn,Tigres UANL,Necaxa,UANL,NCX
espn-735746,2025-05-14,2024,regular,Tigres UANL,Toluca,1,1,,,espn,Tigres UANL,Toluca,UANL,TOL
espn-735745,2025-05-15,2024,regular,Cruz Azul,América,1,0,,,espn,Cruz Azul,América,CAZ,AME
espn-735747,2025-05-17,2024,regular,Toluca,Tigres UANL,3,0,,,espn,Toluca,Tigres UANL,TOL,UANL
espn-735748,2025-05-18,2024,regular,América,Cruz Azul,2,1,,,espn,América,Cruz Azul,AME,CAZ
espn-735812,2025-05-22,2024,regular,América,Toluca,0,0,,,espn,América,Toluca,AME,TOL
espn-735813,2025-05-25,2024,regular,Toluca,América,2,0,,,espn,Toluca,América,TOL,AME
espn-736614,2025-07-11,2025,regular,Puebla,Atlas,2,3,,,espn,Puebla,Atlas,PUE,ATS
espn-736615,2025-07-11,2025,regular,Tijuana,Querétaro,1,0,,,espn,Tijuana,Querétaro,TIJ,QRO
espn-736616,2025-07-11,2025,regular,FC Juárez,América,1,1,,,espn,FC Juárez,América,JUA,AME
espn-736617,2025-07-12,2025,regular,Santos,Pumas UNAM,3,0,,,espn,Santos,Pumas UNAM,SAN,UNAM
espn-736618,2025-07-12,2025,regular,Toluca,Necaxa,3,1,,,espn,Toluca,Necaxa,TOL,NCX
espn-736619,2025-07-12,2025,regular,Cruz Azul,Mazatlán FC,0,0,,,espn,Cruz Azul,Mazatlán FC,CAZ,MAZ
espn-736620,2025-07-13,2025,regular,Pachuca,Monterrey,3,0,,,espn,Pachuca,Monterrey,PAC,MTY
espn-736621,2025-07-13,2025,regular,León,Atlético de San Luis,0,1,,,espn,León,Atlético de San Luis,LEO,ASL
espn-736622,2025-07-16,2025,regular,América,Tijuana,3,1,,,espn,América,Tijuana,AME,TIJ
espn-736623,2025-07-16,2025,regular,Santos,Toluca,2,4,,,espn,Santos,Toluca,SAN,TOL
espn-736624,2025-07-18,2025,regular,Necaxa,Querétaro,3,1,,,espn,Necaxa,Querétaro,NCX,QRO
espn-736625,2025-07-18,2025,regular,Mazatlán FC,Puebla,2,1,,,espn,Mazatlán FC,Puebla,MAZ,PUE
espn-736626,2025-07-18,2025,regular,Atlético de San Luis,Monterrey,0,1,,,espn,Atlético de San Luis,Monterrey,ASL,MTY
espn-736627,2025-07-19,2025,regular,Tigres UANL,FC Juárez,1,0,,,espn,Tigres UANL,FC Juárez,UANL,JUA
espn-736628,2025-07-19,2025,regular,León,Guadalajara,1,0,,,espn,León,Guadalajara,LEO,GDL
espn-736629,2025-07-19,2025,regular,Atlas,Cruz Azul,3,3,,,espn,Atlas,Cruz Azul,ATS,CAZ
espn-736630,2025-07-20,2025,regular,Pumas UNAM,Pachuca,2,3,,,espn,Pumas UNAM,Pachuca,UNAM,PAC
espn-736631,2025-07-25,2025,regular,Puebla,Santos,1,0,,,espn,Puebla,Santos,PUE,SAN
espn-736632,2025-07-25,2025,regular,Querétaro,Pumas UNAM,0,2,,,espn,Querétaro,Pumas UNAM,QRO,UNAM
espn-736633,2025-07-25,2025,regular,Tijuana,FC Juárez,1,1,,,espn,Tijuana,FC Juárez,TIJ,JUA
espn-736634,2025-07-26,2025,regular,Guadalajara,Atlético de San Luis,4,3,,,espn,Guadalajara,Atlético de San Luis,GDL,ASL
espn-736635,2025-07-26,2025,regular,Pachuca,Mazatlán FC,1,0,,,espn,Pachuca,Mazatlán FC,PAC,MAZ
espn-736636,2025-07-26,2025,regular,Cruz Azul,León,4,1,,,espn,Cruz Azul,León,CAZ,LEO
espn-736637,2025-07-26,2025,regular,Toluca,Tigres UANL,3,4,,,espn,Toluca,Tigres UANL,TOL,UANL
espn-736638,2025-07-26,2025,regular,Necaxa,América,1,1,,,espn,Necaxa,América,NCX,AME
espn-736639,2025-07-26,2025,regular,Monterrey,Atlas,3,1,,,espn,Monterrey,Atlas,MTY,ATS
espn-736640,2025-08-08,2025,regular,Tigres UANL,Puebla,7,0,,,espn,Tigres UANL,Puebla,UANL,PUE
espn-736641,2025-08-09,2025,regular,América,Querétaro,1,0,,,espn,América,Querétaro,AME,QRO
espn-736642,2025-08-09,2025,regular,Atlas,Pachuca,0,3,,,espn,Atlas,Pachuca,ATS,PAC
espn-736643,2025-08-09,2025,regular,Mazatlán FC,Tijuana,2,2,,,espn,Mazatlán FC,Tijuana,MAZ,TIJ
espn-736644,2025-08-10,2025,regular,Pumas UNAM,Necaxa,1,1,,,espn,Pumas UNAM,Necaxa,UNAM,NCX
espn-736645,2025-08-10,2025,regular,Santos,Guadalajara,1,0,,,espn,Santos,Guadalajara,SAN,GDL
espn-736646,2025-08-11,2025,regular,León,Monterrey,1,3,,,espn,León,Monterrey,LEO,MTY
espn-736647,2025-08-11,2025,regular,Atlético de San Luis,Cruz Azul,1,2,,,espn,Atlético de San Luis,Cruz Azul,ASL,CAZ
espn-736648,2025-08-11,2025,regular,FC Juárez,Toluca,0,2,,,espn,FC Juárez,Toluca,JUA,TOL
espn-736649,2025-08-15,2025,regular,Puebla,Atlético de San Luis,0,2,,,espn,Puebla,Atlético de San Luis,PUE,ASL
espn-736650,2025-08-15,2025,regular,Necaxa,León,0,1,,,espn,Necaxa,León,NCX,LEO
espn-736651,2025-08-16,2025,regular,Toluca,Pumas UNAM,1,1,,,espn,Toluca,Pumas UNAM,TOL,UNAM
espn-736652,2025-08-16,2025,regular,Guadalajara,FC Juárez,1,2,,,espn,Guadalajara,FC Juárez,GDL,JUA
espn-736653,2025-08-16,2025,regular,Pachuca,Tijuana,0,2,,,espn,Pachuca,Tijuana,PAC,TIJ
espn-736654,2025-08-16,2025,regular,Tigres UANL,América,1,3,,,espn,Tigres UANL,América,UANL,AME
espn-736655,2025-08-16,2025,regular,Cruz Azul,Santos,3,2,,,espn,Cruz Azul,Santos,CAZ,SAN
espn-736656,2025-08-17,2025,regular,Querétaro,Atlas,3,3,,,espn,Querétaro,Atlas,QRO,ATS
espn-736657,2025-08-17,2025,regular,Monterrey,Mazatlán FC,3,2,,,espn,Monterrey,Mazatlán FC,MTY,MAZ
espn-736658,2025-08-22,2025,regular,FC Juárez,Santos,2,1,,,espn,FC Juárez,Santos,JUA,SAN
espn-736659,2025-08-22,2025,regular,Querétaro,Atlético de San Luis,3,2,,,espn,Querétaro,Atlético de San Luis,QRO,ASL
espn-736660,2025-08-22,2025,regular,Tijuana,Guadalajara,3,3,,,espn,Tijuana,Guadalajara,TIJ,GDL
espn-736661,2025-08-23,2025,regular,Mazatlán FC,Tigres UANL,2,2,,,espn,Mazatlán FC,Tigres UANL,MAZ,UANL
espn-736662,2025-08-23,2025,regular,León,Pachuca,1,1,,,espn,León,Pachuca,LEO,PAC
espn-736663,2025-08-23,2025,regular,Monterrey,Necaxa,3,0,,,espn,Monterrey,Necaxa,MTY,NCX
espn-736664,2025-08-23,2025,regular,Cruz Azul,Toluca,1,0,,,espn,Cruz Azul,Toluca,CAZ,TOL
espn-736665,2025-08-24,2025,regular,Pumas UNAM,Puebla,0,0,,,espn,Pumas UNAM,Puebla,UNAM,PUE
espn-736666,2025-08-24,2025,regular,Atlas,América,2,4,,,espn,Atlas,América,ATS,AME
espn-736667,2025-08-29,2025,regular,Atlético de San Luis,Toluca,1,3,,,espn,Atlético de San Luis,Toluca,ASL,TOL
espn-736668,2025-08-29,2025,regular,FC Juárez,Mazatlán FC,1,0,,,espn,FC Juárez,Mazatlán FC,JUA,MAZ
espn-736669,2025-08-29,2025,regular,Puebla,Monterrey,2,4,,,espn,Puebla,Monterrey,PUE,MTY
espn-736670,2025-08-30,2025,regular,León,Querétaro,3,0,,,espn,León,Querétaro,LEO,QRO
espn-736671,2025-08-30,2025,regular,Guadalajara,Cruz Azul,1,2,,,espn,Guadalajara,Cruz Azul,GDL,CAZ
espn-736672,2025-08-30,2025,regular,Santos,Tigres UANL,0,1,,,espn,Santos,Tigres UANL,SAN,UANL
espn-736673,2025-08-30,2025,regular,América,Pachuca,2,0,,,espn,América,Pachuca,AME,PAC
espn-736674,2025-08-31,2025,regular,Pumas UNAM,Atlas,1,0,,,espn,Pumas UNAM,Atlas,UNAM,ATS
espn-736675,2025-08-31,2025,regular,Tijuana,Necaxa,3,0,,,espn,Tijuana,Necaxa,TIJ,NCX
espn-736677,2025-09-12,2025,regular,Necaxa,FC Juárez,1,1,,,espn,Necaxa,FC Juárez,NCX,JUA
espn-736678,2025-09-12,2025,regular,Mazatlán FC,Pumas UNAM,1,4,,,espn,Mazatlán FC,Pumas UNAM,MAZ,UNAM
espn-736676,2025-09-13,2025,regular,América,Guadalajara,1,2,,,espn,América,Guadalajara,AME,GDL
espn-736679,2025-09-13,2025,regular,Pachuca,Cruz Azul,0,1,,,espn,Pachuca,Cruz Azul,PAC,CAZ
espn-736680,2025-09-13,2025,regular,Atlas,Santos,2,2,,,espn,Atlas,Santos,ATS,SAN
espn-736681,2025-09-13,2025,regular,Tigres UANL,León,0,0,,,espn,Tigres UANL,León,UANL,LEO
espn-736682,2025-09-13,2025,regular,Toluca,Puebla,3,1,,,espn,Toluca,Puebla,TOL,PUE
espn-736683,2025-09-14,2025,regular,Querétaro,Monterrey,0,1,,,espn,Querétaro,Monterrey,QRO,MTY
espn-736684,2025-09-14,2025,regular,Atlético de San Luis,Tijuana,1,1,,,espn,Atlético de San Luis,Tijuana,ASL,TIJ
espn-736685,2025-09-17,2025,regular,Guadalajara,Tigres UANL,0,0,,,espn,Guadalajara,Tigres UANL,GDL,UANL
espn-736686,2025-09-19,2025,regular,Cruz Azul,FC Juárez,3,2,,,espn,Cruz Azul,FC Juárez,CAZ,JUA
espn-736687,2025-09-19,2025,regular,Necaxa,Puebla,1,0,,,espn,Necaxa,Puebla,NCX,PUE
espn-736688,2025-09-19,2025,regular,Tijuana,León,5,0,,,espn,Tijuana,León,TIJ,LEO
espn-736689,2025-09-19,2025,regular,Mazatlán FC,Atlas,1,1,,,espn,Mazatlán FC,Atlas,MAZ,ATS
espn-736690,2025-09-20,2025,regular,Pachuca,Querétaro,0,2,,,espn,Pachuca,Querétaro,PAC,QRO
espn-736691,2025-09-20,2025,regular,Guadalajara,Toluca,0,3,,,espn,Guadalajara,Toluca,GDL,TOL
espn-736692,2025-09-20,2025,regular,Pumas UNAM,Tigres UANL,1,1,,,espn,Pumas UNAM,Tigres UANL,UNAM,UANL
espn-736693,2025-09-20,2025,regular,Monterrey,América,2,2,,,espn,Monterrey,América,MTY,AME
espn-736694,2025-09-21,2025,regular,Santos,Atlético de San Luis,1,4,,,espn,Santos,Atlético de San Luis,SAN,ASL
espn-736695,2025-09-23,2025,regular,Guadalajara,Necaxa,3,1,,,espn,Guadalajara,Necaxa,GDL,NCX
espn-736696,2025-09-23,2025,regular,Puebla,Pachuca,2,2,,,espn,Puebla,Pachuca,PUE,PAC
espn-736697,2025-09-23,2025,regular,FC Juárez,Pumas UNAM,3,1,,,espn,FC Juárez,Pumas UNAM,JUA,UNAM
espn-736698,2025-09-23,2025,regular,León,Mazatlán FC,2,2,,,espn,León,Mazatlán FC,LEO,MAZ
espn-736699,2025-09-24,2025,regular,Cruz Azul,Querétaro,2,2,,,espn,Cruz Azul,Querétaro,CAZ,QRO
espn-736700,2025-09-24,2025,regular,Tigres UANL,Atlas,2,0,,,espn,Tigres UANL,Atlas,UANL,ATS
espn-736701,2025-09-24,2025,regular,Toluca,Monterrey,6,2,,,espn,Toluca,Monterrey,TOL,MTY
espn-736702,2025-09-24,2025,regular,Santos,Tijuana,1,0,,,espn,Santos,Tijuana,SAN,TIJ
espn-736703,2025-09-24,2025,regular,Atlético de San Luis,América,0,1,,,espn,Atlético de San Luis,América,ASL,AME
espn-736704,2025-09-26,2025,regular,FC Juárez,León,2,0,,,espn,FC Juárez,León,JUA,LEO
espn-736705,2025-09-27,2025,regular,Puebla,Guadalajara,0,2,,,espn,Puebla,Guadalajara,PUE,GDL
espn-736706,2025-09-27,2025,regular,Atlas,Necaxa,3,2,,,espn,Atlas,Necaxa,ATS,NCX
espn-736707,2025-09-27,2025,regular,Pachuca,Atlético de San Luis,2,1,,,espn,Pachuca,Atlético de San Luis,PAC,ASL
espn-736708,2025-09-27,2025,regular,Monterrey,Santos,1,0,,,espn,Monterrey,Santos,MTY,SAN
espn-736709,2025-09-27,2025,regular,América,Pumas UNAM,4,1,,,espn,América,Pumas UNAM,AME,UNAM
espn-736711,2025-09-27,2025,regular,Toluca,Mazatlán FC,3,1,,,espn,Toluca,Mazatlán FC,TOL,MAZ
espn-736710,2025-09-28,2025,regular,Querétaro,Tigres UANL,0,2,,,espn,Querétaro,Tigres UANL,QRO,UANL
espn-736712,2025-09-28,2025,regular,Tijuana,Cruz Azul,2,0,,,espn,Tijuana,Cruz Azul,TIJ,CAZ
espn-736713,2025-10-03,2025,regular,Necaxa,Pachuca,0,1,,,espn,Necaxa,Pachuca,NCX,PAC
espn-736714,2025-10-03,2025,regular,Atlas,FC Juárez,3,1,,,espn,Atlas,FC Juárez,ATS,JUA
espn-736715,2025-10-03,2025,regular,Mazatlán FC,Atlético de San Luis,2,1,,,espn,Mazatlán FC,Atlético de San Luis,MAZ,ASL
espn-736716,2025-10-04,2025,regular,Querétaro,Puebla,3,1,,,espn,Querétaro,Puebla,QRO,PUE
espn-736717,2025-10-04,2025,regular,León,Toluca,2,4,,,espn,León,Toluca,LEO,TOL
espn-736718,2025-10-04,2025,regular,Tigres UANL,Cruz Azul,1,1,,,espn,Tigres UANL,Cruz Azul,UANL,CAZ
espn-736719,2025-10-04,2025,regular,América,Santos,3,0,,,espn,América,Santos,AME,SAN
espn-736720,2025-10-05,2025,regular,Pumas UNAM,Guadalajara,1,2,,,espn,Pumas UNAM,Guadalajara,UNAM,GDL
espn-736721,2025-10-05,2025,regular,Tijuana,Monterrey,2,2,,,espn,Tijuana,Monterrey,TIJ,MTY
espn-736722,2025-10-17,2025,regular,Puebla,Tijuana,4,3,,,espn,Puebla,Tijuana,PUE,TIJ
espn-736723,2025-10-17,2025,regular,Atlético de San Luis,Atlas,2,0,,,espn,Atlético de San Luis,Atlas,ASL,ATS
espn-736724,2025-10-17,2025,regular,Tigres UANL,Necaxa,5,3,,,espn,Tigres UANL,Necaxa,UANL,NCX
espn-736725,2025-10-18,2025,regular,Santos,León,2,0,,,espn,Santos,León,SAN,LEO
espn-736726,2025-10-18,2025,regular,FC Juárez,Pachuca,2,2,,,espn,FC Juárez,Pachuca,JUA,PAC
espn-736727,2025-10-18,2025,regular,Guadalajara,Mazatlán FC,2,0,,,espn,Guadalajara,Mazatlán FC,GDL,MAZ
espn-736728,2025-10-18,2025,regular,Monterrey,Pumas UNAM,1,1,,,espn,Monterrey,Pumas UNAM,MTY,UNAM
espn-736729,2025-10-18,2025,regular,Cruz Azul,América,2,1,,,espn,Cruz Azul,América,CAZ,AME
espn-736730,2025-10-18,2025,regular,Toluca,Querétaro,4,0,,,espn,Toluca,Querétaro,TOL,QRO
espn-736731,2025-10-21,2025,regular,América,Puebla,2,1,,,espn,América,Puebla,AME,PUE
espn-736732,2025-10-21,2025,regular,Necaxa,Cruz Azul,1,1,,,espn,Necaxa,Cruz Azul,NCX,CAZ
espn-736733,2025-10-21,2025,regular,Mazatlán FC,Santos,2,2,,,espn,Mazatlán FC,Santos,MAZ,SAN
espn-736734,2025-10-21,2025,regular,Monterrey,FC Juárez,4,2,,,espn,Monterrey,FC Juárez,MTY,JUA
espn-736735,2025-10-22,2025,regular,Querétaro,Guadalajara,1,0,,,espn,Querétaro,Guadalajara,QRO,GDL
espn-736736,2025-10-22,2025,regular,Pachuca,Tigres UANL,1,2,,,espn,Pachuca,Tigres UANL,PAC,UANL
espn-736737,2025-10-22,2025,regular,Pumas UNAM,Atlético de San Luis,0,1,,,espn,Pumas UNAM,Atlético de San Luis,UNAM,ASL
espn-736738,2025-10-22,2025,regular,Atlas,León,2,0,,,espn,Atlas,León,ATS,LEO
espn-736739,2025-10-22,2025,regular,Tijuana,Toluca,0,0,,,espn,Tijuana,Toluca,TIJ,TOL
espn-736740,2025-10-24,2025,regular,FC Juárez,Puebla,4,4,,,espn,FC Juárez,Puebla,JUA,PUE
espn-736741,2025-10-24,2025,regular,Mazatlán FC,América,2,2,,,espn,Mazatlán FC,América,MAZ,AME
espn-736742,2025-10-25,2025,regular,Tigres UANL,Tijuana,2,0,,,espn,Tigres UANL,Tijuana,UANL,TIJ
espn-736744,2025-10-25,2025,regular,León,Pumas UNAM,1,1,,,espn,León,Pumas UNAM,LEO,UNAM
espn-736745,2025-10-25,2025,regular,Guadalajara,Atlas,4,1,,,espn,Guadalajara,Atlas,GDL,ATS
espn-736746,2025-10-25,2025,regular,Cruz Azul,Monterrey,2,0,,,espn,Cruz Azul,Monterrey,CAZ,MTY
espn-736743,2025-10-26,2025,regular,Toluca,Pachuca,2,2,,,espn,Toluca,Pachuca,TOL,PAC
espn-736747,2025-10-26,2025,regular,Santos,Querétaro,3,1,,,espn,Santos,Querétaro,SAN,QRO
espn-736748,2025-10-26,2025,regular,Atlético de San Luis,Necaxa,3,4,,,espn,Atlético de San Luis,Necaxa,ASL,NCX
espn-736749,2025-10-31,2025,regular,Necaxa,Santos,4,1,,,espn,Necaxa,Santos,NCX,SAN
espn-736750,2025-10-31,2025,regular,Atlético de San Luis,FC Juárez,1,2,,,espn,Atlético de San Luis,FC Juárez,ASL,JUA
espn-736751,2025-10-31,2025,regular,Puebla,Cruz Azul,0,3,,,espn,Puebla,Cruz Azul,PUE,CAZ
espn-736752,2025-11-01,2025,regular,Atlas,Toluca,0,0,,,espn,Atlas,Toluca,ATS,TOL
espn-736753,2025-11-01,2025,regular,Monterrey,Tigres UANL,1,1,,,espn,Monterrey,Tigres UANL,MTY,UANL
espn-736754,2025-11-01,2025,regular,América,León,2,0,,,espn,América,León,AME,LEO
espn-736755,2025-11-02,2025,regular,Pumas UNAM,Tijuana,4,1,,,espn,Pumas UNAM,Tijuana,UNAM,TIJ
espn-736756,2025-11-02,2025,regular,Querétaro,Mazatlán FC,1,0,,,espn,Querétaro,Mazatlán FC,QRO,MAZ
espn-736757,2025-11-02,2025,regular,Pachuca,Guadalajara,0,1,,,espn,Pachuca,Guadalajara,PAC,GDL
espn-736758,2025-11-07,2025,regular,FC Juárez,Querétaro,1,2,,,espn,FC Juárez,Querétaro,JUA,QRO
espn-736759,2025-11-07,2025,regular,Mazatlán FC,Necaxa,1,1,,,espn,Mazatlán FC,Necaxa,MAZ,NCX
espn-736760,2025-11-07,2025,regular,Tijuana,Atlas,2,0,,,espn,Tijuana,Atlas,TIJ,ATS
espn-736761,2025-11-08,2025,regular,Guadalajara,Monterrey,4,2,,,espn,Guadalajara,Monterrey,GDL,MTY
espn-736762,2025-11-08,2025,regular,Tigres UANL,Atlético de San Luis,3,1,,,espn,Tigres UANL,Atlético de San Luis,UANL,ASL
espn-736763,2025-11-08,2025,regular,León,Puebla,1,2,,,espn,León,Puebla,LEO,PUE
espn-736764,2025-11-08,2025,regular,Toluca,América,2,0,,,espn,Toluca,América,TOL,AME
espn-736765,2025-11-08,2025,regular,Cruz Azul,Pumas UNAM,2,3,,,espn,Cruz Azul,Pumas UNAM,CAZ,UNAM
espn-736766,2025-11-09,2025,regular,Santos,Pachuca,1,0,,,espn,Santos,Pachuca,SAN,PAC
espn-760936,2025-11-20,2025,regular,Tijuana,FC Juárez,3,1,,,espn,Tijuana,FC Juárez,TIJ,JUA
espn-760937,2025-11-20,2025,regular,Pachuca,Pumas UNAM,3,1,,,espn,Pachuca,Pumas UNAM,PAC,UNAM
espn-761414,2025-11-23,2025,regular,FC Juárez,Pachuca,2,1,,,espn,FC Juárez,Pachuca,JUA,PAC
espn-760940,2025-11-26,2025,regular,FC Juárez,Toluca,1,2,,,espn,FC Juárez,Toluca,JUA,TOL
espn-760941,2025-11-26,2025,regular,Monterrey,América,2,0,,,espn,Monterrey,América,MTY,AME
espn-760938,2025-11-27,2025,regular,Guadalajara,Cruz Azul,0,0,,,espn,Guadalajara,Cruz Azul,GDL,CAZ
espn-760939,2025-11-27,2025,regular,Tijuana,Tigres UANL,3,0,,,espn,Tijuana,Tigres UANL,TIJ,UANL
espn-760942,2025-11-29,2025,regular,Tigres UANL,Tijuana,5,0,,,espn,Tigres UANL,Tijuana,UANL,TIJ
espn-760944,2025-11-29,2025,regular,América,Monterrey,2,1,,,espn,América,Monterrey,AME,MTY
espn-760945,2025-11-29,2025,regular,Toluca,FC Juárez,0,0,,,espn,Toluca,FC Juárez,TOL,JUA
espn-760943,2025-11-30,2025,regular,Cruz Azul,Guadalajara,3,2,,,espn,Cruz Azul,Guadalajara,CAZ,GDL
espn-762218,2025-12-03,2025,regular,Cruz Azul,Tigres UANL,1,1,,,espn,Cruz Azul,Tigres UANL,CAZ,UANL
espn-762219,2025-12-03,2025,regular,Monterrey,Toluca,1,0,,,espn,Monterrey,Toluca,MTY,TOL
espn-762220,2025-12-06,2025,regular,Tigres UANL,Cruz Azul,1,1,,,espn,Tigres UANL,Cruz Azul,UANL,CAZ
espn-762221,2025-12-06,2025,regular,Toluca,Monterrey,3,2,,,espn,Toluca,Monterrey,TOL,MTY
espn-762464,2025-12-11,2025,regular,Tigres UANL,Toluca,1,0,,,espn,Tigres UANL,Toluca,UANL,TOL
espn-762465,2025-12-14,2025,regular,Toluca,Tigres UANL,2,1,,pens,espn,Toluca,Tigres UANL,TOL,UANL
espn-401840815,2026-01-09,2025,regular,Atlas,Puebla,1,0,,,espn,Atlas,Puebla,ATS,PUE
espn-401840816,2026-01-09,2025,regular,Tijuana,América,0,0,,,espn,Tijuana,América,TIJ,AME
espn-401840817,2026-01-09,2025,regular,Mazatlán FC,FC Juárez,1,2,,,espn,Mazatlán FC,FC Juárez,MAZ,JUA
espn-401840818,2026-01-10,2025,regular,Guadalajara,Pachuca,2,0,,,espn,Guadalajara,Pachuca,GDL,PAC
espn-401840819,2026-01-10,2025,regular,León,Cruz Azul,2,1,,,espn,León,Cruz Azul,LEO,CAZ
espn-401840820,2026-01-10,2025,regular,Santos,Necaxa,1,3,,,espn,Santos,Necaxa,SAN,NCX
espn-401840821,2026-01-10,2025,regular,Monterrey,Toluca,0,1,,,espn,Monterrey,Toluca,MTY,TOL
espn-401840822,2026-01-11,2025,regular,Pumas UNAM,Querétaro,1,1,,,espn,Pumas UNAM,Querétaro,UNAM,QRO
espn-401840823,2026-01-11,2025,regular,Atlético de San Luis,Tigres UANL,1,2,,,espn,Atlético de San Luis,Tigres UANL,ASL,UANL
espn-401840824,2026-01-13,2025,regular,Necaxa,Monterrey,0,2,,,espn,Necaxa,Monterrey,NCX,MTY
espn-401840825,2026-01-13,2025,regular,Pachuca,León,2,1,,,espn,Pachuca,León,PAC,LEO
espn-401840826,2026-01-13,2025,regular,Puebla,Mazatlán FC,2,1,,,espn,Puebla,Mazatlán FC,PUE,MAZ
espn-401840828,2026-01-13,2025,regular,FC Juárez,Guadalajara,0,1,,,espn,FC Juárez,Guadalajara,JUA,GDL
espn-401840827,2026-01-14,2025,regular,Cruz Azul,Atlas,2,0,,,espn,Cruz Azul,Atlas,CAZ,ATS
espn-401840829,2026-01-14,2025,regular,América,Atlético de San Luis,0,2,,,espn,América,Atlético de San Luis,AME,ASL
espn-401840830,2026-01-14,2025,regular,Querétaro,Tijuana,1,2,,,espn,Querétaro,Tijuana,QRO,TIJ
espn-401840831,2026-01-14,2025,regular,Tigres UANL,Pumas UNAM,0,1,,,espn,Tigres UANL,Pumas UNAM,UANL,UNAM
espn-401840832,2026-01-14,2025,regular,Toluca,Santos,3,1,,,espn,Toluca,Santos,TOL,SAN
espn-401840833,2026-01-16,2025,regular,Mazatlán FC,Monterrey,1,5,,,espn,Mazatlán FC,Monterrey,MAZ,MTY
espn-401840834,2026-01-17,2025,regular,Guadalajara,Querétaro,2,1,,,espn,Guadalajara,Querétaro,GDL,QRO
espn-401840835,2026-01-17,2025,regular,Necaxa,Atlas,0,1,,,espn,Necaxa,Atlas,NCX,ATS
espn-401840836,2026-01-17,2025,regular,Tigres UANL,Toluca,0,0,,,espn,Tigres UANL,Toluca,UANL,TOL
espn-401840837,2026-01-17,2025,regular,Tijuana,Atlético de San Luis,1,1,,,espn,Tijuana,Atlético de San Luis,TIJ,ASL
espn-401840838,2026-01-17,2025,regular,Cruz Azul,Puebla,1,0,,,espn,Cruz Azul,Puebla,CAZ,PUE
espn-401840839,2026-01-18,2025,regular,Pumas UNAM,León,1,1,,,espn,Pumas UNAM,León,UNAM,LEO
espn-401840840,2026-01-18,2025,regular,Santos,FC Juárez,2,2,,,espn,Santos,FC Juárez,SAN,JUA
espn-401840841,2026-01-18,2025,regular,Pachuca,América,0,0,,,espn,Pachuca,América,PAC,AME
espn-401840842,2026-01-30,2025,regular,Puebla,Toluca,0,0,,,espn,Puebla,Toluca,PUE,TOL
espn-401840843,2026-01-30,2025,regular,Pumas UNAM,Santos,4,0,,,espn,Pumas UNAM,Santos,UNAM,SAN
espn-401840844,2026-01-30,2025,regular,FC Juárez,Cruz Azul,3,4,,,espn,FC Juárez,Cruz Azul,JUA,CAZ
espn-401840845,2026-01-31,2025,regular,Atlas,Mazatlán FC,1,0,,,espn,Atlas,Mazatlán FC,ATS,MAZ
espn-401840846,2026-01-31,2025,regular,León,Tigres UANL,1,2,,,espn,León,Tigres UANL,LEO,UANL
espn-401840847,2026-01-31,2025,regular,Monterrey,Tijuana,2,2,,,espn,Monterrey,Tijuana,MTY,TIJ
espn-401840848,2026-01-31,2025,regular,América,Necaxa,2,0,,,espn,América,Necaxa,AME,NCX
espn-401840850,2026-01-31,2025,regular,Atlético de San Luis,Guadalajara,2,3,,,espn,Atlético de San Luis,Guadalajara,ASL,GDL
espn-401840849,2026-02-01,2025,regular,Querétaro,Pachuca,0,0,,,espn,Querétaro,Pachuca,QRO,PAC
espn-401840851,2026-02-06,2025,regular,Tigres UANL,Santos,5,1,,,espn,Tigres UANL,Santos,UANL,SAN
espn-401840852,2026-02-06,2025,regular,Necaxa,Atlético de San Luis,4,1,,,espn,Necaxa,Atlético de San Luis,NCX,ASL
espn-401840853,2026-02-06,2025,regular,Mazatlán FC,Guadalajara,1,2,,,espn,Mazatlán FC,Guadalajara,MAZ,GDL
espn-401840854,2026-02-06,2025,regular,Tijuana,Puebla,0,0,,,espn,Tijuana,Puebla,TIJ,PUE
espn-401840855,2026-02-07,2025,regular,Querétaro,León,2,0,,,espn,Querétaro,León,QRO,LEO
espn-401840856,2026-02-07,2025,regular,Toluca,Cruz Azul,1,1,,,espn,Toluca,Cruz Azul,TOL,CAZ
espn-401840857,2026-02-07,2025,regular,Atlas,Pumas UNAM,2,2,,,espn,Atlas,Pumas UNAM,ATS,UNAM
espn-401840858,2026-02-07,2025,regular,Pachuca,FC Juárez,2,0,,,espn,Pachuca,FC Juárez,PAC,JUA
espn-401840859,2026-02-07,2025,regular,América,Monterrey,1,0,,,espn,América,Monterrey,AME,MTY
espn-401840860,2026-02-13,2025,regular,Puebla,Pumas UNAM,2,3,,,espn,Puebla,Pumas UNAM,PUE,UNAM
espn-401840862,2026-02-13,2025,regular,Toluca,Tijuana,1,0,,,espn,Toluca,Tijuana,TOL,TIJ
espn-401840861,2026-02-14,2025,regular,FC Juárez,Necaxa,1,2,,,espn,FC Juárez,Necaxa,JUA,NCX
espn-401840863,2026-02-14,2025,regular,Atlético de San Luis,Querétaro,3,0,,,espn,Atlético de San Luis,Querétaro,ASL,QRO
espn-401840864,2026-02-14,2025,regular,Monterrey,León,1,0,,,espn,Monterrey,León,MTY,LEO
espn-401840865,2026-02-14,2025,regular,Pachuca,Atlas,3,1,,,espn,Pachuca,Atlas,PAC,ATS
espn-401840866,2026-02-14,2025,regular,Guadalajara,América,1,0,,,espn,Guadalajara,América,GDL,AME
espn-401840867,2026-02-15,2025,regular,Santos,Mazatlán FC,1,2,,,espn,Santos,Mazatlán FC,SAN,MAZ
espn-401840868,2026-02-15,2025,regular,Cruz Azul,Tigres UANL,2,1,,,espn,Cruz Azul,Tigres UANL,CAZ,UANL
espn-401840869,2026-02-20,2025,regular,Tigres UANL,Pachuca,1,2,,,espn,Tigres UANL,Pachuca,UANL,PAC
espn-401840870,2026-02-20,2025,regular,Puebla,América,0,4,,,espn,Puebla,América,PUE,AME
espn-401840871,2026-02-21,2025,regular,Atlas,Atlético de San Luis,3,2,,,espn,Atlas,Atlético de San Luis,ATS,ASL
espn-401840872,2026-02-21,2025,regular,León,Santos,2,1,,,espn,León,Santos,LEO,SAN
espn-401840873,2026-02-21,2025,regular,Necaxa,Toluca,0,3,,,espn,Necaxa,Toluca,NCX,TOL
espn-401840874,2026-02-21,2025,regular,Cruz Azul,Guadalajara,2,1,,,espn,Cruz Azul,Guadalajara,CAZ,GDL
espn-401840875,2026-02-22,2025,regular,Pumas UNAM,Monterrey,2,0,,,espn,Pumas UNAM,Monterrey,UNAM,MTY
espn-401840877,2026-02-22,2025,regular,Tijuana,Mazatlán FC,1,1,,,espn,Tijuana,Mazatlán FC,TIJ,MAZ
espn-401840878,2026-02-27,2025,regular,Mazatlán FC,Pachuca,1,0,,,espn,Mazatlán FC,Pachuca,MAZ,PAC
espn-401840879,2026-02-27,2025,regular,Querétaro,Santos,2,2,,,espn,Querétaro,Santos,QRO,SAN
espn-401840880,2026-02-27,2025,regular,Tijuana,Pumas UNAM,1,1,,,espn,Tijuana,Pumas UNAM,TIJ,UNAM
espn-401840881,2026-02-27,2025,regular,FC Juárez,Atlas,3,1,,,espn,FC Juárez,Atlas,JUA,ATS
espn-401840882,2026-02-28,2025,regular,Atlético de San Luis,Puebla,0,1,,,espn,Atlético de San Luis,Puebla,ASL,PUE
espn-401840883,2026-02-28,2025,regular,Toluca,Guadalajara,2,0,,,espn,Toluca,Guadalajara,TOL,GDL
espn-401840884,2026-02-28,2025,regular,León,Necaxa,2,1,,,espn,León,Necaxa,LEO,NCX
espn-401840885,2026-02-28,2025,regular,Monterrey,Cruz Azul,0,2,,,espn,Monterrey,Cruz Azul,MTY,CAZ
espn-401840886,2026-02-28,2025,regular,América,Tigres UANL,1,4,,,espn,América,Tigres UANL,AME,UANL
espn-401840887,2026-03-03,2025,regular,Pachuca,Necaxa,2,1,,,espn,Pachuca,Necaxa,PAC,NCX
espn-401840888,2026-03-03,2025,regular,Santos,Cruz Azul,1,2,,,espn,Santos,Cruz Azul,SAN,CAZ
espn-401840889,2026-03-03,2025,regular,Pumas UNAM,Toluca,2,3,,,espn,Pumas UNAM,Toluca,UNAM,TOL
espn-401840890,2026-03-03,2025,regular,Atlético de San Luis,Mazatlán FC,4,1,,,espn,Atlético de San Luis,Mazatlán FC,ASL,MAZ
espn-401840891,2026-03-04,2025,regular,Monterrey,Querétaro,4,0,,,espn,Monterrey,Querétaro,MTY,QRO
espn-401840892,2026-03-04,2025,regular,Puebla,Tigres UANL,3,1,,,espn,Puebla,Tigres UANL,PUE,UANL
espn-401840893,2026-03-04,2025,regular,Atlas,Tijuana,2,1,,,espn,Atlas,Tijuana,ATS,TIJ
espn-401840894,2026-03-04,2025,regular,América,FC Juárez,1,2,,,espn,América,FC Juárez,AME,JUA
espn-401840895,2026-03-06,2025,regular,Mazatlán FC,León,4,2,,,espn,Mazatlán FC,León,MAZ,LEO
espn-401840896,2026-03-06,2025,regular,Necaxa,Pumas UNAM,0,1,,,espn,Necaxa,Pumas UNAM,NCX,UNAM
espn-401840897,2026-03-07,2025,regular,Cruz Azul,Atlético de San Luis,3,0,,,espn,Cruz Azul,Atlético de San Luis,CAZ,ASL
espn-401840898,2026-03-07,2025,regular,Pachuca,Puebla,2,1,,,espn,Pachuca,Puebla,PAC,PUE
espn-401840899,2026-03-07,2025,regular,Atlas,Guadalajara,1,2,,,espn,Atlas,Guadalajara,ATS,GDL
espn-401840900,2026-03-07,2025,regular,Tigres UANL,Monterrey,1,0,,,espn,Tigres UANL,Monterrey,UANL,MTY
espn-401840901,2026-03-07,2025,regular,Querétaro,América,1,2,,,espn,Querétaro,América,QRO,AME
espn-401840902,2026-03-08,2025,regular,Toluca,FC Juárez,3,1,,,espn,Toluca,FC Juárez,TOL,JUA
espn-401840903,2026-03-08,2025,regular,Tijuana,Santos,1,2,,,espn,Tijuana,Santos,TIJ,SAN
espn-401840905,2026-03-13,2025,regular,Puebla,Necaxa,0,0,,,espn,Puebla,Necaxa,PUE,NCX
espn-401840906,2026-03-13,2025,regular,FC Juárez,Monterrey,2,2,,,espn,FC Juárez,Monterrey,JUA,MTY
espn-401840907,2026-03-14,2025,regular,Guadalajara,Santos,3,0,,,espn,Guadalajara,Santos,GDL,SAN
espn-401840908,2026-03-14,2025,regular,Atlético de San Luis,Pachuca,1,1,,,espn,Atlético de San Luis,Pachuca,ASL,PAC
espn-401840909,2026-03-14,2025,regular,León,Tijuana,0,3,,,espn,León,Tijuana,LEO,TIJ
espn-401840910,2026-03-14,2025,regular,Toluca,Atlas,1,1,,,espn,Toluca,Atlas,TOL,ATS
espn-401840911,2026-03-14,2025,regular,Pumas UNAM,Cruz Azul,2,2,,,espn,Pumas UNAM,Cruz Azul,UNAM,CAZ
espn-401840904,2026-03-15,2025,regular,Tigres UANL,Querétaro,0,0,,,espn,Tigres UANL,Querétaro,UANL,QRO
espn-401840912,2026-03-15,2025,regular,América,Mazatlán FC,2,0,,,espn,América,Mazatlán FC,AME,MAZ
espn-401840913,2026-03-18,2025,regular,Guadalajara,León,5,0,,,espn,Guadalajara,León,GDL,LEO
espn-401840914,2026-03-20,2025,regular,Necaxa,Tijuana,3,0,,,espn,Necaxa,Tijuana,NCX,TIJ
espn-401840915,2026-03-20,2025,regular,Mazatlán FC,Cruz Azul,1,1,,,espn,Mazatlán FC,Cruz Azul,MAZ,CAZ
espn-401840916,2026-03-21,2025,regular,Atlas,Querétaro,0,0,,,espn,Atlas,Querétaro,ATS,QRO
espn-401840918,2026-03-21,2025,regular,Atlético de San Luis,León,1,2,,,espn,Atlético de San Luis,León,ASL,LEO
espn-401840919,2026-03-21,2025,regular,Monterrey,Guadalajara,2,3,,,espn,Monterrey,Guadalajara,MTY,GDL
espn-401840920,2026-03-21,2025,regular,Pumas UNAM,América,1,0,,,espn,Pumas UNAM,América,UNAM,AME
espn-401840917,2026-03-22,2025,regular,Pachuca,Toluca,1,1,,,espn,Pachuca,Toluca,PAC,TOL
espn-401840921,2026-03-22,2025,regular,Santos,Puebla,2,1,,,espn,Santos,Puebla,SAN,PUE
espn-401840922,2026-03-22,2025,regular,FC Juárez,Tigres UANL,2,1,,,espn,FC Juárez,Tigres UANL,JUA,UANL
espn-401840923,2026-04-03,2025,regular,Puebla,FC Juárez,1,1,,,espn,Puebla,FC Juárez,PUE,JUA
espn-401840924,2026-04-03,2025,regular,Necaxa,Mazatlán FC,2,1,,,espn,Necaxa,Mazatlán FC,NCX,MAZ
espn-401840925,2026-04-03,2025,regular,Tijuana,Tigres UANL,1,0,,,espn,Tijuana,Tigres UANL,TIJ,UANL
espn-401840926,2026-04-04,2025,regular,Monterrey,Atlético de San Luis,1,2,,,espn,Monterrey,Atlético de San Luis,MTY,ASL
espn-401840927,2026-04-04,2025,regular,Cruz Azul,Pachuca,1,2,,,espn,Cruz Azul,Pachuca,CAZ,PAC
espn-401840928,2026-04-04,2025,regular,León,Atlas,2,0,,,espn,León,Atlas,LEO,ATS
espn-401840929,2026-04-04,2025,regular,Santos,América,1,1,,,espn,Santos,América,SAN,AME
espn-401840930,2026-04-04,2025,regular,Querétaro,Toluca,1,0,,,espn,Querétaro,Toluca,QRO,TOL
espn-401840931,2026-04-05,2025,regular,Guadalajara,Pumas UNAM,2,2,,,espn,Guadalajara,Pumas UNAM,GDL,UNAM
espn-401840876,2026-04-07,2025,regular,Querétaro,FC Juárez,1,1,,,espn,Querétaro,FC Juárez,QRO,JUA
espn-401840932,2026-04-10,2025,regular,Puebla,León,0,1,,,espn,Puebla,León,PUE,LEO
espn-401840933,2026-04-10,2025,regular,FC Juárez,Tijuana,1,2,,,espn,FC Juárez,Tijuana,JUA,TIJ
espn-401840934,2026-04-11,2025,regular,Querétaro,Necaxa,3,1,,,espn,Querétaro,Necaxa,QRO,NCX
espn-401840935,2026-04-11,2025,regular,Tigres UANL,Guadalajara,4,1,,,espn,Tigres UANL,Guadalajara,UANL,GDL
espn-401840936,2026-04-11,2025,regular,Pachuca,Santos,4,2,,,espn,Pachuca,Santos,PAC,SAN
espn-401840937,2026-04-11,2025,regular,Atlas,Monterrey,0,0,,,espn,Atlas,Monterrey,ATS,MTY
espn-401840938,2026-04-11,2025,regular,América,Cruz Azul,1,1,,,espn,América,Cruz Azul,AME,CAZ
espn-401840939,2026-04-12,2025,regular,Pumas UNAM,Mazatlán FC,3,1,,,espn,Pumas UNAM,Mazatlán FC,UNAM,MAZ
espn-401840940,2026-04-12,2025,regular,Toluca,Atlético de San Luis,1,1,,,espn,Toluca,Atlético de San Luis,TOL,ASL
espn-401840941,2026-04-17,2025,regular,Mazatlán FC,Querétaro,1,1,,,espn,Mazatlán FC,Querétaro,MAZ,QRO
espn-401840942,2026-04-17,2025,regular,Atlético de San Luis,Pumas UNAM,0,2,,,espn,Atlético de San Luis,Pumas UNAM,ASL,UNAM
espn-401840943,2026-04-18,2025,regular,Necaxa,Tigres UANL,1,1,,,espn,Necaxa,Tigres UANL,NCX,UANL
espn-401840944,2026-04-18,2025,regular,Cruz Azul,Tijuana,1,1,,,espn,Cruz Azul,Tijuana,CAZ,TIJ
espn-401840945,2026-04-18,2025,regular,Guadalajara,Puebla,5,0,,,espn,Guadalajara,Puebla,GDL,PUE
espn-401840946,2026-04-18,2025,regular,Monterrey,Pachuca,1,3,,,espn,Monterrey,Pachuca,MTY,PAC
espn-401840947,2026-04-18,2025,regular,León,FC Juárez,3,1,,,espn,León,FC Juárez,LEO,JUA
espn-401840948,2026-04-18,2025,regular,América,Toluca,2,1,,,espn,América,Toluca,AME,TOL
espn-401840949,2026-04-19,2025,regular,Santos,Atlas,0,1,,,espn,Santos,Atlas,SAN,ATS
espn-401840950,2026-04-21,2025,regular,Pumas UNAM,FC Juárez,4,2,,,espn,Pumas UNAM,FC Juárez,UNAM,JUA
espn-401840951,2026-04-21,2025,regular,Querétaro,Cruz Azul,1,1,,,espn,Querétaro,Cruz Azul,QRO,CAZ
espn-401840952,2026-04-21,2025,regular,Monterrey,Puebla,2,1,,,espn,Monterrey,Puebla,MTY,PUE
espn-401840953,2026-04-21,2025,regular,León,América,2,3,,,espn,León,América,LEO,AME
espn-401840954,2026-04-22,2025,regular,Atlas,Tigres UANL,0,0,,,espn,Atlas,Tigres UANL,ATS,UANL
espn-401840955,2026-04-22,2025,regular,Atlético de San Luis,Santos,2,0,,,espn,Atlético de San Luis,Santos,ASL,SAN
espn-401840956,2026-04-22,2025,regular,Mazatlán FC,Toluca,4,3,,,espn,Mazatlán FC,Toluca,MAZ,TOL
espn-401840957,2026-04-22,2025,regular,Tijuana,Pachuca,3,1,,,espn,Tijuana,Pachuca,TIJ,PAC
espn-401840958,2026-04-22,2025,regular,Necaxa,Guadalajara,0,0,,,espn,Necaxa,Guadalajara,NCX,GDL
espn-401840959,2026-04-24,2025,regular,Puebla,Querétaro,1,2,,,espn,Puebla,Querétaro,PUE,QRO
espn-401840960,2026-04-25,2025,regular,Pachuca,Pumas UNAM,0,2,,,espn,Pachuca,Pumas UNAM,PAC,UNAM
espn-401840961,2026-04-25,2025,regular,Tigres UANL,Mazatlán FC,5,1,,,espn,Tigres UANL,Mazatlán FC,UANL,MAZ
espn-401840962,2026-04-25,2025,regular,Toluca,León,4,1,,,espn,Toluca,León,TOL,LEO
espn-401840963,2026-04-25,2025,regular,Guadalajara,Tijuana,0,0,,,espn,Guadalajara,Tijuana,GDL,TIJ
espn-401840964,2026-04-25,2025,regular,FC Juárez,Atlético de San Luis,2,1,,,espn,FC Juárez,Atlético de San Luis,JUA,ASL
espn-401840965,2026-04-25,2025,regular,América,Atlas,0,1,,,espn,América,Atlas,AME,ATS
espn-401840966,2026-04-26,2025,regular,Santos,Monterrey,3,0,,,espn,Santos,Monterrey,SAN,MTY
espn-401840967,2026-04-26,2025,regular,Cruz Azul,Necaxa,4,1,,,espn,Cruz Azul,Necaxa,CAZ,NCX
espn-401870484,2026-05-02,2025,regular,Atlas,Cruz Azul,2,3,,,espn,Atlas,Cruz Azul,ATS,CAZ
espn-401870486,2026-05-02,2025,regular,Tigres UANL,Guadalajara,3,1,,,espn,Tigres UANL,Guadalajara,UANL,GDL
espn-401870485,2026-05-03,2025,regular,América,Pumas UNAM,3,3,,,espn,América,Pumas UNAM,AME,UNAM
espn-401870614,2026-05-03,2025,regular,Toluca,Pachuca,0,1,,,espn,Toluca,Pachuca,TOL,PAC
espn-401870507,2026-05-09,2025,regular,Guadalajara,Tigres UANL,2,0,,,espn,Guadalajara,Tigres UANL,GDL,UANL
espn-401870509,2026-05-09,2025,regular,Cruz Azul,Atlas,1,0,,,espn,Cruz Azul,Atlas,CAZ,ATS
espn-401870508,2026-05-10,2025,regular,Pumas UNAM,América,3,3,,,espn,Pumas UNAM,América,UNAM,AME
espn-401870615,2026-05-10,2025,regular,Pachuca,Toluca,2,0,,,espn,Pachuca,Toluca,PAC,TOL
espn-401872570,2026-05-13,2025,regular,Cruz Azul,Guadalajara,2,2,,,espn,Cruz Azul,Guadalajara,CAZ,GDL
espn-401872572,2026-05-14,2025,regular,Pachuca,Pumas UNAM,1,0,,,espn,Pachuca,Pumas UNAM,PAC,UNAM
espn-401872571,2026-05-16,2025,regular,Guadalajara,Cruz Azul,1,2,,,espn,Guadalajara,Cruz Azul,GDL,CAZ
espn-401872573,2026-05-17,2025,regular,Pumas UNAM,Pachuca,1,0,,,espn,Pumas UNAM,Pachuca,UNAM,PAC
espn-401873245,2026-05-21,2025,regular,Cruz Azul,Pumas UNAM,0,0,,,espn,Cruz Azul,Pumas UNAM,CAZ,UNAM
espn-401873246,2026-05-24,2025,regular,Pumas UNAM,Cruz Azul,1,2,,,espn,Pumas UNAM,Cruz Azul,UNAM,CAZ
espn-401877044,2026-07-16,2026,regular,Tijuana,Tigres UANL,3,1,,,espn,Tijuana,Tigres UANL,TIJ,UANL
espn-401877045,2026-07-16,2026,regular,Necaxa,Atlante,2,1,,,espn,Necaxa,Atlante,NCX,ATL
espn-401877041,2026-07-17,2026,regular,FC Juárez,Puebla,0,1,,,espn,FC Juárez,Puebla,JUA,PUE
espn-401877042,2026-07-17,2026,regular,León,Atlas,2,3,,,espn,León,Atlas,LEO,ATS
espn-401877043,2026-07-17,2026,regular,Atlético de San Luis,Cruz Azul,2,3,,,espn,Atlético de San Luis,Cruz Azul,ASL,CAZ
espn-401877037,2026-07-18,2026,regular,Querétaro,América,0,1,,,espn,Querétaro,América,QRO,AME
espn-401877038,2026-07-18,2026,regular,Monterrey,Santos,3,2,,,espn,Monterrey,Santos,MTY,SAN
espn-401877039,2026-07-18,2026,regular,Guadalajara,Toluca,0,2,,,espn,Guadalajara,Toluca,GDL,TOL
espn-401877040,2026-07-18,2026,regular,Pumas UNAM,Pachuca,0,3,,,espn,Pumas UNAM,Pachuca,UNAM,PAC
espn-401877035,2026-07-21,2026,regular,Toluca,Pumas UNAM,1,2,,,espn,Toluca,Pumas UNAM,TOL,UNAM
espn-401877036,2026-07-21,2026,regular,Cruz Azul,Puebla,2,1,,,espn,Cruz Azul,Puebla,CAZ,PUE
espn-401877032,2026-07-24,2026,regular,Tijuana,León,1,0,,,espn,Tijuana,León,TIJ,LEO
espn-401877033,2026-07-24,2026,regular,Atlante,América,1,1,,,espn,Atlante,América,ATL,AME
espn-401877030,2026-07-25,2026,regular,Santos,Atlas,0,1,,,espn,Santos,Atlas,SAN,ATS
espn-401877031,2026-07-25,2026,regular,Guadalajara,FC Juárez,1,0,,,espn,Guadalajara,FC Juárez,GDL,JUA
espn-401877034,2026-07-25,2026,regular,Tigres UANL,Atlético de San Luis,2,2,,,espn,Tigres UANL,Atlético de San Luis,UANL,ASL
espn-401877028,2026-07-26,2026,regular,Pachuca,Querétaro,1,2,,,espn,Pachuca,Querétaro,PAC,QRO
espn-401877029,2026-07-26,2026,regular,Necaxa,Monterrey,2,1,,,espn,Necaxa,Monterrey,NCX,MTY
espn-401877025,2026-07-31,2026,regular,FC Juárez,Pumas UNAM,1,5,,,espn,FC Juárez,Pumas UNAM,JUA,UNAM
espn-401877026,2026-07-31,2026,regular,Atlético de San Luis,Tijuana,0,0,,,espn,Atlético de San Luis,Tijuana,ASL,TIJ
espn-401877027,2026-07-31,2026,regular,Puebla,Guadalajara,1,1,,,espn,Puebla,Guadalajara,PUE,GDL
espn-401877021,2026-08-01,2026,regular,Cruz Azul,Atlante,2,3,,,espn,Cruz Azul,Atlante,CAZ,ATL
espn-401877022,2026-08-01,2026,regular,Atlas,Monterrey,0,2,,,espn,Atlas,Monterrey,ATS,MTY
espn-401877023,2026-08-01,2026,regular,León,Pachuca,1,0,,,espn,León,Pachuca,LEO,PAC
espn-401877024,2026-08-01,2026,regular,Querétaro,Tigres UANL,3,2,,,espn,Querétaro,Tigres UANL,QRO,UANL
espn-401877019,2026-08-02,2026,regular,Toluca,Necaxa,3,1,,,espn,Toluca,Necaxa,TOL,NCX
espn-401877020,2026-08-02,2026,regular,América,Santos,3,0,,,espn,América,Santos,AME,SAN
espn-401877016,2026-08-15,2026,regular,Atlas,Tigres UANL,2,1,,,espn,Atlas,Tigres UANL,ATS,UANL
espn-401877017,2026-08-15,2026,regular,Monterrey,FC Juárez,6,1,,,espn,Monterrey,FC Juárez,MTY,JUA
espn-401877018,2026-08-15,2026,regular,Atlante,Toluca,0,0,,,espn,Atlante,Toluca,ATL,TOL
espn-401877012,2026-08-16,2026,regular,Tijuana,Cruz Azul,2,1,,,espn,Tijuana,Cruz Azul,TIJ,CAZ
espn-401877013,2026-08-16,2026,regular,Santos,Guadalajara,0,1,,,espn,Santos,Guadalajara,SAN,GDL
espn-401877014,2026-08-16,2026,regular,América,Atlético de San Luis,3,0,,,espn,América,Atlético de San Luis,AME,ASL
espn-401877015,2026-08-16,2026,regular,Pumas UNAM,Querétaro,0,0,,,espn,Pumas UNAM,Querétaro,UNAM,QRO
espn-401877010,2026-08-17,2026,regular,Pachuca,Puebla,2,3,,,espn,Pachuca,Puebla,PAC,PUE
espn-401877011,2026-08-17,2026,regular,Necaxa,León,1,2,,,espn,Necaxa,León,NCX,LEO
espn-401877004,2026-08-21,2026,regular,Tigres UANL,Atlante,2,0,,,espn,Tigres UANL,Atlante,UANL,ATL
espn-401877005,2026-08-21,2026,regular,León,Monterrey,2,0,,,espn,León,Monterrey,LEO,MTY
espn-401877007,2026-08-21,2026,regular,Querétaro,Toluca,1,2,,,espn,Querétaro,Toluca,QRO,TOL
espn-401877008,2026-08-21,2026,regular,FC Juárez,América,1,2,,,espn,FC Juárez,América,JUA,AME
espn-401877003,2026-08-22,2026,regular,Cruz Azul,Atlas,0,2,,,espn,Cruz Azul,Atlas,CAZ,ATS
espn-401877006,2026-08-22,2026,regular,Guadalajara,Tijuana,5,2,,,espn,Guadalajara,Tijuana,GDL,TIJ
espn-401877009,2026-08-22,2026,regular,Puebla,Santos,3,2,,,espn,Puebla,Santos,PUE,SAN
espn-401877001,2026-08-23,2026,regular,Pumas UNAM,Necaxa,1,1,,,espn,Pumas UNAM,Necaxa,UNAM,NCX
espn-401877002,2026-08-23,2026,regular,Atlético de San Luis,Pachuca,1,1,,,espn,Atlético de San Luis,Pachuca,ASL,PAC
espn-401876998,2026-08-28,2026,regular,Tijuana,Pumas UNAM,2,0,,,espn,Tijuana,Pumas UNAM,TIJ,UNAM
espn-401876999,2026-08-28,2026,regular,Atlante,León,1,1,,,espn,Atlante,León,ATL,LEO
espn-401877000,2026-08-28,2026,regular,Necaxa,Cruz Azul,1,3,,,espn,Necaxa,Cruz Azul,NCX,CAZ
espn-401876994,2026-08-29,2026,regular,Santos,Tigres UANL,0,0,,,espn,Santos,Tigres UANL,SAN,UANL
espn-401876995,2026-08-29,2026,regular,América,Puebla,2,0,,,espn,América,Puebla,AME,PUE
espn-401876996,2026-08-29,2026,regular,Pachuca,Guadalajara,1,1,,,espn,Pachuca,Guadalajara,PAC,GDL
espn-401876997,2026-08-29,2026,regular,Atlas,Querétaro,1,3,,,espn,Atlas,Querétaro,ATS,QRO
espn-401876992,2026-08-30,2026,regular,Monterrey,Atlético de San Luis,1,3,,,espn,Monterrey,Atlético de San Luis,MTY,ASL
espn-401876993,2026-08-30,2026,regular,Toluca,FC Juárez,4,0,,,espn,Toluca,FC Juárez,TOL,JUA
espn-401876990,2026-09-04,2026,regular,FC Juárez,Pachuca,0,2,,,espn,FC Juárez,Pachuca,JUA,PAC
espn-401876985,2026-09-05,2026,regular,Atlas,Atlante,1,1,,,espn,Atlas,Atlante,ATS,ATL
espn-401876987,2026-09-05,2026,regular,Tigres UANL,Necaxa,1,1,,,espn,Tigres UANL,Necaxa,UANL,NCX
espn-401876989,2026-09-05,2026,regular,Atlético de San Luis,Guadalajara,0,3,,,espn,Atlético de San Luis,Guadalajara,ASL,GDL
espn-401876983,2026-09-06,2026,regular,Cruz Azul,Santos,1,0,,,espn,Cruz Azul,Santos,CAZ,SAN
espn-401876984,2026-09-10,2026,regular,Pumas UNAM,León,3,1,,,espn,Pumas UNAM,León,UNAM,LEO
espn-401876978,2026-09-11,2026,regular,Tijuana,Querétaro,0,1,,,espn,Tijuana,Querétaro,TIJ,QRO
espn-401876979,2026-09-11,2026,regular,Atlante,Pachuca,0,3,,,espn,Atlante,Pachuca,ATL,PAC
espn-401876980,2026-09-11,2026,regular,Necaxa,Puebla,0,1,,,espn,Necaxa,Puebla,NCX,PUE
espn-401876974,2026-09-12,2026,regular,Monterrey,Tigres UANL,0,0,,,espn,Monterrey,Tigres UANL,MTY,UANL
espn-401876981,2026-09-12,2026,regular,Cruz Azul,América,4,3,,,espn,Cruz Azul,América,CAZ,AME
espn-401876982,2026-09-12,2026,regular,Toluca,Atlas,5,2,,,espn,Toluca,Atlas,TOL,ATS
espn-401876975,2026-09-13,2026,regular,Guadalajara,Pumas UNAM,3,0,,,espn,Guadalajara,Pumas UNAM,GDL,UNAM
espn-401876976,2026-09-13,2026,regular,Santos,FC Juárez,2,1,,,espn,Santos,FC Juárez,SAN,JUA
espn-401876977,2026-09-14,2026,regular,León,Atlético de San Luis,2,0,,,espn,León,Atlético de San Luis,LEO,ASL
espn-401876991,2026-09-15,2026,regular,Puebla,Toluca,0,1,,,espn,Puebla,Toluca,PUE,TOL
espn-401876972,2026-09-18,2026,regular,FC Juárez,Tigres UANL,2,0,,,espn,FC Juárez,Tigres UANL,JUA,UANL
espn-401876973,2026-09-18,2026,regular,Puebla,Atlante,1,1,,,espn,Puebla,Atlante,PUE,ATL
espn-401876968,2026-09-19,2026,regular,América,Guadalajara,2,2,,,espn,América,Guadalajara,AME,GDL
espn-401876969,2026-09-19,2026,regular,Monterrey,Cruz Azul,1,0,,,espn,Monterrey,Cruz Azul,MTY,CAZ
espn-401876970,2026-09-19,2026,regular,Atlético de San Luis,Necaxa,3,1,,,espn,Atlético de San Luis,Necaxa,ASL,NCX
espn-401876971,2026-09-19,2026,regular,Atlas,Pumas UNAM,1,1,,,espn,Atlas,Pumas UNAM,ATS,UNAM
espn-401876965,2026-09-20,2026,regular,Querétaro,León,1,1,,,espn,Querétaro,León,QRO,LEO
espn-401876966,2026-09-20,2026,regular,Toluca,Santos,2,3,,,espn,Toluca,Santos,TOL,SAN
espn-401876967,2026-09-20,2026,regular,Pachuca,Tijuana,2,2,,,espn,Pachuca,Tijuana,PAC,TIJ
espn-401876963,2026-09-25,2026,regular,Tijuana,Atlas,2,3,,,espn,Tijuana,Atlas,TIJ,ATS
espn-401876964,2026-09-25,2026,regular,Atlante,Monterrey,4,2,,,espn,Atlante,Monterrey,ATL,MTY
espn-401876959,2026-09-26,2026,regular,Cruz Azul,Toluca,3,3,,,espn,Cruz Azul,Toluca,CAZ,TOL
espn-401876960,2026-09-26,2026,regular,Tigres UANL,Puebla,1,0,,,espn,Tigres UANL,Puebla,UANL,PUE
espn-401876961,2026-09-26,2026,regular,Santos,Pachuca,1,0,,,espn,Santos,Pachuca,SAN,PAC
espn-401876962,2026-09-26,2026,regular,Guadalajara,Querétaro,0,2,,,espn,Guadalajara,Querétaro,GDL,QRO
espn-401876956,2026-09-27,2026,regular,Necaxa,América,2,4,,,espn,Necaxa,América,NCX,AME
espn-401876957,2026-09-27,2026,regular,León,FC Juárez,2,1,,,espn,León,FC Juárez,LEO,JUA
espn-401876958,2026-09-27,2026,regular,Pumas UNAM,Atlético de San Luis,2,3,,,espn,Pumas UNAM,Atlético de San Luis,UNAM,ASL
espn-401876953,2026-10-09,2026,regular,Tigres UANL,Toluca,3,2,,,espn,Tigres UANL,Toluca,UANL,TOL
espn-401876954,2026-10-09,2026,regular,Puebla,León,1,1,,,espn,Puebla,León,PUE,LEO
