id,date,season,season_type,home,away,home_points,away_points,neutral,note,source,home_name,away_name,home_abbr,away_abbr
esd-0,1996-04-06,1996,regular,San Jose Earthquakes,DC United,1,0,,,engsoccerdata,,,,
esd-1,1996-04-13,1996,regular,LA Galaxy,New York Red Bulls,2,1,,,engsoccerdata,,,,
esd-2,1996-04-13,1996,regular,Tampa Bay Mutiny,New England Revolution,3,2,,,engsoccerdata,,,,
esd-3,1996-04-13,1996,regular,Columbus Crew,DC United,4,0,,,engsoccerdata,,,,
esd-4,1996-04-13,1996,regular,Sporting Kansas City,Colorado Rapids,3,0,,,engsoccerdata,,,,
esd-5,1996-04-14,1996,regular,FC Dallas,San Jose Earthquakes,1,0,,,engsoccerdata,,,,
esd-6,1996-04-18,1996,regular,FC Dallas,Sporting Kansas City,3,0,,,engsoccerdata,,,,
esd-7,1996-04-20,1996,regular,DC United,LA Galaxy,1,2,,,engsoccerdata,,,,
esd-8,1996-04-20,1996,regular,Columbus Crew,Tampa Bay Mutiny,1,2,,,engsoccerdata,,,,
esd-9,1996-04-20,1996,regular,New York Red Bulls,New England Revolution,0,1,,,engsoccerdata,,,,
esd-10,1996-04-21,1996,regular,Colorado Rapids,FC Dallas,3,1,,,engsoccerdata,,,,
esd-11,1996-04-21,1996,regular,San Jose Earthquakes,Sporting Kansas City,2,3,,,engsoccerdata,,,,
esd-12,1996-04-27,1996,regular,New York Red Bulls,Columbus Crew,0,2,,,engsoccerdata,,,,
esd-13,1996-04-27,1996,regular,New England Revolution,DC United,2,1,,,engsoccerdata,,,,
esd-14,1996-04-28,1996,regular,Tampa Bay Mutiny,FC Dallas,1,2,,,engsoccerdata,,,,
esd-15,1996-04-28,1996,regular,LA Galaxy,San Jose Earthquakes,2,1,,,engsoccerdata,,,,
esd-16,1996-05-01,1996,regular,DC United,FC Dallas,3,1,,,engsoccerdata,,,,
esd-17,1996-05-02,1996,regular,Sporting Kansas City,Columbus Crew,6,4,,,engsoccerdata,,,,
esd-18,1996-05-04,1996,regular,New York Red Bulls,Tampa Bay Mutiny,4,3,,,engsoccerdata,,,,
esd-19,1996-05-04,1996,regular,New England Revolution,San Jose Earthquakes,1,2,,,engsoccerdata,,,,
esd-20,1996-05-05,1996,regular,FC Dallas,Columbus Crew,1,0,,,engsoccerdata,,,,
esd-21,1996-05-05,1996,regular,Colorado Rapids,Sporting Kansas City,4,0,,,engsoccerdata,,,,
esd-22,1996-05-05,1996,regular,LA Galaxy,DC United,3,1,,,engsoccerdata,,,,
esd-23,1996-05-08,1996,regular,San Jose Earthquakes,Colorado Rapids,3,1,,,engsoccerdata,,,,
esd-24,1996-05-08,1996,regular,Tampa Bay Mutiny,Sporting Kansas City,2,0,,,engsoccerdata,,,,
esd-25,1996-05-11,1996,regular,Colorado Rapids,Tampa Bay Mutiny,1,2,,,engsoccerdata,,,,
esd-26,1996-05-11,1996,regular,Columbus Crew,New England Revolution,3,2,,,engsoccerdata,,,,
esd-27,1996-05-11,1996,regular,Sporting Kansas City,FC Dallas,2,3,,,engsoccerdata,,,,
esd-28,1996-05-12,1996,regular,DC United,New York Red Bulls,1,2,,,engsoccerdata,,,,
esd-29,1996-05-12,1996,regular,San Jose Earthquakes,LA Galaxy,1,2,,,engsoccerdata,,,,
esd-30,1996-05-15,1996,regular,DC United,Columbus Crew,5,2,,,engsoccerdata,,,,
esd-31,1996-05-16,1996,regular,New York Red Bulls,Colorado Rapids,3,0,,,engsoccerdata,,,,
esd-32,1996-05-18,1996,regular,Tampa Bay Mutiny,San Jose Earthquakes,3,2,,,engsoccerdata,,,,
esd-33,1996-05-18,1996,regular,FC Dallas,DC United,3,2,,,engsoccerdata,,,,
esd-34,1996-05-19,1996,regular,New England Revolution,New York Red Bulls,2,0,,,engsoccerdata,,,,
esd-35,1996-05-19,1996,regular,Columbus Crew,Colorado Rapids,2,4,,,engsoccerdata,,,,
esd-36,1996-05-19,1996,regular,LA Galaxy,Sporting Kansas City,2,0,,,engsoccerdata,,,,
esd-37,1996-05-22,1996,regular,Sporting Kansas City,New York Red Bulls,2,1,,,engsoccerdata,,,,
esd-38,1996-05-23,1996,regular,FC Dallas,Tampa Bay Mutiny,0,1,,,engsoccerdata,,,,
esd-39,1996-05-25,1996,regular,New England Revolution,Colorado Rapids,3,2,,,engsoccerdata,,,,
esd-40,1996-05-26,1996,regular,LA Galaxy,Columbus Crew,3,2,,,engsoccerdata,,,,
esd-41,1996-05-29,1996,regular,San Jose Earthquakes,Sporting Kansas City,2,1,,,engsoccerdata,,,,
esd-42,1996-05-29,1996,regular,Colorado Rapids,FC Dallas,2,0,,,engsoccerdata,,,,
esd-43,1996-05-30,1996,regular,New York Red Bulls,DC United,1,2,,,engsoccerdata,,,,
esd-44,1996-06-01,1996,regular,San Jose Earthquakes,Columbus Crew,3,2,,,engsoccerdata,,,,
esd-45,1996-06-01,1996,regular,Tampa Bay Mutiny,LA Galaxy,1,2,,,engsoccerdata,,,,
esd-46,1996-06-01,1996,regular,Sporting Kansas City,New England Revolution,2,1,,,engsoccerdata,,,,
esd-47,1996-06-02,1996,regular,FC Dallas,New York Red Bulls,0,1,,,engsoccerdata,,,,
esd-48,1996-06-02,1996,regular,Colorado Rapids,DC United,2,3,,,engsoccerdata,,,,
esd-49,1996-06-05,1996,regular,DC United,San Jose Earthquakes,3,1,,,engsoccerdata,,,,
esd-50,1996-06-05,1996,regular,Sporting Kansas City,Tampa Bay Mutiny,1,3,,,engsoccerdata,,,,
esd-51,1996-06-06,1996,regular,New England Revolution,LA Galaxy,2,3,,,engsoccerdata,,,,
esd-52,1996-06-08,1996,regular,Columbus Crew,Sporting Kansas City,3,4,,,engsoccerdata,,,,
esd-53,1996-06-08,1996,regular,FC Dallas,San Jose Earthquakes,4,1,,,engsoccerdata,,,,
esd-54,1996-06-08,1996,regular,Tampa Bay Mutiny,Colorado Rapids,2,1,,,engsoccerdata,,,,
esd-55,1996-06-09,1996,regular,New York Red Bulls,LA Galaxy,0,4,,,engsoccerdata,,,,
esd-56,1996-06-15,1996,regular,New England Revolution,Sporting Kansas City,2,1,,,engsoccerdata,,,,
esd-57,1996-06-15,1996,regular,FC Dallas,Colorado Rapids,2,1,,,engsoccerdata,,,,
esd-58,1996-06-16,1996,regular,New York Red Bulls,San Jose Earthquakes,0,1,,,engsoccerdata,,,,
esd-59,1996-06-16,1996,regular,LA Galaxy,Tampa Bay Mutiny,3,2,,,engsoccerdata,,,,
esd-60,1996-06-19,1996,regular,New York Red Bulls,FC Dallas,1,0,,,engsoccerdata,,,,
esd-61,1996-06-19,1996,regular,Columbus Crew,Colorado Rapids,2,3,,,engsoccerdata,,,,
esd-62,1996-06-20,1996,regular,Sporting Kansas City,DC United,5,1,,,engsoccerdata,,,,
esd-63,1996-06-22,1996,regular,Tampa Bay Mutiny,Columbus Crew,3,4,,,engsoccerdata,,,,
esd-64,1996-06-23,1996,regular,New England Revolution,FC Dallas,1,4,,,engsoccerdata,,,,
esd-65,1996-06-23,1996,regular,San Jose Earthquakes,DC United,2,1,,,engsoccerdata,,,,
esd-66,1996-06-26,1996,regular,LA Galaxy,Colorado Rapids,3,1,,,engsoccerdata,,,,
esd-67,1996-06-26,1996,regular,New York Red Bulls,Sporting Kansas City,2,0,,,engsoccerdata,,,,
esd-68,1996-06-27,1996,regular,New England Revolution,Columbus Crew,1,2,,,engsoccerdata,,,,
esd-69,1996-06-29,1996,regular,FC Dallas,Sporting Kansas City,0,1,,,engsoccerdata,,,,
esd-70,1996-06-30,1996,regular,Columbus Crew,New York Red Bulls,0,4,,,engsoccerdata,,,,
esd-71,1996-06-30,1996,regular,DC United,New England Revolution,3,1,,,engsoccerdata,,,,
esd-72,1996-06-30,1996,regular,Colorado Rapids,LA Galaxy,2,1,,,engsoccerdata,,,,
esd-73,1996-06-30,1996,regular,San Jose Earthquakes,Tampa Bay Mutiny,4,0,,,engsoccerdata,,,,
esd-74,1996-07-04,1996,regular,LA Galaxy,New England Revolution,0,1,,,engsoccerdata,,,,
esd-75,1996-07-04,1996,regular,Tampa Bay Mutiny,Columbus Crew,4,1,,,engsoccerdata,,,,
esd-76,1996-07-04,1996,regular,FC Dallas,DC United,2,1,,,engsoccerdata,,,,
esd-77,1996-07-04,1996,regular,Colorado Rapids,New York Red Bulls,3,1,,,engsoccerdata,,,,
esd-78,1996-07-06,1996,regular,San Jose Earthquakes,New England Revolution,1,2,,,engsoccerdata,,,,
esd-79,1996-07-06,1996,regular,Sporting Kansas City,LA Galaxy,3,1,,,engsoccerdata,,,,
esd-80,1996-07-07,1996,regular,Colorado Rapids,Columbus Crew,2,1,,,engsoccerdata,,,,
esd-81,1996-07-07,1996,regular,DC United,FC Dallas,6,1,,,engsoccerdata,,,,
esd-82,1996-07-10,1996,regular,New York Red Bulls,FC Dallas,3,2,,,engsoccerdata,,,,
esd-83,1996-07-10,1996,regular,Sporting Kansas City,Colorado Rapids,2,0,,,engsoccerdata,,,,
esd-84,1996-07-11,1996,regular,Columbus Crew,New England Revolution,1,2,,,engsoccerdata,,,,
esd-85,1996-07-12,1996,regular,DC United,Tampa Bay Mutiny,1,0,,,engsoccerdata,,,,
esd-86,1996-07-17,1996,regular,FC Dallas,LA Galaxy,5,2,,,engsoccerdata,,,,
esd-87,1996-07-17,1996,regular,Colorado Rapids,San Jose Earthquakes,1,2,,,engsoccerdata,,,,
esd-88,1996-07-18,1996,regular,Tampa Bay Mutiny,Sporting Kansas City,3,2,,,engsoccerdata,,,,
esd-89,1996-07-20,1996,regular,New England Revolution,DC United,2,0,,,engsoccerdata,,,,
esd-90,1996-07-20,1996,regular,Columbus Crew,San Jose Earthquakes,3,4,,,engsoccerdata,,,,
esd-91,1996-07-20,1996,regular,Sporting Kansas City,FC Dallas,1,2,,,engsoccerdata,,,,
esd-92,1996-07-21,1996,regular,Colorado Rapids,Tampa Bay Mutiny,1,3,,,engsoccerdata,,,,
esd-93,1996-07-21,1996,regular,LA Galaxy,New York Red Bulls,3,0,,,engsoccerdata,,,,
esd-94,1996-07-24,1996,regular,Colorado Rapids,New England Revolution,2,0,,,engsoccerdata,,,,
esd-95,1996-07-24,1996,regular,San Jose Earthquakes,New York Red Bulls,0,1,,,engsoccerdata,,,,
esd-96,1996-07-25,1996,regular,Columbus Crew,Tampa Bay Mutiny,1,0,,,engsoccerdata,,,,
esd-97,1996-07-27,1996,regular,Tampa Bay Mutiny,LA Galaxy,4,3,,,engsoccerdata,,,,
esd-98,1996-07-27,1996,regular,FC Dallas,Colorado Rapids,3,0,,,engsoccerdata,,,,
esd-99,1996-07-27,1996,regular,Sporting Kansas City,New England Revolution,4,2,,,engsoccerdata,,,,
esd-100,1996-07-28,1996,regular,New York Red Bulls,San Jose Earthquakes,4,1,,,engsoccerdata,,,,
esd-101,1996-07-28,1996,regular,DC United,Columbus Crew,2,0,,,engsoccerdata,,,,
esd-102,1996-07-31,1996,regular,Columbus Crew,FC Dallas,1,2,,,engsoccerdata,,,,
esd-103,1996-07-31,1996,regular,DC United,Sporting Kansas City,2,3,,,engsoccerdata,,,,
esd-104,1996-07-31,1996,regular,New England Revolution,San Jose Earthquakes,2,0,,,engsoccerdata,,,,
esd-105,1996-08-01,1996,regular,Colorado Rapids,LA Galaxy,2,3,,,engsoccerdata,,,,
esd-106,1996-08-03,1996,regular,New England Revolution,New York Red Bulls,2,1,,,engsoccerdata,,,,
esd-107,1996-08-03,1996,regular,Tampa Bay Mutiny,Colorado Rapids,3,1,,,engsoccerdata,,,,
esd-108,1996-08-04,1996,regular,DC United,Sporting Kansas City,2,4,,,engsoccerdata,,,,
esd-109,1996-08-04,1996,regular,LA Galaxy,Columbus Crew,1,2,,,engsoccerdata,,,,
esd-110,1996-08-07,1996,regular,Tampa Bay Mutiny,DC United,1,3,,,engsoccerdata,,,,
esd-111,1996-08-07,1996,regular,Colorado Rapids,Sporting Kansas City,4,2,,,engsoccerdata,,,,
esd-112,1996-08-08,1996,regular,LA Galaxy,New England Revolution,1,0,,,engsoccerdata,,,,
esd-113,1996-08-10,1996,regular,Columbus Crew,DC United,3,2,,,engsoccerdata,,,,
esd-114,1996-08-10,1996,regular,FC Dallas,Tampa Bay Mutiny,2,1,,,engsoccerdata,,,,
esd-115,1996-08-11,1996,regular,Sporting Kansas City,LA Galaxy,3,2,,,engsoccerdata,,,,
esd-116,1996-08-11,1996,regular,Colorado Rapids,New York Red Bulls,0,2,,,engsoccerdata,,,,
esd-117,1996-08-11,1996,regular,San Jose Earthquakes,New England Revolution,6,1,,,engsoccerdata,,,,
esd-118,1996-08-14,1996,regular,New York Red Bulls,New England Revolution,4,0,,,engsoccerdata,,,,
esd-119,1996-08-14,1996,regular,FC Dallas,Columbus Crew,2,3,,,engsoccerdata,,,,
esd-120,1996-08-15,1996,regular,Sporting Kansas City,San Jose Earthquakes,4,1,,,engsoccerdata,,,,
esd-121,1996-08-16,1996,regular,New England Revolution,Colorado Rapids,2,0,,,engsoccerdata,,,,
esd-122,1996-08-17,1996,regular,Tampa Bay Mutiny,New York Red Bulls,3,1,,,engsoccerdata,,,,
esd-123,1996-08-18,1996,regular,Columbus Crew,San Jose Earthquakes,2,0,,,engsoccerdata,,,,
esd-124,1996-08-18,1996,regular,DC United,LA Galaxy,2,1,,,engsoccerdata,,,,
esd-125,1996-08-21,1996,regular,LA Galaxy,Sporting Kansas City,1,2,,,engsoccerdata,,,,
esd-126,1996-08-21,1996,regular,New York Red Bulls,DC United,2,3,,,engsoccerdata,,,,
esd-127,1996-08-21,1996,regular,New England Revolution,Tampa Bay Mutiny,4,2,,,engsoccerdata,,,,
esd-128,1996-08-22,1996,regular,San Jose Earthquakes,FC Dallas,1,0,,,engsoccerdata,,,,
esd-129,1996-08-24,1996,regular,Columbus Crew,Sporting Kansas City,2,1,,,engsoccerdata,,,,
esd-130,1996-08-25,1996,regular,DC United,Tampa Bay Mutiny,3,0,,,engsoccerdata,,,,
esd-131,1996-08-25,1996,regular,San Jose Earthquakes,Colorado Rapids,1,0,,,engsoccerdata,,,,
esd-132,1996-08-25,1996,regular,LA Galaxy,FC Dallas,2,3,,,engsoccerdata,,,,
esd-133,1996-08-28,1996,regular,Columbus Crew,LA Galaxy,2,0,,,engsoccerdata,,,,
esd-134,1996-08-29,1996,regular,Colorado Rapids,DC United,1,2,,,engsoccerdata,,,,
esd-135,1996-08-31,1996,regular,Tampa Bay Mutiny,New England Revolution,3,1,,,engsoccerdata,,,,
esd-136,1996-09-01,1996,regular,Sporting Kansas City,New York Red Bulls,3,2,,,engsoccerdata,,,,
esd-137,1996-09-01,1996,regular,San Jose Earthquakes,LA Galaxy,1,2,,,engsoccerdata,,,,
esd-138,1996-09-04,1996,regular,New York Red Bulls,Tampa Bay Mutiny,0,2,,,engsoccerdata,,,,
esd-139,1996-09-04,1996,regular,New England Revolution,FC Dallas,2,1,,,engsoccerdata,,,,
esd-140,1996-09-05,1996,regular,LA Galaxy,Colorado Rapids,0,1,,,engsoccerdata,,,,
esd-141,1996-09-06,1996,regular,DC United,New York Red Bulls,1,2,,,engsoccerdata,,,,
esd-142,1996-09-07,1996,regular,Sporting Kansas City,Columbus Crew,1,5,,,engsoccerdata,,,,
esd-143,1996-09-07,1996,regular,FC Dallas,New England Revolution,0,2,,,engsoccerdata,,,,
esd-144,1996-09-08,1996,regular,Colorado Rapids,San Jose Earthquakes,1,3,,,engsoccerdata,,,,
esd-145,1996-09-10,1996,regular,New York Red Bulls,LA Galaxy,3,1,,,engsoccerdata,,,,
esd-146,1996-09-11,1996,regular,San Jose Earthquakes,FC Dallas,2,3,,,engsoccerdata,,,,
esd-147,1996-09-12,1996,regular,New England Revolution,Tampa Bay Mutiny,1,2,,,engsoccerdata,,,,
esd-148,1996-09-14,1996,regular,Tampa Bay Mutiny,DC United,2,0,,,engsoccerdata,,,,
esd-149,1996-09-15,1996,regular,Columbus Crew,New York Red Bulls,2,0,,,engsoccerdata,,,,
esd-150,1996-09-15,1996,regular,LA Galaxy,San Jose Earthquakes,4,2,,,engsoccerdata,,,,
esd-151,1996-09-17,1996,regular,DC United,New England Revolution,3,2,,,engsoccerdata,,,,
esd-152,1996-09-18,1996,regular,San Jose Earthquakes,Tampa Bay Mutiny,1,2,,,engsoccerdata,,,,
esd-153,1996-09-18,1996,regular,New York Red Bulls,Columbus Crew,1,0,,,engsoccerdata,,,,
esd-154,1996-09-19,1996,regular,FC Dallas,LA Galaxy,1,2,,,engsoccerdata,,,,
esd-155,1996-09-21,1996,regular,New England Revolution,Columbus Crew,0,1,,,engsoccerdata,,,,
esd-156,1996-09-21,1996,regular,DC United,Colorado Rapids,3,1,,,engsoccerdata,,,,
esd-157,1996-09-21,1996,regular,Tampa Bay Mutiny,New York Red Bulls,4,1,,,engsoccerdata,,,,
esd-158,1996-09-21,1996,regular,Sporting Kansas City,San Jose Earthquakes,0,1,,,engsoccerdata,,,,
esd-159,1996-09-22,1996,regular,LA Galaxy,FC Dallas,2,1,,,engsoccerdata,,,,
esd-160,1996-09-24,1996,postseason,New York Red Bulls,DC United,3,2,,pens,engsoccerdata,,,,
esd-161,1996-09-25,1996,postseason,Columbus Crew,Tampa Bay Mutiny,0,2,,,engsoccerdata,,,,
esd-162,1996-09-26,1996,postseason,Sporting Kansas City,FC Dallas,3,2,,,engsoccerdata,,,,
esd-163,1996-09-26,1996,postseason,San Jose Earthquakes,LA Galaxy,1,0,,,engsoccerdata,,,,
esd-164,1996-09-27,1996,postseason,DC United,New York Red Bulls,1,0,,,engsoccerdata,,,,
esd-165,1996-09-28,1996,postseason,Tampa Bay Mutiny,Columbus Crew,1,2,,,engsoccerdata,,,,
esd-166,1996-09-29,1996,postseason,FC Dallas,Sporting Kansas City,2,1,,,engsoccerdata,,,,
esd-167,1996-09-29,1996,postseason,LA Galaxy,San Jose Earthquakes,2,0,,,engsoccerdata,,,,
esd-168,1996-10-02,1996,postseason,FC Dallas,Sporting Kansas City,2,3,,AET,engsoccerdata,,,,
esd-169,1996-10-02,1996,postseason,LA Galaxy,San Jose Earthquakes,2,0,,,engsoccerdata,,,,
esd-170,1996-10-02,1996,postseason,Tampa Bay Mutiny,Columbus Crew,4,1,,,engsoccerdata,,,,
esd-171,1996-10-02,1996,postseason,DC United,New York Red Bulls,2,1,,,engsoccerdata,,,,
esd-172,1996-10-10,1996,postseason,DC United,Tampa Bay Mutiny,4,1,,,engsoccerdata,,,,
esd-173,1996-10-10,1996,postseason,LA Galaxy,Sporting Kansas City,2,1,,,engsoccerdata,,,,
esd-174,1996-10-12,1996,postseason,Tampa Bay Mutiny,DC United,1,2,,,engsoccerdata,,,,
esd-175,1996-10-13,1996,postseason,Sporting Kansas City,LA Galaxy,1,2,,AET,engsoccerdata,,,,
esd-176,1996-10-20,1996,postseason,DC United,LA Galaxy,3,2,1,AET,engsoccerdata,,,,
esd-177,1997-03-22,1997,regular,San Jose Earthquakes,New York Red Bulls,1,0,,,engsoccerdata,,,,
esd-178,1997-03-29,1997,regular,LA Galaxy,DC United,0,1,,,engsoccerdata,,,,
esd-179,1997-03-29,1997,regular,Columbus Crew,Colorado Rapids,2,1,,,engsoccerdata,,,,
esd-180,1997-03-29,1997,regular,Sporting Kansas City,San Jose Earthquakes,3,2,,,engsoccerdata,,,,
esd-181,1997-03-29,1997,regular,FC Dallas,New England Revolution,0,1,,,engsoccerdata,,,,
esd-182,1997-03-29,1997,regular,Tampa Bay Mutiny,New York Red Bulls,2,1,,,engsoccerdata,,,,
esd-183,1997-04-05,1997,regular,DC United,New York Red Bulls,2,1,,,engsoccerdata,,,,
esd-184,1997-04-05,1997,regular,Sporting Kansas City,LA Galaxy,3,2,,,engsoccerdata,,,,
esd-185,1997-04-05,1997,regular,FC Dallas,San Jose Earthquakes,2,1,,,engsoccerdata,,,,
esd-186,1997-04-06,1997,regular,Colorado Rapids,Columbus Crew,2,0,,,engsoccerdata,,,,
esd-187,1997-04-06,1997,regular,Tampa Bay Mutiny,New England Revolution,4,0,,,engsoccerdata,,,,
esd-188,1997-04-12,1997,regular,Tampa Bay Mutiny,Sporting Kansas City,2,1,,,engsoccerdata,,,,
esd-189,1997-04-12,1997,regular,New York Red Bulls,New England Revolution,3,1,,,engsoccerdata,,,,
esd-190,1997-04-12,1997,regular,Colorado Rapids,DC United,2,5,,,engsoccerdata,,,,
esd-191,1997-04-12,1997,regular,San Jose Earthquakes,LA Galaxy,4,1,,,engsoccerdata,,,,
esd-192,1997-04-13,1997,regular,Columbus Crew,FC Dallas,2,1,,,engsoccerdata,,,,
esd-193,1997-04-18,1997,regular,LA Galaxy,Colorado Rapids,2,1,,,engsoccerdata,,,,
esd-194,1997-04-18,1997,regular,Sporting Kansas City,FC Dallas,2,1,,,engsoccerdata,,,,
esd-195,1997-04-19,1997,regular,New York Red Bulls,DC United,1,2,,,engsoccerdata,,,,
esd-196,1997-04-19,1997,regular,Columbus Crew,San Jose Earthquakes,2,1,,,engsoccerdata,,,,
esd-197,1997-04-20,1997,regular,FC Dallas,Colorado Rapids,4,1,,,engsoccerdata,,,,
esd-198,1997-04-20,1997,regular,New England Revolution,Tampa Bay Mutiny,2,1,,,engsoccerdata,,,,
esd-199,1997-04-23,1997,regular,Colorado Rapids,FC Dallas,1,0,,,engsoccerdata,,,,
esd-200,1997-04-26,1997,regular,LA Galaxy,FC Dallas,1,2,,,engsoccerdata,,,,
esd-201,1997-04-26,1997,regular,New York Red Bulls,Columbus Crew,2,1,,,engsoccerdata,,,,
esd-202,1997-04-26,1997,regular,New England Revolution,Colorado Rapids,2,1,,,engsoccerdata,,,,
esd-203,1997-04-26,1997,regular,DC United,San Jose Earthquakes,2,3,,,engsoccerdata,,,,
esd-204,1997-04-27,1997,regular,Sporting Kansas City,Tampa Bay Mutiny,2,3,,,engsoccerdata,,,,
esd-205,1997-05-02,1997,regular,DC United,LA Galaxy,2,0,,,engsoccerdata,,,,
esd-206,1997-05-03,1997,regular,New England Revolution,Sporting Kansas City,2,1,,,engsoccerdata,,,,
esd-207,1997-05-03,1997,regular,San Jose Earthquakes,Columbus Crew,1,3,,,engsoccerdata,,,,
esd-208,1997-05-03,1997,regular,Colorado Rapids,Tampa Bay Mutiny,2,0,,,engsoccerdata,,,,
esd-209,1997-05-04,1997,regular,New York Red Bulls,LA Galaxy,1,0,,,engsoccerdata,,,,
esd-210,1997-05-04,1997,regular,FC Dallas,DC United,3,2,,,engsoccerdata,,,,
esd-211,1997-05-09,1997,regular,New England Revolution,Columbus Crew,0,2,,,engsoccerdata,,,,
esd-212,1997-05-09,1997,regular,New York Red Bulls,San Jose Earthquakes,0,1,,,engsoccerdata,,,,
esd-213,1997-05-10,1997,regular,DC United,FC Dallas,2,3,,,engsoccerdata,,,,
esd-214,1997-05-10,1997,regular,Tampa Bay Mutiny,Colorado Rapids,2,1,,,engsoccerdata,,,,
esd-215,1997-05-10,1997,regular,Sporting Kansas City,LA Galaxy,1,0,,,engsoccerdata,,,,
esd-216,1997-05-11,1997,regular,Columbus Crew,New York Red Bulls,3,0,,,engsoccerdata,,,,
esd-217,1997-05-16,1997,regular,San Jose Earthquakes,New England Revolution,1,2,,,engsoccerdata,,,,
esd-218,1997-05-17,1997,regular,FC Dallas,Tampa Bay Mutiny,2,0,,,engsoccerdata,,,,
esd-219,1997-05-17,1997,regular,Colorado Rapids,Columbus Crew,2,1,,,engsoccerdata,,,,
esd-220,1997-05-18,1997,regular,New England Revolution,DC United,0,1,,,engsoccerdata,,,,
esd-221,1997-05-18,1997,regular,New York Red Bulls,Sporting Kansas City,1,0,,,engsoccerdata,,,,
esd-222,1997-05-18,1997,regular,LA Galaxy,San Jose Earthquakes,2,1,,,engsoccerdata,,,,
esd-223,1997-05-22,1997,regular,DC United,San Jose Earthquakes,3,1,,,engsoccerdata,,,,
esd-224,1997-05-22,1997,regular,Sporting Kansas City,Columbus Crew,3,1,,,engsoccerdata,,,,
esd-225,1997-05-23,1997,regular,Tampa Bay Mutiny,FC Dallas,1,3,,,engsoccerdata,,,,
esd-226,1997-05-24,1997,regular,Colorado Rapids,New England Revolution,1,2,,,engsoccerdata,,,,
esd-227,1997-05-25,1997,regular,LA Galaxy,Columbus Crew,1,0,,,engsoccerdata,,,,
esd-228,1997-05-25,1997,regular,New York Red Bulls,Tampa Bay Mutiny,3,2,,,engsoccerdata,,,,
esd-229,1997-05-29,1997,regular,Columbus Crew,DC United,2,3,,,engsoccerdata,,,,
esd-230,1997-05-30,1997,regular,New England Revolution,New York Red Bulls,3,1,,,engsoccerdata,,,,
esd-231,1997-05-30,1997,regular,LA Galaxy,Sporting Kansas City,1,3,,,engsoccerdata,,,,
esd-232,1997-06-01,1997,regular,New England Revolution,FC Dallas,3,1,,,engsoccerdata,,,,
esd-233,1997-06-01,1997,regular,San Jose Earthquakes,DC United,2,3,,,engsoccerdata,,,,
esd-234,1997-06-01,1997,regular,Colorado Rapids,Tampa Bay Mutiny,2,0,,,engsoccerdata,,,,
esd-235,1997-06-06,1997,regular,FC Dallas,Sporting Kansas City,1,2,,,engsoccerdata,,,,
esd-236,1997-06-07,1997,regular,DC United,Colorado Rapids,5,0,,,engsoccerdata,,,,
esd-237,1997-06-07,1997,regular,Tampa Bay Mutiny,Columbus Crew,3,1,,,engsoccerdata,,,,
esd-238,1997-06-08,1997,regular,New England Revolution,LA Galaxy,1,0,,,engsoccerdata,,,,
esd-239,1997-06-08,1997,regular,San Jose Earthquakes,Sporting Kansas City,2,3,,,engsoccerdata,,,,
esd-240,1997-06-13,1997,regular,New York Red Bulls,Colorado Rapids,1,3,,,engsoccerdata,,,,
esd-241,1997-06-14,1997,regular,New England Revolution,DC United,0,1,,,engsoccerdata,,,,
esd-242,1997-06-15,1997,regular,Columbus Crew,Colorado Rapids,0,2,,,engsoccerdata,,,,
esd-243,1997-06-15,1997,regular,Sporting Kansas City,San Jose Earthquakes,1,3,,,engsoccerdata,,,,
esd-244,1997-06-15,1997,regular,FC Dallas,New York Red Bulls,3,1,,,engsoccerdata,,,,
esd-245,1997-06-15,1997,regular,LA Galaxy,Tampa Bay Mutiny,4,1,,,engsoccerdata,,,,
esd-246,1997-06-21,1997,regular,Tampa Bay Mutiny,San Jose Earthquakes,3,1,,,engsoccerdata,,,,
esd-247,1997-06-21,1997,regular,Columbus Crew,New York Red Bulls,2,1,,,engsoccerdata,,,,
esd-248,1997-06-21,1997,regular,Sporting Kansas City,DC United,6,1,,,engsoccerdata,,,,
esd-249,1997-06-21,1997,regular,Colorado Rapids,LA Galaxy,2,1,,,engsoccerdata,,,,
esd-250,1997-06-22,1997,regular,New England Revolution,FC Dallas,3,2,,,engsoccerdata,,,,
esd-251,1997-06-25,1997,regular,Sporting Kansas City,Tampa Bay Mutiny,3,2,,,engsoccerdata,,,,
esd-252,1997-06-28,1997,regular,Tampa Bay Mutiny,LA Galaxy,3,2,,,engsoccerdata,,,,
esd-253,1997-06-28,1997,regular,Colorado Rapids,Sporting Kansas City,3,4,,,engsoccerdata,,,,
esd-254,1997-06-28,1997,regular,San Jose Earthquakes,FC Dallas,3,1,,,engsoccerdata,,,,
esd-255,1997-07-04,1997,regular,Tampa Bay Mutiny,New York Red Bulls,1,0,,,engsoccerdata,,,,
esd-256,1997-07-04,1997,regular,Columbus Crew,Sporting Kansas City,1,2,,,engsoccerdata,,,,
esd-257,1997-07-04,1997,regular,FC Dallas,DC United,2,3,,,engsoccerdata,,,,
esd-258,1997-07-04,1997,regular,Colorado Rapids,San Jose Earthquakes,3,1,,,engsoccerdata,,,,
esd-259,1997-07-04,1997,regular,LA Galaxy,New England Revolution,2,0,,,engsoccerdata,,,,
esd-260,1997-07-06,1997,regular,DC United,Tampa Bay Mutiny,3,2,,,engsoccerdata,,,,
esd-261,1997-07-06,1997,regular,Sporting Kansas City,FC Dallas,1,3,,,engsoccerdata,,,,
esd-262,1997-07-06,1997,regular,San Jose Earthquakes,New England Revolution,3,2,,,engsoccerdata,,,,
esd-263,1997-07-12,1997,regular,New England Revolution,Sporting Kansas City,2,0,,,engsoccerdata,,,,
esd-264,1997-07-12,1997,regular,LA Galaxy,DC United,3,1,,,engsoccerdata,,,,
esd-265,1997-07-13,1997,regular,Columbus Crew,FC Dallas,1,2,,,engsoccerdata,,,,
esd-266,1997-07-13,1997,regular,New York Red Bulls,Colorado Rapids,4,1,,,engsoccerdata,,,,
esd-267,1997-07-13,1997,regular,San Jose Earthquakes,Tampa Bay Mutiny,2,3,,,engsoccerdata,,,,
esd-268,1997-07-18,1997,regular,New England Revolution,Tampa Bay Mutiny,4,2,,,engsoccerdata,,,,
esd-269,1997-07-18,1997,regular,FC Dallas,San Jose Earthquakes,3,1,,,engsoccerdata,,,,
esd-270,1997-07-19,1997,regular,Sporting Kansas City,DC United,3,2,,,engsoccerdata,,,,
esd-271,1997-07-20,1997,regular,New York Red Bulls,LA Galaxy,0,4,,,engsoccerdata,,,,
esd-272,1997-07-20,1997,regular,Columbus Crew,New England Revolution,1,0,,,engsoccerdata,,,,
esd-273,1997-07-20,1997,regular,Tampa Bay Mutiny,San Jose Earthquakes,3,1,,,engsoccerdata,,,,
esd-274,1997-07-20,1997,regular,Colorado Rapids,FC Dallas,2,4,,,engsoccerdata,,,,
esd-275,1997-07-25,1997,regular,DC United,Columbus Crew,2,1,,,engsoccerdata,,,,
esd-276,1997-07-25,1997,regular,FC Dallas,LA Galaxy,0,3,,,engsoccerdata,,,,
esd-277,1997-07-25,1997,regular,San Jose Earthquakes,Colorado Rapids,1,2,,,engsoccerdata,,,,
esd-278,1997-07-26,1997,regular,Sporting Kansas City,New England Revolution,1,0,,,engsoccerdata,,,,
esd-279,1997-07-27,1997,regular,Columbus Crew,Tampa Bay Mutiny,0,1,,,engsoccerdata,,,,
esd-280,1997-07-27,1997,regular,New York Red Bulls,DC United,2,1,,,engsoccerdata,,,,
esd-281,1997-07-27,1997,regular,Colorado Rapids,LA Galaxy,1,2,,,engsoccerdata,,,,
esd-282,1997-07-30,1997,regular,DC United,Columbus Crew,4,2,,,engsoccerdata,,,,
esd-283,1997-08-02,1997,regular,DC United,Colorado Rapids,2,3,,,engsoccerdata,,,,
esd-284,1997-08-02,1997,regular,FC Dallas,Sporting Kansas City,1,2,,,engsoccerdata,,,,
esd-285,1997-08-02,1997,regular,LA Galaxy,Columbus Crew,1,2,,,engsoccerdata,,,,
esd-286,1997-08-03,1997,regular,New England Revolution,San Jose Earthquakes,1,5,,,engsoccerdata,,,,
esd-287,1997-08-03,1997,regular,New York Red Bulls,Tampa Bay Mutiny,2,3,,,engsoccerdata,,,,
esd-288,1997-08-09,1997,regular,DC United,LA Galaxy,4,2,,,engsoccerdata,,,,
esd-289,1997-08-09,1997,regular,Tampa Bay Mutiny,Sporting Kansas City,0,2,,,engsoccerdata,,,,
esd-290,1997-08-09,1997,regular,Colorado Rapids,New England Revolution,3,0,,,engsoccerdata,,,,
esd-291,1997-08-09,1997,regular,San Jose Earthquakes,Columbus Crew,2,1,,,engsoccerdata,,,,
esd-292,1997-08-14,1997,regular,New England Revolution,LA Galaxy,1,2,,,engsoccerdata,,,,
esd-293,1997-08-15,1997,regular,Tampa Bay Mutiny,FC Dallas,2,1,,,engsoccerdata,,,,
esd-294,1997-08-15,1997,regular,Colorado Rapids,New York Red Bulls,2,0,,,engsoccerdata,,,,
esd-295,1997-08-16,1997,regular,Columbus Crew,DC United,2,0,,,engsoccerdata,,,,
esd-296,1997-08-17,1997,regular,Sporting Kansas City,New York Red Bulls,4,3,,,engsoccerdata,,,,
esd-297,1997-08-17,1997,regular,LA Galaxy,San Jose Earthquakes,2,3,,,engsoccerdata,,,,
esd-298,1997-08-23,1997,regular,Columbus Crew,New England Revolution,2,1,,,engsoccerdata,,,,
esd-299,1997-08-23,1997,regular,FC Dallas,New York Red Bulls,1,2,,,engsoccerdata,,,,
esd-300,1997-08-24,1997,regular,San Jose Earthquakes,Sporting Kansas City,2,3,,,engsoccerdata,,,,
esd-301,1997-08-27,1997,regular,DC United,New England Revolution,3,2,,,engsoccerdata,,,,
esd-302,1997-08-28,1997,regular,Sporting Kansas City,Colorado Rapids,1,0,,,engsoccerdata,,,,
esd-303,1997-08-29,1997,regular,New York Red Bulls,San Jose Earthquakes,3,0,,,engsoccerdata,,,,
esd-304,1997-08-30,1997,regular,Columbus Crew,LA Galaxy,2,0,,,engsoccerdata,,,,
esd-305,1997-08-30,1997,regular,Tampa Bay Mutiny,New England Revolution,4,0,,,engsoccerdata,,,,
esd-306,1997-08-31,1997,regular,DC United,Sporting Kansas City,2,0,,,engsoccerdata,,,,
esd-307,1997-08-31,1997,regular,FC Dallas,Colorado Rapids,4,1,,,engsoccerdata,,,,
esd-308,1997-09-04,1997,regular,LA Galaxy,New York Red Bulls,1,3,,,engsoccerdata,,,,
esd-309,1997-09-06,1997,regular,FC Dallas,Columbus Crew,3,0,,,engsoccerdata,,,,
esd-310,1997-09-06,1997,regular,Colorado Rapids,Sporting Kansas City,1,2,,,engsoccerdata,,,,
esd-311,1997-09-06,1997,regular,San Jose Earthquakes,New York Red Bulls,4,0,,,engsoccerdata,,,,
esd-312,1997-09-07,1997,regular,LA Galaxy,Tampa Bay Mutiny,6,1,,,engsoccerdata,,,,
esd-313,1997-09-09,1997,regular,New York Red Bulls,New England Revolution,3,1,,,engsoccerdata,,,,
esd-314,1997-09-10,1997,regular,LA Galaxy,Colorado Rapids,2,0,,,engsoccerdata,,,,
esd-315,1997-09-11,1997,regular,San Jose Earthquakes,FC Dallas,0,1,,,engsoccerdata,,,,
esd-316,1997-09-12,1997,regular,New England Revolution,Columbus Crew,1,0,,,engsoccerdata,,,,
esd-317,1997-09-12,1997,regular,Sporting Kansas City,New York Red Bulls,0,1,,,engsoccerdata,,,,
esd-318,1997-09-13,1997,regular,Tampa Bay Mutiny,DC United,1,2,,,engsoccerdata,,,,
esd-319,1997-09-14,1997,regular,Columbus Crew,Sporting Kansas City,4,0,,,engsoccerdata,,,,
esd-320,1997-09-14,1997,regular,FC Dallas,LA Galaxy,1,3,,,engsoccerdata,,,,
esd-321,1997-09-16,1997,regular,New York Red Bulls,FC Dallas,0,1,,,engsoccerdata,,,,
esd-322,1997-09-16,1997,regular,DC United,New England Revolution,3,2,,,engsoccerdata,,,,
esd-323,1997-09-17,1997,regular,Colorado Rapids,San Jose Earthquakes,1,2,,,engsoccerdata,,,,
esd-324,1997-09-18,1997,regular,Tampa Bay Mutiny,Columbus Crew,2,1,,,engsoccerdata,,,,
esd-325,1997-09-19,1997,regular,LA Galaxy,FC Dallas,2,1,,,engsoccerdata,,,,
esd-326,1997-09-20,1997,regular,New England Revolution,New York Red Bulls,3,2,,,engsoccerdata,,,,
esd-327,1997-09-21,1997,regular,DC United,Tampa Bay Mutiny,1,2,,,engsoccerdata,,,,
esd-328,1997-09-21,1997,regular,San Jose Earthquakes,LA Galaxy,2,3,,,engsoccerdata,,,,
esd-329,1997-09-25,1997,regular,New York Red Bulls,Columbus Crew,0,1,,,engsoccerdata,,,,
esd-330,1997-09-25,1997,regular,FC Dallas,New England Revolution,1,2,,,engsoccerdata,,,,
esd-331,1997-09-26,1997,regular,Tampa Bay Mutiny,DC United,1,5,,,engsoccerdata,,,,
esd-332,1997-09-26,1997,regular,Sporting Kansas City,Colorado Rapids,5,2,,,engsoccerdata,,,,
esd-333,1997-09-28,1997,regular,Columbus Crew,Tampa Bay Mutiny,2,1,,,engsoccerdata,,,,
esd-334,1997-09-28,1997,regular,DC United,New York Red Bulls,1,3,,,engsoccerdata,,,,
esd-335,1997-09-28,1997,regular,LA Galaxy,Sporting Kansas City,2,0,,,engsoccerdata,,,,
esd-336,1997-09-28,1997,regular,San Jose Earthquakes,Colorado Rapids,1,3,,,engsoccerdata,,,,
esd-337,1997-10-04,1997,postseason,Sporting Kansas City,Colorado Rapids,0,3,,,engsoccerdata,,,,
esd-338,1997-10-05,1997,postseason,LA Galaxy,FC Dallas,0,1,,pens,engsoccerdata,,,,
esd-339,1997-10-05,1997,postseason,DC United,New England Revolution,4,1,,,engsoccerdata,,,,
esd-340,1997-10-05,1997,postseason,Tampa Bay Mutiny,Columbus Crew,1,2,,,engsoccerdata,,,,
esd-341,1997-10-08,1997,postseason,Colorado Rapids,Sporting Kansas City,3,2,,,engsoccerdata,,,,
esd-342,1997-10-08,1997,postseason,FC Dallas,LA Galaxy,3,0,,,engsoccerdata,,,,
esd-343,1997-10-08,1997,postseason,New England Revolution,DC United,1,2,,pens,engsoccerdata,,,,
esd-344,1997-10-08,1997,postseason,Columbus Crew,Tampa Bay Mutiny,2,0,,,engsoccerdata,,,,
esd-345,1997-10-12,1997,postseason,DC United,Columbus Crew,3,2,,,engsoccerdata,,,,
esd-346,1997-10-12,1997,postseason,FC Dallas,Colorado Rapids,0,1,,,engsoccerdata,,,,
esd-347,1997-10-15,1997,postseason,Columbus Crew,DC United,0,1,,,engsoccerdata,,,,
esd-348,1997-10-15,1997,postseason,Colorado Rapids,FC Dallas,2,1,,,engsoccerdata,,,,
esd-349,1997-10-26,1997,postseason,DC United,Colorado Rapids,2,1,1,,engsoccerdata,,,,
esd-350,1998-03-14,1998,regular,Miami Fusion,DC United,0,2,,,engsoccerdata,,,,
esd-351,1998-03-20,1998,regular,DC United,Sporting Kansas City,3,2,,,engsoccerdata,,,,
esd-352,1998-03-20,1998,regular,FC Dallas,Colorado Rapids,2,1,,,engsoccerdata,,,,
esd-353,1998-03-20,1998,regular,LA Galaxy,San Jose Earthquakes,4,3,,,engsoccerdata,,,,
esd-354,1998-03-20,1998,regular,Miami Fusion,Chicago Fire,0,2,,,engsoccerdata,,,,
esd-355,1998-03-20,1998,regular,Tampa Bay Mutiny,Columbus Crew,1,2,,,engsoccerdata,,,,
esd-356,1998-03-25,1998,regular,Tampa Bay Mutiny,Miami Fusion,0,1,,,engsoccerdata,,,,
esd-357,1998-03-27,1998,regular,San Jose Earthquakes,Colorado Rapids,2,3,,,engsoccerdata,,,,
esd-358,1998-03-27,1998,regular,LA Galaxy,New York Red Bulls,3,2,,,engsoccerdata,,,,
esd-359,1998-03-28,1998,regular,DC United,New England Revolution,2,1,,,engsoccerdata,,,,
esd-360,1998-03-28,1998,regular,FC Dallas,Columbus Crew,2,1,,,engsoccerdata,,,,
esd-361,1998-04-03,1998,regular,Chicago Fire,Tampa Bay Mutiny,2,0,,,engsoccerdata,,,,
esd-362,1998-04-03,1998,regular,Colorado Rapids,LA Galaxy,0,1,,,engsoccerdata,,,,
esd-363,1998-04-03,1998,regular,Columbus Crew,DC United,2,1,,,engsoccerdata,,,,
esd-364,1998-04-03,1998,regular,Miami Fusion,New England Revolution,2,1,,,engsoccerdata,,,,
esd-365,1998-04-03,1998,regular,Sporting Kansas City,New York Red Bulls,2,0,,,engsoccerdata,,,,
esd-366,1998-04-04,1998,regular,San Jose Earthquakes,FC Dallas,2,3,,,engsoccerdata,,,,
esd-367,1998-04-07,1998,regular,Sporting Kansas City,Chicago Fire,1,0,,,engsoccerdata,,,,
esd-368,1998-04-10,1998,regular,Columbus Crew,New England Revolution,3,2,,,engsoccerdata,,,,
esd-369,1998-04-10,1998,regular,DC United,Colorado Rapids,4,3,,,engsoccerdata,,,,
esd-370,1998-04-10,1998,regular,San Jose Earthquakes,Chicago Fire,1,0,,,engsoccerdata,,,,
esd-371,1998-04-10,1998,regular,Miami Fusion,Sporting Kansas City,2,1,,,engsoccerdata,,,,
esd-372,1998-04-10,1998,regular,Tampa Bay Mutiny,FC Dallas,3,1,,,engsoccerdata,,,,
esd-373,1998-04-10,1998,regular,New York Red Bulls,LA Galaxy,2,3,,,engsoccerdata,,,,
esd-374,1998-04-16,1998,regular,Chicago Fire,New York Red Bulls,0,1,,,engsoccerdata,,,,
esd-375,1998-04-17,1998,regular,Columbus Crew,Miami Fusion,5,1,,,engsoccerdata,,,,
esd-376,1998-04-17,1998,regular,FC Dallas,San Jose Earthquakes,1,2,,,engsoccerdata,,,,
esd-377,1998-04-17,1998,regular,New England Revolution,DC United,2,1,,,engsoccerdata,,,,
esd-378,1998-04-17,1998,regular,Sporting Kansas City,LA Galaxy,1,2,,,engsoccerdata,,,,
esd-379,1998-04-18,1998,regular,Colorado Rapids,Tampa Bay Mutiny,3,0,,,engsoccerdata,,,,
esd-380,1998-04-24,1998,regular,Colorado Rapids,Chicago Fire,5,4,,,engsoccerdata,,,,
esd-381,1998-04-24,1998,regular,FC Dallas,Sporting Kansas City,3,1,,,engsoccerdata,,,,
esd-382,1998-04-24,1998,regular,LA Galaxy,Tampa Bay Mutiny,5,1,,,engsoccerdata,,,,
esd-383,1998-04-24,1998,regular,New England Revolution,Miami Fusion,3,0,,,engsoccerdata,,,,
esd-384,1998-04-24,1998,regular,New York Red Bulls,San Jose Earthquakes,4,3,,,engsoccerdata,,,,
esd-385,1998-04-25,1998,regular,DC United,Columbus Crew,2,1,,,engsoccerdata,,,,
esd-386,1998-04-28,1998,regular,DC United,San Jose Earthquakes,3,1,,,engsoccerdata,,,,
esd-387,1998-04-28,1998,regular,Sporting Kansas City,LA Galaxy,0,2,,,engsoccerdata,,,,
esd-388,1998-04-29,1998,regular,Tampa Bay Mutiny,Columbus Crew,0,1,,,engsoccerdata,,,,
esd-389,1998-05-01,1998,regular,Chicago Fire,DC United,1,3,,,engsoccerdata,,,,
esd-390,1998-05-01,1998,regular,Miami Fusion,Colorado Rapids,3,2,,,engsoccerdata,,,,
esd-391,1998-05-02,1998,regular,San Jose Earthquakes,New England Revolution,1,3,,,engsoccerdata,,,,
esd-392,1998-05-02,1998,regular,Tampa Bay Mutiny,New York Red Bulls,0,1,,,engsoccerdata,,,,
esd-393,1998-05-05,1998,regular,LA Galaxy,Colorado Rapids,7,4,,,engsoccerdata,,,,
esd-394,1998-05-05,1998,regular,New York Red Bulls,FC Dallas,0,1,,,engsoccerdata,,,,
esd-395,1998-05-08,1998,regular,Colorado Rapids,San Jose Earthquakes,2,3,,,engsoccerdata,,,,
esd-396,1998-05-08,1998,regular,DC United,New York Red Bulls,2,0,,,engsoccerdata,,,,
esd-397,1998-05-08,1998,regular,Miami Fusion,Columbus Crew,2,0,,,engsoccerdata,,,,
esd-398,1998-05-09,1998,regular,New England Revolution,Tampa Bay Mutiny,4,3,,,engsoccerdata,,,,
esd-399,1998-05-12,1998,regular,DC United,New England Revolution,3,2,,,engsoccerdata,,,,
esd-400,1998-05-12,1998,regular,Tampa Bay Mutiny,Sporting Kansas City,2,1,,,engsoccerdata,,,,
esd-401,1998-05-15,1998,regular,FC Dallas,Colorado Rapids,2,1,,,engsoccerdata,,,,
esd-402,1998-05-15,1998,regular,San Jose Earthquakes,Miami Fusion,2,0,,,engsoccerdata,,,,
esd-403,1998-05-15,1998,regular,Tampa Bay Mutiny,Chicago Fire,1,2,,,engsoccerdata,,,,
esd-404,1998-05-15,1998,regular,New England Revolution,Sporting Kansas City,1,3,,,engsoccerdata,,,,
esd-405,1998-05-15,1998,regular,New York Red Bulls,DC United,4,3,,,engsoccerdata,,,,
esd-406,1998-05-16,1998,regular,Columbus Crew,LA Galaxy,2,4,,,engsoccerdata,,,,
esd-407,1998-05-19,1998,regular,Chicago Fire,LA Galaxy,3,1,,,engsoccerdata,,,,
esd-408,1998-05-19,1998,regular,FC Dallas,Sporting Kansas City,1,2,,,engsoccerdata,,,,
esd-409,1998-05-21,1998,regular,New England Revolution,Columbus Crew,0,2,,,engsoccerdata,,,,
esd-410,1998-05-22,1998,regular,Chicago Fire,Colorado Rapids,5,0,,,engsoccerdata,,,,
esd-411,1998-05-22,1998,regular,DC United,Tampa Bay Mutiny,3,2,,,engsoccerdata,,,,
esd-412,1998-05-22,1998,regular,LA Galaxy,FC Dallas,4,1,,,engsoccerdata,,,,
esd-413,1998-05-22,1998,regular,New York Red Bulls,Miami Fusion,4,2,,,engsoccerdata,,,,
esd-414,1998-05-22,1998,regular,Sporting Kansas City,San Jose Earthquakes,0,1,,,engsoccerdata,,,,
esd-415,1998-05-26,1998,regular,Sporting Kansas City,Columbus Crew,2,1,,,engsoccerdata,,,,
esd-416,1998-05-27,1998,regular,Colorado Rapids,Miami Fusion,3,0,,,engsoccerdata,,,,
esd-417,1998-05-29,1998,regular,Columbus Crew,San Jose Earthquakes,4,1,,,engsoccerdata,,,,
esd-418,1998-05-29,1998,regular,LA Galaxy,Chicago Fire,1,2,,,engsoccerdata,,,,
esd-419,1998-05-29,1998,regular,Tampa Bay Mutiny,DC United,1,2,,,engsoccerdata,,,,
esd-420,1998-05-30,1998,regular,Colorado Rapids,Sporting Kansas City,2,1,,,engsoccerdata,,,,
esd-421,1998-05-30,1998,regular,FC Dallas,Miami Fusion,2,0,,,engsoccerdata,,,,
esd-422,1998-05-30,1998,regular,New England Revolution,New York Red Bulls,1,2,,,engsoccerdata,,,,
esd-423,1998-06-02,1998,regular,San Jose Earthquakes,DC United,0,4,,,engsoccerdata,,,,
esd-424,1998-06-02,1998,regular,New York Red Bulls,Tampa Bay Mutiny,1,2,,,engsoccerdata,,,,
esd-425,1998-06-03,1998,regular,FC Dallas,LA Galaxy,1,8,,,engsoccerdata,,,,
esd-426,1998-06-05,1998,regular,Chicago Fire,Columbus Crew,2,0,,,engsoccerdata,,,,
esd-427,1998-06-05,1998,regular,Colorado Rapids,San Jose Earthquakes,2,0,,,engsoccerdata,,,,
esd-428,1998-06-05,1998,regular,Sporting Kansas City,Tampa Bay Mutiny,1,0,,,engsoccerdata,,,,
esd-429,1998-06-06,1998,regular,DC United,FC Dallas,4,5,,,engsoccerdata,,,,
esd-430,1998-06-06,1998,regular,LA Galaxy,New England Revolution,5,1,,,engsoccerdata,,,,
esd-431,1998-06-06,1998,regular,Miami Fusion,New York Red Bulls,1,2,,,engsoccerdata,,,,
esd-432,1998-06-10,1998,regular,Chicago Fire,San Jose Earthquakes,5,2,,,engsoccerdata,,,,
esd-433,1998-06-12,1998,regular,Columbus Crew,DC United,3,4,,,engsoccerdata,,,,
esd-434,1998-06-12,1998,regular,New York Red Bulls,Miami Fusion,3,1,,,engsoccerdata,,,,
esd-435,1998-06-13,1998,regular,New England Revolution,Chicago Fire,1,3,,,engsoccerdata,,,,
esd-436,1998-06-16,1998,regular,Chicago Fire,FC Dallas,1,0,,,engsoccerdata,,,,
esd-437,1998-06-17,1998,regular,LA Galaxy,Colorado Rapids,2,1,,,engsoccerdata,,,,
esd-438,1998-06-19,1998,regular,Columbus Crew,New York Red Bulls,2,1,,,engsoccerdata,,,,
esd-439,1998-06-20,1998,regular,FC Dallas,Tampa Bay Mutiny,0,1,,,engsoccerdata,,,,
esd-440,1998-06-23,1998,regular,Chicago Fire,Sporting Kansas City,4,1,,,engsoccerdata,,,,
esd-441,1998-06-23,1998,regular,New York Red Bulls,New England Revolution,5,3,,,engsoccerdata,,,,
esd-442,1998-06-24,1998,regular,Colorado Rapids,DC United,3,1,,,engsoccerdata,,,,
esd-443,1998-06-26,1998,regular,San Jose Earthquakes,LA Galaxy,1,2,,,engsoccerdata,,,,
esd-444,1998-06-26,1998,regular,Miami Fusion,Tampa Bay Mutiny,2,1,,,engsoccerdata,,,,
esd-445,1998-06-26,1998,regular,New England Revolution,FC Dallas,3,4,,,engsoccerdata,,,,
esd-446,1998-06-30,1998,regular,Chicago Fire,FC Dallas,4,1,,,engsoccerdata,,,,
esd-447,1998-06-30,1998,regular,Sporting Kansas City,New England Revolution,1,0,,,engsoccerdata,,,,
esd-448,1998-07-01,1998,regular,DC United,Miami Fusion,3,1,,,engsoccerdata,,,,
esd-449,1998-07-02,1998,regular,San Jose Earthquakes,Columbus Crew,2,1,,,engsoccerdata,,,,
esd-450,1998-07-03,1998,regular,Colorado Rapids,New York Red Bulls,1,0,,,engsoccerdata,,,,
esd-451,1998-07-03,1998,regular,FC Dallas,Chicago Fire,0,1,,,engsoccerdata,,,,
esd-452,1998-07-03,1998,regular,LA Galaxy,Sporting Kansas City,2,0,,,engsoccerdata,,,,
esd-453,1998-07-03,1998,regular,Tampa Bay Mutiny,New England Revolution,2,3,,,engsoccerdata,,,,
esd-454,1998-07-08,1998,regular,Columbus Crew,Chicago Fire,3,0,,,engsoccerdata,,,,
esd-455,1998-07-10,1998,regular,Colorado Rapids,New England Revolution,2,1,,,engsoccerdata,,,,
esd-456,1998-07-10,1998,regular,DC United,LA Galaxy,3,0,,,engsoccerdata,,,,
esd-457,1998-07-10,1998,regular,New York Red Bulls,Tampa Bay Mutiny,1,2,,,engsoccerdata,,,,
esd-458,1998-07-10,1998,regular,Sporting Kansas City,FC Dallas,2,0,,,engsoccerdata,,,,
esd-459,1998-07-14,1998,regular,Miami Fusion,San Jose Earthquakes,3,2,,,engsoccerdata,,,,
esd-460,1998-07-14,1998,regular,Tampa Bay Mutiny,LA Galaxy,1,3,,,engsoccerdata,,,,
esd-461,1998-07-14,1998,regular,New England Revolution,DC United,0,1,,,engsoccerdata,,,,
esd-462,1998-07-17,1998,regular,DC United,Chicago Fire,4,1,,,engsoccerdata,,,,
esd-463,1998-07-17,1998,regular,FC Dallas,New England Revolution,1,3,,,engsoccerdata,,,,
esd-464,1998-07-17,1998,regular,San Jose Earthquakes,Tampa Bay Mutiny,0,1,,,engsoccerdata,,,,
esd-465,1998-07-17,1998,regular,LA Galaxy,Miami Fusion,2,3,,,engsoccerdata,,,,
esd-466,1998-07-18,1998,regular,New York Red Bulls,Columbus Crew,3,0,,,engsoccerdata,,,,
esd-467,1998-07-18,1998,regular,Sporting Kansas City,Colorado Rapids,4,1,,,engsoccerdata,,,,
esd-468,1998-07-24,1998,regular,Columbus Crew,FC Dallas,1,2,,,engsoccerdata,,,,
esd-469,1998-07-24,1998,regular,San Jose Earthquakes,Sporting Kansas City,2,1,,,engsoccerdata,,,,
esd-470,1998-07-24,1998,regular,LA Galaxy,DC United,0,1,,,engsoccerdata,,,,
esd-471,1998-07-24,1998,regular,Tampa Bay Mutiny,Colorado Rapids,2,3,,,engsoccerdata,,,,
esd-472,1998-07-24,1998,regular,New York Red Bulls,Chicago Fire,3,2,,,engsoccerdata,,,,
esd-473,1998-07-25,1998,regular,New England Revolution,Miami Fusion,1,2,,,engsoccerdata,,,,
esd-474,1998-07-28,1998,regular,DC United,Tampa Bay Mutiny,3,2,,,engsoccerdata,,,,
esd-475,1998-07-28,1998,regular,FC Dallas,LA Galaxy,3,0,,,engsoccerdata,,,,
esd-476,1998-07-28,1998,regular,San Jose Earthquakes,Chicago Fire,3,0,,,engsoccerdata,,,,
esd-477,1998-07-28,1998,regular,Miami Fusion,Columbus Crew,3,2,,,engsoccerdata,,,,
esd-478,1998-07-28,1998,regular,New England Revolution,Colorado Rapids,1,3,,,engsoccerdata,,,,
esd-479,1998-07-28,1998,regular,New York Red Bulls,Sporting Kansas City,3,2,,,engsoccerdata,,,,
esd-480,1998-08-04,1998,regular,Colorado Rapids,LA Galaxy,1,6,,,engsoccerdata,,,,
esd-481,1998-08-04,1998,regular,New England Revolution,San Jose Earthquakes,3,0,,,engsoccerdata,,,,
esd-482,1998-08-05,1998,regular,Tampa Bay Mutiny,Miami Fusion,3,1,,,engsoccerdata,,,,
esd-483,1998-08-06,1998,regular,FC Dallas,DC United,0,1,,,engsoccerdata,,,,
esd-484,1998-08-07,1998,regular,Chicago Fire,LA Galaxy,1,2,,,engsoccerdata,,,,
esd-485,1998-08-07,1998,regular,Columbus Crew,New England Revolution,6,1,,,engsoccerdata,,,,
esd-486,1998-08-07,1998,regular,Sporting Kansas City,Colorado Rapids,3,1,,,engsoccerdata,,,,
esd-487,1998-08-08,1998,regular,San Jose Earthquakes,New York Red Bulls,5,1,,,engsoccerdata,,,,
esd-488,1998-08-11,1998,regular,New York Red Bulls,Columbus Crew,3,1,,,engsoccerdata,,,,
esd-489,1998-08-12,1998,regular,LA Galaxy,Sporting Kansas City,3,0,,,engsoccerdata,,,,
esd-490,1998-08-13,1998,regular,Tampa Bay Mutiny,New England Revolution,1,2,,,engsoccerdata,,,,
esd-491,1998-08-14,1998,regular,Chicago Fire,San Jose Earthquakes,2,1,,,engsoccerdata,,,,
esd-492,1998-08-14,1998,regular,Colorado Rapids,FC Dallas,0,1,,,engsoccerdata,,,,
esd-493,1998-08-14,1998,regular,Miami Fusion,New York Red Bulls,3,1,,,engsoccerdata,,,,
esd-494,1998-08-15,1998,regular,Columbus Crew,Sporting Kansas City,5,3,,,engsoccerdata,,,,
esd-495,1998-08-17,1998,regular,New York Red Bulls,Colorado Rapids,4,1,,,engsoccerdata,,,,
esd-496,1998-08-18,1998,regular,Miami Fusion,FC Dallas,2,1,,,engsoccerdata,,,,
esd-497,1998-08-20,1998,regular,Colorado Rapids,Chicago Fire,0,2,,,engsoccerdata,,,,
esd-498,1998-08-21,1998,regular,Columbus Crew,Tampa Bay Mutiny,3,1,,,engsoccerdata,,,,
esd-499,1998-08-21,1998,regular,DC United,New York Red Bulls,2,1,,,engsoccerdata,,,,
esd-500,1998-08-21,1998,regular,San Jose Earthquakes,FC Dallas,2,1,,,engsoccerdata,,,,
esd-501,1998-08-21,1998,regular,New England Revolution,LA Galaxy,1,5,,,engsoccerdata,,,,
esd-502,1998-08-22,1998,regular,Sporting Kansas City,Miami Fusion,2,0,,,engsoccerdata,,,,
esd-503,1998-08-25,1998,regular,Sporting Kansas City,DC United,1,2,,,engsoccerdata,,,,
esd-504,1998-08-28,1998,regular,FC Dallas,New York Red Bulls,2,0,,,engsoccerdata,,,,
esd-505,1998-08-28,1998,regular,San Jose Earthquakes,Colorado Rapids,1,3,,,engsoccerdata,,,,
esd-506,1998-08-28,1998,regular,LA Galaxy,Columbus Crew,0,3,,,engsoccerdata,,,,
esd-507,1998-08-28,1998,regular,Tampa Bay Mutiny,DC United,3,2,,,engsoccerdata,,,,
esd-508,1998-08-28,1998,regular,Sporting Kansas City,Chicago Fire,2,3,,,engsoccerdata,,,,
esd-509,1998-08-29,1998,regular,Miami Fusion,New England Revolution,3,2,,,engsoccerdata,,,,
esd-510,1998-09-01,1998,regular,Chicago Fire,Miami Fusion,3,2,,,engsoccerdata,,,,
esd-511,1998-09-01,1998,regular,Colorado Rapids,Sporting Kansas City,3,2,,,engsoccerdata,,,,
esd-512,1998-09-01,1998,regular,LA Galaxy,FC Dallas,3,0,,,engsoccerdata,,,,
esd-513,1998-09-01,1998,regular,New York Red Bulls,New England Revolution,0,2,,,engsoccerdata,,,,
esd-514,1998-09-02,1998,regular,Tampa Bay Mutiny,San Jose Earthquakes,2,1,,,engsoccerdata,,,,
esd-515,1998-09-04,1998,regular,Miami Fusion,LA Galaxy,3,5,,,engsoccerdata,,,,
esd-516,1998-09-04,1998,regular,Sporting Kansas City,San Jose Earthquakes,5,1,,,engsoccerdata,,,,
esd-517,1998-09-05,1998,regular,Columbus Crew,New York Red Bulls,4,3,,,engsoccerdata,,,,
esd-518,1998-09-08,1998,regular,Columbus Crew,Miami Fusion,1,0,,,engsoccerdata,,,,
esd-519,1998-09-09,1998,regular,FC Dallas,Chicago Fire,3,2,,,engsoccerdata,,,,
esd-520,1998-09-11,1998,regular,New England Revolution,Columbus Crew,2,0,,,engsoccerdata,,,,
esd-521,1998-09-12,1998,regular,Chicago Fire,Colorado Rapids,3,1,,,engsoccerdata,,,,
esd-522,1998-09-12,1998,regular,FC Dallas,San Jose Earthquakes,1,3,,,engsoccerdata,,,,
esd-523,1998-09-12,1998,regular,Miami Fusion,DC United,4,3,,,engsoccerdata,,,,
esd-524,1998-09-12,1998,regular,Tampa Bay Mutiny,New York Red Bulls,2,1,,,engsoccerdata,,,,
esd-525,1998-09-15,1998,regular,Columbus Crew,Colorado Rapids,2,4,,,engsoccerdata,,,,
esd-526,1998-09-15,1998,regular,San Jose Earthquakes,LA Galaxy,0,1,,,engsoccerdata,,,,
esd-527,1998-09-15,1998,regular,New York Red Bulls,DC United,0,5,,,engsoccerdata,,,,
esd-528,1998-09-16,1998,regular,Chicago Fire,Sporting Kansas City,1,0,,,engsoccerdata,,,,
esd-529,1998-09-18,1998,regular,Colorado Rapids,Columbus Crew,2,1,,,engsoccerdata,,,,
esd-530,1998-09-18,1998,regular,DC United,Miami Fusion,1,3,,,engsoccerdata,,,,
esd-531,1998-09-18,1998,regular,New England Revolution,Tampa Bay Mutiny,3,0,,,engsoccerdata,,,,
esd-532,1998-09-18,1998,regular,Sporting Kansas City,FC Dallas,0,1,,,engsoccerdata,,,,
esd-533,1998-09-19,1998,regular,LA Galaxy,San Jose Earthquakes,0,1,,,engsoccerdata,,,,
esd-534,1998-09-22,1998,regular,Chicago Fire,New England Revolution,3,2,,,engsoccerdata,,,,
esd-535,1998-09-23,1998,regular,Columbus Crew,Tampa Bay Mutiny,3,4,,,engsoccerdata,,,,
esd-536,1998-09-25,1998,regular,Colorado Rapids,FC Dallas,3,1,,,engsoccerdata,,,,
esd-537,1998-09-25,1998,regular,New England Revolution,New York Red Bulls,0,1,,,engsoccerdata,,,,
esd-538,1998-09-26,1998,regular,DC United,Columbus Crew,3,2,,,engsoccerdata,,,,
esd-539,1998-09-26,1998,regular,San Jose Earthquakes,Sporting Kansas City,2,0,,,engsoccerdata,,,,
esd-540,1998-09-26,1998,regular,LA Galaxy,Chicago Fire,1,0,,,engsoccerdata,,,,
esd-541,1998-09-26,1998,regular,Miami Fusion,Tampa Bay Mutiny,1,3,,,engsoccerdata,,,,
esd-542,1998-09-29,1998,postseason,Columbus Crew,New York Red Bulls,5,3,,,engsoccerdata,,,,
esd-543,1998-09-29,1998,postseason,DC United,Miami Fusion,2,1,,,engsoccerdata,,,,
esd-544,1998-09-30,1998,postseason,Chicago Fire,Colorado Rapids,2,1,,,engsoccerdata,,,,
esd-545,1998-09-30,1998,postseason,LA Galaxy,FC Dallas,6,1,,,engsoccerdata,,,,
esd-546,1998-10-02,1998,postseason,New York Red Bulls,Columbus Crew,1,2,,pens,engsoccerdata,,,,
esd-547,1998-10-03,1998,postseason,FC Dallas,LA Galaxy,2,3,,,engsoccerdata,,,,
esd-548,1998-10-03,1998,postseason,Miami Fusion,DC United,0,1,,pens,engsoccerdata,,,,
esd-549,1998-10-04,1998,postseason,Colorado Rapids,Chicago Fire,0,1,,,engsoccerdata,,,,
esd-550,1998-10-09,1998,postseason,LA Galaxy,Chicago Fire,0,1,,,engsoccerdata,,,,
esd-551,1998-10-10,1998,postseason,DC United,Columbus Crew,2,0,,,engsoccerdata,,,,
esd-552,1998-10-15,1998,postseason,Chicago Fire,LA Galaxy,2,1,,pens,engsoccerdata,,,,
esd-553,1998-10-17,1998,postseason,Columbus Crew,DC United,4,2,,,engsoccerdata,,,,
esd-554,1998-10-20,1998,postseason,DC United,Columbus Crew,3,0,,,engsoccerdata,,,,
esd-555,1998-10-24,1998,postseason,Chicago Fire,DC United,2,0,1,,engsoccerdata,,,,
esd-556,1999-03-19,1999,regular,FC Dallas,Sporting Kansas City,4,0,,,engsoccerdata,,,,
esd-557,1999-03-19,1999,regular,San Jose Earthquakes,Chicago Fire,1,3,,,engsoccerdata,,,,
esd-558,1999-03-19,1999,regular,LA Galaxy,Colorado Rapids,2,1,,,engsoccerdata,,,,
esd-559,1999-03-19,1999,regular,Miami Fusion,New York Red Bulls,2,3,,,engsoccerdata,,,,
esd-560,1999-03-19,1999,regular,Tampa Bay Mutiny,DC United,2,5,,,engsoccerdata,,,,
esd-561,1999-03-26,1999,regular,San Jose Earthquakes,Colorado Rapids,3,2,,,engsoccerdata,,,,
esd-562,1999-03-26,1999,regular,Sporting Kansas City,Chicago Fire,0,3,,,engsoccerdata,,,,
esd-563,1999-03-27,1999,regular,LA Galaxy,FC Dallas,1,0,,,engsoccerdata,,,,
esd-564,1999-03-27,1999,regular,Miami Fusion,New England Revolution,2,1,,,engsoccerdata,,,,
esd-565,1999-03-27,1999,regular,New York Red Bulls,Columbus Crew,1,0,,,engsoccerdata,,,,
esd-566,1999-04-02,1999,regular,San Jose Earthquakes,LA Galaxy,2,1,,,engsoccerdata,,,,
esd-567,1999-04-02,1999,regular,Miami Fusion,Chicago Fire,1,4,,,engsoccerdata,,,,
esd-568,1999-04-02,1999,regular,Tampa Bay Mutiny,Columbus Crew,2,3,,,engsoccerdata,,,,
esd-569,1999-04-02,1999,regular,New York Red Bulls,DC United,0,1,,,engsoccerdata,,,,
esd-570,1999-04-02,1999,regular,Sporting Kansas City,New England Revolution,0,1,,,engsoccerdata,,,,
esd-571,1999-04-07,1999,regular,LA Galaxy,Columbus Crew,1,2,,,engsoccerdata,,,,
esd-572,1999-04-09,1999,regular,Chicago Fire,FC Dallas,0,1,,,engsoccerdata,,,,
esd-573,1999-04-09,1999,regular,Colorado Rapids,Miami Fusion,4,1,,,engsoccerdata,,,,
esd-574,1999-04-09,1999,regular,New England Revolution,DC United,2,3,,,engsoccerdata,,,,
esd-575,1999-04-09,1999,regular,Sporting Kansas City,San Jose Earthquakes,1,2,,,engsoccerdata,,,,
esd-576,1999-04-10,1999,regular,Tampa Bay Mutiny,New York Red Bulls,1,2,,,engsoccerdata,,,,
esd-577,1999-04-14,1999,regular,Miami Fusion,FC Dallas,2,1,,,engsoccerdata,,,,
esd-578,1999-04-16,1999,regular,Chicago Fire,LA Galaxy,1,0,,,engsoccerdata,,,,
esd-579,1999-04-16,1999,regular,Colorado Rapids,Sporting Kansas City,2,1,,,engsoccerdata,,,,
esd-580,1999-04-16,1999,regular,DC United,San Jose Earthquakes,1,2,,,engsoccerdata,,,,
esd-581,1999-04-16,1999,regular,New England Revolution,Columbus Crew,0,1,,,engsoccerdata,,,,
esd-582,1999-04-17,1999,regular,FC Dallas,Tampa Bay Mutiny,2,1,,,engsoccerdata,,,,
esd-583,1999-04-23,1999,regular,DC United,New England Revolution,2,3,,,engsoccerdata,,,,
esd-584,1999-04-23,1999,regular,FC Dallas,Columbus Crew,2,0,,,engsoccerdata,,,,
esd-585,1999-04-23,1999,regular,LA Galaxy,San Jose Earthquakes,1,0,,,engsoccerdata,,,,
esd-586,1999-04-23,1999,regular,Miami Fusion,Sporting Kansas City,1,0,,,engsoccerdata,,,,
esd-587,1999-04-24,1999,regular,New York Red Bulls,Tampa Bay Mutiny,0,1,,,engsoccerdata,,,,
esd-588,1999-04-27,1999,regular,Sporting Kansas City,Columbus Crew,0,1,,,engsoccerdata,,,,
esd-589,1999-04-29,1999,regular,San Jose Earthquakes,FC Dallas,2,1,,,engsoccerdata,,,,
esd-590,1999-04-30,1999,regular,Chicago Fire,DC United,3,2,,,engsoccerdata,,,,
esd-591,1999-04-30,1999,regular,Tampa Bay Mutiny,Miami Fusion,2,1,,,engsoccerdata,,,,
esd-592,1999-04-30,1999,regular,New England Revolution,Colorado Rapids,1,2,,,engsoccerdata,,,,
esd-593,1999-04-30,1999,regular,New York Red Bulls,LA Galaxy,0,1,,,engsoccerdata,,,,
esd-594,1999-05-07,1999,regular,DC United,New York Red Bulls,2,1,,,engsoccerdata,,,,
esd-595,1999-05-07,1999,regular,FC Dallas,Colorado Rapids,1,2,,,engsoccerdata,,,,
esd-596,1999-05-07,1999,regular,Tampa Bay Mutiny,Chicago Fire,2,1,,,engsoccerdata,,,,
esd-597,1999-05-07,1999,regular,New England Revolution,Miami Fusion,1,0,,,engsoccerdata,,,,
esd-598,1999-05-07,1999,regular,Sporting Kansas City,LA Galaxy,2,1,,,engsoccerdata,,,,
esd-599,1999-05-08,1999,regular,San Jose Earthquakes,Columbus Crew,1,2,,,engsoccerdata,,,,
esd-600,1999-05-14,1999,regular,Columbus Crew,New England Revolution,2,0,,,engsoccerdata,,,,
esd-601,1999-05-14,1999,regular,FC Dallas,San Jose Earthquakes,2,1,,,engsoccerdata,,,,
esd-602,1999-05-14,1999,regular,LA Galaxy,Tampa Bay Mutiny,0,1,,,engsoccerdata,,,,
esd-603,1999-05-14,1999,regular,New York Red Bulls,Miami Fusion,3,2,,,engsoccerdata,,,,
esd-604,1999-05-14,1999,regular,Sporting Kansas City,DC United,3,4,,,engsoccerdata,,,,
esd-605,1999-05-15,1999,regular,Chicago Fire,Colorado Rapids,0,1,,,engsoccerdata,,,,
esd-606,1999-05-21,1999,regular,Chicago Fire,Sporting Kansas City,3,1,,,engsoccerdata,,,,
esd-607,1999-05-21,1999,regular,Colorado Rapids,New York Red Bulls,2,0,,,engsoccerdata,,,,
esd-608,1999-05-21,1999,regular,Columbus Crew,Tampa Bay Mutiny,0,1,,,engsoccerdata,,,,
esd-609,1999-05-21,1999,regular,San Jose Earthquakes,FC Dallas,2,1,,,engsoccerdata,,,,
esd-610,1999-05-21,1999,regular,Miami Fusion,DC United,1,3,,,engsoccerdata,,,,
esd-611,1999-05-22,1999,regular,LA Galaxy,New England Revolution,1,0,,,engsoccerdata,,,,
esd-612,1999-05-25,1999,regular,FC Dallas,Miami Fusion,2,1,,,engsoccerdata,,,,
esd-613,1999-05-26,1999,regular,Colorado Rapids,San Jose Earthquakes,4,2,,,engsoccerdata,,,,
esd-614,1999-05-28,1999,regular,Columbus Crew,LA Galaxy,2,1,,,engsoccerdata,,,,
esd-615,1999-05-28,1999,regular,DC United,Chicago Fire,3,1,,,engsoccerdata,,,,
esd-616,1999-05-28,1999,regular,Miami Fusion,Tampa Bay Mutiny,2,1,,,engsoccerdata,,,,
esd-617,1999-05-28,1999,regular,New York Red Bulls,New England Revolution,3,4,,,engsoccerdata,,,,
esd-618,1999-06-02,1999,regular,San Jose Earthquakes,Colorado Rapids,4,3,,,engsoccerdata,,,,
esd-619,1999-06-04,1999,regular,DC United,Columbus Crew,1,0,,,engsoccerdata,,,,
esd-620,1999-06-04,1999,regular,Tampa Bay Mutiny,Miami Fusion,1,0,,,engsoccerdata,,,,
esd-621,1999-06-04,1999,regular,New England Revolution,Chicago Fire,2,0,,,engsoccerdata,,,,
esd-622,1999-06-04,1999,regular,New York Red Bulls,FC Dallas,2,5,,,engsoccerdata,,,,
esd-623,1999-06-05,1999,regular,LA Galaxy,Sporting Kansas City,1,0,,,engsoccerdata,,,,
esd-624,1999-06-09,1999,regular,DC United,Miami Fusion,3,1,,,engsoccerdata,,,,
esd-625,1999-06-11,1999,regular,San Jose Earthquakes,Tampa Bay Mutiny,2,1,,,engsoccerdata,,,,
esd-626,1999-06-11,1999,regular,LA Galaxy,Chicago Fire,2,1,,,engsoccerdata,,,,
esd-627,1999-06-11,1999,regular,New York Red Bulls,Colorado Rapids,0,1,,,engsoccerdata,,,,
esd-628,1999-06-11,1999,regular,Sporting Kansas City,FC Dallas,1,0,,,engsoccerdata,,,,
esd-629,1999-06-12,1999,regular,Columbus Crew,DC United,1,2,,,engsoccerdata,,,,
esd-630,1999-06-12,1999,regular,New England Revolution,Miami Fusion,4,3,,,engsoccerdata,,,,
esd-631,1999-06-15,1999,regular,Columbus Crew,New England Revolution,2,1,,,engsoccerdata,,,,
esd-632,1999-06-15,1999,regular,FC Dallas,DC United,3,0,,,engsoccerdata,,,,
esd-633,1999-06-18,1999,regular,Chicago Fire,San Jose Earthquakes,2,0,,,engsoccerdata,,,,
esd-634,1999-06-18,1999,regular,Colorado Rapids,FC Dallas,2,1,,,engsoccerdata,,,,
esd-635,1999-06-18,1999,regular,DC United,LA Galaxy,1,2,,,engsoccerdata,,,,
esd-636,1999-06-18,1999,regular,Tampa Bay Mutiny,New England Revolution,2,3,,,engsoccerdata,,,,
esd-637,1999-06-19,1999,regular,Sporting Kansas City,New York Red Bulls,6,0,,,engsoccerdata,,,,
esd-638,1999-06-25,1999,regular,Colorado Rapids,Chicago Fire,2,0,,,engsoccerdata,,,,
esd-639,1999-06-25,1999,regular,Columbus Crew,New York Red Bulls,2,1,,,engsoccerdata,,,,
esd-640,1999-06-25,1999,regular,DC United,Sporting Kansas City,3,0,,,engsoccerdata,,,,
esd-641,1999-06-25,1999,regular,FC Dallas,New England Revolution,2,0,,,engsoccerdata,,,,
esd-642,1999-06-25,1999,regular,Miami Fusion,San Jose Earthquakes,1,2,,,engsoccerdata,,,,
esd-643,1999-06-26,1999,regular,Tampa Bay Mutiny,LA Galaxy,2,4,,,engsoccerdata,,,,
esd-644,1999-06-29,1999,regular,Columbus Crew,San Jose Earthquakes,4,3,,,engsoccerdata,,,,
esd-645,1999-06-29,1999,regular,New York Red Bulls,Tampa Bay Mutiny,2,1,,,engsoccerdata,,,,
esd-646,1999-07-01,1999,regular,Chicago Fire,FC Dallas,2,1,,,engsoccerdata,,,,
esd-647,1999-07-02,1999,regular,Tampa Bay Mutiny,Sporting Kansas City,1,2,,,engsoccerdata,,,,
esd-648,1999-07-03,1999,regular,Colorado Rapids,Columbus Crew,0,3,,,engsoccerdata,,,,
esd-649,1999-07-03,1999,regular,FC Dallas,Chicago Fire,1,2,,,engsoccerdata,,,,
esd-650,1999-07-03,1999,regular,San Jose Earthquakes,DC United,2,1,,,engsoccerdata,,,,
esd-651,1999-07-03,1999,regular,LA Galaxy,Miami Fusion,1,2,,,engsoccerdata,,,,
esd-652,1999-07-03,1999,regular,New England Revolution,New York Red Bulls,3,2,,,engsoccerdata,,,,
esd-653,1999-07-06,1999,regular,Columbus Crew,DC United,1,2,,,engsoccerdata,,,,
esd-654,1999-07-06,1999,regular,Sporting Kansas City,Colorado Rapids,1,2,,,engsoccerdata,,,,
esd-655,1999-07-07,1999,regular,Tampa Bay Mutiny,San Jose Earthquakes,2,1,,,engsoccerdata,,,,
esd-656,1999-07-09,1999,regular,Chicago Fire,New York Red Bulls,2,0,,,engsoccerdata,,,,
esd-657,1999-07-09,1999,regular,DC United,Colorado Rapids,1,2,,,engsoccerdata,,,,
esd-658,1999-07-09,1999,regular,FC Dallas,Sporting Kansas City,5,0,,,engsoccerdata,,,,
esd-659,1999-07-09,1999,regular,Miami Fusion,Columbus Crew,2,0,,,engsoccerdata,,,,
esd-660,1999-07-10,1999,regular,New England Revolution,LA Galaxy,2,5,,,engsoccerdata,,,,
esd-661,1999-07-21,1999,regular,Sporting Kansas City,Tampa Bay Mutiny,4,3,,,engsoccerdata,,,,
esd-662,1999-07-22,1999,regular,Chicago Fire,San Jose Earthquakes,2,3,,,engsoccerdata,,,,
esd-663,1999-07-23,1999,regular,Columbus Crew,FC Dallas,4,1,,,engsoccerdata,,,,
esd-664,1999-07-23,1999,regular,New York Red Bulls,Miami Fusion,0,1,,,engsoccerdata,,,,
esd-665,1999-07-24,1999,regular,Colorado Rapids,Tampa Bay Mutiny,2,3,,,engsoccerdata,,,,
esd-666,1999-07-24,1999,regular,LA Galaxy,Sporting Kansas City,2,1,,,engsoccerdata,,,,
esd-667,1999-07-24,1999,regular,New England Revolution,DC United,0,2,,,engsoccerdata,,,,
esd-668,1999-07-27,1999,regular,Colorado Rapids,LA Galaxy,1,0,,,engsoccerdata,,,,
esd-669,1999-07-28,1999,regular,Miami Fusion,Tampa Bay Mutiny,3,2,,,engsoccerdata,,,,
esd-670,1999-07-30,1999,regular,Chicago Fire,LA Galaxy,0,1,,,engsoccerdata,,,,
esd-671,1999-07-30,1999,regular,FC Dallas,Colorado Rapids,0,2,,,engsoccerdata,,,,
esd-672,1999-07-30,1999,regular,Tampa Bay Mutiny,New England Revolution,4,1,,,engsoccerdata,,,,
esd-673,1999-07-30,1999,regular,Sporting Kansas City,San Jose Earthquakes,3,2,,,engsoccerdata,,,,
esd-674,1999-07-31,1999,regular,Columbus Crew,Miami Fusion,4,0,,,engsoccerdata,,,,
esd-675,1999-08-03,1999,regular,FC Dallas,New York Red Bulls,2,0,,,engsoccerdata,,,,
esd-676,1999-08-04,1999,regular,Sporting Kansas City,Chicago Fire,1,2,,,engsoccerdata,,,,
esd-677,1999-08-05,1999,regular,Colorado Rapids,New England Revolution,1,0,,,engsoccerdata,,,,
esd-678,1999-08-06,1999,regular,San Jose Earthquakes,LA Galaxy,1,4,,,engsoccerdata,,,,
esd-679,1999-08-06,1999,regular,Miami Fusion,New York Red Bulls,2,0,,,engsoccerdata,,,,
esd-680,1999-08-07,1999,regular,Chicago Fire,Colorado Rapids,5,0,,,engsoccerdata,,,,
esd-681,1999-08-07,1999,regular,Columbus Crew,Sporting Kansas City,2,1,,,engsoccerdata,,,,
esd-682,1999-08-07,1999,regular,DC United,Tampa Bay Mutiny,3,2,,,engsoccerdata,,,,
esd-683,1999-08-10,1999,regular,New York Red Bulls,DC United,1,4,,,engsoccerdata,,,,
esd-684,1999-08-11,1999,regular,New England Revolution,San Jose Earthquakes,1,2,,,engsoccerdata,,,,
esd-685,1999-08-12,1999,regular,Tampa Bay Mutiny,Colorado Rapids,0,1,,,engsoccerdata,,,,
esd-686,1999-08-13,1999,regular,DC United,Columbus Crew,2,1,,,engsoccerdata,,,,
esd-687,1999-08-13,1999,regular,LA Galaxy,FC Dallas,2,0,,,engsoccerdata,,,,
esd-688,1999-08-13,1999,regular,New York Red Bulls,Sporting Kansas City,1,2,,,engsoccerdata,,,,
esd-689,1999-08-14,1999,regular,Chicago Fire,Miami Fusion,1,2,,,engsoccerdata,,,,
esd-690,1999-08-17,1999,regular,Colorado Rapids,FC Dallas,0,3,,,engsoccerdata,,,,
esd-691,1999-08-17,1999,regular,New England Revolution,Tampa Bay Mutiny,0,1,,,engsoccerdata,,,,
esd-692,1999-08-17,1999,regular,New York Red Bulls,Columbus Crew,2,4,,,engsoccerdata,,,,
esd-693,1999-08-20,1999,regular,San Jose Earthquakes,New England Revolution,2,1,,,engsoccerdata,,,,
esd-694,1999-08-20,1999,regular,LA Galaxy,New York Red Bulls,4,1,,,engsoccerdata,,,,
esd-695,1999-08-20,1999,regular,Miami Fusion,DC United,2,3,,,engsoccerdata,,,,
esd-696,1999-08-21,1999,regular,Columbus Crew,Tampa Bay Mutiny,1,2,,,engsoccerdata,,,,
esd-697,1999-08-21,1999,regular,FC Dallas,Chicago Fire,4,3,,,engsoccerdata,,,,
esd-698,1999-08-24,1999,regular,Chicago Fire,Sporting Kansas City,2,0,,,engsoccerdata,,,,
esd-699,1999-08-24,1999,regular,DC United,Miami Fusion,3,1,,,engsoccerdata,,,,
esd-700,1999-08-24,1999,regular,New York Red Bulls,New England Revolution,1,2,,,engsoccerdata,,,,
esd-701,1999-08-26,1999,regular,Tampa Bay Mutiny,Columbus Crew,2,1,,,engsoccerdata,,,,
esd-702,1999-08-27,1999,regular,Chicago Fire,New England Revolution,2,1,,,engsoccerdata,,,,
esd-703,1999-08-27,1999,regular,Colorado Rapids,DC United,0,1,,,engsoccerdata,,,,
esd-704,1999-08-27,1999,regular,FC Dallas,LA Galaxy,1,0,,,engsoccerdata,,,,
esd-705,1999-08-27,1999,regular,San Jose Earthquakes,New York Red Bulls,2,1,,,engsoccerdata,,,,
esd-706,1999-08-28,1999,regular,Sporting Kansas City,Miami Fusion,2,0,,,engsoccerdata,,,,
esd-707,1999-08-31,1999,regular,LA Galaxy,San Jose Earthquakes,3,1,,,engsoccerdata,,,,
esd-708,1999-09-03,1999,regular,Columbus Crew,Colorado Rapids,2,1,,,engsoccerdata,,,,
esd-709,1999-09-03,1999,regular,DC United,FC Dallas,4,1,,,engsoccerdata,,,,
esd-710,1999-09-03,1999,regular,San Jose Earthquakes,Sporting Kansas City,2,0,,,engsoccerdata,,,,
esd-711,1999-09-03,1999,regular,Miami Fusion,LA Galaxy,1,2,,,engsoccerdata,,,,
esd-712,1999-09-03,1999,regular,New England Revolution,Tampa Bay Mutiny,1,5,,,engsoccerdata,,,,
esd-713,1999-09-03,1999,regular,New York Red Bulls,Chicago Fire,1,2,,,engsoccerdata,,,,
esd-714,1999-09-07,1999,regular,New England Revolution,Sporting Kansas City,3,2,,,engsoccerdata,,,,
esd-715,1999-09-10,1999,regular,Colorado Rapids,Sporting Kansas City,1,0,,,engsoccerdata,,,,
esd-716,1999-09-10,1999,regular,FC Dallas,San Jose Earthquakes,1,0,,,engsoccerdata,,,,
esd-717,1999-09-10,1999,regular,LA Galaxy,Chicago Fire,1,0,,,engsoccerdata,,,,
esd-718,1999-09-10,1999,regular,Miami Fusion,New England Revolution,2,1,,,engsoccerdata,,,,
esd-719,1999-09-10,1999,regular,Tampa Bay Mutiny,DC United,1,2,,,engsoccerdata,,,,
esd-720,1999-09-11,1999,regular,Columbus Crew,New York Red Bulls,1,2,,,engsoccerdata,,,,
esd-721,1999-09-17,1999,regular,Colorado Rapids,LA Galaxy,1,0,,,engsoccerdata,,,,
esd-722,1999-09-17,1999,regular,DC United,New York Red Bulls,2,1,,,engsoccerdata,,,,
esd-723,1999-09-17,1999,regular,New England Revolution,Columbus Crew,0,1,,,engsoccerdata,,,,
esd-724,1999-09-17,1999,regular,Sporting Kansas City,FC Dallas,1,2,,,engsoccerdata,,,,
esd-725,1999-09-18,1999,regular,Chicago Fire,Tampa Bay Mutiny,2,1,,,engsoccerdata,,,,
esd-726,1999-09-18,1999,regular,San Jose Earthquakes,Miami Fusion,6,1,,,engsoccerdata,,,,
esd-727,1999-09-21,1999,regular,New York Red Bulls,San Jose Earthquakes,1,2,,,engsoccerdata,,,,
esd-728,1999-09-22,1999,regular,Chicago Fire,Columbus Crew,1,2,,,engsoccerdata,,,,
esd-729,1999-09-23,1999,regular,New England Revolution,FC Dallas,0,1,,,engsoccerdata,,,,
esd-730,1999-09-24,1999,regular,LA Galaxy,DC United,0,2,,,engsoccerdata,,,,
esd-731,1999-09-24,1999,regular,Tampa Bay Mutiny,New York Red Bulls,1,2,,,engsoccerdata,,,,
esd-732,1999-09-24,1999,regular,Sporting Kansas City,Colorado Rapids,0,1,,,engsoccerdata,,,,
esd-733,1999-09-25,1999,regular,Columbus Crew,Miami Fusion,2,1,,,engsoccerdata,,,,
esd-734,1999-09-25,1999,regular,San Jose Earthquakes,Chicago Fire,2,0,,,engsoccerdata,,,,
esd-735,1999-09-28,1999,regular,LA Galaxy,Colorado Rapids,4,0,,,engsoccerdata,,,,
esd-736,1999-09-30,1999,regular,Colorado Rapids,San Jose Earthquakes,1,0,,,engsoccerdata,,,,
esd-737,1999-10-01,1999,regular,New England Revolution,New York Red Bulls,2,1,,,engsoccerdata,,,,
esd-738,1999-10-02,1999,regular,FC Dallas,LA Galaxy,4,3,,,engsoccerdata,,,,
esd-739,1999-10-02,1999,regular,Miami Fusion,Columbus Crew,4,1,,,engsoccerdata,,,,
esd-740,1999-10-05,1999,regular,Colorado Rapids,Chicago Fire,0,1,,,engsoccerdata,,,,
esd-741,1999-10-05,1999,regular,DC United,Tampa Bay Mutiny,2,4,,,engsoccerdata,,,,
esd-742,1999-10-05,1999,regular,San Jose Earthquakes,Sporting Kansas City,1,0,,,engsoccerdata,,,,
esd-743,1999-10-08,1999,regular,DC United,New England Revolution,1,2,,,engsoccerdata,,,,
esd-744,1999-10-08,1999,regular,Miami Fusion,Colorado Rapids,2,0,,,engsoccerdata,,,,
esd-745,1999-10-08,1999,regular,Sporting Kansas City,LA Galaxy,0,1,,,engsoccerdata,,,,
esd-746,1999-10-09,1999,regular,Columbus Crew,Chicago Fire,2,3,,,engsoccerdata,,,,
esd-747,1999-10-09,1999,regular,Tampa Bay Mutiny,FC Dallas,1,2,,,engsoccerdata,,,,
esd-748,1999-10-15,1999,postseason,DC United,Miami Fusion,2,0,,,engsoccerdata,,,,
esd-749,1999-10-15,1999,postseason,FC Dallas,Chicago Fire,2,1,,,engsoccerdata,,,,
esd-750,1999-10-16,1999,postseason,Columbus Crew,Tampa Bay Mutiny,2,0,,,engsoccerdata,,,,
esd-751,1999-10-16,1999,postseason,LA Galaxy,Colorado Rapids,3,0,,,engsoccerdata,,,,
esd-752,1999-10-21,1999,postseason,Tampa Bay Mutiny,Columbus Crew,0,2,,,engsoccerdata,,,,
esd-753,1999-10-22,1999,postseason,Chicago Fire,FC Dallas,4,0,,,engsoccerdata,,,,
esd-754,1999-10-23,1999,postseason,Colorado Rapids,LA Galaxy,0,2,,,engsoccerdata,,,,
esd-755,1999-10-23,1999,postseason,Miami Fusion,DC United,0,1,,pens,engsoccerdata,,,,
esd-756,1999-10-26,1999,postseason,FC Dallas,Chicago Fire,3,2,,,engsoccerdata,,,,
esd-757,1999-10-30,1999,postseason,DC United,Columbus Crew,2,1,,,engsoccerdata,,,,
esd-758,1999-10-30,1999,postseason,LA Galaxy,FC Dallas,2,1,,,engsoccerdata,,,,
esd-759,1999-11-06,1999,postseason,Columbus Crew,DC United,5,1,,,engsoccerdata,,,,
esd-760,1999-11-06,1999,postseason,FC Dallas,LA Galaxy,3,2,,pens,engsoccerdata,,,,
esd-761,1999-11-10,1999,postseason,LA Galaxy,FC Dallas,3,1,,,engsoccerdata,,,,
esd-762,1999-11-12,1999,postseason,DC United,Columbus Crew,4,0,,,engsoccerdata,,,,
esd-763,1999-11-20,1999,postseason,DC United,LA Galaxy,2,0,1,,engsoccerdata,,,,
esd-764,2000-03-17,2000,regular,FC Dallas,Chicago Fire,4,2,,,engsoccerdata,,,,
esd-765,2000-03-17,2000,regular,LA Galaxy,Colorado Rapids,2,1,,,engsoccerdata,,,,
esd-766,2000-03-17,2000,regular,Miami Fusion,New England Revolution,1,1,,,engsoccerdata,,,,
esd-767,2000-03-17,2000,regular,Tampa Bay Mutiny,Columbus Crew,5,1,,,engsoccerdata,,,,
esd-768,2000-03-24,2000,regular,Columbus Crew,San Jose Earthquakes,2,1,,,engsoccerdata,,,,
esd-769,2000-03-24,2000,regular,DC United,LA Galaxy,0,4,,,engsoccerdata,,,,
esd-770,2000-03-24,2000,regular,FC Dallas,Colorado Rapids,0,1,,,engsoccerdata,,,,
esd-771,2000-03-24,2000,regular,Tampa Bay Mutiny,New England Revolution,1,0,,,engsoccerdata,,,,
esd-772,2000-03-24,2000,regular,Sporting Kansas City,Chicago Fire,4,3,,,engsoccerdata,,,,
esd-773,2000-03-25,2000,regular,Miami Fusion,New York Red Bulls,3,1,,,engsoccerdata,,,,
esd-774,2000-03-31,2000,regular,Columbus Crew,Chicago Fire,0,2,,,engsoccerdata,,,,
esd-775,2000-03-31,2000,regular,FC Dallas,Tampa Bay Mutiny,1,0,,,engsoccerdata,,,,
esd-776,2000-03-31,2000,regular,LA Galaxy,New England Revolution,2,2,,,engsoccerdata,,,,
esd-777,2000-03-31,2000,regular,Miami Fusion,San Jose Earthquakes,0,0,,,engsoccerdata,,,,
esd-778,2000-03-31,2000,regular,New York Red Bulls,DC United,3,2,,,engsoccerdata,,,,
esd-779,2000-03-31,2000,regular,Sporting Kansas City,Colorado Rapids,3,0,,,engsoccerdata,,,,
esd-780,2000-04-07,2000,regular,Colorado Rapids,Tampa Bay Mutiny,1,0,,,engsoccerdata,,,,
esd-781,2000-04-07,2000,regular,Columbus Crew,LA Galaxy,2,2,,,engsoccerdata,,,,
esd-782,2000-04-07,2000,regular,DC United,Chicago Fire,3,2,,,engsoccerdata,,,,
esd-783,2000-04-07,2000,regular,FC Dallas,New England Revolution,2,1,,,engsoccerdata,,,,
esd-784,2000-04-07,2000,regular,San Jose Earthquakes,New York Red Bulls,2,0,,,engsoccerdata,,,,
esd-785,2000-04-07,2000,regular,Miami Fusion,Sporting Kansas City,0,0,,,engsoccerdata,,,,
esd-786,2000-04-14,2000,regular,Chicago Fire,Miami Fusion,1,0,,,engsoccerdata,,,,
esd-787,2000-04-14,2000,regular,LA Galaxy,FC Dallas,2,1,,,engsoccerdata,,,,
esd-788,2000-04-14,2000,regular,Tampa Bay Mutiny,Colorado Rapids,4,2,,,engsoccerdata,,,,
esd-789,2000-04-14,2000,regular,New England Revolution,DC United,2,1,,,engsoccerdata,,,,
esd-790,2000-04-14,2000,regular,New York Red Bulls,Columbus Crew,0,1,,,engsoccerdata,,,,
esd-791,2000-04-14,2000,regular,Sporting Kansas City,San Jose Earthquakes,2,0,,,engsoccerdata,,,,
esd-792,2000-04-18,2000,regular,New York Red Bulls,Sporting Kansas City,1,2,,,engsoccerdata,,,,
esd-793,2000-04-21,2000,regular,Columbus Crew,Colorado Rapids,2,3,,,engsoccerdata,,,,
esd-794,2000-04-21,2000,regular,DC United,New York Red Bulls,2,3,,,engsoccerdata,,,,
esd-795,2000-04-21,2000,regular,San Jose Earthquakes,FC Dallas,5,0,,,engsoccerdata,,,,
esd-796,2000-04-21,2000,regular,LA Galaxy,Miami Fusion,2,0,,,engsoccerdata,,,,
esd-797,2000-04-21,2000,regular,New England Revolution,Chicago Fire,1,1,,,engsoccerdata,,,,
esd-798,2000-04-21,2000,regular,Sporting Kansas City,Tampa Bay Mutiny,1,0,,,engsoccerdata,,,,
esd-799,2000-04-25,2000,regular,Tampa Bay Mutiny,San Jose Earthquakes,4,0,,,engsoccerdata,,,,
esd-800,2000-04-27,2000,regular,Chicago Fire,Tampa Bay Mutiny,5,1,,,engsoccerdata,,,,
esd-801,2000-04-28,2000,regular,Colorado Rapids,Sporting Kansas City,0,5,,,engsoccerdata,,,,
esd-802,2000-04-28,2000,regular,FC Dallas,Columbus Crew,2,1,,,engsoccerdata,,,,
esd-803,2000-04-28,2000,regular,San Jose Earthquakes,DC United,2,2,,,engsoccerdata,,,,
esd-804,2000-04-28,2000,regular,New England Revolution,Miami Fusion,1,1,,,engsoccerdata,,,,
esd-805,2000-04-28,2000,regular,New York Red Bulls,LA Galaxy,0,1,,,engsoccerdata,,,,
esd-806,2000-05-02,2000,regular,Chicago Fire,Colorado Rapids,1,2,,,engsoccerdata,,,,
esd-807,2000-05-02,2000,regular,DC United,Columbus Crew,1,2,,,engsoccerdata,,,,
esd-808,2000-05-05,2000,regular,Colorado Rapids,DC United,2,5,,,engsoccerdata,,,,
esd-809,2000-05-05,2000,regular,Columbus Crew,New York Red Bulls,0,2,,,engsoccerdata,,,,
esd-810,2000-05-05,2000,regular,LA Galaxy,Sporting Kansas City,0,0,,,engsoccerdata,,,,
esd-811,2000-05-05,2000,regular,Miami Fusion,Chicago Fire,0,3,,,engsoccerdata,,,,
esd-812,2000-05-05,2000,regular,Tampa Bay Mutiny,FC Dallas,3,1,,,engsoccerdata,,,,
esd-813,2000-05-05,2000,regular,New England Revolution,San Jose Earthquakes,2,1,,,engsoccerdata,,,,
esd-814,2000-05-09,2000,regular,Miami Fusion,DC United,1,0,,,engsoccerdata,,,,
esd-815,2000-05-12,2000,regular,Chicago Fire,San Jose Earthquakes,4,1,,,engsoccerdata,,,,
esd-816,2000-05-12,2000,regular,Colorado Rapids,Miami Fusion,1,2,,,engsoccerdata,,,,
esd-817,2000-05-12,2000,regular,DC United,New England Revolution,1,3,,,engsoccerdata,,,,
esd-818,2000-05-12,2000,regular,FC Dallas,LA Galaxy,1,1,,,engsoccerdata,,,,
esd-819,2000-05-12,2000,regular,Tampa Bay Mutiny,Columbus Crew,3,1,,,engsoccerdata,,,,
esd-820,2000-05-12,2000,regular,Sporting Kansas City,New York Red Bulls,2,0,,,engsoccerdata,,,,
esd-821,2000-05-16,2000,regular,San Jose Earthquakes,LA Galaxy,0,0,,,engsoccerdata,,,,
esd-822,2000-05-16,2000,regular,New England Revolution,Colorado Rapids,3,4,,,engsoccerdata,,,,
esd-823,2000-05-16,2000,regular,Sporting Kansas City,DC United,2,0,,,engsoccerdata,,,,
esd-824,2000-05-19,2000,regular,Chicago Fire,New England Revolution,0,1,,,engsoccerdata,,,,
esd-825,2000-05-19,2000,regular,Columbus Crew,FC Dallas,2,1,,,engsoccerdata,,,,
esd-826,2000-05-19,2000,regular,LA Galaxy,DC United,2,1,,,engsoccerdata,,,,
esd-827,2000-05-19,2000,regular,Miami Fusion,Colorado Rapids,2,0,,,engsoccerdata,,,,
esd-828,2000-05-19,2000,regular,New York Red Bulls,Tampa Bay Mutiny,3,2,,,engsoccerdata,,,,
esd-829,2000-05-19,2000,regular,Sporting Kansas City,San Jose Earthquakes,2,0,,,engsoccerdata,,,,
esd-830,2000-05-23,2000,regular,Chicago Fire,FC Dallas,4,3,,,engsoccerdata,,,,
esd-831,2000-05-23,2000,regular,New England Revolution,LA Galaxy,2,1,,,engsoccerdata,,,,
esd-832,2000-05-26,2000,regular,DC United,FC Dallas,3,2,,,engsoccerdata,,,,
esd-833,2000-05-26,2000,regular,LA Galaxy,San Jose Earthquakes,1,1,,,engsoccerdata,,,,
esd-834,2000-05-26,2000,regular,Miami Fusion,Columbus Crew,2,4,,,engsoccerdata,,,,
esd-835,2000-05-26,2000,regular,Tampa Bay Mutiny,Sporting Kansas City,1,2,,,engsoccerdata,,,,
esd-836,2000-05-26,2000,regular,New York Red Bulls,Chicago Fire,4,1,,,engsoccerdata,,,,
esd-837,2000-05-28,2000,regular,Colorado Rapids,New England Revolution,2,1,,,engsoccerdata,,,,
esd-838,2000-06-02,2000,regular,Columbus Crew,DC United,1,1,,,engsoccerdata,,,,
esd-839,2000-06-02,2000,regular,FC Dallas,Tampa Bay Mutiny,2,3,,,engsoccerdata,,,,
esd-840,2000-06-02,2000,regular,San Jose Earthquakes,Colorado Rapids,4,2,,,engsoccerdata,,,,
esd-841,2000-06-02,2000,regular,LA Galaxy,New York Red Bulls,0,2,,,engsoccerdata,,,,
esd-842,2000-06-02,2000,regular,New England Revolution,Miami Fusion,2,0,,,engsoccerdata,,,,
esd-843,2000-06-03,2000,regular,Chicago Fire,Sporting Kansas City,3,2,,,engsoccerdata,,,,
esd-844,2000-06-06,2000,regular,Chicago Fire,Miami Fusion,2,1,,,engsoccerdata,,,,
esd-845,2000-06-06,2000,regular,FC Dallas,Columbus Crew,3,2,,,engsoccerdata,,,,
esd-846,2000-06-08,2000,regular,New York Red Bulls,Tampa Bay Mutiny,0,3,,,engsoccerdata,,,,
esd-847,2000-06-09,2000,regular,Colorado Rapids,LA Galaxy,1,0,,,engsoccerdata,,,,
esd-848,2000-06-09,2000,regular,Columbus Crew,FC Dallas,1,1,,,engsoccerdata,,,,
esd-849,2000-06-09,2000,regular,DC United,Sporting Kansas City,0,0,,,engsoccerdata,,,,
esd-850,2000-06-09,2000,regular,Miami Fusion,Chicago Fire,4,2,,,engsoccerdata,,,,
esd-851,2000-06-09,2000,regular,New England Revolution,San Jose Earthquakes,3,0,,,engsoccerdata,,,,
esd-852,2000-06-16,2000,regular,Chicago Fire,DC United,3,2,,,engsoccerdata,,,,
esd-853,2000-06-16,2000,regular,Colorado Rapids,Columbus Crew,0,0,,,engsoccerdata,,,,
esd-854,2000-06-16,2000,regular,FC Dallas,Sporting Kansas City,4,1,,,engsoccerdata,,,,
esd-855,2000-06-16,2000,regular,San Jose Earthquakes,Miami Fusion,3,1,,,engsoccerdata,,,,
esd-856,2000-06-16,2000,regular,LA Galaxy,Tampa Bay Mutiny,2,1,,,engsoccerdata,,,,
esd-857,2000-06-16,2000,regular,New York Red Bulls,New England Revolution,4,2,,,engsoccerdata,,,,
esd-858,2000-06-20,2000,regular,San Jose Earthquakes,New England Revolution,2,2,,,engsoccerdata,,,,
esd-859,2000-06-20,2000,regular,LA Galaxy,Chicago Fire,1,1,,,engsoccerdata,,,,
esd-860,2000-06-20,2000,regular,Tampa Bay Mutiny,Miami Fusion,1,4,,,engsoccerdata,,,,
esd-861,2000-06-20,2000,regular,New York Red Bulls,DC United,2,2,,,engsoccerdata,,,,
esd-862,2000-06-20,2000,regular,Sporting Kansas City,FC Dallas,0,0,,,engsoccerdata,,,,
esd-863,2000-06-23,2000,regular,Colorado Rapids,New York Red Bulls,1,3,,,engsoccerdata,,,,
esd-864,2000-06-23,2000,regular,Columbus Crew,New England Revolution,3,1,,,engsoccerdata,,,,
esd-865,2000-06-23,2000,regular,DC United,FC Dallas,2,0,,,engsoccerdata,,,,
esd-866,2000-06-23,2000,regular,San Jose Earthquakes,Chicago Fire,1,1,,,engsoccerdata,,,,
esd-867,2000-06-23,2000,regular,Miami Fusion,Tampa Bay Mutiny,2,3,,,engsoccerdata,,,,
esd-868,2000-06-23,2000,regular,Sporting Kansas City,LA Galaxy,2,0,,,engsoccerdata,,,,
esd-869,2000-06-27,2000,regular,Colorado Rapids,FC Dallas,1,0,,,engsoccerdata,,,,
esd-870,2000-06-27,2000,regular,Columbus Crew,Tampa Bay Mutiny,1,2,,,engsoccerdata,,,,
esd-871,2000-06-27,2000,regular,DC United,LA Galaxy,1,2,,,engsoccerdata,,,,
esd-872,2000-06-27,2000,regular,New York Red Bulls,San Jose Earthquakes,0,0,,,engsoccerdata,,,,
esd-873,2000-06-30,2000,regular,Columbus Crew,San Jose Earthquakes,2,1,,,engsoccerdata,,,,
esd-874,2000-06-30,2000,regular,DC United,Colorado Rapids,1,1,,,engsoccerdata,,,,
esd-875,2000-06-30,2000,regular,FC Dallas,LA Galaxy,4,2,,,engsoccerdata,,,,
esd-876,2000-06-30,2000,regular,Tampa Bay Mutiny,New York Red Bulls,0,2,,,engsoccerdata,,,,
esd-877,2000-07-03,2000,regular,Colorado Rapids,Chicago Fire,2,1,,,engsoccerdata,,,,
esd-878,2000-07-03,2000,regular,San Jose Earthquakes,Sporting Kansas City,0,0,,,engsoccerdata,,,,
esd-879,2000-07-03,2000,regular,LA Galaxy,Columbus Crew,1,0,,,engsoccerdata,,,,
esd-880,2000-07-03,2000,regular,Miami Fusion,New England Revolution,2,1,,,engsoccerdata,,,,
esd-881,2000-07-03,2000,regular,Tampa Bay Mutiny,DC United,3,0,,,engsoccerdata,,,,
esd-882,2000-07-04,2000,regular,New York Red Bulls,FC Dallas,2,1,,,engsoccerdata,,,,
esd-883,2000-07-07,2000,regular,Chicago Fire,Columbus Crew,3,1,,,engsoccerdata,,,,
esd-884,2000-07-07,2000,regular,Colorado Rapids,San Jose Earthquakes,0,1,,,engsoccerdata,,,,
esd-885,2000-07-07,2000,regular,FC Dallas,DC United,3,0,,,engsoccerdata,,,,
esd-886,2000-07-07,2000,regular,Miami Fusion,LA Galaxy,3,5,,,engsoccerdata,,,,
esd-887,2000-07-07,2000,regular,Sporting Kansas City,New York Red Bulls,0,1,,,engsoccerdata,,,,
esd-888,2000-07-11,2000,regular,Columbus Crew,New England Revolution,4,1,,,engsoccerdata,,,,
esd-889,2000-07-11,2000,regular,DC United,Tampa Bay Mutiny,2,2,,,engsoccerdata,,,,
esd-890,2000-07-14,2000,regular,Chicago Fire,Tampa Bay Mutiny,0,0,,,engsoccerdata,,,,
esd-891,2000-07-14,2000,regular,Columbus Crew,Sporting Kansas City,2,0,,,engsoccerdata,,,,
esd-892,2000-07-14,2000,regular,San Jose Earthquakes,Colorado Rapids,1,2,,,engsoccerdata,,,,
esd-893,2000-07-14,2000,regular,LA Galaxy,DC United,1,2,,,engsoccerdata,,,,
esd-894,2000-07-14,2000,regular,Miami Fusion,FC Dallas,0,3,,,engsoccerdata,,,,
esd-895,2000-07-14,2000,regular,New England Revolution,New York Red Bulls,0,2,,,engsoccerdata,,,,
esd-896,2000-07-18,2000,regular,FC Dallas,Miami Fusion,1,1,,,engsoccerdata,,,,
esd-897,2000-07-18,2000,regular,Sporting Kansas City,New England Revolution,0,1,,,engsoccerdata,,,,
esd-898,2000-07-20,2000,regular,Colorado Rapids,Chicago Fire,1,1,,,engsoccerdata,,,,
esd-899,2000-07-21,2000,regular,San Jose Earthquakes,New England Revolution,1,2,,,engsoccerdata,,,,
esd-900,2000-07-21,2000,regular,Tampa Bay Mutiny,LA Galaxy,2,0,,,engsoccerdata,,,,
esd-901,2000-07-21,2000,regular,New York Red Bulls,Miami Fusion,4,2,,,engsoccerdata,,,,
esd-902,2000-07-21,2000,regular,Sporting Kansas City,Columbus Crew,3,1,,,engsoccerdata,,,,
esd-903,2000-08-01,2000,regular,DC United,New York Red Bulls,3,2,,,engsoccerdata,,,,
esd-904,2000-08-01,2000,regular,San Jose Earthquakes,Columbus Crew,1,2,,,engsoccerdata,,,,
esd-905,2000-08-01,2000,regular,Tampa Bay Mutiny,Chicago Fire,0,1,,,engsoccerdata,,,,
esd-906,2000-08-01,2000,regular,New England Revolution,FC Dallas,1,2,,,engsoccerdata,,,,
esd-907,2000-08-01,2000,regular,Sporting Kansas City,Colorado Rapids,3,1,,,engsoccerdata,,,,
esd-908,2000-08-04,2000,regular,Colorado Rapids,San Jose Earthquakes,2,0,,,engsoccerdata,,,,
esd-909,2000-08-04,2000,regular,DC United,Miami Fusion,1,3,,,engsoccerdata,,,,
esd-910,2000-08-04,2000,regular,New England Revolution,Columbus Crew,1,1,,,engsoccerdata,,,,
esd-911,2000-08-04,2000,regular,Sporting Kansas City,LA Galaxy,1,5,,,engsoccerdata,,,,
esd-912,2000-08-05,2000,regular,Chicago Fire,New York Red Bulls,3,1,,,engsoccerdata,,,,
esd-913,2000-08-05,2000,regular,Tampa Bay Mutiny,FC Dallas,2,1,,,engsoccerdata,,,,
esd-914,2000-08-11,2000,regular,FC Dallas,DC United,1,0,,,engsoccerdata,,,,
esd-915,2000-08-11,2000,regular,San Jose Earthquakes,Tampa Bay Mutiny,1,2,,,engsoccerdata,,,,
esd-916,2000-08-11,2000,regular,LA Galaxy,Sporting Kansas City,1,1,,,engsoccerdata,,,,
esd-917,2000-08-11,2000,regular,Miami Fusion,Colorado Rapids,4,1,,,engsoccerdata,,,,
esd-918,2000-08-11,2000,regular,New York Red Bulls,New England Revolution,2,1,,,engsoccerdata,,,,
esd-919,2000-08-15,2000,regular,Columbus Crew,Miami Fusion,2,0,,,engsoccerdata,,,,
esd-920,2000-08-15,2000,regular,FC Dallas,Chicago Fire,3,0,,,engsoccerdata,,,,
esd-921,2000-08-15,2000,regular,San Jose Earthquakes,Sporting Kansas City,0,3,,,engsoccerdata,,,,
esd-922,2000-08-15,2000,regular,LA Galaxy,Colorado Rapids,1,0,,,engsoccerdata,,,,
esd-923,2000-08-15,2000,regular,Tampa Bay Mutiny,New York Red Bulls,4,3,,,engsoccerdata,,,,
esd-924,2000-08-18,2000,regular,Chicago Fire,LA Galaxy,2,1,,,engsoccerdata,,,,
esd-925,2000-08-18,2000,regular,DC United,San Jose Earthquakes,0,1,,,engsoccerdata,,,,
esd-926,2000-08-18,2000,regular,New England Revolution,Tampa Bay Mutiny,2,1,,,engsoccerdata,,,,
esd-927,2000-08-19,2000,regular,New York Red Bulls,Colorado Rapids,5,3,,,engsoccerdata,,,,
esd-928,2000-08-19,2000,regular,Sporting Kansas City,Miami Fusion,1,2,,,engsoccerdata,,,,
esd-929,2000-08-22,2000,regular,New York Red Bulls,Sporting Kansas City,0,0,,,engsoccerdata,,,,
esd-930,2000-08-25,2000,regular,Colorado Rapids,Sporting Kansas City,1,1,,,engsoccerdata,,,,
esd-931,2000-08-25,2000,regular,DC United,Miami Fusion,2,1,,,engsoccerdata,,,,
esd-932,2000-08-25,2000,regular,FC Dallas,New York Red Bulls,4,6,,,engsoccerdata,,,,
esd-933,2000-08-25,2000,regular,San Jose Earthquakes,LA Galaxy,0,3,,,engsoccerdata,,,,
esd-934,2000-08-25,2000,regular,Tampa Bay Mutiny,Chicago Fire,3,3,,,engsoccerdata,,,,
esd-935,2000-08-25,2000,regular,New England Revolution,Columbus Crew,2,1,,,engsoccerdata,,,,
esd-936,2000-08-29,2000,regular,Chicago Fire,FC Dallas,4,0,,,engsoccerdata,,,,
esd-937,2000-08-29,2000,regular,Colorado Rapids,Miami Fusion,3,1,,,engsoccerdata,,,,
esd-938,2000-08-29,2000,regular,Columbus Crew,Tampa Bay Mutiny,3,4,,,engsoccerdata,,,,
esd-939,2000-08-29,2000,regular,LA Galaxy,San Jose Earthquakes,2,1,,,engsoccerdata,,,,
esd-940,2000-08-29,2000,regular,New England Revolution,DC United,1,0,,,engsoccerdata,,,,
esd-941,2000-09-01,2000,regular,San Jose Earthquakes,Columbus Crew,3,0,,,engsoccerdata,,,,
esd-942,2000-09-01,2000,regular,Miami Fusion,New York Red Bulls,4,1,,,engsoccerdata,,,,
esd-943,2000-09-01,2000,regular,Sporting Kansas City,Tampa Bay Mutiny,1,0,,,engsoccerdata,,,,
esd-944,2000-09-02,2000,regular,Chicago Fire,Colorado Rapids,2,1,,,engsoccerdata,,,,
esd-945,2000-09-02,2000,regular,DC United,New England Revolution,2,0,,,engsoccerdata,,,,
esd-946,2000-09-04,2000,regular,New York Red Bulls,Miami Fusion,2,1,,,engsoccerdata,,,,
esd-947,2000-09-05,2000,regular,Chicago Fire,Columbus Crew,3,1,,,engsoccerdata,,,,
esd-948,2000-09-05,2000,regular,LA Galaxy,FC Dallas,0,1,,,engsoccerdata,,,,
esd-949,2000-09-05,2000,regular,New England Revolution,Sporting Kansas City,0,1,,,engsoccerdata,,,,
esd-950,2000-09-07,2000,regular,Colorado Rapids,LA Galaxy,1,0,,,engsoccerdata,,,,
esd-951,2000-09-08,2000,regular,Columbus Crew,Chicago Fire,2,3,,,engsoccerdata,,,,
esd-952,2000-09-08,2000,regular,DC United,Miami Fusion,2,6,,,engsoccerdata,,,,
esd-953,2000-09-08,2000,regular,FC Dallas,San Jose Earthquakes,2,1,,,engsoccerdata,,,,
esd-954,2000-09-08,2000,regular,Tampa Bay Mutiny,Sporting Kansas City,2,2,,,engsoccerdata,,,,
esd-955,2000-09-08,2000,regular,New England Revolution,New York Red Bulls,4,3,,,engsoccerdata,,,,
esd-956,2000-09-13,2000,postseason,Tampa Bay Mutiny,LA Galaxy,0,1,,,engsoccerdata,,,,
esd-957,2000-09-14,2000,postseason,Chicago Fire,New England Revolution,2,1,,,engsoccerdata,,,,
esd-958,2000-09-14,2000,postseason,New York Red Bulls,FC Dallas,2,1,,AET,engsoccerdata,,,,
esd-959,2000-09-15,2000,postseason,Sporting Kansas City,Colorado Rapids,1,0,,,engsoccerdata,,,,
esd-960,2000-09-18,2000,postseason,New England Revolution,Chicago Fire,2,1,,,engsoccerdata,,,,
esd-961,2000-09-19,2000,postseason,Colorado Rapids,Sporting Kansas City,0,0,,,engsoccerdata,,,,
esd-962,2000-09-19,2000,postseason,FC Dallas,New York Red Bulls,1,2,,,engsoccerdata,,,,
esd-963,2000-09-19,2000,postseason,LA Galaxy,Tampa Bay Mutiny,5,2,,,engsoccerdata,,,,
esd-964,2000-09-21,2000,postseason,Chicago Fire,New England Revolution,6,0,,,engsoccerdata,,,,
esd-965,2000-09-23,2000,postseason,Sporting Kansas City,Colorado Rapids,3,2,,,engsoccerdata,,,,
esd-966,2000-09-25,2000,postseason,Chicago Fire,New York Red Bulls,3,0,,,engsoccerdata,,,,
esd-967,2000-09-28,2000,postseason,Sporting Kansas City,LA Galaxy,0,0,,,engsoccerdata,,,,
esd-968,2000-09-29,2000,postseason,New York Red Bulls,Chicago Fire,2,0,,,engsoccerdata,,,,
esd-969,2000-10-02,2000,postseason,LA Galaxy,Sporting Kansas City,2,1,,AET,engsoccerdata,,,,
esd-970,2000-10-05,2000,postseason,Chicago Fire,New York Red Bulls,3,2,,,engsoccerdata,,,,
esd-971,2000-10-05,2000,postseason,Sporting Kansas City,LA Galaxy,1,0,,,engsoccerdata,,,,
esd-972,2000-10-14,2000,postseason,Chicago Fire,Sporting Kansas City,0,1,1,,engsoccerdata,,,,
esd-973,2001-04-06,2001,regular,Columbus Crew,Chicago Fire,1,1,,,engsoccerdata,,,,
esd-974,2001-04-06,2001,regular,DC United,Sporting Kansas City,3,2,,,engsoccerdata,,,,
esd-975,2001-04-06,2001,regular,FC Dallas,Tampa Bay Mutiny,2,4,,,engsoccerdata,,,,
esd-976,2001-04-06,2001,regular,LA Galaxy,San Jose Earthquakes,2,3,,,engsoccerdata,,,,
esd-977,2001-04-06,2001,regular,Miami Fusion,Colorado Rapids,2,1,,,engsoccerdata,,,,
esd-978,2001-04-06,2001,regular,New York Red Bulls,New England Revolution,2,1,,,engsoccerdata,,,,
esd-979,2001-04-13,2001,regular,Chicago Fire,DC United,2,0,,,engsoccerdata,,,,
esd-980,2001-04-13,2001,regular,Colorado Rapids,New York Red Bulls,1,1,,,engsoccerdata,,,,
esd-981,2001-04-13,2001,regular,San Jose Earthquakes,FC Dallas,0,1,,,engsoccerdata,,,,
esd-982,2001-04-13,2001,regular,Tampa Bay Mutiny,Columbus Crew,1,2,,,engsoccerdata,,,,
esd-983,2001-04-13,2001,regular,New England Revolution,Miami Fusion,0,1,,,engsoccerdata,,,,
esd-984,2001-04-13,2001,regular,Sporting Kansas City,LA Galaxy,2,1,,,engsoccerdata,,,,
esd-985,2001-04-17,2001,regular,Sporting Kansas City,Miami Fusion,2,1,,,engsoccerdata,,,,
esd-986,2001-04-20,2001,regular,Columbus Crew,Sporting Kansas City,0,3,,,engsoccerdata,,,,
esd-987,2001-04-20,2001,regular,DC United,New England Revolution,2,1,,,engsoccerdata,,,,
esd-988,2001-04-20,2001,regular,FC Dallas,Chicago Fire,3,2,,,engsoccerdata,,,,
esd-989,2001-04-20,2001,regular,LA Galaxy,Colorado Rapids,1,0,,,engsoccerdata,,,,
esd-990,2001-04-20,2001,regular,Miami Fusion,San Jose Earthquakes,2,1,,,engsoccerdata,,,,
esd-991,2001-04-20,2001,regular,New York Red Bulls,Tampa Bay Mutiny,1,3,,,engsoccerdata,,,,
esd-992,2001-04-27,2001,regular,Colorado Rapids,LA Galaxy,2,3,,,engsoccerdata,,,,
esd-993,2001-04-27,2001,regular,Miami Fusion,New England Revolution,1,0,,,engsoccerdata,,,,
esd-994,2001-04-27,2001,regular,Tampa Bay Mutiny,Chicago Fire,0,1,,,engsoccerdata,,,,
esd-995,2001-04-27,2001,regular,New York Red Bulls,FC Dallas,3,2,,,engsoccerdata,,,,
esd-996,2001-04-27,2001,regular,Sporting Kansas City,San Jose Earthquakes,0,0,,,engsoccerdata,,,,
esd-997,2001-05-01,2001,regular,New York Red Bulls,Sporting Kansas City,4,1,,,engsoccerdata,,,,
esd-1000,2001-05-04,2001,regular,FC Dallas,Colorado Rapids,0,1,,,engsoccerdata,,,,
esd-1001,2001-05-04,2001,regular,San Jose Earthquakes,New England Revolution,3,2,,,engsoccerdata,,,,
esd-1002,2001-05-04,2001,regular,LA Galaxy,Sporting Kansas City,2,1,,,engsoccerdata,,,,
esd-1003,2001-05-04,2001,regular,New York Red Bulls,DC United,3,2,,,engsoccerdata,,,,
esd-998,2001-05-04,2001,regular,Chicago Fire,Tampa Bay Mutiny,2,0,,,engsoccerdata,,,,
esd-999,2001-05-04,2001,regular,Columbus Crew,Miami Fusion,0,0,,,engsoccerdata,,,,
esd-1004,2001-05-08,2001,regular,DC United,New England Revolution,5,0,,,engsoccerdata,,,,
esd-1005,2001-05-08,2001,regular,Tampa Bay Mutiny,LA Galaxy,4,4,,,engsoccerdata,,,,
esd-1006,2001-05-11,2001,regular,Colorado Rapids,Tampa Bay Mutiny,2,1,,,engsoccerdata,,,,
esd-1007,2001-05-11,2001,regular,DC United,San Jose Earthquakes,2,3,,,engsoccerdata,,,,
esd-1008,2001-05-11,2001,regular,FC Dallas,Columbus Crew,4,0,,,engsoccerdata,,,,
esd-1009,2001-05-11,2001,regular,New England Revolution,Chicago Fire,2,1,,,engsoccerdata,,,,
esd-1010,2001-05-11,2001,regular,New York Red Bulls,LA Galaxy,2,0,,,engsoccerdata,,,,
esd-1011,2001-05-15,2001,regular,New England Revolution,Columbus Crew,2,1,,,engsoccerdata,,,,
esd-1012,2001-05-15,2001,regular,New York Red Bulls,Colorado Rapids,1,0,,,engsoccerdata,,,,
esd-1013,2001-05-18,2001,regular,Chicago Fire,Sporting Kansas City,2,0,,,engsoccerdata,,,,
esd-1014,2001-05-18,2001,regular,Colorado Rapids,New England Revolution,0,1,,,engsoccerdata,,,,
esd-1015,2001-05-18,2001,regular,Columbus Crew,DC United,2,1,,,engsoccerdata,,,,
esd-1016,2001-05-18,2001,regular,San Jose Earthquakes,New York Red Bulls,2,0,,,engsoccerdata,,,,
esd-1017,2001-05-18,2001,regular,LA Galaxy,FC Dallas,0,0,,,engsoccerdata,,,,
esd-1018,2001-05-18,2001,regular,Miami Fusion,Tampa Bay Mutiny,3,1,,,engsoccerdata,,,,
esd-1019,2001-05-22,2001,regular,Colorado Rapids,Miami Fusion,0,1,,,engsoccerdata,,,,
esd-1020,2001-05-22,2001,regular,FC Dallas,San Jose Earthquakes,0,2,,,engsoccerdata,,,,
esd-1021,2001-05-23,2001,regular,Sporting Kansas City,New York Red Bulls,1,0,,,engsoccerdata,,,,
esd-1022,2001-05-25,2001,regular,Chicago Fire,San Jose Earthquakes,1,1,,,engsoccerdata,,,,
esd-1023,2001-05-25,2001,regular,Columbus Crew,Colorado Rapids,3,3,,,engsoccerdata,,,,
esd-1024,2001-05-25,2001,regular,LA Galaxy,New England Revolution,2,0,,,engsoccerdata,,,,
esd-1025,2001-05-25,2001,regular,Tampa Bay Mutiny,Miami Fusion,0,4,,,engsoccerdata,,,,
esd-1026,2001-05-29,2001,regular,Chicago Fire,LA Galaxy,3,4,,,engsoccerdata,,,,
esd-1027,2001-05-29,2001,regular,San Jose Earthquakes,Colorado Rapids,1,1,,,engsoccerdata,,,,
esd-1028,2001-05-29,2001,regular,Miami Fusion,DC United,2,1,,,engsoccerdata,,,,
esd-1029,2001-06-01,2001,regular,Colorado Rapids,San Jose Earthquakes,1,2,,,engsoccerdata,,,,
esd-1030,2001-06-01,2001,regular,Columbus Crew,LA Galaxy,1,1,,,engsoccerdata,,,,
esd-1031,2001-06-01,2001,regular,DC United,Chicago Fire,1,2,,,engsoccerdata,,,,
esd-1032,2001-06-01,2001,regular,FC Dallas,Miami Fusion,2,6,,,engsoccerdata,,,,
esd-1033,2001-06-01,2001,regular,Tampa Bay Mutiny,Sporting Kansas City,1,2,,,engsoccerdata,,,,
esd-1034,2001-06-02,2001,regular,New England Revolution,New York Red Bulls,1,1,,,engsoccerdata,,,,
esd-1035,2001-06-05,2001,regular,Tampa Bay Mutiny,FC Dallas,0,1,,,engsoccerdata,,,,
esd-1036,2001-06-08,2001,regular,Chicago Fire,Columbus Crew,1,0,,,engsoccerdata,,,,
esd-1037,2001-06-08,2001,regular,FC Dallas,DC United,3,0,,,engsoccerdata,,,,
esd-1038,2001-06-08,2001,regular,San Jose Earthquakes,LA Galaxy,3,1,,,engsoccerdata,,,,
esd-1039,2001-06-08,2001,regular,Miami Fusion,Sporting Kansas City,5,1,,,engsoccerdata,,,,
esd-1040,2001-06-08,2001,regular,New England Revolution,Tampa Bay Mutiny,3,0,,,engsoccerdata,,,,
esd-1041,2001-06-12,2001,regular,DC United,New York Red Bulls,2,1,,,engsoccerdata,,,,
esd-1042,2001-06-12,2001,regular,LA Galaxy,Sporting Kansas City,4,0,,,engsoccerdata,,,,
esd-1043,2001-06-15,2001,regular,Colorado Rapids,FC Dallas,3,6,,,engsoccerdata,,,,
esd-1044,2001-06-15,2001,regular,Columbus Crew,Tampa Bay Mutiny,6,1,,,engsoccerdata,,,,
esd-1045,2001-06-15,2001,regular,Miami Fusion,LA Galaxy,3,3,,,engsoccerdata,,,,
esd-1046,2001-06-15,2001,regular,New York Red Bulls,San Jose Earthquakes,0,0,,,engsoccerdata,,,,
esd-1047,2001-06-15,2001,regular,Sporting Kansas City,DC United,0,3,,,engsoccerdata,,,,
esd-1048,2001-06-19,2001,regular,New England Revolution,Colorado Rapids,3,3,,,engsoccerdata,,,,
esd-1049,2001-06-22,2001,regular,Chicago Fire,New England Revolution,1,1,,,engsoccerdata,,,,
esd-1050,2001-06-22,2001,regular,FC Dallas,Columbus Crew,1,2,,,engsoccerdata,,,,
esd-1051,2001-06-22,2001,regular,San Jose Earthquakes,Sporting Kansas City,2,0,,,engsoccerdata,,,,
esd-1052,2001-06-22,2001,regular,LA Galaxy,New York Red Bulls,2,0,,,engsoccerdata,,,,
esd-1053,2001-06-22,2001,regular,Tampa Bay Mutiny,DC United,3,2,,,engsoccerdata,,,,
esd-1054,2001-06-29,2001,regular,Chicago Fire,New York Red Bulls,3,1,,,engsoccerdata,,,,
esd-1055,2001-06-29,2001,regular,DC United,Colorado Rapids,1,1,,,engsoccerdata,,,,
esd-1056,2001-06-29,2001,regular,FC Dallas,LA Galaxy,0,0,,,engsoccerdata,,,,
esd-1057,2001-06-29,2001,regular,Miami Fusion,Columbus Crew,4,3,,,engsoccerdata,,,,
esd-1058,2001-06-29,2001,regular,Sporting Kansas City,Tampa Bay Mutiny,3,0,,,engsoccerdata,,,,
esd-1059,2001-07-03,2001,regular,Colorado Rapids,DC United,3,1,,,engsoccerdata,,,,
esd-1060,2001-07-03,2001,regular,FC Dallas,New England Revolution,1,1,,,engsoccerdata,,,,
esd-1061,2001-07-03,2001,regular,San Jose Earthquakes,Miami Fusion,1,1,,,engsoccerdata,,,,
esd-1062,2001-07-03,2001,regular,LA Galaxy,Columbus Crew,0,2,,,engsoccerdata,,,,
esd-1063,2001-07-03,2001,regular,Tampa Bay Mutiny,New York Red Bulls,1,2,,,engsoccerdata,,,,
esd-1064,2001-07-03,2001,regular,Sporting Kansas City,Chicago Fire,0,7,,,engsoccerdata,,,,
esd-1065,2001-07-06,2001,regular,Colorado Rapids,San Jose Earthquakes,3,1,,,engsoccerdata,,,,
esd-1066,2001-07-06,2001,regular,Columbus Crew,FC Dallas,2,2,,,engsoccerdata,,,,
esd-1067,2001-07-06,2001,regular,DC United,LA Galaxy,0,3,,,engsoccerdata,,,,
esd-1068,2001-07-06,2001,regular,Miami Fusion,New York Red Bulls,0,3,,,engsoccerdata,,,,
esd-1069,2001-07-06,2001,regular,Tampa Bay Mutiny,Chicago Fire,2,3,,,engsoccerdata,,,,
esd-1070,2001-07-06,2001,regular,New England Revolution,Sporting Kansas City,1,2,,,engsoccerdata,,,,
esd-1071,2001-07-13,2001,regular,Chicago Fire,Colorado Rapids,1,0,,,engsoccerdata,,,,
esd-1072,2001-07-13,2001,regular,San Jose Earthquakes,Tampa Bay Mutiny,2,1,,,engsoccerdata,,,,
esd-1073,2001-07-13,2001,regular,LA Galaxy,Miami Fusion,3,0,,,engsoccerdata,,,,
esd-1074,2001-07-13,2001,regular,New England Revolution,DC United,1,3,,,engsoccerdata,,,,
esd-1075,2001-07-13,2001,regular,Sporting Kansas City,FC Dallas,3,2,,,engsoccerdata,,,,
esd-1076,2001-07-16,2001,regular,New England Revolution,LA Galaxy,3,2,,,engsoccerdata,,,,
esd-1077,2001-07-17,2001,regular,Colorado Rapids,Sporting Kansas City,0,0,,,engsoccerdata,,,,
esd-1078,2001-07-17,2001,regular,Columbus Crew,New York Red Bulls,2,1,,,engsoccerdata,,,,
esd-1079,2001-07-17,2001,regular,FC Dallas,Tampa Bay Mutiny,3,0,,,engsoccerdata,,,,
esd-1080,2001-07-17,2001,regular,San Jose Earthquakes,DC United,4,0,,,engsoccerdata,,,,
esd-1081,2001-07-17,2001,regular,Miami Fusion,Chicago Fire,2,1,,,engsoccerdata,,,,
esd-1082,2001-07-20,2001,regular,Chicago Fire,FC Dallas,2,1,,,engsoccerdata,,,,
esd-1083,2001-07-20,2001,regular,Columbus Crew,San Jose Earthquakes,2,1,,,engsoccerdata,,,,
esd-1084,2001-07-20,2001,regular,Miami Fusion,New England Revolution,1,1,,,engsoccerdata,,,,
esd-1085,2001-07-20,2001,regular,Tampa Bay Mutiny,Colorado Rapids,1,2,,,engsoccerdata,,,,
esd-1086,2001-07-20,2001,regular,New York Red Bulls,DC United,2,1,,,engsoccerdata,,,,
esd-1087,2001-07-28,2001,regular,Sporting Kansas City,New England Revolution,2,0,,,engsoccerdata,,,,
esd-1088,2001-07-31,2001,regular,Columbus Crew,Chicago Fire,3,0,,,engsoccerdata,,,,
esd-1089,2001-07-31,2001,regular,DC United,Miami Fusion,2,2,,,engsoccerdata,,,,
esd-1090,2001-08-03,2001,regular,Colorado Rapids,Chicago Fire,1,1,,,engsoccerdata,,,,
esd-1091,2001-08-03,2001,regular,Tampa Bay Mutiny,San Jose Earthquakes,2,0,,,engsoccerdata,,,,
esd-1092,2001-08-03,2001,regular,New England Revolution,FC Dallas,5,1,,,engsoccerdata,,,,
esd-1093,2001-08-03,2001,regular,New York Red Bulls,Miami Fusion,2,1,,,engsoccerdata,,,,
esd-1094,2001-08-03,2001,regular,Sporting Kansas City,Columbus Crew,1,3,,,engsoccerdata,,,,
esd-1095,2001-08-07,2001,regular,New England Revolution,San Jose Earthquakes,1,5,,,engsoccerdata,,,,
esd-1096,2001-08-10,2001,regular,Chicago Fire,Tampa Bay Mutiny,3,1,,,engsoccerdata,,,,
esd-1097,2001-08-10,2001,regular,FC Dallas,New York Red Bulls,3,0,,,engsoccerdata,,,,
esd-1098,2001-08-10,2001,regular,San Jose Earthquakes,Columbus Crew,2,2,,,engsoccerdata,,,,
esd-1099,2001-08-10,2001,regular,LA Galaxy,DC United,1,0,,,engsoccerdata,,,,
esd-1100,2001-08-10,2001,regular,New England Revolution,Miami Fusion,1,4,,,engsoccerdata,,,,
esd-1101,2001-08-11,2001,regular,Colorado Rapids,Sporting Kansas City,2,2,,,engsoccerdata,,,,
esd-1102,2001-08-14,2001,regular,Chicago Fire,Miami Fusion,1,2,,,engsoccerdata,,,,
esd-1103,2001-08-14,2001,regular,Columbus Crew,FC Dallas,3,0,,,engsoccerdata,,,,
esd-1104,2001-08-14,2001,regular,DC United,New York Red Bulls,1,2,,,engsoccerdata,,,,
esd-1105,2001-08-14,2001,regular,Sporting Kansas City,LA Galaxy,1,2,,,engsoccerdata,,,,
esd-1106,2001-08-17,2001,regular,San Jose Earthquakes,Chicago Fire,0,1,,,engsoccerdata,,,,
esd-1107,2001-08-17,2001,regular,LA Galaxy,Tampa Bay Mutiny,5,1,,,engsoccerdata,,,,
esd-1108,2001-08-17,2001,regular,Miami Fusion,FC Dallas,4,2,,,engsoccerdata,,,,
esd-1109,2001-08-17,2001,regular,New England Revolution,DC United,2,1,,,engsoccerdata,,,,
esd-1110,2001-08-18,2001,regular,New York Red Bulls,Columbus Crew,0,1,,,engsoccerdata,,,,
esd-1111,2001-08-18,2001,regular,Sporting Kansas City,Colorado Rapids,3,2,,,engsoccerdata,,,,
esd-1112,2001-08-24,2001,regular,DC United,Columbus Crew,2,1,,,engsoccerdata,,,,
esd-1113,2001-08-24,2001,regular,FC Dallas,Sporting Kansas City,3,0,,,engsoccerdata,,,,
esd-1114,2001-08-24,2001,regular,San Jose Earthquakes,Colorado Rapids,5,2,,,engsoccerdata,,,,
esd-1115,2001-08-24,2001,regular,LA Galaxy,Chicago Fire,1,3,,,engsoccerdata,,,,
esd-1116,2001-08-24,2001,regular,Miami Fusion,New York Red Bulls,2,3,,,engsoccerdata,,,,
esd-1117,2001-08-25,2001,regular,Tampa Bay Mutiny,New England Revolution,0,0,,,engsoccerdata,,,,
esd-1118,2001-08-28,2001,regular,Chicago Fire,Columbus Crew,2,1,,,engsoccerdata,,,,
esd-1119,2001-08-28,2001,regular,Tampa Bay Mutiny,FC Dallas,2,3,,,engsoccerdata,,,,
esd-1120,2001-08-31,2001,regular,Columbus Crew,New England Revolution,4,1,,,engsoccerdata,,,,
esd-1121,2001-08-31,2001,regular,DC United,Tampa Bay Mutiny,5,1,,,engsoccerdata,,,,
esd-1122,2001-08-31,2001,regular,San Jose Earthquakes,Sporting Kansas City,3,0,,,engsoccerdata,,,,
esd-1123,2001-08-31,2001,regular,LA Galaxy,Colorado Rapids,3,2,,,engsoccerdata,,,,
esd-1124,2001-08-31,2001,regular,New York Red Bulls,Chicago Fire,0,1,,,engsoccerdata,,,,
esd-1125,2001-09-06,2001,regular,New York Red Bulls,New England Revolution,3,1,,,engsoccerdata,,,,
esd-1126,2001-09-07,2001,regular,Chicago Fire,FC Dallas,2,2,,,engsoccerdata,,,,
esd-1127,2001-09-07,2001,regular,Colorado Rapids,LA Galaxy,0,2,,,engsoccerdata,,,,
esd-1128,2001-09-07,2001,regular,Miami Fusion,DC United,3,1,,,engsoccerdata,,,,
esd-1129,2001-09-07,2001,regular,Sporting Kansas City,San Jose Earthquakes,1,0,,,engsoccerdata,,,,
esd-1130,2001-09-08,2001,regular,Tampa Bay Mutiny,Columbus Crew,1,2,,,engsoccerdata,,,,
esd-1131,2001-09-20,2001,postseason,Chicago Fire,FC Dallas,2,0,,,engsoccerdata,,,,
esd-1132,2001-09-22,2001,postseason,Columbus Crew,San Jose Earthquakes,1,3,,,engsoccerdata,,,,
esd-1133,2001-09-22,2001,postseason,Miami Fusion,Sporting Kansas City,2,0,,,engsoccerdata,,,,
esd-1134,2001-09-23,2001,postseason,FC Dallas,Chicago Fire,1,1,,,engsoccerdata,,,,
esd-1135,2001-09-23,2001,postseason,LA Galaxy,New York Red Bulls,1,1,,,engsoccerdata,,,,
esd-1136,2001-09-26,2001,postseason,San Jose Earthquakes,Columbus Crew,3,0,,,engsoccerdata,,,,
esd-1137,2001-09-26,2001,postseason,New York Red Bulls,LA Galaxy,4,1,,,engsoccerdata,,,,
esd-1138,2001-09-26,2001,postseason,Sporting Kansas City,Miami Fusion,3,0,,,engsoccerdata,,,,
esd-1139,2001-09-29,2001,postseason,Chicago Fire,FC Dallas,2,0,,,engsoccerdata,,,,
esd-1140,2001-09-29,2001,postseason,LA Galaxy,New York Red Bulls,3,2,,,engsoccerdata,,,,
esd-1141,2001-09-29,2001,postseason,Miami Fusion,Sporting Kansas City,2,1,,,engsoccerdata,,,,
esd-1142,2001-10-10,2001,postseason,Chicago Fire,LA Galaxy,1,1,,,engsoccerdata,,,,
esd-1143,2001-10-10,2001,postseason,Miami Fusion,San Jose Earthquakes,1,0,,,engsoccerdata,,,,
esd-1144,2001-10-13,2001,postseason,LA Galaxy,Chicago Fire,1,0,,AET,engsoccerdata,,,,
esd-1145,2001-10-14,2001,postseason,San Jose Earthquakes,Miami Fusion,4,0,,,engsoccerdata,,,,
esd-1146,2001-10-17,2001,postseason,Chicago Fire,LA Galaxy,1,2,,AET,engsoccerdata,,,,
esd-1147,2001-10-17,2001,postseason,Miami Fusion,San Jose Earthquakes,0,1,,AET,engsoccerdata,,,,
esd-1148,2001-10-21,2001,postseason,LA Galaxy,San Jose Earthquakes,1,2,1,AET,engsoccerdata,,,,
esd-1149,2002-03-23,2002,regular,FC Dallas,San Jose Earthquakes,0,2,,,engsoccerdata,,,,
esd-1150,2002-03-23,2002,regular,LA Galaxy,DC United,2,1,,,engsoccerdata,,,,
esd-1151,2002-03-23,2002,regular,New York Red Bulls,New England Revolution,3,1,,,engsoccerdata,,,,
esd-1152,2002-03-23,2002,regular,Sporting Kansas City,Colorado Rapids,1,1,,,engsoccerdata,,,,
esd-1153,2002-03-23,2002,regular,Columbus Crew,Chicago Fire,0,2,,,engsoccerdata,,,,
esd-1154,2002-03-27,2002,regular,New York Red Bulls,Columbus Crew,0,1,,,engsoccerdata,,,,
esd-1155,2002-03-30,2002,regular,Colorado Rapids,San Jose Earthquakes,1,0,,,engsoccerdata,,,,
esd-1156,2002-03-30,2002,regular,DC United,Chicago Fire,2,0,,,engsoccerdata,,,,
esd-1157,2002-04-03,2002,regular,Colorado Rapids,DC United,2,0,,,engsoccerdata,,,,
esd-1158,2002-04-06,2002,regular,Columbus Crew,New York Red Bulls,1,2,,,engsoccerdata,,,,
esd-1159,2002-04-06,2002,regular,FC Dallas,DC United,2,1,,,engsoccerdata,,,,
esd-1160,2002-04-06,2002,regular,LA Galaxy,Chicago Fire,2,1,,,engsoccerdata,,,,
esd-1161,2002-04-06,2002,regular,San Jose Earthquakes,New England Revolution,2,1,,,engsoccerdata,,,,
esd-1162,2002-04-13,2002,regular,Colorado Rapids,New York Red Bulls,1,2,,,engsoccerdata,,,,
esd-1163,2002-04-13,2002,regular,LA Galaxy,FC Dallas,1,1,,,engsoccerdata,,,,
esd-1164,2002-04-13,2002,regular,Sporting Kansas City,San Jose Earthquakes,2,0,,,engsoccerdata,,,,
esd-1165,2002-04-20,2002,regular,DC United,Sporting Kansas City,2,1,,,engsoccerdata,,,,
esd-1166,2002-04-20,2002,regular,FC Dallas,LA Galaxy,1,1,,,engsoccerdata,,,,
esd-1167,2002-04-20,2002,regular,San Jose Earthquakes,Colorado Rapids,2,0,,,engsoccerdata,,,,
esd-1168,2002-04-20,2002,regular,New York Red Bulls,Chicago Fire,0,2,,,engsoccerdata,,,,
esd-1169,2002-04-20,2002,regular,Columbus Crew,New England Revolution,0,2,,,engsoccerdata,,,,
esd-1170,2002-04-27,2002,regular,Chicago Fire,New England Revolution,2,2,,,engsoccerdata,,,,
esd-1171,2002-04-27,2002,regular,Columbus Crew,DC United,1,0,,,engsoccerdata,,,,
esd-1172,2002-04-27,2002,regular,FC Dallas,Sporting Kansas City,1,1,,,engsoccerdata,,,,
esd-1173,2002-04-27,2002,regular,New York Red Bulls,San Jose Earthquakes,1,1,,,engsoccerdata,,,,
esd-1174,2002-04-27,2002,regular,LA Galaxy,Colorado Rapids,0,1,,,engsoccerdata,,,,
esd-1175,2002-05-04,2002,regular,DC United,Chicago Fire,0,3,,,engsoccerdata,,,,
esd-1176,2002-05-04,2002,regular,New York Red Bulls,FC Dallas,1,2,,,engsoccerdata,,,,
esd-1177,2002-05-04,2002,regular,Sporting Kansas City,LA Galaxy,1,2,,,engsoccerdata,,,,
esd-1178,2002-05-04,2002,regular,San Jose Earthquakes,Columbus Crew,3,2,,,engsoccerdata,,,,
esd-1179,2002-05-11,2002,regular,Colorado Rapids,Sporting Kansas City,2,0,,,engsoccerdata,,,,
esd-1180,2002-05-11,2002,regular,San Jose Earthquakes,New York Red Bulls,2,1,,,engsoccerdata,,,,
esd-1181,2002-05-11,2002,regular,New England Revolution,FC Dallas,2,0,,,engsoccerdata,,,,
esd-1182,2002-05-11,2002,regular,Chicago Fire,LA Galaxy,0,1,,,engsoccerdata,,,,
esd-1183,2002-05-12,2002,regular,DC United,Columbus Crew,1,1,,,engsoccerdata,,,,
esd-1184,2002-05-18,2002,regular,Columbus Crew,San Jose Earthquakes,2,0,,,engsoccerdata,,,,
esd-1185,2002-05-18,2002,regular,DC United,New York Red Bulls,4,2,,,engsoccerdata,,,,
esd-1186,2002-05-18,2002,regular,Sporting Kansas City,LA Galaxy,2,1,,,engsoccerdata,,,,
esd-1187,2002-05-18,2002,regular,FC Dallas,Colorado Rapids,3,1,,,engsoccerdata,,,,
esd-1188,2002-05-19,2002,regular,New England Revolution,Chicago Fire,1,3,,,engsoccerdata,,,,
esd-1189,2002-05-22,2002,regular,Colorado Rapids,New England Revolution,5,2,,,engsoccerdata,,,,
esd-1190,2002-05-25,2002,regular,Columbus Crew,FC Dallas,1,1,,,engsoccerdata,,,,
esd-1191,2002-05-25,2002,regular,New England Revolution,LA Galaxy,3,2,,,engsoccerdata,,,,
esd-1192,2002-05-25,2002,regular,New York Red Bulls,Sporting Kansas City,1,1,,,engsoccerdata,,,,
esd-1193,2002-05-26,2002,regular,Chicago Fire,San Jose Earthquakes,1,1,,,engsoccerdata,,,,
esd-1194,2002-06-01,2002,regular,Colorado Rapids,LA Galaxy,3,2,,,engsoccerdata,,,,
esd-1195,2002-06-01,2002,regular,Sporting Kansas City,FC Dallas,2,2,,,engsoccerdata,,,,
esd-1196,2002-06-01,2002,regular,New England Revolution,San Jose Earthquakes,0,2,,,engsoccerdata,,,,
esd-1197,2002-06-02,2002,regular,Chicago Fire,Columbus Crew,5,4,,,engsoccerdata,,,,
esd-1198,2002-06-08,2002,regular,DC United,New England Revolution,3,2,,,engsoccerdata,,,,
esd-1199,2002-06-08,2002,regular,FC Dallas,Colorado Rapids,4,1,,,engsoccerdata,,,,
esd-1200,2002-06-08,2002,regular,San Jose Earthquakes,Sporting Kansas City,3,0,,,engsoccerdata,,,,
esd-1201,2002-06-08,2002,regular,LA Galaxy,Chicago Fire,1,0,,,engsoccerdata,,,,
esd-1202,2002-06-12,2002,regular,New England Revolution,Columbus Crew,1,2,,,engsoccerdata,,,,
esd-1203,2002-06-15,2002,regular,Chicago Fire,FC Dallas,1,3,,,engsoccerdata,,,,
esd-1204,2002-06-15,2002,regular,Colorado Rapids,New England Revolution,1,2,,,engsoccerdata,,,,
esd-1205,2002-06-15,2002,regular,Columbus Crew,San Jose Earthquakes,2,1,,,engsoccerdata,,,,
esd-1206,2002-06-15,2002,regular,Sporting Kansas City,DC United,2,0,,,engsoccerdata,,,,
esd-1207,2002-06-15,2002,regular,New York Red Bulls,LA Galaxy,5,0,,,engsoccerdata,,,,
esd-1208,2002-06-19,2002,regular,Columbus Crew,Sporting Kansas City,1,1,,,engsoccerdata,,,,
esd-1209,2002-06-19,2002,regular,DC United,Colorado Rapids,2,0,,,engsoccerdata,,,,
esd-1210,2002-06-22,2002,regular,San Jose Earthquakes,Colorado Rapids,4,0,,,engsoccerdata,,,,
esd-1211,2002-06-22,2002,regular,LA Galaxy,FC Dallas,3,0,,,engsoccerdata,,,,
esd-1212,2002-06-22,2002,regular,Sporting Kansas City,New England Revolution,3,2,,,engsoccerdata,,,,
esd-1213,2002-06-22,2002,regular,Chicago Fire,New York Red Bulls,0,1,,,engsoccerdata,,,,
esd-1214,2002-06-26,2002,regular,New York Red Bulls,Colorado Rapids,0,1,,,engsoccerdata,,,,
esd-1215,2002-06-29,2002,regular,FC Dallas,Columbus Crew,1,0,,,engsoccerdata,,,,
esd-1216,2002-06-29,2002,regular,San Jose Earthquakes,Sporting Kansas City,2,1,,,engsoccerdata,,,,
esd-1217,2002-06-29,2002,regular,New England Revolution,New York Red Bulls,0,2,,,engsoccerdata,,,,
esd-1218,2002-06-29,2002,regular,DC United,LA Galaxy,1,0,,,engsoccerdata,,,,
esd-1219,2002-07-04,2002,regular,Colorado Rapids,Chicago Fire,3,2,,,engsoccerdata,,,,
esd-1220,2002-07-04,2002,regular,FC Dallas,New York Red Bulls,2,0,,,engsoccerdata,,,,
esd-1221,2002-07-04,2002,regular,LA Galaxy,San Jose Earthquakes,2,1,,,engsoccerdata,,,,
esd-1222,2002-07-04,2002,regular,New England Revolution,Columbus Crew,4,1,,,engsoccerdata,,,,
esd-1223,2002-07-04,2002,regular,Sporting Kansas City,DC United,2,1,,,engsoccerdata,,,,
esd-1224,2002-07-06,2002,regular,Columbus Crew,New York Red Bulls,2,3,,,engsoccerdata,,,,
esd-1225,2002-07-06,2002,regular,New England Revolution,DC United,2,0,,,engsoccerdata,,,,
esd-1226,2002-07-06,2002,regular,Sporting Kansas City,FC Dallas,1,1,,,engsoccerdata,,,,
esd-1227,2002-07-07,2002,regular,San Jose Earthquakes,LA Galaxy,1,0,,,engsoccerdata,,,,
esd-1228,2002-07-07,2002,regular,Chicago Fire,Colorado Rapids,2,1,,,engsoccerdata,,,,
esd-1229,2002-07-13,2002,regular,Colorado Rapids,LA Galaxy,1,3,,,engsoccerdata,,,,
esd-1230,2002-07-13,2002,regular,DC United,Columbus Crew,1,3,,,engsoccerdata,,,,
esd-1231,2002-07-13,2002,regular,FC Dallas,San Jose Earthquakes,2,1,,,engsoccerdata,,,,
esd-1232,2002-07-13,2002,regular,New England Revolution,Sporting Kansas City,2,4,,,engsoccerdata,,,,
esd-1233,2002-07-13,2002,regular,New York Red Bulls,Chicago Fire,2,3,,,engsoccerdata,,,,
esd-1234,2002-07-20,2002,regular,Chicago Fire,DC United,0,0,,,engsoccerdata,,,,
esd-1235,2002-07-20,2002,regular,Columbus Crew,Colorado Rapids,1,1,,,engsoccerdata,,,,
esd-1236,2002-07-20,2002,regular,San Jose Earthquakes,FC Dallas,4,0,,,engsoccerdata,,,,
esd-1237,2002-07-20,2002,regular,LA Galaxy,Sporting Kansas City,2,2,,,engsoccerdata,,,,
esd-1238,2002-07-20,2002,regular,New York Red Bulls,New England Revolution,4,3,,,engsoccerdata,,,,
esd-1239,2002-07-24,2002,regular,Columbus Crew,DC United,1,0,,,engsoccerdata,,,,
esd-1240,2002-07-24,2002,regular,San Jose Earthquakes,Chicago Fire,1,0,,,engsoccerdata,,,,
esd-1241,2002-07-24,2002,regular,New England Revolution,Colorado Rapids,2,3,,,engsoccerdata,,,,
esd-1242,2002-07-24,2002,regular,Sporting Kansas City,New York Red Bulls,1,3,,,engsoccerdata,,,,
esd-1243,2002-07-27,2002,regular,Colorado Rapids,FC Dallas,2,2,,,engsoccerdata,,,,
esd-1244,2002-07-27,2002,regular,DC United,New England Revolution,0,1,,,engsoccerdata,,,,
esd-1245,2002-07-27,2002,regular,LA Galaxy,Columbus Crew,2,1,,,engsoccerdata,,,,
esd-1246,2002-07-27,2002,regular,Sporting Kansas City,San Jose Earthquakes,2,1,,,engsoccerdata,,,,
esd-1247,2002-07-27,2002,regular,Chicago Fire,New York Red Bulls,3,0,,,engsoccerdata,,,,
esd-1248,2002-07-31,2002,regular,Chicago Fire,DC United,0,0,,,engsoccerdata,,,,
esd-1249,2002-07-31,2002,regular,FC Dallas,Sporting Kansas City,0,1,,,engsoccerdata,,,,
esd-1250,2002-07-31,2002,regular,New York Red Bulls,Columbus Crew,2,3,,,engsoccerdata,,,,
esd-1251,2002-08-10,2002,regular,Colorado Rapids,Columbus Crew,2,1,,,engsoccerdata,,,,
esd-1252,2002-08-10,2002,regular,DC United,Sporting Kansas City,0,0,,,engsoccerdata,,,,
esd-1253,2002-08-10,2002,regular,LA Galaxy,New England Revolution,2,1,,,engsoccerdata,,,,
esd-1254,2002-08-10,2002,regular,FC Dallas,Chicago Fire,3,1,,,engsoccerdata,,,,
esd-1255,2002-08-14,2002,regular,Chicago Fire,Sporting Kansas City,5,1,,,engsoccerdata,,,,
esd-1256,2002-08-14,2002,regular,Columbus Crew,LA Galaxy,3,2,,,engsoccerdata,,,,
esd-1257,2002-08-17,2002,regular,LA Galaxy,Colorado Rapids,4,0,,,engsoccerdata,,,,
esd-1258,2002-08-17,2002,regular,New York Red Bulls,FC Dallas,1,3,,,engsoccerdata,,,,
esd-1259,2002-08-17,2002,regular,San Jose Earthquakes,DC United,2,2,,,engsoccerdata,,,,
esd-1260,2002-08-18,2002,regular,New England Revolution,Chicago Fire,0,2,,,engsoccerdata,,,,
esd-1261,2002-08-18,2002,regular,Sporting Kansas City,Columbus Crew,0,4,,,engsoccerdata,,,,
esd-1262,2002-08-21,2002,regular,San Jose Earthquakes,FC Dallas,3,1,,,engsoccerdata,,,,
esd-1263,2002-08-21,2002,regular,LA Galaxy,Sporting Kansas City,2,1,,,engsoccerdata,,,,
esd-1264,2002-08-24,2002,regular,Chicago Fire,New England Revolution,1,2,,,engsoccerdata,,,,
esd-1265,2002-08-24,2002,regular,FC Dallas,LA Galaxy,1,0,,,engsoccerdata,,,,
esd-1266,2002-08-24,2002,regular,Colorado Rapids,San Jose Earthquakes,3,0,,,engsoccerdata,,,,
esd-1267,2002-08-25,2002,regular,New York Red Bulls,DC United,1,0,,,engsoccerdata,,,,
esd-1268,2002-08-28,2002,regular,New England Revolution,Colorado Rapids,3,1,,,engsoccerdata,,,,
esd-1269,2002-08-31,2002,regular,Columbus Crew,New England Revolution,0,0,,,engsoccerdata,,,,
esd-1270,2002-08-31,2002,regular,DC United,San Jose Earthquakes,4,2,,,engsoccerdata,,,,
esd-1271,2002-08-31,2002,regular,LA Galaxy,New York Red Bulls,3,0,,,engsoccerdata,,,,
esd-1272,2002-08-31,2002,regular,Sporting Kansas City,Chicago Fire,2,1,,,engsoccerdata,,,,
esd-1273,2002-09-01,2002,regular,Colorado Rapids,FC Dallas,3,2,,,engsoccerdata,,,,
esd-1274,2002-09-05,2002,regular,FC Dallas,New York Red Bulls,1,3,,,engsoccerdata,,,,
esd-1275,2002-09-07,2002,regular,Chicago Fire,LA Galaxy,1,2,,,engsoccerdata,,,,
esd-1276,2002-09-07,2002,regular,San Jose Earthquakes,Columbus Crew,4,3,,,engsoccerdata,,,,
esd-1277,2002-09-07,2002,regular,New England Revolution,DC United,3,0,,,engsoccerdata,,,,
esd-1278,2002-09-12,2002,regular,New York Red Bulls,DC United,0,1,,,engsoccerdata,,,,
esd-1279,2002-09-14,2002,regular,Columbus Crew,Chicago Fire,2,0,,,engsoccerdata,,,,
esd-1280,2002-09-14,2002,regular,DC United,New York Red Bulls,2,1,,,engsoccerdata,,,,
esd-1281,2002-09-14,2002,regular,FC Dallas,New England Revolution,1,2,,,engsoccerdata,,,,
esd-1282,2002-09-14,2002,regular,LA Galaxy,San Jose Earthquakes,1,0,,,engsoccerdata,,,,
esd-1283,2002-09-14,2002,regular,Sporting Kansas City,Colorado Rapids,1,2,,,engsoccerdata,,,,
esd-1284,2002-09-19,2002,regular,DC United,FC Dallas,3,4,,,engsoccerdata,,,,
esd-1285,2002-09-20,2002,regular,Colorado Rapids,Sporting Kansas City,1,1,,,engsoccerdata,,,,
esd-1286,2002-09-21,2002,regular,San Jose Earthquakes,LA Galaxy,0,1,,,engsoccerdata,,,,
esd-1287,2002-09-21,2002,regular,New England Revolution,New York Red Bulls,3,0,,,engsoccerdata,,,,
esd-1288,2002-09-22,2002,regular,Chicago Fire,Columbus Crew,2,1,,,engsoccerdata,,,,
esd-1289,2002-09-25,2002,postseason,FC Dallas,Colorado Rapids,4,2,,,engsoccerdata,,,,
esd-1290,2002-09-25,2002,postseason,San Jose Earthquakes,Columbus Crew,1,2,,,engsoccerdata,,,,
esd-1291,2002-09-25,2002,postseason,LA Galaxy,Sporting Kansas City,3,2,,AET,engsoccerdata,,,,
esd-1292,2002-09-26,2002,postseason,New England Revolution,Chicago Fire,2,0,,,engsoccerdata,,,,
esd-1293,2002-09-28,2002,postseason,Colorado Rapids,FC Dallas,1,0,,,engsoccerdata,,,,
esd-1294,2002-09-28,2002,postseason,Columbus Crew,San Jose Earthquakes,2,1,,,engsoccerdata,,,,
esd-1295,2002-09-28,2002,postseason,Sporting Kansas City,LA Galaxy,4,1,,,engsoccerdata,,,,
esd-1296,2002-09-29,2002,postseason,Chicago Fire,New England Revolution,2,1,,,engsoccerdata,,,,
esd-1297,2002-10-02,2002,postseason,FC Dallas,Colorado Rapids,1,2,,AET,engsoccerdata,,,,
esd-1298,2002-10-02,2002,postseason,LA Galaxy,Sporting Kansas City,5,2,,,engsoccerdata,,,,
esd-1299,2002-10-02,2002,postseason,New England Revolution,Chicago Fire,2,0,,,engsoccerdata,,,,
esd-1300,2002-10-05,2002,postseason,LA Galaxy,Colorado Rapids,4,0,,,engsoccerdata,,,,
esd-1301,2002-10-06,2002,postseason,New England Revolution,Columbus Crew,0,0,,,engsoccerdata,,,,
esd-1302,2002-10-09,2002,postseason,Colorado Rapids,LA Galaxy,0,1,,,engsoccerdata,,,,
esd-1303,2002-10-09,2002,postseason,Columbus Crew,New England Revolution,0,1,,,engsoccerdata,,,,
esd-1304,2002-10-12,2002,postseason,New England Revolution,Columbus Crew,2,2,,,engsoccerdata,,,,
esd-1305,2002-10-20,2002,postseason,New England Revolution,LA Galaxy,0,1,1,AET,engsoccerdata,,,,
esd-1306,2003-04-05,2003,regular,Columbus Crew,LA Galaxy,1,1,,,engsoccerdata,,,,
esd-1307,2003-04-12,2003,regular,Colorado Rapids,San Jose Earthquakes,1,2,,,engsoccerdata,,,,
esd-1308,2003-04-12,2003,regular,New York Red Bulls,Columbus Crew,0,1,,,engsoccerdata,,,,
esd-1309,2003-04-12,2003,regular,Sporting Kansas City,DC United,3,2,,,engsoccerdata,,,,
esd-1310,2003-04-12,2003,regular,FC Dallas,LA Galaxy,1,1,,,engsoccerdata,,,,
esd-1311,2003-04-13,2003,regular,Chicago Fire,New England Revolution,1,1,,,engsoccerdata,,,,
esd-1312,2003-04-19,2003,regular,DC United,Chicago Fire,0,0,,,engsoccerdata,,,,
esd-1313,2003-04-19,2003,regular,San Jose Earthquakes,Sporting Kansas City,1,1,,,engsoccerdata,,,,
esd-1314,2003-04-19,2003,regular,New York Red Bulls,LA Galaxy,1,1,,,engsoccerdata,,,,
esd-1315,2003-04-19,2003,regular,New England Revolution,Columbus Crew,1,2,,,engsoccerdata,,,,
esd-1316,2003-04-26,2003,regular,Colorado Rapids,DC United,1,1,,,engsoccerdata,,,,
esd-1317,2003-04-26,2003,regular,FC Dallas,New England Revolution,1,2,,,engsoccerdata,,,,
esd-1318,2003-04-26,2003,regular,San Jose Earthquakes,LA Galaxy,1,0,,,engsoccerdata,,,,
esd-1319,2003-04-26,2003,regular,Sporting Kansas City,Chicago Fire,2,3,,,engsoccerdata,,,,
esd-1320,2003-04-26,2003,regular,Columbus Crew,New York Red Bulls,0,1,,,engsoccerdata,,,,
esd-1321,2003-05-03,2003,regular,DC United,FC Dallas,0,0,,,engsoccerdata,,,,
esd-1322,2003-05-03,2003,regular,New York Red Bulls,Colorado Rapids,2,1,,,engsoccerdata,,,,
esd-1323,2003-05-03,2003,regular,Sporting Kansas City,Columbus Crew,2,2,,,engsoccerdata,,,,
esd-1324,2003-05-03,2003,regular,New England Revolution,San Jose Earthquakes,0,2,,,engsoccerdata,,,,
esd-1325,2003-05-10,2003,regular,Chicago Fire,San Jose Earthquakes,0,0,,,engsoccerdata,,,,
esd-1326,2003-05-10,2003,regular,Columbus Crew,Colorado Rapids,2,0,,,engsoccerdata,,,,
esd-1327,2003-05-10,2003,regular,FC Dallas,Sporting Kansas City,1,3,,,engsoccerdata,,,,
esd-1328,2003-05-10,2003,regular,New York Red Bulls,DC United,1,0,,,engsoccerdata,,,,
esd-1329,2003-05-10,2003,regular,New England Revolution,LA Galaxy,2,0,,,engsoccerdata,,,,
esd-1330,2003-05-14,2003,regular,Sporting Kansas City,New England Revolution,1,1,,,engsoccerdata,,,,
esd-1331,2003-05-17,2003,regular,DC United,Sporting Kansas City,1,1,,,engsoccerdata,,,,
esd-1332,2003-05-17,2003,regular,FC Dallas,LA Galaxy,1,1,,,engsoccerdata,,,,
esd-1333,2003-05-17,2003,regular,San Jose Earthquakes,Columbus Crew,4,3,,,engsoccerdata,,,,
esd-1334,2003-05-17,2003,regular,New England Revolution,Chicago Fire,3,0,,,engsoccerdata,,,,
esd-1335,2003-05-17,2003,regular,Colorado Rapids,New York Red Bulls,0,2,,,engsoccerdata,,,,
esd-1336,2003-05-24,2003,regular,Columbus Crew,New England Revolution,2,3,,,engsoccerdata,,,,
esd-1337,2003-05-24,2003,regular,New York Red Bulls,FC Dallas,2,1,,,engsoccerdata,,,,
esd-1338,2003-05-24,2003,regular,Sporting Kansas City,LA Galaxy,2,1,,,engsoccerdata,,,,
esd-1339,2003-05-25,2003,regular,Chicago Fire,Colorado Rapids,4,0,,,engsoccerdata,,,,
esd-1340,2003-05-31,2003,regular,Colorado Rapids,LA Galaxy,1,0,,,engsoccerdata,,,,
esd-1341,2003-05-31,2003,regular,Columbus Crew,New York Red Bulls,1,1,,,engsoccerdata,,,,
esd-1342,2003-05-31,2003,regular,FC Dallas,DC United,3,2,,,engsoccerdata,,,,
esd-1343,2003-05-31,2003,regular,New England Revolution,Sporting Kansas City,2,2,,,engsoccerdata,,,,
esd-1344,2003-05-31,2003,regular,San Jose Earthquakes,Chicago Fire,1,4,,,engsoccerdata,,,,
esd-1345,2003-06-07,2003,regular,Columbus Crew,San Jose Earthquakes,1,0,,,engsoccerdata,,,,
esd-1346,2003-06-07,2003,regular,DC United,Chicago Fire,2,0,,,engsoccerdata,,,,
esd-1347,2003-06-07,2003,regular,Sporting Kansas City,New York Red Bulls,2,1,,,engsoccerdata,,,,
esd-1348,2003-06-07,2003,regular,LA Galaxy,Colorado Rapids,2,0,,,engsoccerdata,,,,
esd-1349,2003-06-11,2003,regular,Colorado Rapids,DC United,0,0,,,engsoccerdata,,,,
esd-1350,2003-06-14,2003,regular,Colorado Rapids,New England Revolution,4,1,,,engsoccerdata,,,,
esd-1351,2003-06-14,2003,regular,DC United,Columbus Crew,3,0,,,engsoccerdata,,,,
esd-1352,2003-06-14,2003,regular,FC Dallas,San Jose Earthquakes,1,2,,,engsoccerdata,,,,
esd-1353,2003-06-14,2003,regular,LA Galaxy,Sporting Kansas City,2,1,,,engsoccerdata,,,,
esd-1354,2003-06-14,2003,regular,New York Red Bulls,Chicago Fire,2,3,,,engsoccerdata,,,,
esd-1355,2003-06-18,2003,regular,Chicago Fire,FC Dallas,4,1,,,engsoccerdata,,,,
esd-1356,2003-06-18,2003,regular,LA Galaxy,San Jose Earthquakes,1,1,,,engsoccerdata,,,,
esd-1357,2003-06-21,2003,regular,DC United,New England Revolution,1,1,,,engsoccerdata,,,,
esd-1358,2003-06-21,2003,regular,FC Dallas,Colorado Rapids,3,1,,,engsoccerdata,,,,
esd-1359,2003-06-21,2003,regular,San Jose Earthquakes,Columbus Crew,2,1,,,engsoccerdata,,,,
esd-1360,2003-06-21,2003,regular,Sporting Kansas City,Chicago Fire,4,2,,,engsoccerdata,,,,
esd-1361,2003-06-21,2003,regular,New York Red Bulls,LA Galaxy,1,0,,,engsoccerdata,,,,
esd-1362,2003-06-25,2003,regular,Colorado Rapids,LA Galaxy,2,2,,,engsoccerdata,,,,
esd-1363,2003-06-28,2003,regular,Columbus Crew,DC United,3,0,,,engsoccerdata,,,,
esd-1364,2003-06-28,2003,regular,San Jose Earthquakes,Sporting Kansas City,0,0,,,engsoccerdata,,,,
esd-1365,2003-06-28,2003,regular,LA Galaxy,FC Dallas,3,0,,,engsoccerdata,,,,
esd-1366,2003-06-28,2003,regular,New England Revolution,Colorado Rapids,3,2,,,engsoccerdata,,,,
esd-1367,2003-06-28,2003,regular,Chicago Fire,New York Red Bulls,2,1,,,engsoccerdata,,,,
esd-1368,2003-07-02,2003,regular,FC Dallas,DC United,1,3,,,engsoccerdata,,,,
esd-1369,2003-07-02,2003,regular,New York Red Bulls,San Jose Earthquakes,4,4,,,engsoccerdata,,,,
esd-1370,2003-07-04,2003,regular,Colorado Rapids,Sporting Kansas City,3,2,,,engsoccerdata,,,,
esd-1371,2003-07-04,2003,regular,LA Galaxy,New England Revolution,2,2,,,engsoccerdata,,,,
esd-1372,2003-07-05,2003,regular,Columbus Crew,FC Dallas,0,0,,,engsoccerdata,,,,
esd-1373,2003-07-05,2003,regular,San Jose Earthquakes,Chicago Fire,0,0,,,engsoccerdata,,,,
esd-1374,2003-07-05,2003,regular,DC United,New York Red Bulls,2,3,,,engsoccerdata,,,,
esd-1375,2003-07-09,2003,regular,LA Galaxy,Colorado Rapids,0,1,,,engsoccerdata,,,,
esd-1376,2003-07-12,2003,regular,Chicago Fire,DC United,1,2,,,engsoccerdata,,,,
esd-1377,2003-07-12,2003,regular,San Jose Earthquakes,Colorado Rapids,0,2,,,engsoccerdata,,,,
esd-1378,2003-07-12,2003,regular,Sporting Kansas City,FC Dallas,5,1,,,engsoccerdata,,,,
esd-1379,2003-07-12,2003,regular,New England Revolution,New York Red Bulls,3,3,,,engsoccerdata,,,,
esd-1380,2003-07-16,2003,regular,New England Revolution,FC Dallas,1,2,,,engsoccerdata,,,,
esd-1381,2003-07-19,2003,regular,Chicago Fire,New England Revolution,3,1,,,engsoccerdata,,,,
esd-1382,2003-07-19,2003,regular,Columbus Crew,Sporting Kansas City,0,1,,,engsoccerdata,,,,
esd-1383,2003-07-19,2003,regular,FC Dallas,New York Red Bulls,1,2,,,engsoccerdata,,,,
esd-1384,2003-07-19,2003,regular,DC United,San Jose Earthquakes,1,2,,,engsoccerdata,,,,
esd-1385,2003-07-23,2003,regular,Columbus Crew,New England Revolution,1,1,,,engsoccerdata,,,,
esd-1386,2003-07-26,2003,regular,Chicago Fire,Sporting Kansas City,2,0,,,engsoccerdata,,,,
esd-1387,2003-07-26,2003,regular,Colorado Rapids,New York Red Bulls,1,0,,,engsoccerdata,,,,
esd-1388,2003-07-26,2003,regular,San Jose Earthquakes,FC Dallas,3,0,,,engsoccerdata,,,,
esd-1389,2003-07-27,2003,regular,New England Revolution,DC United,2,4,,,engsoccerdata,,,,
esd-1390,2003-07-30,2003,regular,LA Galaxy,Columbus Crew,2,1,,,engsoccerdata,,,,
esd-1391,2003-08-08,2003,regular,Sporting Kansas City,San Jose Earthquakes,0,1,,,engsoccerdata,,,,
esd-1392,2003-08-09,2003,regular,Colorado Rapids,FC Dallas,2,0,,,engsoccerdata,,,,
esd-1393,2003-08-09,2003,regular,DC United,New England Revolution,1,0,,,engsoccerdata,,,,
esd-1394,2003-08-09,2003,regular,LA Galaxy,Columbus Crew,3,1,,,engsoccerdata,,,,
esd-1395,2003-08-09,2003,regular,Chicago Fire,New York Red Bulls,1,1,,,engsoccerdata,,,,
esd-1396,2003-08-13,2003,regular,Columbus Crew,Chicago Fire,2,2,,,engsoccerdata,,,,
esd-1397,2003-08-13,2003,regular,DC United,Colorado Rapids,1,0,,,engsoccerdata,,,,
esd-1398,2003-08-13,2003,regular,FC Dallas,San Jose Earthquakes,0,3,,,engsoccerdata,,,,
esd-1399,2003-08-13,2003,regular,New York Red Bulls,Sporting Kansas City,0,0,,,engsoccerdata,,,,
esd-1400,2003-08-16,2003,regular,Chicago Fire,DC United,3,1,,,engsoccerdata,,,,
esd-1401,2003-08-16,2003,regular,Colorado Rapids,Columbus Crew,2,1,,,engsoccerdata,,,,
esd-1402,2003-08-16,2003,regular,FC Dallas,Sporting Kansas City,3,2,,,engsoccerdata,,,,
esd-1403,2003-08-16,2003,regular,LA Galaxy,New York Red Bulls,1,1,,,engsoccerdata,,,,
esd-1404,2003-08-16,2003,regular,New England Revolution,San Jose Earthquakes,1,1,,,engsoccerdata,,,,
esd-1405,2003-08-20,2003,regular,Chicago Fire,LA Galaxy,1,0,,,engsoccerdata,,,,
esd-1406,2003-08-22,2003,regular,Sporting Kansas City,Colorado Rapids,2,2,,,engsoccerdata,,,,
esd-1407,2003-08-23,2003,regular,FC Dallas,Columbus Crew,1,2,,,engsoccerdata,,,,
esd-1408,2003-08-23,2003,regular,LA Galaxy,New England Revolution,2,1,,,engsoccerdata,,,,
esd-1409,2003-08-24,2003,regular,San Jose Earthquakes,DC United,1,0,,,engsoccerdata,,,,
esd-1410,2003-08-24,2003,regular,New York Red Bulls,Chicago Fire,1,2,,,engsoccerdata,,,,
esd-1411,2003-08-30,2003,regular,San Jose Earthquakes,Colorado Rapids,1,2,,,engsoccerdata,,,,
esd-1412,2003-08-30,2003,regular,LA Galaxy,FC Dallas,2,1,,,engsoccerdata,,,,
esd-1413,2003-08-30,2003,regular,New England Revolution,Chicago Fire,5,1,,,engsoccerdata,,,,
esd-1414,2003-08-31,2003,regular,Columbus Crew,Sporting Kansas City,1,0,,,engsoccerdata,,,,
esd-1415,2003-09-06,2003,regular,Chicago Fire,Columbus Crew,1,1,,,engsoccerdata,,,,
esd-1416,2003-09-06,2003,regular,Colorado Rapids,FC Dallas,2,1,,,engsoccerdata,,,,
esd-1417,2003-09-06,2003,regular,DC United,LA Galaxy,2,1,,,engsoccerdata,,,,
esd-1418,2003-09-06,2003,regular,Sporting Kansas City,New York Red Bulls,1,2,,,engsoccerdata,,,,
esd-1419,2003-09-07,2003,regular,San Jose Earthquakes,New England Revolution,2,1,,,engsoccerdata,,,,
esd-1420,2003-09-13,2003,regular,Colorado Rapids,Sporting Kansas City,1,0,,,engsoccerdata,,,,
esd-1421,2003-09-13,2003,regular,Columbus Crew,FC Dallas,3,2,,,engsoccerdata,,,,
esd-1422,2003-09-13,2003,regular,DC United,San Jose Earthquakes,2,1,,,engsoccerdata,,,,
esd-1423,2003-09-13,2003,regular,LA Galaxy,Chicago Fire,0,2,,,engsoccerdata,,,,
esd-1424,2003-09-13,2003,regular,New York Red Bulls,New England Revolution,1,2,,,engsoccerdata,,,,
esd-1425,2003-09-18,2003,regular,New England Revolution,Colorado Rapids,0,0,,,engsoccerdata,,,,
esd-1426,2003-09-20,2003,regular,FC Dallas,Chicago Fire,2,0,,,engsoccerdata,,,,
esd-1427,2003-09-20,2003,regular,LA Galaxy,DC United,1,0,,,engsoccerdata,,,,
esd-1428,2003-09-20,2003,regular,New York Red Bulls,Columbus Crew,1,0,,,engsoccerdata,,,,
esd-1429,2003-09-20,2003,regular,Sporting Kansas City,San Jose Earthquakes,1,4,,,engsoccerdata,,,,
esd-1430,2003-09-25,2003,regular,New York Red Bulls,DC United,0,2,,,engsoccerdata,,,,
esd-1431,2003-09-27,2003,regular,San Jose Earthquakes,FC Dallas,5,2,,,engsoccerdata,,,,
esd-1432,2003-09-27,2003,regular,LA Galaxy,Sporting Kansas City,1,2,,,engsoccerdata,,,,
esd-1433,2003-09-28,2003,regular,New England Revolution,Columbus Crew,3,2,,,engsoccerdata,,,,
esd-1434,2003-09-28,2003,regular,DC United,New York Red Bulls,1,1,,,engsoccerdata,,,,
esd-1435,2003-10-01,2003,regular,Colorado Rapids,Chicago Fire,1,1,,,engsoccerdata,,,,
esd-1436,2003-10-04,2003,regular,Chicago Fire,LA Galaxy,2,0,,,engsoccerdata,,,,
esd-1437,2003-10-04,2003,regular,Columbus Crew,DC United,1,1,,,engsoccerdata,,,,
esd-1438,2003-10-04,2003,regular,FC Dallas,New England Revolution,1,4,,,engsoccerdata,,,,
esd-1439,2003-10-04,2003,regular,Sporting Kansas City,Colorado Rapids,4,2,,,engsoccerdata,,,,
esd-1440,2003-10-05,2003,regular,San Jose Earthquakes,New York Red Bulls,0,2,,,engsoccerdata,,,,
esd-1441,2003-10-10,2003,regular,Chicago Fire,Columbus Crew,2,0,,,engsoccerdata,,,,
esd-1442,2003-10-10,2003,regular,Colorado Rapids,San Jose Earthquakes,0,0,,,engsoccerdata,,,,
esd-1443,2003-10-11,2003,regular,New York Red Bulls,FC Dallas,0,0,,,engsoccerdata,,,,
esd-1444,2003-10-11,2003,regular,Sporting Kansas City,LA Galaxy,2,1,,,engsoccerdata,,,,
esd-1445,2003-10-11,2003,regular,New England Revolution,DC United,1,0,,,engsoccerdata,,,,
esd-1446,2003-10-18,2003,regular,Chicago Fire,Colorado Rapids,4,3,,,engsoccerdata,,,,
esd-1447,2003-10-18,2003,regular,LA Galaxy,San Jose Earthquakes,3,0,,,engsoccerdata,,,,
esd-1448,2003-10-18,2003,regular,New York Red Bulls,New England Revolution,1,2,,,engsoccerdata,,,,
esd-1449,2003-10-18,2003,regular,Sporting Kansas City,FC Dallas,1,0,,,engsoccerdata,,,,
esd-1450,2003-10-19,2003,regular,DC United,Columbus Crew,2,3,,,engsoccerdata,,,,
esd-1451,2003-10-25,2003,regular,DC United,Sporting Kansas City,1,1,,,engsoccerdata,,,,
esd-1452,2003-10-25,2003,regular,FC Dallas,Colorado Rapids,4,3,,,engsoccerdata,,,,
esd-1453,2003-10-25,2003,regular,San Jose Earthquakes,LA Galaxy,1,1,,,engsoccerdata,,,,
esd-1454,2003-10-25,2003,regular,New England Revolution,New York Red Bulls,5,2,,,engsoccerdata,,,,
esd-1455,2003-10-26,2003,regular,Columbus Crew,Chicago Fire,6,2,,,engsoccerdata,,,,
esd-1456,2003-11-01,2003,postseason,DC United,Chicago Fire,0,2,,,engsoccerdata,,,,
esd-1457,2003-11-01,2003,postseason,LA Galaxy,San Jose Earthquakes,2,0,,,engsoccerdata,,,,
esd-1458,2003-11-01,2003,postseason,New York Red Bulls,New England Revolution,0,2,,,engsoccerdata,,,,
esd-1459,2003-11-04,2003,postseason,Colorado Rapids,Sporting Kansas City,1,1,,,engsoccerdata,,,,
esd-1460,2003-11-08,2003,postseason,Sporting Kansas City,Colorado Rapids,2,0,,,engsoccerdata,,,,
esd-1461,2003-11-09,2003,postseason,San Jose Earthquakes,LA Galaxy,5,2,,AET,engsoccerdata,,,,
esd-1462,2003-11-09,2003,postseason,New England Revolution,New York Red Bulls,1,1,,,engsoccerdata,,,,
esd-1463,2003-11-09,2003,postseason,Chicago Fire,DC United,2,0,,,engsoccerdata,,,,
esd-1464,2003-11-14,2003,postseason,Chicago Fire,New England Revolution,1,0,,AET,engsoccerdata,,,,
esd-1465,2003-11-15,2003,postseason,San Jose Earthquakes,Sporting Kansas City,2,2,,AET,engsoccerdata,,,,
esd-1466,2003-11-23,2003,postseason,Chicago Fire,San Jose Earthquakes,2,4,1,,engsoccerdata,,,,
esd-1467,2004-04-03,2004,regular,Columbus Crew,New York Red Bulls,1,3,,,engsoccerdata,,,,
esd-1468,2004-04-03,2004,regular,FC Dallas,Colorado Rapids,1,1,,,engsoccerdata,,,,
esd-1469,2004-04-03,2004,regular,LA Galaxy,New England Revolution,3,2,,,engsoccerdata,,,,
esd-1470,2004-04-03,2004,regular,Sporting Kansas City,Chicago Fire,0,0,,,engsoccerdata,,,,
esd-1471,2004-04-03,2004,regular,DC United,San Jose Earthquakes,2,1,,,engsoccerdata,,,,
esd-1472,2004-04-10,2004,regular,LA Galaxy,DC United,1,1,,,engsoccerdata,,,,
esd-1473,2004-04-10,2004,regular,San Jose Earthquakes,Chicago Fire,0,0,,,engsoccerdata,,,,
esd-1474,2004-04-17,2004,regular,Chicago Fire,FC Dallas,0,2,,,engsoccerdata,,,,
esd-1475,2004-04-17,2004,regular,Colorado Rapids,LA Galaxy,1,1,,,engsoccerdata,,,,
esd-1476,2004-04-17,2004,regular,New England Revolution,San Jose Earthquakes,1,3,,,engsoccerdata,,,,
esd-1477,2004-04-17,2004,regular,Sporting Kansas City,Columbus Crew,1,0,,,engsoccerdata,,,,
esd-1478,2004-04-17,2004,regular,New York Red Bulls,DC United,3,2,,,engsoccerdata,,,,
esd-1479,2004-04-24,2004,regular,Colorado Rapids,San Jose Earthquakes,1,0,,,engsoccerdata,,,,
esd-1480,2004-04-24,2004,regular,FC Dallas,Sporting Kansas City,1,0,,,engsoccerdata,,,,
esd-1481,2004-04-24,2004,regular,LA Galaxy,Columbus Crew,2,0,,,engsoccerdata,,,,
esd-1482,2004-04-24,2004,regular,DC United,Chicago Fire,0,1,,,engsoccerdata,,,,
esd-1483,2004-04-25,2004,regular,New York Red Bulls,New England Revolution,1,1,,,engsoccerdata,,,,
esd-1484,2004-05-01,2004,regular,Chicago Fire,New York Red Bulls,3,0,,,engsoccerdata,,,,
esd-1485,2004-05-01,2004,regular,Columbus Crew,FC Dallas,0,0,,,engsoccerdata,,,,
esd-1486,2004-05-01,2004,regular,New England Revolution,LA Galaxy,2,1,,,engsoccerdata,,,,
esd-1487,2004-05-01,2004,regular,Sporting Kansas City,Colorado Rapids,2,0,,,engsoccerdata,,,,
esd-1488,2004-05-01,2004,regular,San Jose Earthquakes,DC United,1,1,,,engsoccerdata,,,,
esd-1489,2004-05-07,2004,regular,Colorado Rapids,New England Revolution,0,0,,,engsoccerdata,,,,
esd-1490,2004-05-08,2004,regular,DC United,Columbus Crew,1,1,,,engsoccerdata,,,,
esd-1491,2004-05-08,2004,regular,San Jose Earthquakes,New York Red Bulls,5,5,,,engsoccerdata,,,,
esd-1492,2004-05-08,2004,regular,Sporting Kansas City,Chicago Fire,2,2,,,engsoccerdata,,,,
esd-1493,2004-05-08,2004,regular,FC Dallas,LA Galaxy,1,3,,,engsoccerdata,,,,
esd-1494,2004-05-15,2004,regular,DC United,Sporting Kansas City,1,0,,,engsoccerdata,,,,
esd-1495,2004-05-15,2004,regular,FC Dallas,San Jose Earthquakes,1,2,,,engsoccerdata,,,,
esd-1496,2004-05-15,2004,regular,LA Galaxy,Colorado Rapids,1,1,,,engsoccerdata,,,,
esd-1497,2004-05-15,2004,regular,New York Red Bulls,Chicago Fire,1,1,,,engsoccerdata,,,,
esd-1498,2004-05-15,2004,regular,Columbus Crew,New England Revolution,1,0,,,engsoccerdata,,,,
esd-1499,2004-05-19,2004,regular,DC United,LA Galaxy,2,4,,,engsoccerdata,,,,
esd-1500,2004-05-22,2004,regular,Colorado Rapids,DC United,2,1,,,engsoccerdata,,,,
esd-1501,2004-05-22,2004,regular,San Jose Earthquakes,LA Galaxy,4,2,,,engsoccerdata,,,,
esd-1502,2004-05-22,2004,regular,Sporting Kansas City,FC Dallas,2,0,,,engsoccerdata,,,,
esd-1503,2004-05-22,2004,regular,New England Revolution,New York Red Bulls,1,1,,,engsoccerdata,,,,
esd-1504,2004-05-23,2004,regular,Chicago Fire,Columbus Crew,1,3,,,engsoccerdata,,,,
esd-1505,2004-05-29,2004,regular,Chicago Fire,Colorado Rapids,1,0,,,engsoccerdata,,,,
esd-1506,2004-05-29,2004,regular,Columbus Crew,San Jose Earthquakes,1,0,,,engsoccerdata,,,,
esd-1507,2004-05-29,2004,regular,LA Galaxy,FC Dallas,4,1,,,engsoccerdata,,,,
esd-1508,2004-05-29,2004,regular,New England Revolution,DC United,0,1,,,engsoccerdata,,,,
esd-1509,2004-05-30,2004,regular,New York Red Bulls,Sporting Kansas City,1,0,,,engsoccerdata,,,,
esd-1510,2004-06-02,2004,regular,Sporting Kansas City,New England Revolution,2,3,,,engsoccerdata,,,,
esd-1511,2004-06-05,2004,regular,LA Galaxy,Sporting Kansas City,1,2,,,engsoccerdata,,,,
esd-1512,2004-06-05,2004,regular,New York Red Bulls,FC Dallas,0,2,,,engsoccerdata,,,,
esd-1513,2004-06-05,2004,regular,Chicago Fire,DC United,3,0,,,engsoccerdata,,,,
esd-1514,2004-06-06,2004,regular,New England Revolution,Columbus Crew,1,2,,,engsoccerdata,,,,
esd-1515,2004-06-09,2004,regular,Colorado Rapids,Sporting Kansas City,0,1,,,engsoccerdata,,,,
esd-1516,2004-06-12,2004,regular,Columbus Crew,Sporting Kansas City,2,2,,,engsoccerdata,,,,
esd-1517,2004-06-12,2004,regular,DC United,Colorado Rapids,0,0,,,engsoccerdata,,,,
esd-1518,2004-06-12,2004,regular,FC Dallas,New England Revolution,3,1,,,engsoccerdata,,,,
esd-1519,2004-06-12,2004,regular,San Jose Earthquakes,New York Red Bulls,3,1,,,engsoccerdata,,,,
esd-1520,2004-06-12,2004,regular,LA Galaxy,Chicago Fire,3,2,,,engsoccerdata,,,,
esd-1521,2004-06-19,2004,regular,Chicago Fire,San Jose Earthquakes,1,1,,,engsoccerdata,,,,
esd-1522,2004-06-19,2004,regular,Colorado Rapids,FC Dallas,1,1,,,engsoccerdata,,,,
esd-1523,2004-06-19,2004,regular,DC United,Columbus Crew,3,1,,,engsoccerdata,,,,
esd-1524,2004-06-19,2004,regular,New England Revolution,Sporting Kansas City,1,3,,,engsoccerdata,,,,
esd-1525,2004-06-19,2004,regular,New York Red Bulls,LA Galaxy,2,1,,,engsoccerdata,,,,
esd-1526,2004-06-23,2004,regular,LA Galaxy,New York Red Bulls,0,3,,,engsoccerdata,,,,
esd-1527,2004-06-26,2004,regular,Columbus Crew,Colorado Rapids,1,2,,,engsoccerdata,,,,
esd-1528,2004-06-26,2004,regular,San Jose Earthquakes,Sporting Kansas City,1,1,,,engsoccerdata,,,,
esd-1529,2004-06-26,2004,regular,New England Revolution,New York Red Bulls,2,1,,,engsoccerdata,,,,
esd-1530,2004-06-26,2004,regular,FC Dallas,DC United,1,1,,,engsoccerdata,,,,
esd-1531,2004-06-27,2004,regular,Chicago Fire,LA Galaxy,0,1,,,engsoccerdata,,,,
esd-1532,2004-06-30,2004,regular,New York Red Bulls,Colorado Rapids,2,3,,,engsoccerdata,,,,
esd-1533,2004-07-03,2004,regular,Columbus Crew,Chicago Fire,2,0,,,engsoccerdata,,,,
esd-1534,2004-07-03,2004,regular,Sporting Kansas City,FC Dallas,5,1,,,engsoccerdata,,,,
esd-1535,2004-07-03,2004,regular,DC United,New York Red Bulls,6,2,,,engsoccerdata,,,,
esd-1536,2004-07-04,2004,regular,Colorado Rapids,New England Revolution,1,0,,,engsoccerdata,,,,
esd-1537,2004-07-04,2004,regular,LA Galaxy,San Jose Earthquakes,2,1,,,engsoccerdata,,,,
esd-1538,2004-07-07,2004,regular,San Jose Earthquakes,FC Dallas,1,2,,,engsoccerdata,,,,
esd-1539,2004-07-10,2004,regular,FC Dallas,Columbus Crew,0,0,,,engsoccerdata,,,,
esd-1540,2004-07-10,2004,regular,LA Galaxy,Colorado Rapids,2,0,,,engsoccerdata,,,,
esd-1541,2004-07-10,2004,regular,Sporting Kansas City,DC United,1,0,,,engsoccerdata,,,,
esd-1542,2004-07-10,2004,regular,New York Red Bulls,San Jose Earthquakes,2,0,,,engsoccerdata,,,,
esd-1543,2004-07-11,2004,regular,Chicago Fire,New England Revolution,1,1,,,engsoccerdata,,,,
esd-1544,2004-07-14,2004,regular,Colorado Rapids,LA Galaxy,0,0,,,engsoccerdata,,,,
esd-1545,2004-07-14,2004,regular,New England Revolution,Chicago Fire,3,1,,,engsoccerdata,,,,
esd-1546,2004-07-17,2004,regular,Chicago Fire,New York Red Bulls,1,1,,,engsoccerdata,,,,
esd-1547,2004-07-17,2004,regular,Columbus Crew,New England Revolution,1,1,,,engsoccerdata,,,,
esd-1548,2004-07-17,2004,regular,DC United,LA Galaxy,1,1,,,engsoccerdata,,,,
esd-1549,2004-07-17,2004,regular,FC Dallas,Sporting Kansas City,0,1,,,engsoccerdata,,,,
esd-1550,2004-07-17,2004,regular,San Jose Earthquakes,Colorado Rapids,3,1,,,engsoccerdata,,,,
esd-1551,2004-07-24,2004,regular,Colorado Rapids,Columbus Crew,0,0,,,engsoccerdata,,,,
esd-1552,2004-07-24,2004,regular,FC Dallas,DC United,5,1,,,engsoccerdata,,,,
esd-1553,2004-07-24,2004,regular,San Jose Earthquakes,New England Revolution,2,2,,,engsoccerdata,,,,
esd-1554,2004-07-24,2004,regular,New York Red Bulls,Chicago Fire,2,1,,,engsoccerdata,,,,
esd-1555,2004-07-24,2004,regular,Sporting Kansas City,LA Galaxy,2,2,,,engsoccerdata,,,,
esd-1556,2004-07-28,2004,regular,Colorado Rapids,Chicago Fire,2,0,,,engsoccerdata,,,,
esd-1557,2004-07-28,2004,regular,Columbus Crew,FC Dallas,2,1,,,engsoccerdata,,,,
esd-1558,2004-07-28,2004,regular,Sporting Kansas City,New York Red Bulls,1,2,,,engsoccerdata,,,,
esd-1559,2004-08-07,2004,regular,FC Dallas,Colorado Rapids,1,0,,,engsoccerdata,,,,
esd-1560,2004-08-07,2004,regular,San Jose Earthquakes,DC United,2,0,,,engsoccerdata,,,,
esd-1561,2004-08-07,2004,regular,New England Revolution,Columbus Crew,2,2,,,engsoccerdata,,,,
esd-1562,2004-08-08,2004,regular,New York Red Bulls,LA Galaxy,3,0,,,engsoccerdata,,,,
esd-1563,2004-08-11,2004,regular,Chicago Fire,San Jose Earthquakes,2,1,,,engsoccerdata,,,,
esd-1564,2004-08-11,2004,regular,DC United,Colorado Rapids,3,1,,,engsoccerdata,,,,
esd-1565,2004-08-11,2004,regular,FC Dallas,New England Revolution,0,3,,,engsoccerdata,,,,
esd-1566,2004-08-14,2004,regular,Chicago Fire,Colorado Rapids,0,3,,,engsoccerdata,,,,
esd-1567,2004-08-14,2004,regular,DC United,New England Revolution,2,2,,,engsoccerdata,,,,
esd-1568,2004-08-14,2004,regular,LA Galaxy,Columbus Crew,0,0,,,engsoccerdata,,,,
esd-1569,2004-08-14,2004,regular,Sporting Kansas City,San Jose Earthquakes,0,2,,,engsoccerdata,,,,
esd-1570,2004-08-15,2004,regular,New York Red Bulls,FC Dallas,0,1,,,engsoccerdata,,,,
esd-1571,2004-08-18,2004,regular,Columbus Crew,Sporting Kansas City,2,1,,,engsoccerdata,,,,
esd-1572,2004-08-21,2004,regular,Colorado Rapids,New York Red Bulls,1,0,,,engsoccerdata,,,,
esd-1573,2004-08-21,2004,regular,Columbus Crew,DC United,2,2,,,engsoccerdata,,,,
esd-1574,2004-08-21,2004,regular,San Jose Earthquakes,FC Dallas,3,0,,,engsoccerdata,,,,
esd-1575,2004-08-21,2004,regular,LA Galaxy,Chicago Fire,1,1,,,engsoccerdata,,,,
esd-1576,2004-08-21,2004,regular,New England Revolution,Sporting Kansas City,1,2,,,engsoccerdata,,,,
esd-1577,2004-08-28,2004,regular,FC Dallas,Chicago Fire,4,1,,,engsoccerdata,,,,
esd-1578,2004-08-28,2004,regular,San Jose Earthquakes,Colorado Rapids,0,0,,,engsoccerdata,,,,
esd-1579,2004-08-28,2004,regular,New England Revolution,DC United,0,0,,,engsoccerdata,,,,
esd-1580,2004-08-29,2004,regular,New York Red Bulls,Columbus Crew,1,1,,,engsoccerdata,,,,
esd-1581,2004-09-01,2004,regular,Chicago Fire,Sporting Kansas City,3,1,,,engsoccerdata,,,,
esd-1582,2004-09-04,2004,regular,Chicago Fire,DC United,3,1,,,engsoccerdata,,,,
esd-1583,2004-09-04,2004,regular,Colorado Rapids,FC Dallas,2,1,,,engsoccerdata,,,,
esd-1584,2004-09-04,2004,regular,Columbus Crew,LA Galaxy,3,1,,,engsoccerdata,,,,
esd-1585,2004-09-04,2004,regular,New England Revolution,San Jose Earthquakes,0,1,,,engsoccerdata,,,,
esd-1586,2004-09-04,2004,regular,Sporting Kansas City,New York Red Bulls,1,0,,,engsoccerdata,,,,
esd-1587,2004-09-08,2004,regular,San Jose Earthquakes,Columbus Crew,0,1,,,engsoccerdata,,,,
esd-1588,2004-09-11,2004,regular,Colorado Rapids,Sporting Kansas City,3,1,,,engsoccerdata,,,,
esd-1589,2004-09-11,2004,regular,LA Galaxy,San Jose Earthquakes,2,1,,,engsoccerdata,,,,
esd-1590,2004-09-11,2004,regular,New York Red Bulls,New England Revolution,3,2,,,engsoccerdata,,,,
esd-1591,2004-09-11,2004,regular,DC United,FC Dallas,3,0,,,engsoccerdata,,,,
esd-1592,2004-09-18,2004,regular,Columbus Crew,New York Red Bulls,4,2,,,engsoccerdata,,,,
esd-1593,2004-09-18,2004,regular,DC United,Chicago Fire,3,1,,,engsoccerdata,,,,
esd-1594,2004-09-18,2004,regular,FC Dallas,LA Galaxy,2,0,,,engsoccerdata,,,,
esd-1595,2004-09-18,2004,regular,New England Revolution,Colorado Rapids,6,1,,,engsoccerdata,,,,
esd-1596,2004-09-18,2004,regular,Sporting Kansas City,San Jose Earthquakes,1,0,,,engsoccerdata,,,,
esd-1597,2004-09-25,2004,regular,Chicago Fire,New England Revolution,2,0,,,engsoccerdata,,,,
esd-1598,2004-09-25,2004,regular,Columbus Crew,DC United,1,0,,,engsoccerdata,,,,
esd-1599,2004-09-25,2004,regular,FC Dallas,New York Red Bulls,0,2,,,engsoccerdata,,,,
esd-1600,2004-09-25,2004,regular,San Jose Earthquakes,LA Galaxy,0,0,,,engsoccerdata,,,,
esd-1601,2004-09-25,2004,regular,Sporting Kansas City,Colorado Rapids,1,0,,,engsoccerdata,,,,
esd-1602,2004-10-02,2004,regular,Colorado Rapids,San Jose Earthquakes,1,1,,,engsoccerdata,,,,
esd-1603,2004-10-02,2004,regular,Columbus Crew,Chicago Fire,3,3,,,engsoccerdata,,,,
esd-1604,2004-10-02,2004,regular,LA Galaxy,Sporting Kansas City,1,1,,,engsoccerdata,,,,
esd-1605,2004-10-02,2004,regular,New England Revolution,FC Dallas,2,0,,,engsoccerdata,,,,
esd-1606,2004-10-02,2004,regular,New York Red Bulls,DC United,0,1,,,engsoccerdata,,,,
esd-1607,2004-10-06,2004,regular,Chicago Fire,Columbus Crew,0,1,,,engsoccerdata,,,,
esd-1608,2004-10-09,2004,regular,DC United,New England Revolution,1,0,,,engsoccerdata,,,,
esd-1609,2004-10-09,2004,regular,San Jose Earthquakes,Sporting Kansas City,0,0,,,engsoccerdata,,,,
esd-1610,2004-10-09,2004,regular,LA Galaxy,FC Dallas,2,0,,,engsoccerdata,,,,
esd-1611,2004-10-09,2004,regular,New York Red Bulls,Columbus Crew,1,1,,,engsoccerdata,,,,
esd-1612,2004-10-16,2004,regular,Colorado Rapids,Columbus Crew,1,1,,,engsoccerdata,,,,
esd-1613,2004-10-16,2004,regular,FC Dallas,San Jose Earthquakes,2,2,,,engsoccerdata,,,,
esd-1614,2004-10-16,2004,regular,New England Revolution,Chicago Fire,2,1,,,engsoccerdata,,,,
esd-1615,2004-10-16,2004,regular,Sporting Kansas City,LA Galaxy,1,0,,,engsoccerdata,,,,
esd-1616,2004-10-17,2004,regular,DC United,New York Red Bulls,3,2,,,engsoccerdata,,,,
esd-1617,2004-10-22,2004,postseason,Colorado Rapids,LA Galaxy,1,0,,,engsoccerdata,,,,
esd-1618,2004-10-23,2004,postseason,New England Revolution,Columbus Crew,1,0,,,engsoccerdata,,,,
esd-1619,2004-10-23,2004,postseason,New York Red Bulls,DC United,0,2,,,engsoccerdata,,,,
esd-1620,2004-10-24,2004,postseason,San Jose Earthquakes,Sporting Kansas City,2,0,,,engsoccerdata,,,,
esd-1621,2004-10-30,2004,postseason,DC United,New York Red Bulls,2,0,,,engsoccerdata,,,,
esd-1622,2004-10-30,2004,postseason,LA Galaxy,Colorado Rapids,2,0,,,engsoccerdata,,,,
esd-1623,2004-10-30,2004,postseason,Sporting Kansas City,San Jose Earthquakes,3,0,,,engsoccerdata,,,,
esd-1624,2004-10-31,2004,postseason,Columbus Crew,New England Revolution,1,1,,,engsoccerdata,,,,
esd-1625,2004-11-05,2004,postseason,Sporting Kansas City,LA Galaxy,2,0,,,engsoccerdata,,,,
esd-1626,2004-11-06,2004,postseason,DC United,New England Revolution,4,3,,pens,engsoccerdata,,,,
esd-1627,2004-11-14,2004,postseason,Sporting Kansas City,DC United,2,3,1,,engsoccerdata,,,,
esd-1628,2005-04-02,2005,regular,CD Chivas USA,DC United,0,2,,,engsoccerdata,,,,
esd-1629,2005-04-02,2005,regular,New York Red Bulls,Real Salt Lake,0,0,,,engsoccerdata,,,,
esd-1630,2005-04-02,2005,regular,Columbus Crew,LA Galaxy,3,0,,,engsoccerdata,,,,
esd-1631,2005-04-02,2005,regular,Sporting Kansas City,Colorado Rapids,3,2,,,engsoccerdata,,,,
esd-1632,2005-04-02,2005,regular,FC Dallas,Chicago Fire,2,1,,,engsoccerdata,,,,
esd-1633,2005-04-03,2005,regular,San Jose Earthquakes,New England Revolution,2,2,,,engsoccerdata,,,,
esd-1634,2005-04-09,2005,regular,San Jose Earthquakes,CD Chivas USA,3,3,,,engsoccerdata,,,,
esd-1635,2005-04-09,2005,regular,DC United,Chicago Fire,1,1,,,engsoccerdata,,,,
esd-1636,2005-04-09,2005,regular,New England Revolution,Columbus Crew,3,0,,,engsoccerdata,,,,
esd-1637,2005-04-09,2005,regular,Colorado Rapids,FC Dallas,0,0,,,engsoccerdata,,,,
esd-1638,2005-04-10,2005,regular,LA Galaxy,Real Salt Lake,3,1,,,engsoccerdata,,,,
esd-1639,2005-04-15,2005,regular,Columbus Crew,DC United,1,0,,,engsoccerdata,,,,
esd-1640,2005-04-16,2005,regular,Real Salt Lake,Colorado Rapids,1,0,,,engsoccerdata,,,,
esd-1641,2005-04-16,2005,regular,New York Red Bulls,Sporting Kansas City,2,2,,,engsoccerdata,,,,
esd-1642,2005-04-16,2005,regular,Chicago Fire,San Jose Earthquakes,2,1,,,engsoccerdata,,,,
esd-1643,2005-04-17,2005,regular,CD Chivas USA,FC Dallas,1,3,,,engsoccerdata,,,,
esd-1644,2005-04-22,2005,regular,New York Red Bulls,Chicago Fire,0,1,,,engsoccerdata,,,,
esd-1645,2005-04-23,2005,regular,DC United,New England Revolution,3,4,,,engsoccerdata,,,,
esd-1646,2005-04-23,2005,regular,FC Dallas,Real Salt Lake,3,0,,,engsoccerdata,,,,
esd-1647,2005-04-23,2005,regular,Colorado Rapids,Columbus Crew,2,0,,,engsoccerdata,,,,
esd-1648,2005-04-24,2005,regular,LA Galaxy,CD Chivas USA,3,1,,,engsoccerdata,,,,
esd-1649,2005-04-24,2005,regular,San Jose Earthquakes,Sporting Kansas City,3,2,,,engsoccerdata,,,,
esd-1650,2005-04-27,2005,regular,Chicago Fire,New England Revolution,0,3,,,engsoccerdata,,,,
esd-1651,2005-04-30,2005,regular,Sporting Kansas City,DC United,0,0,,,engsoccerdata,,,,
esd-1652,2005-04-30,2005,regular,Columbus Crew,Chicago Fire,0,2,,,engsoccerdata,,,,
esd-1653,2005-04-30,2005,regular,New England Revolution,CD Chivas USA,1,0,,,engsoccerdata,,,,
esd-1654,2005-04-30,2005,regular,Colorado Rapids,New York Red Bulls,1,3,,,engsoccerdata,,,,
esd-1655,2005-04-30,2005,regular,Real Salt Lake,San Jose Earthquakes,2,2,,,engsoccerdata,,,,
esd-1656,2005-05-01,2005,regular,LA Galaxy,FC Dallas,2,0,,,engsoccerdata,,,,
esd-1657,2005-05-07,2005,regular,New York Red Bulls,San Jose Earthquakes,0,1,,,engsoccerdata,,,,
esd-1658,2005-05-07,2005,regular,New England Revolution,Chicago Fire,2,0,,,engsoccerdata,,,,
esd-1659,2005-05-07,2005,regular,DC United,Columbus Crew,3,1,,,engsoccerdata,,,,
esd-1660,2005-05-07,2005,regular,Sporting Kansas City,FC Dallas,3,3,,,engsoccerdata,,,,
esd-1661,2005-05-08,2005,regular,CD Chivas USA,Real Salt Lake,1,0,,,engsoccerdata,,,,
esd-1662,2005-05-08,2005,regular,LA Galaxy,Colorado Rapids,3,2,,,engsoccerdata,,,,
esd-1663,2005-05-14,2005,regular,New England Revolution,DC United,1,0,,,engsoccerdata,,,,
esd-1664,2005-05-14,2005,regular,Columbus Crew,Sporting Kansas City,0,4,,,engsoccerdata,,,,
esd-1665,2005-05-14,2005,regular,Chicago Fire,New York Red Bulls,0,3,,,engsoccerdata,,,,
esd-1666,2005-05-14,2005,regular,Colorado Rapids,CD Chivas USA,2,1,,,engsoccerdata,,,,
esd-1667,2005-05-14,2005,regular,Real Salt Lake,LA Galaxy,2,1,,,engsoccerdata,,,,
esd-1668,2005-05-15,2005,regular,San Jose Earthquakes,FC Dallas,0,0,,,engsoccerdata,,,,
esd-1669,2005-05-18,2005,regular,FC Dallas,Colorado Rapids,2,1,,,engsoccerdata,,,,
esd-1670,2005-05-18,2005,regular,Real Salt Lake,CD Chivas USA,2,0,,,engsoccerdata,,,,
esd-1671,2005-05-21,2005,regular,New York Red Bulls,New England Revolution,2,2,,,engsoccerdata,,,,
esd-1672,2005-05-21,2005,regular,Columbus Crew,Real Salt Lake,2,0,,,engsoccerdata,,,,
esd-1673,2005-05-21,2005,regular,DC United,Sporting Kansas City,3,2,,,engsoccerdata,,,,
esd-1674,2005-05-21,2005,regular,Chicago Fire,Colorado Rapids,2,1,,,engsoccerdata,,,,
esd-1675,2005-05-22,2005,regular,LA Galaxy,San Jose Earthquakes,2,1,,,engsoccerdata,,,,
esd-1676,2005-05-22,2005,regular,CD Chivas USA,FC Dallas,2,5,,,engsoccerdata,,,,
esd-1677,2005-05-25,2005,regular,Sporting Kansas City,New York Red Bulls,1,0,,,engsoccerdata,,,,
esd-1678,2005-05-25,2005,regular,Colorado Rapids,San Jose Earthquakes,0,1,,,engsoccerdata,,,,
esd-1679,2005-05-26,2005,regular,LA Galaxy,Columbus Crew,0,0,,,engsoccerdata,,,,
esd-1680,2005-05-28,2005,regular,Columbus Crew,New York Red Bulls,0,3,,,engsoccerdata,,,,
esd-1681,2005-05-28,2005,regular,DC United,FC Dallas,0,2,,,engsoccerdata,,,,
esd-1682,2005-05-28,2005,regular,New England Revolution,Colorado Rapids,0,0,,,engsoccerdata,,,,
esd-1683,2005-05-28,2005,regular,Sporting Kansas City,San Jose Earthquakes,1,0,,,engsoccerdata,,,,
esd-1684,2005-05-28,2005,regular,Real Salt Lake,Chicago Fire,0,3,,,engsoccerdata,,,,
esd-1685,2005-05-29,2005,regular,CD Chivas USA,LA Galaxy,0,2,,,engsoccerdata,,,,
esd-1686,2005-05-31,2005,regular,New York Red Bulls,Chicago Fire,2,1,,,engsoccerdata,,,,
esd-1687,2005-06-02,2005,regular,CD Chivas USA,Sporting Kansas City,1,1,,,engsoccerdata,,,,
esd-1688,2005-06-04,2005,regular,Chicago Fire,CD Chivas USA,5,2,,,engsoccerdata,,,,
esd-1689,2005-06-04,2005,regular,New England Revolution,Sporting Kansas City,1,1,,,engsoccerdata,,,,
esd-1690,2005-06-05,2005,regular,Real Salt Lake,FC Dallas,0,2,,,engsoccerdata,,,,
esd-1691,2005-06-05,2005,regular,LA Galaxy,New York Red Bulls,2,2,,,engsoccerdata,,,,
esd-1692,2005-06-05,2005,regular,San Jose Earthquakes,DC United,0,0,,,engsoccerdata,,,,
esd-1693,2005-06-11,2005,regular,Columbus Crew,Colorado Rapids,1,0,,,engsoccerdata,,,,
esd-1694,2005-06-11,2005,regular,Sporting Kansas City,New England Revolution,0,2,,,engsoccerdata,,,,
esd-1695,2005-06-12,2005,regular,LA Galaxy,Real Salt Lake,1,0,,,engsoccerdata,,,,
esd-1696,2005-06-12,2005,regular,New York Red Bulls,DC United,0,0,,,engsoccerdata,,,,
esd-1697,2005-06-12,2005,regular,Chicago Fire,FC Dallas,2,0,,,engsoccerdata,,,,
esd-1698,2005-06-12,2005,regular,CD Chivas USA,San Jose Earthquakes,1,1,,,engsoccerdata,,,,
esd-1699,2005-06-15,2005,regular,DC United,Chicago Fire,4,3,,,engsoccerdata,,,,
esd-1700,2005-06-15,2005,regular,Colorado Rapids,LA Galaxy,1,0,,,engsoccerdata,,,,
esd-1701,2005-06-18,2005,regular,Chicago Fire,Sporting Kansas City,1,1,,,engsoccerdata,,,,
esd-1702,2005-06-18,2005,regular,DC United,New England Revolution,2,0,,,engsoccerdata,,,,
esd-1703,2005-06-18,2005,regular,New York Red Bulls,Columbus Crew,3,2,,,engsoccerdata,,,,
esd-1704,2005-06-18,2005,regular,FC Dallas,LA Galaxy,1,0,,,engsoccerdata,,,,
esd-1705,2005-06-19,2005,regular,CD Chivas USA,Colorado Rapids,1,3,,,engsoccerdata,,,,
esd-1706,2005-06-19,2005,regular,San Jose Earthquakes,Real Salt Lake,3,0,,,engsoccerdata,,,,
esd-1707,2005-06-22,2005,regular,Columbus Crew,New England Revolution,1,3,,,engsoccerdata,,,,
esd-1708,2005-06-22,2005,regular,FC Dallas,CD Chivas USA,2,1,,,engsoccerdata,,,,
esd-1709,2005-06-22,2005,regular,Real Salt Lake,LA Galaxy,1,1,,,engsoccerdata,,,,
esd-1710,2005-06-25,2005,regular,New England Revolution,New York Red Bulls,4,2,,,engsoccerdata,,,,
esd-1711,2005-06-25,2005,regular,Sporting Kansas City,CD Chivas USA,3,0,,,engsoccerdata,,,,
esd-1712,2005-06-25,2005,regular,Colorado Rapids,FC Dallas,1,3,,,engsoccerdata,,,,
esd-1713,2005-06-26,2005,regular,San Jose Earthquakes,LA Galaxy,3,0,,,engsoccerdata,,,,
esd-1714,2005-06-26,2005,regular,Chicago Fire,Real Salt Lake,3,1,,,engsoccerdata,,,,
esd-1715,2005-06-29,2005,regular,Sporting Kansas City,Columbus Crew,1,1,,,engsoccerdata,,,,
esd-1716,2005-06-29,2005,regular,Chicago Fire,DC United,4,3,,,engsoccerdata,,,,
esd-1717,2005-06-30,2005,regular,San Jose Earthquakes,Colorado Rapids,1,0,,,engsoccerdata,,,,
esd-1718,2005-07-02,2005,regular,Columbus Crew,DC United,0,1,,,engsoccerdata,,,,
esd-1719,2005-07-02,2005,regular,FC Dallas,San Jose Earthquakes,2,2,,,engsoccerdata,,,,
esd-1720,2005-07-03,2005,regular,CD Chivas USA,Chicago Fire,0,1,,,engsoccerdata,,,,
esd-1721,2005-07-04,2005,regular,Real Salt Lake,New York Red Bulls,2,2,,,engsoccerdata,,,,
esd-1722,2005-07-04,2005,regular,Colorado Rapids,Sporting Kansas City,2,1,,,engsoccerdata,,,,
esd-1723,2005-07-05,2005,regular,LA Galaxy,New England Revolution,1,1,,,engsoccerdata,,,,
esd-1724,2005-07-09,2005,regular,DC United,Sporting Kansas City,0,1,,,engsoccerdata,,,,
esd-1725,2005-07-09,2005,regular,Columbus Crew,San Jose Earthquakes,1,2,,,engsoccerdata,,,,
esd-1726,2005-07-09,2005,regular,New York Red Bulls,LA Galaxy,2,1,,,engsoccerdata,,,,
esd-1727,2005-07-09,2005,regular,Chicago Fire,New England Revolution,1,0,,,engsoccerdata,,,,
esd-1728,2005-07-10,2005,regular,CD Chivas USA,Real Salt Lake,5,1,,,engsoccerdata,,,,
esd-1729,2005-07-15,2005,regular,DC United,San Jose Earthquakes,3,0,,,engsoccerdata,,,,
esd-1730,2005-07-16,2005,regular,Chicago Fire,Columbus Crew,1,1,,,engsoccerdata,,,,
esd-1731,2005-07-16,2005,regular,New England Revolution,FC Dallas,3,2,,,engsoccerdata,,,,
esd-1732,2005-07-16,2005,regular,New York Red Bulls,Colorado Rapids,1,1,,,engsoccerdata,,,,
esd-1733,2005-07-16,2005,regular,Sporting Kansas City,Real Salt Lake,3,2,,,engsoccerdata,,,,
esd-1734,2005-07-17,2005,regular,LA Galaxy,CD Chivas USA,2,0,,,engsoccerdata,,,,
esd-1735,2005-07-20,2005,regular,Columbus Crew,New York Red Bulls,1,0,,,engsoccerdata,,,,
esd-1736,2005-07-20,2005,regular,Sporting Kansas City,DC United,1,1,,,engsoccerdata,,,,
esd-1737,2005-07-20,2005,regular,Colorado Rapids,San Jose Earthquakes,1,2,,,engsoccerdata,,,,
esd-1738,2005-07-23,2005,regular,CD Chivas USA,New England Revolution,1,0,,,engsoccerdata,,,,
esd-1739,2005-07-23,2005,regular,LA Galaxy,DC United,0,1,,,engsoccerdata,,,,
esd-1740,2005-07-23,2005,regular,Columbus Crew,Sporting Kansas City,2,0,,,engsoccerdata,,,,
esd-1741,2005-07-23,2005,regular,Colorado Rapids,Chicago Fire,4,1,,,engsoccerdata,,,,
esd-1742,2005-07-23,2005,regular,Real Salt Lake,FC Dallas,3,0,,,engsoccerdata,,,,
esd-1743,2005-07-24,2005,regular,San Jose Earthquakes,New York Red Bulls,2,1,,,engsoccerdata,,,,
esd-1744,2005-07-27,2005,regular,New York Red Bulls,FC Dallas,3,2,,,engsoccerdata,,,,
esd-1745,2005-07-27,2005,regular,New England Revolution,LA Galaxy,1,1,,,engsoccerdata,,,,
esd-1746,2005-08-06,2005,regular,Real Salt Lake,CD Chivas USA,2,1,,,engsoccerdata,,,,
esd-1747,2005-08-06,2005,regular,New England Revolution,Sporting Kansas City,1,2,,,engsoccerdata,,,,
esd-1748,2005-08-06,2005,regular,FC Dallas,New York Red Bulls,2,2,,,engsoccerdata,,,,
esd-1749,2005-08-06,2005,regular,Chicago Fire,DC United,2,3,,,engsoccerdata,,,,
esd-1750,2005-08-06,2005,regular,Colorado Rapids,LA Galaxy,2,0,,,engsoccerdata,,,,
esd-1751,2005-08-07,2005,regular,San Jose Earthquakes,Columbus Crew,2,1,,,engsoccerdata,,,,
esd-1752,2005-08-10,2005,regular,DC United,New York Red Bulls,3,0,,,engsoccerdata,,,,
esd-1753,2005-08-10,2005,regular,New England Revolution,Real Salt Lake,4,1,,,engsoccerdata,,,,
esd-1754,2005-08-10,2005,regular,Chicago Fire,Sporting Kansas City,2,3,,,engsoccerdata,,,,
esd-1755,2005-08-11,2005,regular,CD Chivas USA,LA Galaxy,0,1,,,engsoccerdata,,,,
esd-1756,2005-08-13,2005,regular,DC United,CD Chivas USA,3,0,,,engsoccerdata,,,,
esd-1757,2005-08-13,2005,regular,Chicago Fire,LA Galaxy,2,1,,,engsoccerdata,,,,
esd-1758,2005-08-13,2005,regular,FC Dallas,New England Revolution,1,2,,,engsoccerdata,,,,
esd-1759,2005-08-13,2005,regular,Real Salt Lake,Sporting Kansas City,2,4,,,engsoccerdata,,,,
esd-1760,2005-08-14,2005,regular,San Jose Earthquakes,Colorado Rapids,1,1,,,engsoccerdata,,,,
esd-1761,2005-08-14,2005,regular,New York Red Bulls,Columbus Crew,2,1,,,engsoccerdata,,,,
esd-1762,2005-08-17,2005,regular,Colorado Rapids,New England Revolution,2,0,,,engsoccerdata,,,,
esd-1763,2005-08-19,2005,regular,Sporting Kansas City,Chicago Fire,3,0,,,engsoccerdata,,,,
esd-1764,2005-08-20,2005,regular,Columbus Crew,FC Dallas,1,0,,,engsoccerdata,,,,
esd-1765,2005-08-20,2005,regular,DC United,LA Galaxy,2,3,,,engsoccerdata,,,,
esd-1766,2005-08-20,2005,regular,Real Salt Lake,San Jose Earthquakes,0,1,,,engsoccerdata,,,,
esd-1767,2005-08-21,2005,regular,New York Red Bulls,CD Chivas USA,3,3,,,engsoccerdata,,,,
esd-1768,2005-08-26,2005,regular,Sporting Kansas City,Columbus Crew,0,1,,,engsoccerdata,,,,
esd-1769,2005-08-27,2005,regular,New England Revolution,DC United,2,1,,,engsoccerdata,,,,
esd-1770,2005-08-27,2005,regular,FC Dallas,CD Chivas USA,2,2,,,engsoccerdata,,,,
esd-1771,2005-08-28,2005,regular,San Jose Earthquakes,LA Galaxy,2,1,,,engsoccerdata,,,,
esd-1772,2005-08-31,2005,regular,DC United,Real Salt Lake,5,1,,,engsoccerdata,,,,
esd-1773,2005-09-03,2005,regular,New York Red Bulls,Sporting Kansas City,2,2,,,engsoccerdata,,,,
esd-1774,2005-09-03,2005,regular,FC Dallas,San Jose Earthquakes,0,2,,,engsoccerdata,,,,
esd-1775,2005-09-03,2005,regular,Colorado Rapids,DC United,1,0,,,engsoccerdata,,,,
esd-1776,2005-09-03,2005,regular,Real Salt Lake,New England Revolution,0,1,,,engsoccerdata,,,,
esd-1777,2005-09-04,2005,regular,CD Chivas USA,Columbus Crew,0,3,,,engsoccerdata,,,,
esd-1778,2005-09-04,2005,regular,LA Galaxy,Chicago Fire,1,2,,,engsoccerdata,,,,
esd-1779,2005-09-10,2005,regular,New England Revolution,Columbus Crew,3,1,,,engsoccerdata,,,,
esd-1780,2005-09-10,2005,regular,Sporting Kansas City,New York Red Bulls,0,1,,,engsoccerdata,,,,
esd-1781,2005-09-10,2005,regular,FC Dallas,DC United,1,2,,,engsoccerdata,,,,
esd-1782,2005-09-11,2005,regular,LA Galaxy,Colorado Rapids,4,1,,,engsoccerdata,,,,
esd-1783,2005-09-11,2005,regular,San Jose Earthquakes,CD Chivas USA,3,0,,,engsoccerdata,,,,
esd-1784,2005-09-17,2005,regular,Columbus Crew,Chicago Fire,1,2,,,engsoccerdata,,,,
esd-1785,2005-09-17,2005,regular,DC United,Colorado Rapids,2,0,,,engsoccerdata,,,,
esd-1786,2005-09-17,2005,regular,New York Red Bulls,New England Revolution,5,4,,,engsoccerdata,,,,
esd-1787,2005-09-17,2005,regular,Sporting Kansas City,LA Galaxy,2,2,,,engsoccerdata,,,,
esd-1788,2005-09-18,2005,regular,CD Chivas USA,San Jose Earthquakes,1,2,,,engsoccerdata,,,,
esd-1789,2005-09-18,2005,regular,FC Dallas,Real Salt Lake,2,1,,,engsoccerdata,,,,
esd-1790,2005-09-21,2005,regular,Colorado Rapids,Real Salt Lake,2,0,,,engsoccerdata,,,,
esd-1791,2005-09-21,2005,regular,Columbus Crew,New England Revolution,1,1,,,engsoccerdata,,,,
esd-1792,2005-09-21,2005,regular,FC Dallas,LA Galaxy,4,1,,,engsoccerdata,,,,
esd-1793,2005-09-21,2005,regular,Colorado Rapids,Real Salt Lake,2,0,,,engsoccerdata,,,,
esd-1794,2005-09-22,2005,regular,San Jose Earthquakes,Chicago Fire,2,0,,,engsoccerdata,,,,
esd-1795,2005-09-24,2005,regular,New England Revolution,New York Red Bulls,1,0,,,engsoccerdata,,,,
esd-1796,2005-09-24,2005,regular,Real Salt Lake,Columbus Crew,1,2,,,engsoccerdata,,,,
esd-1797,2005-09-25,2005,regular,CD Chivas USA,Colorado Rapids,1,3,,,engsoccerdata,,,,
esd-1798,2005-09-25,2005,regular,San Jose Earthquakes,FC Dallas,1,1,,,engsoccerdata,,,,
esd-1799,2005-09-25,2005,regular,LA Galaxy,Sporting Kansas City,2,1,,,engsoccerdata,,,,
esd-1800,2005-10-01,2005,regular,Columbus Crew,CD Chivas USA,0,1,,,engsoccerdata,,,,
esd-1801,2005-10-01,2005,regular,New York Red Bulls,DC United,1,4,,,engsoccerdata,,,,
esd-1802,2005-10-01,2005,regular,New England Revolution,San Jose Earthquakes,0,2,,,engsoccerdata,,,,
esd-1803,2005-10-01,2005,regular,Sporting Kansas City,Chicago Fire,0,1,,,engsoccerdata,,,,
esd-1804,2005-10-01,2005,regular,Colorado Rapids,Real Salt Lake,2,1,,,engsoccerdata,,,,
esd-1805,2005-10-02,2005,regular,LA Galaxy,FC Dallas,2,1,,,engsoccerdata,,,,
esd-1806,2005-10-05,2005,regular,Chicago Fire,New York Red Bulls,2,2,,,engsoccerdata,,,,
esd-1807,2005-10-05,2005,regular,FC Dallas,Columbus Crew,2,1,,,engsoccerdata,,,,
esd-1808,2005-10-05,2005,regular,Colorado Rapids,CD Chivas USA,1,1,,,engsoccerdata,,,,
esd-1809,2005-10-05,2005,regular,Real Salt Lake,DC United,1,3,,,engsoccerdata,,,,
esd-1810,2005-10-08,2005,regular,DC United,New York Red Bulls,1,2,,,engsoccerdata,,,,
esd-1811,2005-10-08,2005,regular,Sporting Kansas City,New England Revolution,2,2,,,engsoccerdata,,,,
esd-1812,2005-10-08,2005,regular,Chicago Fire,Columbus Crew,1,2,,,engsoccerdata,,,,
esd-1813,2005-10-08,2005,regular,FC Dallas,Colorado Rapids,0,0,,,engsoccerdata,,,,
esd-1814,2005-10-09,2005,regular,San Jose Earthquakes,Real Salt Lake,2,2,,,engsoccerdata,,,,
esd-1815,2005-10-12,2005,regular,Real Salt Lake,Colorado Rapids,0,1,,,engsoccerdata,,,,
esd-1816,2005-10-15,2005,regular,DC United,Columbus Crew,2,2,,,engsoccerdata,,,,
esd-1817,2005-10-15,2005,regular,New England Revolution,Chicago Fire,1,0,,,engsoccerdata,,,,
esd-1818,2005-10-15,2005,regular,FC Dallas,Sporting Kansas City,2,2,,,engsoccerdata,,,,
esd-1819,2005-10-16,2005,regular,LA Galaxy,San Jose Earthquakes,1,3,,,engsoccerdata,,,,
esd-1820,2005-10-16,2005,regular,CD Chivas USA,New York Red Bulls,0,2,,,engsoccerdata,,,,
esd-1821,2005-10-21,2005,postseason,Chicago Fire,DC United,0,0,,,engsoccerdata,,,,
esd-1822,2005-10-22,2005,postseason,New York Red Bulls,New England Revolution,1,0,,,engsoccerdata,,,,
esd-1823,2005-10-22,2005,postseason,Colorado Rapids,FC Dallas,0,0,,,engsoccerdata,,,,
esd-1824,2005-10-23,2005,postseason,LA Galaxy,San Jose Earthquakes,3,1,,,engsoccerdata,,,,
esd-1825,2005-10-29,2005,postseason,New England Revolution,New York Red Bulls,3,1,,,engsoccerdata,,,,
esd-1826,2005-10-29,2005,postseason,FC Dallas,Colorado Rapids,2,3,,pens,engsoccerdata,,,,
esd-1827,2005-10-30,2005,postseason,San Jose Earthquakes,LA Galaxy,1,1,,,engsoccerdata,,,,
esd-1828,2005-10-30,2005,postseason,DC United,Chicago Fire,0,4,,,engsoccerdata,,,,
esd-1829,2005-11-05,2005,postseason,Colorado Rapids,LA Galaxy,0,2,,,engsoccerdata,,,,
esd-1830,2005-11-06,2005,postseason,New England Revolution,Chicago Fire,1,0,,,engsoccerdata,,,,
esd-1831,2005-11-13,2005,postseason,New England Revolution,LA Galaxy,0,1,1,AET,engsoccerdata,,,,
esd-1832,2006-04-01,2006,regular,FC Dallas,Chicago Fire,3,2,,,engsoccerdata,,,,
esd-1833,2006-04-01,2006,regular,Sporting Kansas City,Columbus Crew,3,1,,,engsoccerdata,,,,
esd-1834,2006-04-02,2006,regular,LA Galaxy,New England Revolution,0,1,,,engsoccerdata,,,,
esd-1835,2006-04-02,2006,regular,DC United,New York Red Bulls,2,2,,,engsoccerdata,,,,
esd-1836,2006-04-02,2006,regular,CD Chivas USA,Real Salt Lake,3,0,,,engsoccerdata,,,,
esd-1837,2006-04-02,2006,regular,Houston Dynamo,Colorado Rapids,5,2,,,engsoccerdata,,,,
esd-1838,2006-04-08,2006,regular,DC United,CD Chivas USA,2,0,,,engsoccerdata,,,,
esd-1839,2006-04-08,2006,regular,New York Red Bulls,New England Revolution,0,0,,,engsoccerdata,,,,
esd-1840,2006-04-08,2006,regular,FC Dallas,Real Salt Lake,2,1,,,engsoccerdata,,,,
esd-1841,2006-04-08,2006,regular,Houston Dynamo,Sporting Kansas City,1,2,,,engsoccerdata,,,,
esd-1842,2006-04-08,2006,regular,Colorado Rapids,Columbus Crew,3,1,,,engsoccerdata,,,,
esd-1843,2006-04-09,2006,regular,LA Galaxy,Chicago Fire,1,1,,,engsoccerdata,,,,
esd-1844,2006-04-15,2006,regular,Columbus Crew,Chicago Fire,1,1,,,engsoccerdata,,,,
esd-1845,2006-04-15,2006,regular,DC United,Houston Dynamo,2,0,,,engsoccerdata,,,,
esd-1846,2006-04-15,2006,regular,Sporting Kansas City,New England Revolution,1,0,,,engsoccerdata,,,,
esd-1847,2006-04-15,2006,regular,Colorado Rapids,FC Dallas,2,2,,,engsoccerdata,,,,
esd-1848,2006-04-15,2006,regular,Real Salt Lake,New York Red Bulls,1,1,,,engsoccerdata,,,,
esd-1849,2006-04-16,2006,regular,CD Chivas USA,LA Galaxy,1,2,,,engsoccerdata,,,,
esd-1850,2006-04-22,2006,regular,New York Red Bulls,DC United,1,4,,,engsoccerdata,,,,
esd-1851,2006-04-22,2006,regular,Houston Dynamo,Real Salt Lake,2,1,,,engsoccerdata,,,,
esd-1852,2006-04-23,2006,regular,LA Galaxy,Columbus Crew,0,1,,,engsoccerdata,,,,
esd-1853,2006-04-23,2006,regular,FC Dallas,Sporting Kansas City,2,1,,,engsoccerdata,,,,
esd-1854,2006-04-29,2006,regular,Real Salt Lake,LA Galaxy,2,3,,,engsoccerdata,,,,
esd-1855,2006-04-29,2006,regular,Columbus Crew,Sporting Kansas City,0,1,,,engsoccerdata,,,,
esd-1856,2006-04-29,2006,regular,DC United,FC Dallas,1,1,,,engsoccerdata,,,,
esd-1857,2006-04-29,2006,regular,Colorado Rapids,Houston Dynamo,0,1,,,engsoccerdata,,,,
esd-1858,2006-04-30,2006,regular,CD Chivas USA,New York Red Bulls,0,0,,,engsoccerdata,,,,
esd-1859,2006-04-30,2006,regular,New England Revolution,Chicago Fire,1,2,,,engsoccerdata,,,,
esd-1860,2006-05-06,2006,regular,New England Revolution,LA Galaxy,4,0,,,engsoccerdata,,,,
esd-1861,2006-05-06,2006,regular,Houston Dynamo,FC Dallas,4,3,,,engsoccerdata,,,,
esd-1862,2006-05-06,2006,regular,Sporting Kansas City,Chicago Fire,1,1,,,engsoccerdata,,,,
esd-1863,2006-05-06,2006,regular,Real Salt Lake,Columbus Crew,0,1,,,engsoccerdata,,,,
esd-1864,2006-05-06,2006,regular,Colorado Rapids,DC United,2,1,,,engsoccerdata,,,,
esd-1865,2006-05-10,2006,regular,FC Dallas,LA Galaxy,1,0,,,engsoccerdata,,,,
esd-1866,2006-05-13,2006,regular,FC Dallas,Houston Dynamo,1,1,,,engsoccerdata,,,,
esd-1867,2006-05-13,2006,regular,New England Revolution,CD Chivas USA,3,1,,,engsoccerdata,,,,
esd-1868,2006-05-13,2006,regular,Columbus Crew,Colorado Rapids,1,0,,,engsoccerdata,,,,
esd-1869,2006-05-13,2006,regular,New York Red Bulls,Chicago Fire,1,1,,,engsoccerdata,,,,
esd-1870,2006-05-13,2006,regular,DC United,Sporting Kansas City,2,1,,,engsoccerdata,,,,
esd-1871,2006-05-14,2006,regular,LA Galaxy,Real Salt Lake,0,3,,,engsoccerdata,,,,
esd-1872,2006-05-20,2006,regular,Houston Dynamo,Chicago Fire,0,1,,,engsoccerdata,,,,
esd-1873,2006-05-20,2006,regular,Columbus Crew,DC United,1,1,,,engsoccerdata,,,,
esd-1874,2006-05-20,2006,regular,New York Red Bulls,CD Chivas USA,5,4,,,engsoccerdata,,,,
esd-1875,2006-05-20,2006,regular,FC Dallas,New England Revolution,4,0,,,engsoccerdata,,,,
esd-1876,2006-05-20,2006,regular,Real Salt Lake,Sporting Kansas City,2,1,,,engsoccerdata,,,,
esd-1877,2006-05-21,2006,regular,LA Galaxy,Colorado Rapids,0,1,,,engsoccerdata,,,,
esd-1878,2006-05-24,2006,regular,New York Red Bulls,FC Dallas,1,2,,,engsoccerdata,,,,
esd-1879,2006-05-27,2006,regular,Real Salt Lake,Colorado Rapids,2,2,,,engsoccerdata,,,,
esd-1880,2006-05-27,2006,regular,New England Revolution,Houston Dynamo,1,1,,,engsoccerdata,,,,
esd-1881,2006-05-27,2006,regular,Sporting Kansas City,DC United,1,3,,,engsoccerdata,,,,
esd-1882,2006-05-28,2006,regular,CD Chivas USA,Chicago Fire,1,0,,,engsoccerdata,,,,
esd-1883,2006-05-31,2006,regular,DC United,Columbus Crew,5,1,,,engsoccerdata,,,,
esd-1884,2006-05-31,2006,regular,Colorado Rapids,LA Galaxy,1,0,,,engsoccerdata,,,,
esd-1885,2006-06-03,2006,regular,DC United,New England Revolution,1,0,,,engsoccerdata,,,,
esd-1886,2006-06-03,2006,regular,FC Dallas,Columbus Crew,1,2,,,engsoccerdata,,,,
esd-1887,2006-06-03,2006,regular,Houston Dynamo,LA Galaxy,2,1,,,engsoccerdata,,,,
esd-1888,2006-06-03,2006,regular,Sporting Kansas City,New York Red Bulls,1,1,,,engsoccerdata,,,,
esd-1889,2006-06-03,2006,regular,Real Salt Lake,Chicago Fire,3,1,,,engsoccerdata,,,,
esd-1890,2006-06-04,2006,regular,CD Chivas USA,Colorado Rapids,4,1,,,engsoccerdata,,,,
esd-1891,2006-06-09,2006,regular,LA Galaxy,CD Chivas USA,1,2,,,engsoccerdata,,,,
esd-1892,2006-06-09,2006,regular,Colorado Rapids,Real Salt Lake,1,0,,,engsoccerdata,,,,
esd-1893,2006-06-10,2006,regular,Columbus Crew,Sporting Kansas City,0,1,,,engsoccerdata,,,,
esd-1894,2006-06-10,2006,regular,New York Red Bulls,Houston Dynamo,1,1,,,engsoccerdata,,,,
esd-1895,2006-06-11,2006,regular,FC Dallas,CD Chivas USA,2,1,,,engsoccerdata,,,,
esd-1896,2006-06-11,2006,regular,Chicago Fire,New England Revolution,3,3,,,engsoccerdata,,,,
esd-1897,2006-06-11,2006,regular,LA Galaxy,DC United,1,1,,,engsoccerdata,,,,
esd-1898,2006-06-17,2006,regular,New England Revolution,DC United,1,1,,,engsoccerdata,,,,
esd-1899,2006-06-17,2006,regular,New York Red Bulls,LA Galaxy,2,1,,,engsoccerdata,,,,
esd-1900,2006-06-17,2006,regular,Houston Dynamo,Real Salt Lake,2,1,,,engsoccerdata,,,,
esd-1901,2006-06-17,2006,regular,Sporting Kansas City,Chicago Fire,3,2,,,engsoccerdata,,,,
esd-1902,2006-06-19,2006,regular,CD Chivas USA,Columbus Crew,2,0,,,engsoccerdata,,,,
esd-1903,2006-06-21,2006,regular,Columbus Crew,New England Revolution,1,1,,,engsoccerdata,,,,
esd-1904,2006-06-21,2006,regular,DC United,Chicago Fire,1,0,,,engsoccerdata,,,,
esd-1905,2006-06-21,2006,regular,Colorado Rapids,CD Chivas USA,1,1,,,engsoccerdata,,,,
esd-1906,2006-06-24,2006,regular,Columbus Crew,CD Chivas USA,1,1,,,engsoccerdata,,,,
esd-1907,2006-06-24,2006,regular,DC United,Sporting Kansas City,1,0,,,engsoccerdata,,,,
esd-1908,2006-06-24,2006,regular,FC Dallas,Colorado Rapids,1,0,,,engsoccerdata,,,,
esd-1909,2006-06-24,2006,regular,Real Salt Lake,New England Revolution,0,0,,,engsoccerdata,,,,
esd-1910,2006-06-25,2006,regular,LA Galaxy,Houston Dynamo,0,0,,,engsoccerdata,,,,
esd-1911,2006-06-25,2006,regular,Chicago Fire,New York Red Bulls,2,0,,,engsoccerdata,,,,
esd-1912,2006-06-28,2006,regular,New England Revolution,FC Dallas,1,0,,,engsoccerdata,,,,
esd-1913,2006-06-28,2006,regular,New York Red Bulls,Columbus Crew,0,0,,,engsoccerdata,,,,
esd-1914,2006-06-28,2006,regular,Sporting Kansas City,DC United,2,3,,,engsoccerdata,,,,
esd-1915,2006-06-28,2006,regular,Chicago Fire,Real Salt Lake,2,1,,,engsoccerdata,,,,
esd-1916,2006-06-29,2006,regular,CD Chivas USA,Houston Dynamo,1,1,,,engsoccerdata,,,,
esd-1917,2006-07-01,2006,regular,New England Revolution,New York Red Bulls,3,2,,,engsoccerdata,,,,
esd-1918,2006-07-01,2006,regular,Sporting Kansas City,LA Galaxy,0,2,,,engsoccerdata,,,,
esd-1919,2006-07-02,2006,regular,CD Chivas USA,FC Dallas,3,0,,,engsoccerdata,,,,
esd-1920,2006-07-04,2006,regular,FC Dallas,DC United,0,1,,,engsoccerdata,,,,
esd-1921,2006-07-04,2006,regular,Chicago Fire,Sporting Kansas City,1,0,,,engsoccerdata,,,,
esd-1922,2006-07-04,2006,regular,Houston Dynamo,Columbus Crew,1,1,,,engsoccerdata,,,,
esd-1923,2006-07-04,2006,regular,Colorado Rapids,New England Revolution,3,2,,,engsoccerdata,,,,
esd-1924,2006-07-05,2006,regular,Real Salt Lake,CD Chivas USA,0,0,,,engsoccerdata,,,,
esd-1925,2006-07-05,2006,regular,LA Galaxy,New York Red Bulls,1,0,,,engsoccerdata,,,,
esd-1926,2006-07-08,2006,regular,Houston Dynamo,CD Chivas USA,3,1,,,engsoccerdata,,,,
esd-1927,2006-07-08,2006,regular,Columbus Crew,DC United,0,1,,,engsoccerdata,,,,
esd-1928,2006-07-08,2006,regular,Chicago Fire,New England Revolution,1,2,,,engsoccerdata,,,,
esd-1929,2006-07-08,2006,regular,FC Dallas,New York Red Bulls,2,1,,,engsoccerdata,,,,
esd-1930,2006-07-08,2006,regular,Colorado Rapids,Sporting Kansas City,1,0,,,engsoccerdata,,,,
esd-1931,2006-07-09,2006,regular,LA Galaxy,Real Salt Lake,2,0,,,engsoccerdata,,,,
esd-1932,2006-07-14,2006,regular,New York Red Bulls,Colorado Rapids,1,0,,,engsoccerdata,,,,
esd-1933,2006-07-14,2006,regular,New England Revolution,Real Salt Lake,1,3,,,engsoccerdata,,,,
esd-1934,2006-07-15,2006,regular,Chicago Fire,FC Dallas,2,3,,,engsoccerdata,,,,
esd-1935,2006-07-15,2006,regular,DC United,Columbus Crew,3,2,,,engsoccerdata,,,,
esd-1936,2006-07-15,2006,regular,Sporting Kansas City,Houston Dynamo,2,3,,,engsoccerdata,,,,
esd-1937,2006-07-16,2006,regular,CD Chivas USA,LA Galaxy,0,0,,,engsoccerdata,,,,
esd-1938,2006-07-19,2006,regular,Columbus Crew,New York Red Bulls,0,2,,,engsoccerdata,,,,
esd-1939,2006-07-20,2006,regular,Colorado Rapids,CD Chivas USA,3,3,,,engsoccerdata,,,,
esd-1940,2006-07-22,2006,regular,Columbus Crew,LA Galaxy,1,1,,,engsoccerdata,,,,
esd-1941,2006-07-22,2006,regular,New York Red Bulls,Sporting Kansas City,1,0,,,engsoccerdata,,,,
esd-1942,2006-07-22,2006,regular,Chicago Fire,DC United,1,1,,,engsoccerdata,,,,
esd-1943,2006-07-22,2006,regular,Houston Dynamo,New England Revolution,1,1,,,engsoccerdata,,,,
esd-1944,2006-07-23,2006,regular,Real Salt Lake,FC Dallas,0,1,,,engsoccerdata,,,,
esd-1945,2006-07-26,2006,regular,Real Salt Lake,CD Chivas USA,3,3,,,engsoccerdata,,,,
esd-1946,2006-07-26,2006,regular,Colorado Rapids,Houston Dynamo,1,0,,,engsoccerdata,,,,
esd-1947,2006-07-29,2006,regular,Sporting Kansas City,New England Revolution,1,1,,,engsoccerdata,,,,
esd-1948,2006-07-29,2006,regular,FC Dallas,Colorado Rapids,4,1,,,engsoccerdata,,,,
esd-1949,2006-07-29,2006,regular,Chicago Fire,Columbus Crew,0,0,,,engsoccerdata,,,,
esd-1950,2006-07-29,2006,regular,Houston Dynamo,New York Red Bulls,1,1,,,engsoccerdata,,,,
esd-1951,2006-07-29,2006,regular,Real Salt Lake,DC United,2,1,,,engsoccerdata,,,,
esd-1952,2006-08-06,2006,regular,CD Chivas USA,New England Revolution,1,1,,,engsoccerdata,,,,
esd-1953,2006-08-09,2006,regular,New England Revolution,Sporting Kansas City,0,0,,,engsoccerdata,,,,
esd-1954,2006-08-09,2006,regular,Houston Dynamo,LA Galaxy,0,1,,,engsoccerdata,,,,
esd-1955,2006-08-09,2006,regular,Colorado Rapids,Real Salt Lake,1,4,,,engsoccerdata,,,,
esd-1956,2006-08-12,2006,regular,Chicago Fire,CD Chivas USA,1,2,,,engsoccerdata,,,,
esd-1957,2006-08-12,2006,regular,Houston Dynamo,FC Dallas,1,0,,,engsoccerdata,,,,
esd-1958,2006-08-12,2006,regular,Sporting Kansas City,Columbus Crew,4,0,,,engsoccerdata,,,,
esd-1959,2006-08-12,2006,regular,Colorado Rapids,LA Galaxy,1,0,,,engsoccerdata,,,,
esd-1960,2006-08-16,2006,regular,New York Red Bulls,DC United,0,0,,,engsoccerdata,,,,
esd-1961,2006-08-16,2006,regular,Columbus Crew,Real Salt Lake,1,2,,,engsoccerdata,,,,
esd-1962,2006-08-16,2006,regular,Chicago Fire,Sporting Kansas City,3,0,,,engsoccerdata,,,,
esd-1963,2006-08-19,2006,regular,DC United,Colorado Rapids,1,1,,,engsoccerdata,,,,
esd-1964,2006-08-19,2006,regular,Columbus Crew,New York Red Bulls,1,0,,,engsoccerdata,,,,
esd-1965,2006-08-19,2006,regular,Real Salt Lake,Houston Dynamo,3,1,,,engsoccerdata,,,,
esd-1966,2006-08-20,2006,regular,CD Chivas USA,Sporting Kansas City,1,1,,,engsoccerdata,,,,
esd-1967,2006-08-20,2006,regular,New England Revolution,Chicago Fire,0,1,,,engsoccerdata,,,,
esd-1968,2006-08-20,2006,regular,LA Galaxy,FC Dallas,2,0,,,engsoccerdata,,,,
esd-1969,2006-08-26,2006,regular,New York Red Bulls,Real Salt Lake,6,0,,,engsoccerdata,,,,
esd-1970,2006-08-26,2006,regular,DC United,LA Galaxy,2,5,,,engsoccerdata,,,,
esd-1971,2006-08-26,2006,regular,Chicago Fire,Colorado Rapids,1,0,,,engsoccerdata,,,,
esd-1972,2006-08-27,2006,regular,CD Chivas USA,Houston Dynamo,3,2,,,engsoccerdata,,,,
esd-1973,2006-08-27,2006,regular,New England Revolution,Columbus Crew,1,0,,,engsoccerdata,,,,
esd-1974,2006-08-27,2006,regular,Sporting Kansas City,FC Dallas,1,0,,,engsoccerdata,,,,
esd-1975,2006-08-30,2006,regular,Sporting Kansas City,New York Red Bulls,2,2,,,engsoccerdata,,,,
esd-1976,2006-08-30,2006,regular,Chicago Fire,Houston Dynamo,2,2,,,engsoccerdata,,,,
esd-1977,2006-08-30,2006,regular,Real Salt Lake,LA Galaxy,1,0,,,engsoccerdata,,,,
esd-1978,2006-08-30,2006,regular,Colorado Rapids,FC Dallas,0,2,,,engsoccerdata,,,,
esd-1979,2006-09-02,2006,regular,Columbus Crew,New England Revolution,3,0,,,engsoccerdata,,,,
esd-1980,2006-09-02,2006,regular,FC Dallas,Houston Dynamo,1,0,,,engsoccerdata,,,,
esd-1981,2006-09-02,2006,regular,Real Salt Lake,Colorado Rapids,0,1,,,engsoccerdata,,,,
esd-1982,2006-09-03,2006,regular,LA Galaxy,Sporting Kansas City,2,1,,,engsoccerdata,,,,
esd-1983,2006-09-03,2006,regular,CD Chivas USA,DC United,1,2,,,engsoccerdata,,,,
esd-1984,2006-09-03,2006,regular,Chicago Fire,New York Red Bulls,2,1,,,engsoccerdata,,,,
esd-1985,2006-09-09,2006,regular,Columbus Crew,Chicago Fire,1,2,,,engsoccerdata,,,,
esd-1986,2006-09-09,2006,regular,New England Revolution,New York Red Bulls,1,0,,,engsoccerdata,,,,
esd-1987,2006-09-09,2006,regular,DC United,Real Salt Lake,1,1,,,engsoccerdata,,,,
esd-1988,2006-09-09,2006,regular,Sporting Kansas City,Colorado Rapids,4,1,,,engsoccerdata,,,,
esd-1989,2006-09-10,2006,regular,CD Chivas USA,FC Dallas,1,1,,,engsoccerdata,,,,
esd-1990,2006-09-10,2006,regular,LA Galaxy,Houston Dynamo,1,2,,,engsoccerdata,,,,
esd-1991,2006-09-13,2006,regular,New England Revolution,DC United,1,1,,,engsoccerdata,,,,
esd-1992,2006-09-13,2006,regular,FC Dallas,CD Chivas USA,0,1,,,engsoccerdata,,,,
esd-1993,2006-09-13,2006,regular,Colorado Rapids,Chicago Fire,1,0,,,engsoccerdata,,,,
esd-1994,2006-09-16,2006,regular,New York Red Bulls,Columbus Crew,1,0,,,engsoccerdata,,,,
esd-1995,2006-09-16,2006,regular,Real Salt Lake,FC Dallas,3,2,,,engsoccerdata,,,,
esd-1996,2006-09-17,2006,regular,LA Galaxy,Colorado Rapids,0,0,,,engsoccerdata,,,,
esd-1997,2006-09-17,2006,regular,Chicago Fire,DC United,1,0,,,engsoccerdata,,,,
esd-1998,2006-09-17,2006,regular,Houston Dynamo,CD Chivas USA,0,0,,,engsoccerdata,,,,
esd-1999,2006-09-20,2006,regular,New York Red Bulls,New England Revolution,0,2,,,engsoccerdata,,,,
esd-2000,2006-09-23,2006,regular,New England Revolution,Sporting Kansas City,1,1,,,engsoccerdata,,,,
esd-2001,2006-09-23,2006,regular,Columbus Crew,Houston Dynamo,1,1,,,engsoccerdata,,,,
esd-2002,2006-09-23,2006,regular,DC United,New York Red Bulls,4,3,,,engsoccerdata,,,,
esd-2003,2006-09-23,2006,regular,Chicago Fire,LA Galaxy,2,1,,,engsoccerdata,,,,
esd-2004,2006-09-23,2006,regular,FC Dallas,Real Salt Lake,2,1,,,engsoccerdata,,,,
esd-2005,2006-09-24,2006,regular,CD Chivas USA,Colorado Rapids,1,0,,,engsoccerdata,,,,
esd-2006,2006-09-30,2006,regular,New England Revolution,Colorado Rapids,3,1,,,engsoccerdata,,,,
esd-2007,2006-09-30,2006,regular,New York Red Bulls,Chicago Fire,1,0,,,engsoccerdata,,,,
esd-2008,2006-09-30,2006,regular,Columbus Crew,FC Dallas,3,1,,,engsoccerdata,,,,
esd-2009,2006-09-30,2006,regular,Houston Dynamo,DC United,1,0,,,engsoccerdata,,,,
esd-2010,2006-09-30,2006,regular,Sporting Kansas City,Real Salt Lake,3,3,,,engsoccerdata,,,,
esd-2011,2006-10-01,2006,regular,LA Galaxy,CD Chivas USA,3,0,,,engsoccerdata,,,,
esd-2012,2006-10-07,2006,regular,DC United,New England Revolution,1,2,,,engsoccerdata,,,,
esd-2013,2006-10-07,2006,regular,Chicago Fire,Columbus Crew,1,4,,,engsoccerdata,,,,
esd-2014,2006-10-07,2006,regular,FC Dallas,LA Galaxy,2,1,,,engsoccerdata,,,,
esd-2015,2006-10-07,2006,regular,Sporting Kansas City,CD Chivas USA,2,1,,,engsoccerdata,,,,
esd-2016,2006-10-07,2006,regular,Colorado Rapids,New York Red Bulls,1,1,,,engsoccerdata,,,,
esd-2017,2006-10-07,2006,regular,Real Salt Lake,Houston Dynamo,1,1,,,engsoccerdata,,,,
esd-2018,2006-10-14,2006,regular,New England Revolution,Columbus Crew,1,0,,,engsoccerdata,,,,
esd-2019,2006-10-14,2006,regular,New York Red Bulls,Sporting Kansas City,3,2,,,engsoccerdata,,,,
esd-2020,2006-10-14,2006,regular,Houston Dynamo,Colorado Rapids,3,3,,,engsoccerdata,,,,
esd-2021,2006-10-15,2006,regular,LA Galaxy,FC Dallas,5,2,,,engsoccerdata,,,,
esd-2022,2006-10-15,2006,regular,DC United,Chicago Fire,2,3,,,engsoccerdata,,,,
esd-2023,2006-10-15,2006,regular,CD Chivas USA,Real Salt Lake,1,1,,,engsoccerdata,,,,
esd-2024,2006-10-21,2006,postseason,New York Red Bulls,DC United,0,1,,,engsoccerdata,,,,
esd-2025,2006-10-21,2006,postseason,Colorado Rapids,FC Dallas,1,2,,,engsoccerdata,,,,
esd-2026,2006-10-22,2006,postseason,Chicago Fire,New England Revolution,1,0,,,engsoccerdata,,,,
esd-2027,2006-10-22,2006,postseason,CD Chivas USA,Houston Dynamo,2,1,,,engsoccerdata,,,,
esd-2028,2006-10-28,2006,postseason,New England Revolution,Chicago Fire,2,1,,AET,engsoccerdata,,,,
esd-2029,2006-10-28,2006,postseason,FC Dallas,Colorado Rapids,2,3,,AET,engsoccerdata,,,,
esd-2030,2006-10-29,2006,postseason,DC United,New York Red Bulls,1,1,,,engsoccerdata,,,,
esd-2031,2006-10-29,2006,postseason,Houston Dynamo,CD Chivas USA,2,0,,,engsoccerdata,,,,
esd-2032,2006-11-05,2006,postseason,DC United,New England Revolution,0,1,,,engsoccerdata,,,,
esd-2033,2006-11-05,2006,postseason,Houston Dynamo,Colorado Rapids,3,1,,,engsoccerdata,,,,
esd-2034,2006-11-12,2006,postseason,Houston Dynamo,New England Revolution,2,1,1,pens,engsoccerdata,,,,
esd-2035,2007-04-07,2007,regular,Colorado Rapids,DC United,2,1,,,engsoccerdata,,,,
esd-2036,2007-04-07,2007,regular,Real Salt Lake,FC Dallas,2,2,,,engsoccerdata,,,,
esd-2037,2007-04-07,2007,regular,Columbus Crew,New York Red Bulls,0,0,,,engsoccerdata,,,,
esd-2038,2007-04-07,2007,regular,Chicago Fire,New England Revolution,1,0,,,engsoccerdata,,,,
esd-2039,2007-04-08,2007,regular,CD Chivas USA,Toronto FC,2,0,,,engsoccerdata,,,,
esd-2040,2007-04-08,2007,regular,Houston Dynamo,LA Galaxy,0,0,,,engsoccerdata,,,,
esd-2041,2007-04-13,2007,regular,LA Galaxy,FC Dallas,1,2,,,engsoccerdata,,,,
esd-2042,2007-04-14,2007,regular,Real Salt Lake,Columbus Crew,0,0,,,engsoccerdata,,,,
esd-2043,2007-04-14,2007,regular,DC United,Sporting Kansas City,2,4,,,engsoccerdata,,,,
esd-2044,2007-04-14,2007,regular,New England Revolution,Toronto FC,4,0,,,engsoccerdata,,,,
esd-2045,2007-04-14,2007,regular,Houston Dynamo,CD Chivas USA,1,0,,,engsoccerdata,,,,
esd-2046,2007-04-15,2007,regular,New York Red Bulls,FC Dallas,3,0,,,engsoccerdata,,,,
esd-2047,2007-04-15,2007,regular,Colorado Rapids,Chicago Fire,1,1,,,engsoccerdata,,,,
esd-2048,2007-04-19,2007,regular,Columbus Crew,New England Revolution,2,2,,,engsoccerdata,,,,
esd-2049,2007-04-21,2007,regular,New York Red Bulls,Houston Dynamo,1,0,,,engsoccerdata,,,,
esd-2050,2007-04-21,2007,regular,Chicago Fire,Sporting Kansas City,2,1,,,engsoccerdata,,,,
esd-2051,2007-04-22,2007,regular,CD Chivas USA,Real Salt Lake,4,0,,,engsoccerdata,,,,
esd-2052,2007-04-22,2007,regular,FC Dallas,Colorado Rapids,3,1,,,engsoccerdata,,,,
esd-2053,2007-04-25,2007,regular,Sporting Kansas City,Toronto FC,3,0,,,engsoccerdata,,,,
esd-2054,2007-04-26,2007,regular,FC Dallas,New York Red Bulls,0,1,,,engsoccerdata,,,,
esd-2055,2007-04-28,2007,regular,Toronto FC,Sporting Kansas City,0,1,,,engsoccerdata,,,,
esd-2056,2007-04-28,2007,regular,Columbus Crew,DC United,1,0,,,engsoccerdata,,,,
esd-2057,2007-04-29,2007,regular,LA Galaxy,CD Chivas USA,3,1,,,engsoccerdata,,,,
esd-2058,2007-04-29,2007,regular,FC Dallas,New England Revolution,0,1,,,engsoccerdata,,,,
esd-2059,2007-04-29,2007,regular,Houston Dynamo,Chicago Fire,0,1,,,engsoccerdata,,,,
esd-2060,2007-04-30,2007,regular,Real Salt Lake,Colorado Rapids,0,2,,,engsoccerdata,,,,
esd-2061,2007-05-03,2007,regular,DC United,New England Revolution,1,1,,,engsoccerdata,,,,
esd-2062,2007-05-05,2007,regular,Sporting Kansas City,Columbus Crew,1,0,,,engsoccerdata,,,,
esd-2063,2007-05-05,2007,regular,Real Salt Lake,New York Red Bulls,3,3,,,engsoccerdata,,,,
esd-2064,2007-05-05,2007,regular,Colorado Rapids,Houston Dynamo,1,3,,,engsoccerdata,,,,
esd-2065,2007-05-06,2007,regular,DC United,CD Chivas USA,2,1,,,engsoccerdata,,,,
esd-2066,2007-05-06,2007,regular,New England Revolution,Chicago Fire,3,1,,,engsoccerdata,,,,
esd-2067,2007-05-10,2007,regular,Colorado Rapids,Real Salt Lake,1,1,,,engsoccerdata,,,,
esd-2068,2007-05-12,2007,regular,Toronto FC,Chicago Fire,3,1,,,engsoccerdata,,,,
esd-2069,2007-05-12,2007,regular,Columbus Crew,CD Chivas USA,1,1,,,engsoccerdata,,,,
esd-2070,2007-05-12,2007,regular,Sporting Kansas City,FC Dallas,1,2,,,engsoccerdata,,,,
esd-2071,2007-05-13,2007,regular,LA Galaxy,New England Revolution,2,3,,,engsoccerdata,,,,
esd-2072,2007-05-13,2007,regular,New York Red Bulls,Colorado Rapids,0,1,,,engsoccerdata,,,,
esd-2073,2007-05-16,2007,regular,Toronto FC,Houston Dynamo,1,0,,,engsoccerdata,,,,
esd-2074,2007-05-17,2007,regular,Chicago Fire,FC Dallas,1,2,,,engsoccerdata,,,,
esd-2075,2007-05-19,2007,regular,Toronto FC,DC United,1,2,,,engsoccerdata,,,,
esd-2076,2007-05-19,2007,regular,New York Red Bulls,Columbus Crew,4,0,,,engsoccerdata,,,,
esd-2077,2007-05-19,2007,regular,Houston Dynamo,New England Revolution,0,1,,,engsoccerdata,,,,
esd-2078,2007-05-19,2007,regular,Colorado Rapids,Sporting Kansas City,1,1,,,engsoccerdata,,,,
esd-2079,2007-05-20,2007,regular,CD Chivas USA,LA Galaxy,1,1,,,engsoccerdata,,,,
esd-2080,2007-05-20,2007,regular,FC Dallas,Real Salt Lake,2,1,,,engsoccerdata,,,,
esd-2081,2007-05-24,2007,regular,New York Red Bulls,Chicago Fire,3,0,,,engsoccerdata,,,,
esd-2082,2007-05-26,2007,regular,New England Revolution,Sporting Kansas City,3,4,,,engsoccerdata,,,,
esd-2083,2007-05-26,2007,regular,DC United,Houston Dynamo,2,1,,,engsoccerdata,,,,
esd-2084,2007-05-26,2007,regular,Columbus Crew,Toronto FC,2,2,,,engsoccerdata,,,,
esd-2085,2007-05-26,2007,regular,Colorado Rapids,LA Galaxy,1,0,,,engsoccerdata,,,,
esd-2086,2007-05-27,2007,regular,CD Chivas USA,FC Dallas,2,0,,,engsoccerdata,,,,
esd-2087,2007-05-27,2007,regular,Chicago Fire,Real Salt Lake,0,0,,,engsoccerdata,,,,
esd-2088,2007-06-02,2007,regular,Toronto FC,Colorado Rapids,2,1,,,engsoccerdata,,,,
esd-2089,2007-06-02,2007,regular,New England Revolution,Real Salt Lake,0,0,,,engsoccerdata,,,,
esd-2090,2007-06-02,2007,regular,Sporting Kansas City,New York Red Bulls,3,2,,,engsoccerdata,,,,
esd-2091,2007-06-03,2007,regular,LA Galaxy,DC United,0,0,,,engsoccerdata,,,,
esd-2092,2007-06-03,2007,regular,Houston Dynamo,FC Dallas,2,1,,,engsoccerdata,,,,
esd-2093,2007-06-03,2007,regular,Chicago Fire,Columbus Crew,3,2,,,engsoccerdata,,,,
esd-2094,2007-06-06,2007,regular,Toronto FC,New York Red Bulls,1,2,,,engsoccerdata,,,,
esd-2095,2007-06-07,2007,regular,Houston Dynamo,Colorado Rapids,2,1,,,engsoccerdata,,,,
esd-2096,2007-06-09,2007,regular,Chicago Fire,CD Chivas USA,0,1,,,engsoccerdata,,,,
esd-2097,2007-06-09,2007,regular,FC Dallas,LA Galaxy,3,1,,,engsoccerdata,,,,
esd-2098,2007-06-10,2007,regular,DC United,New York Red Bulls,4,2,,,engsoccerdata,,,,
esd-2099,2007-06-10,2007,regular,Columbus Crew,Houston Dynamo,1,2,,,engsoccerdata,,,,
esd-2100,2007-06-14,2007,regular,Real Salt Lake,FC Dallas,0,1,,,engsoccerdata,,,,
esd-2101,2007-06-16,2007,regular,New England Revolution,Columbus Crew,3,3,,,engsoccerdata,,,,
esd-2102,2007-06-16,2007,regular,DC United,Chicago Fire,3,1,,,engsoccerdata,,,,
esd-2103,2007-06-16,2007,regular,New York Red Bulls,Sporting Kansas City,3,3,,,engsoccerdata,,,,
esd-2104,2007-06-17,2007,regular,CD Chivas USA,Colorado Rapids,2,0,,,engsoccerdata,,,,
esd-2105,2007-06-17,2007,regular,Toronto FC,FC Dallas,4,0,,,engsoccerdata,,,,
esd-2106,2007-06-17,2007,regular,LA Galaxy,Real Salt Lake,3,2,,,engsoccerdata,,,,
esd-2107,2007-06-20,2007,regular,Columbus Crew,Sporting Kansas City,2,1,,,engsoccerdata,,,,
esd-2108,2007-06-21,2007,regular,Houston Dynamo,CD Chivas USA,4,0,,,engsoccerdata,,,,
esd-2109,2007-06-23,2007,regular,New England Revolution,Toronto FC,3,0,,,engsoccerdata,,,,
esd-2110,2007-06-23,2007,regular,Colorado Rapids,FC Dallas,0,1,,,engsoccerdata,,,,
esd-2111,2007-06-23,2007,regular,Real Salt Lake,DC United,2,1,,,engsoccerdata,,,,
esd-2112,2007-06-24,2007,regular,LA Galaxy,Columbus Crew,2,3,,,engsoccerdata,,,,
esd-2113,2007-06-24,2007,regular,Sporting Kansas City,Houston Dynamo,0,1,,,engsoccerdata,,,,
esd-2114,2007-06-28,2007,regular,DC United,Colorado Rapids,4,1,,,engsoccerdata,,,,
esd-2115,2007-06-30,2007,regular,FC Dallas,Houston Dynamo,0,0,,,engsoccerdata,,,,
esd-2116,2007-06-30,2007,regular,Columbus Crew,New York Red Bulls,1,0,,,engsoccerdata,,,,
esd-2117,2007-07-01,2007,regular,CD Chivas USA,New England Revolution,2,0,,,engsoccerdata,,,,
esd-2118,2007-07-01,2007,regular,Chicago Fire,Colorado Rapids,0,0,,,engsoccerdata,,,,
esd-2119,2007-07-01,2007,regular,Sporting Kansas City,Toronto FC,1,1,,,engsoccerdata,,,,
esd-2120,2007-07-04,2007,regular,Sporting Kansas City,DC United,0,1,,,engsoccerdata,,,,
esd-2121,2007-07-04,2007,regular,FC Dallas,CD Chivas USA,2,0,,,engsoccerdata,,,,
esd-2122,2007-07-04,2007,regular,Colorado Rapids,Columbus Crew,0,0,,,engsoccerdata,,,,
esd-2123,2007-07-05,2007,regular,Real Salt Lake,Toronto FC,1,2,,,engsoccerdata,,,,
esd-2124,2007-07-05,2007,regular,LA Galaxy,Chicago Fire,2,0,,,engsoccerdata,,,,
esd-2125,2007-07-05,2007,regular,Houston Dynamo,New York Red Bulls,4,0,,,engsoccerdata,,,,
esd-2126,2007-07-07,2007,regular,New England Revolution,CD Chivas USA,1,1,,,engsoccerdata,,,,
esd-2127,2007-07-07,2007,regular,Columbus Crew,Real Salt Lake,2,0,,,engsoccerdata,,,,
esd-2128,2007-07-07,2007,regular,Chicago Fire,Toronto FC,1,1,,,engsoccerdata,,,,
esd-2129,2007-07-08,2007,regular,LA Galaxy,Sporting Kansas City,2,2,,,engsoccerdata,,,,
esd-2130,2007-07-08,2007,regular,Colorado Rapids,New York Red Bulls,0,1,,,engsoccerdata,,,,
esd-2131,2007-07-08,2007,regular,Houston Dynamo,DC United,1,0,,,engsoccerdata,,,,
esd-2132,2007-07-12,2007,regular,Chicago Fire,Houston Dynamo,0,4,,,engsoccerdata,,,,
esd-2133,2007-07-14,2007,regular,DC United,FC Dallas,3,3,,,engsoccerdata,,,,
esd-2134,2007-07-14,2007,regular,New York Red Bulls,New England Revolution,0,1,,,engsoccerdata,,,,
esd-2135,2007-07-14,2007,regular,Sporting Kansas City,Real Salt Lake,1,0,,,engsoccerdata,,,,
esd-2136,2007-07-15,2007,regular,CD Chivas USA,Columbus Crew,2,1,,,engsoccerdata,,,,
esd-2137,2007-07-15,2007,regular,Houston Dynamo,Toronto FC,0,0,,,engsoccerdata,,,,
esd-2138,2007-07-22,2007,regular,New England Revolution,Houston Dynamo,3,3,,,engsoccerdata,,,,
esd-2139,2007-07-22,2007,regular,New York Red Bulls,DC United,1,0,,,engsoccerdata,,,,
esd-2140,2007-07-22,2007,regular,Columbus Crew,Toronto FC,2,0,,,engsoccerdata,,,,
esd-2141,2007-07-22,2007,regular,Sporting Kansas City,Colorado Rapids,2,2,,,engsoccerdata,,,,
esd-2142,2007-07-26,2007,regular,New York Red Bulls,CD Chivas USA,0,2,,,engsoccerdata,,,,
esd-2143,2007-07-28,2007,regular,Real Salt Lake,New England Revolution,1,2,,,engsoccerdata,,,,
esd-2144,2007-07-29,2007,regular,Toronto FC,Chicago Fire,0,3,,,engsoccerdata,,,,
esd-2145,2007-07-29,2007,regular,Sporting Kansas City,CD Chivas USA,3,2,,,engsoccerdata,,,,
esd-2146,2007-08-02,2007,regular,New England Revolution,Sporting Kansas City,2,0,,,engsoccerdata,,,,
esd-2147,2007-08-04,2007,regular,Chicago Fire,Columbus Crew,0,0,,,engsoccerdata,,,,
esd-2148,2007-08-04,2007,regular,FC Dallas,Colorado Rapids,1,0,,,engsoccerdata,,,,
esd-2149,2007-08-04,2007,regular,Real Salt Lake,Houston Dynamo,1,0,,,engsoccerdata,,,,
esd-2150,2007-08-05,2007,regular,New England Revolution,DC United,0,3,,,engsoccerdata,,,,
esd-2151,2007-08-05,2007,regular,Toronto FC,LA Galaxy,0,0,,,engsoccerdata,,,,
esd-2152,2007-08-09,2007,regular,DC United,LA Galaxy,1,0,,,engsoccerdata,,,,
esd-2153,2007-08-11,2007,regular,FC Dallas,Columbus Crew,3,2,,,engsoccerdata,,,,
esd-2154,2007-08-11,2007,regular,Colorado Rapids,Houston Dynamo,1,0,,,engsoccerdata,,,,
esd-2155,2007-08-12,2007,regular,New York Red Bulls,Toronto FC,3,0,,,engsoccerdata,,,,
esd-2156,2007-08-12,2007,regular,New England Revolution,LA Galaxy,1,0,,,engsoccerdata,,,,
esd-2157,2007-08-16,2007,regular,Colorado Rapids,New England Revolution,3,0,,,engsoccerdata,,,,
esd-2158,2007-08-18,2007,regular,Toronto FC,CD Chivas USA,0,2,,,engsoccerdata,,,,
esd-2159,2007-08-18,2007,regular,Columbus Crew,DC United,0,2,,,engsoccerdata,,,,
esd-2160,2007-08-18,2007,regular,New York Red Bulls,LA Galaxy,5,4,,,engsoccerdata,,,,
esd-2161,2007-08-18,2007,regular,Real Salt Lake,Chicago Fire,0,2,,,engsoccerdata,,,,
esd-2162,2007-08-19,2007,regular,Houston Dynamo,FC Dallas,1,0,,,engsoccerdata,,,,
esd-2163,2007-08-19,2007,regular,Sporting Kansas City,New England Revolution,0,1,,,engsoccerdata,,,,
esd-2164,2007-08-22,2007,regular,DC United,New York Red Bulls,3,1,,,engsoccerdata,,,,
esd-2165,2007-08-22,2007,regular,Sporting Kansas City,Chicago Fire,3,2,,,engsoccerdata,,,,
esd-2166,2007-08-24,2007,regular,LA Galaxy,CD Chivas USA,0,3,,,engsoccerdata,,,,
esd-2167,2007-08-25,2007,regular,Toronto FC,DC United,0,1,,,engsoccerdata,,,,
esd-2168,2007-08-25,2007,regular,New England Revolution,New York Red Bulls,2,1,,,engsoccerdata,,,,
esd-2169,2007-08-25,2007,regular,Houston Dynamo,Columbus Crew,1,1,,,engsoccerdata,,,,
esd-2170,2007-08-25,2007,regular,Chicago Fire,Sporting Kansas City,2,0,,,engsoccerdata,,,,
esd-2171,2007-08-26,2007,regular,Colorado Rapids,LA Galaxy,3,0,,,engsoccerdata,,,,
esd-2172,2007-08-26,2007,regular,CD Chivas USA,Real Salt Lake,1,0,,,engsoccerdata,,,,
esd-2173,2007-08-29,2007,regular,Real Salt Lake,Sporting Kansas City,3,1,,,engsoccerdata,,,,
esd-2174,2007-09-01,2007,regular,New York Red Bulls,Chicago Fire,1,0,,,engsoccerdata,,,,
esd-2175,2007-09-01,2007,regular,FC Dallas,DC United,0,4,,,engsoccerdata,,,,
esd-2176,2007-09-01,2007,regular,Houston Dynamo,Sporting Kansas City,1,1,,,engsoccerdata,,,,
esd-2177,2007-09-02,2007,regular,LA Galaxy,Real Salt Lake,1,2,,,engsoccerdata,,,,
esd-2178,2007-09-02,2007,regular,Columbus Crew,Colorado Rapids,1,1,,,engsoccerdata,,,,
esd-2179,2007-09-07,2007,regular,CD Chivas USA,DC United,2,2,,,engsoccerdata,,,,
esd-2180,2007-09-08,2007,regular,Columbus Crew,Chicago Fire,0,1,,,engsoccerdata,,,,
esd-2181,2007-09-08,2007,regular,Houston Dynamo,Real Salt Lake,4,3,,,engsoccerdata,,,,
esd-2182,2007-09-08,2007,regular,FC Dallas,Toronto FC,2,0,,,engsoccerdata,,,,
esd-2183,2007-09-09,2007,regular,LA Galaxy,Colorado Rapids,3,1,,,engsoccerdata,,,,
esd-2184,2007-09-09,2007,regular,DC United,New England Revolution,4,2,,,engsoccerdata,,,,
esd-2185,2007-09-09,2007,regular,CD Chivas USA,New York Red Bulls,3,0,,,engsoccerdata,,,,
esd-2186,2007-09-12,2007,regular,DC United,Real Salt Lake,2,1,,,engsoccerdata,,,,
esd-2187,2007-09-14,2007,regular,CD Chivas USA,LA Galaxy,3,0,,,engsoccerdata,,,,
esd-2188,2007-09-15,2007,regular,Toronto FC,Real Salt Lake,0,0,,,engsoccerdata,,,,
esd-2189,2007-09-15,2007,regular,New England Revolution,FC Dallas,4,2,,,engsoccerdata,,,,
esd-2190,2007-09-15,2007,regular,Sporting Kansas City,Columbus Crew,3,2,,,engsoccerdata,,,,
esd-2191,2007-09-15,2007,regular,Chicago Fire,New York Red Bulls,2,2,,,engsoccerdata,,,,
esd-2192,2007-09-16,2007,regular,Colorado Rapids,CD Chivas USA,1,1,,,engsoccerdata,,,,
esd-2193,2007-09-16,2007,regular,LA Galaxy,Houston Dynamo,1,3,,,engsoccerdata,,,,
esd-2194,2007-09-19,2007,regular,Real Salt Lake,LA Galaxy,2,2,,,engsoccerdata,,,,
esd-2195,2007-09-20,2007,regular,FC Dallas,Chicago Fire,1,1,,,engsoccerdata,,,,
esd-2196,2007-09-22,2007,regular,Toronto FC,Columbus Crew,1,2,,,engsoccerdata,,,,
esd-2197,2007-09-22,2007,regular,New York Red Bulls,New England Revolution,2,2,,,engsoccerdata,,,,
esd-2198,2007-09-22,2007,regular,Real Salt Lake,Colorado Rapids,1,0,,,engsoccerdata,,,,
esd-2199,2007-09-23,2007,regular,CD Chivas USA,Sporting Kansas City,2,1,,,engsoccerdata,,,,
esd-2200,2007-09-23,2007,regular,Chicago Fire,DC United,1,1,,,engsoccerdata,,,,
esd-2201,2007-09-23,2007,regular,LA Galaxy,FC Dallas,2,1,,,engsoccerdata,,,,
esd-2202,2007-09-27,2007,regular,Sporting Kansas City,LA Galaxy,0,1,,,engsoccerdata,,,,
esd-2203,2007-09-29,2007,regular,New England Revolution,Colorado Rapids,1,0,,,engsoccerdata,,,,
esd-2204,2007-09-29,2007,regular,New York Red Bulls,Real Salt Lake,2,2,,,engsoccerdata,,,,
esd-2205,2007-09-29,2007,regular,DC United,Toronto FC,4,1,,,engsoccerdata,,,,
esd-2206,2007-09-30,2007,regular,CD Chivas USA,Chicago Fire,1,1,,,engsoccerdata,,,,
esd-2207,2007-09-30,2007,regular,FC Dallas,Houston Dynamo,0,3,,,engsoccerdata,,,,
esd-2208,2007-09-30,2007,regular,Columbus Crew,LA Galaxy,1,2,,,engsoccerdata,,,,
esd-2209,2007-10-04,2007,regular,Toronto FC,New York Red Bulls,2,1,,,engsoccerdata,,,,
esd-2210,2007-10-05,2007,regular,Sporting Kansas City,DC United,1,1,,,engsoccerdata,,,,
esd-2211,2007-10-06,2007,regular,Columbus Crew,FC Dallas,1,3,,,engsoccerdata,,,,
esd-2212,2007-10-06,2007,regular,Chicago Fire,New England Revolution,2,1,,,engsoccerdata,,,,
esd-2213,2007-10-06,2007,regular,Real Salt Lake,CD Chivas USA,2,3,,,engsoccerdata,,,,
esd-2214,2007-10-07,2007,regular,Houston Dynamo,LA Galaxy,1,2,,,engsoccerdata,,,,
esd-2215,2007-10-07,2007,regular,Colorado Rapids,Toronto FC,1,0,,,engsoccerdata,,,,
esd-2216,2007-10-11,2007,regular,FC Dallas,CD Chivas USA,0,0,,,engsoccerdata,,,,
esd-2217,2007-10-13,2007,regular,DC United,Chicago Fire,0,0,,,engsoccerdata,,,,
esd-2218,2007-10-13,2007,regular,New England Revolution,Columbus Crew,2,3,,,engsoccerdata,,,,
esd-2219,2007-10-13,2007,regular,New York Red Bulls,Sporting Kansas City,2,1,,,engsoccerdata,,,,
esd-2220,2007-10-14,2007,regular,LA Galaxy,Toronto FC,2,1,,,engsoccerdata,,,,
esd-2221,2007-10-14,2007,regular,CD Chivas USA,Colorado Rapids,1,2,,,engsoccerdata,,,,
esd-2222,2007-10-15,2007,regular,Real Salt Lake,Houston Dynamo,0,1,,,engsoccerdata,,,,
esd-2223,2007-10-19,2007,regular,LA Galaxy,New York Red Bulls,1,1,,,engsoccerdata,,,,
esd-2224,2007-10-20,2007,regular,Toronto FC,New England Revolution,2,2,,,engsoccerdata,,,,
esd-2225,2007-10-20,2007,regular,DC United,Columbus Crew,2,3,,,engsoccerdata,,,,
esd-2226,2007-10-20,2007,regular,FC Dallas,Sporting Kansas City,0,2,,,engsoccerdata,,,,
esd-2227,2007-10-20,2007,regular,Colorado Rapids,Real Salt Lake,0,1,,,engsoccerdata,,,,
esd-2228,2007-10-21,2007,regular,CD Chivas USA,Houston Dynamo,0,0,,,engsoccerdata,,,,
esd-2229,2007-10-21,2007,regular,Chicago Fire,LA Galaxy,1,0,,,engsoccerdata,,,,
esd-2230,2007-10-25,2007,postseason,Chicago Fire,DC United,1,0,,,engsoccerdata,,,,
esd-2231,2007-10-27,2007,postseason,New York Red Bulls,New England Revolution,0,0,,,engsoccerdata,,,,
esd-2232,2007-10-27,2007,postseason,FC Dallas,Houston Dynamo,1,0,,,engsoccerdata,,,,
esd-2233,2007-10-27,2007,postseason,Sporting Kansas City,CD Chivas USA,1,0,,,engsoccerdata,,,,
esd-2234,2007-11-01,2007,postseason,DC United,Chicago Fire,2,2,,,engsoccerdata,,,,
esd-2235,2007-11-02,2007,postseason,Houston Dynamo,FC Dallas,4,1,,AET,engsoccerdata,,,,
esd-2236,2007-11-03,2007,postseason,New England Revolution,New York Red Bulls,1,0,,,engsoccerdata,,,,
esd-2237,2007-11-04,2007,postseason,CD Chivas USA,Sporting Kansas City,0,0,,,engsoccerdata,,,,
esd-2238,2007-11-08,2007,postseason,New England Revolution,Chicago Fire,1,0,,,engsoccerdata,,,,
esd-2239,2007-11-10,2007,postseason,Houston Dynamo,Sporting Kansas City,2,0,,,engsoccerdata,,,,
esd-2240,2007-11-18,2007,postseason,New England Revolution,Houston Dynamo,1,2,1,,engsoccerdata,,,,
esd-2241,2008-03-29,2008,regular,Columbus Crew,Toronto FC,2,0,,,engsoccerdata,,,,
esd-2242,2008-03-29,2008,regular,Real Salt Lake,Chicago Fire,1,1,,,engsoccerdata,,,,
esd-2243,2008-03-29,2008,regular,New England Revolution,Houston Dynamo,3,0,,,engsoccerdata,,,,
esd-2244,2008-03-29,2008,regular,Sporting Kansas City,DC United,2,0,,,engsoccerdata,,,,
esd-2245,2008-03-29,2008,regular,Colorado Rapids,LA Galaxy,4,0,,,engsoccerdata,,,,
esd-2246,2008-03-30,2008,regular,FC Dallas,CD Chivas USA,1,1,,,engsoccerdata,,,,
esd-2247,2008-04-03,2008,regular,Chicago Fire,New England Revolution,4,0,,,engsoccerdata,,,,
esd-2248,2008-04-04,2008,regular,LA Galaxy,San Jose Earthquakes,2,0,,,engsoccerdata,,,,
esd-2249,2008-04-05,2008,regular,Sporting Kansas City,Colorado Rapids,3,2,,,engsoccerdata,,,,
esd-2250,2008-04-05,2008,regular,New York Red Bulls,Columbus Crew,2,0,,,engsoccerdata,,,,
esd-2251,2008-04-05,2008,regular,DC United,Toronto FC,4,1,,,engsoccerdata,,,,
esd-2252,2008-04-06,2008,regular,CD Chivas USA,Real Salt Lake,3,1,,,engsoccerdata,,,,
esd-2253,2008-04-06,2008,regular,Houston Dynamo,FC Dallas,3,3,,,engsoccerdata,,,,
esd-2254,2008-04-09,2008,regular,Sporting Kansas City,New England Revolution,1,3,,,engsoccerdata,,,,
esd-2255,2008-04-12,2008,regular,San Jose Earthquakes,Chicago Fire,0,1,,,engsoccerdata,,,,
esd-2256,2008-04-12,2008,regular,Columbus Crew,CD Chivas USA,4,3,,,engsoccerdata,,,,
esd-2257,2008-04-12,2008,regular,New England Revolution,Colorado Rapids,0,1,,,engsoccerdata,,,,
esd-2258,2008-04-12,2008,regular,Sporting Kansas City,Houston Dynamo,0,0,,,engsoccerdata,,,,
esd-2259,2008-04-12,2008,regular,FC Dallas,New York Red Bulls,2,0,,,engsoccerdata,,,,
esd-2260,2008-04-12,2008,regular,Real Salt Lake,DC United,4,0,,,engsoccerdata,,,,
esd-2261,2008-04-13,2008,regular,LA Galaxy,Toronto FC,2,3,,,engsoccerdata,,,,
esd-2262,2008-04-17,2008,regular,DC United,Columbus Crew,1,2,,,engsoccerdata,,,,
esd-2263,2008-04-19,2008,regular,Toronto FC,Real Salt Lake,1,0,,,engsoccerdata,,,,
esd-2264,2008-04-19,2008,regular,New York Red Bulls,New England Revolution,1,1,,,engsoccerdata,,,,
esd-2265,2008-04-19,2008,regular,Colorado Rapids,San Jose Earthquakes,0,2,,,engsoccerdata,,,,
esd-2266,2008-04-20,2008,regular,LA Galaxy,Houston Dynamo,2,2,,,engsoccerdata,,,,
esd-2267,2008-04-20,2008,regular,Chicago Fire,Sporting Kansas City,0,1,,,engsoccerdata,,,,
esd-2268,2008-04-20,2008,regular,CD Chivas USA,FC Dallas,0,2,,,engsoccerdata,,,,
esd-2269,2008-04-24,2008,regular,FC Dallas,New England Revolution,0,1,,,engsoccerdata,,,,
esd-2270,2008-04-26,2008,regular,Toronto FC,Sporting Kansas City,2,0,,,engsoccerdata,,,,
esd-2271,2008-04-26,2008,regular,Columbus Crew,Houston Dynamo,1,0,,,engsoccerdata,,,,
esd-2272,2008-04-26,2008,regular,DC United,Real Salt Lake,4,1,,,engsoccerdata,,,,
esd-2273,2008-04-26,2008,regular,Chicago Fire,Colorado Rapids,2,1,,,engsoccerdata,,,,
esd-2274,2008-04-27,2008,regular,LA Galaxy,CD Chivas USA,5,2,,,engsoccerdata,,,,
esd-2275,2008-04-27,2008,regular,New York Red Bulls,San Jose Earthquakes,2,0,,,engsoccerdata,,,,
esd-2276,2008-05-01,2008,regular,Toronto FC,New York Red Bulls,1,1,,,engsoccerdata,,,,
esd-2277,2008-05-03,2008,regular,New England Revolution,Chicago Fire,0,3,,,engsoccerdata,,,,
esd-2278,2008-05-03,2008,regular,Columbus Crew,Sporting Kansas City,2,1,,,engsoccerdata,,,,
esd-2279,2008-05-03,2008,regular,Houston Dynamo,CD Chivas USA,0,0,,,engsoccerdata,,,,
esd-2280,2008-05-03,2008,regular,Real Salt Lake,LA Galaxy,2,2,,,engsoccerdata,,,,
esd-2281,2008-05-04,2008,regular,San Jose Earthquakes,FC Dallas,0,0,,,engsoccerdata,,,,
esd-2282,2008-05-04,2008,regular,Colorado Rapids,DC United,2,0,,,engsoccerdata,,,,
esd-2283,2008-05-08,2008,regular,DC United,Chicago Fire,0,2,,,engsoccerdata,,,,
esd-2284,2008-05-10,2008,regular,Houston Dynamo,Colorado Rapids,2,1,,,engsoccerdata,,,,
esd-2285,2008-05-10,2008,regular,Real Salt Lake,FC Dallas,2,1,,,engsoccerdata,,,,
esd-2286,2008-05-11,2008,regular,San Jose Earthquakes,Columbus Crew,2,3,,,engsoccerdata,,,,
esd-2287,2008-05-11,2008,regular,LA Galaxy,New York Red Bulls,1,2,,,engsoccerdata,,,,
esd-2288,2008-05-11,2008,regular,CD Chivas USA,New England Revolution,1,2,,,engsoccerdata,,,,
esd-2289,2008-05-15,2008,regular,Colorado Rapids,Real Salt Lake,2,0,,,engsoccerdata,,,,
esd-2290,2008-05-17,2008,regular,Toronto FC,Columbus Crew,0,0,,,engsoccerdata,,,,
esd-2291,2008-05-17,2008,regular,New York Red Bulls,Sporting Kansas City,1,1,,,engsoccerdata,,,,
esd-2292,2008-05-17,2008,regular,New England Revolution,San Jose Earthquakes,2,0,,,engsoccerdata,,,,
esd-2293,2008-05-17,2008,regular,Chicago Fire,Houston Dynamo,1,2,,,engsoccerdata,,,,
esd-2294,2008-05-18,2008,regular,CD Chivas USA,DC United,3,1,,,engsoccerdata,,,,
esd-2295,2008-05-18,2008,regular,FC Dallas,LA Galaxy,1,5,,,engsoccerdata,,,,
esd-2296,2008-05-21,2008,regular,Toronto FC,DC United,1,0,,,engsoccerdata,,,,
esd-2297,2008-05-23,2008,regular,San Jose Earthquakes,Houston Dynamo,2,1,,,engsoccerdata,,,,
esd-2298,2008-05-24,2008,regular,Columbus Crew,New England Revolution,0,1,,,engsoccerdata,,,,
esd-2299,2008-05-24,2008,regular,DC United,Toronto FC,3,2,,,engsoccerdata,,,,
esd-2300,2008-05-24,2008,regular,FC Dallas,Real Salt Lake,2,1,,,engsoccerdata,,,,
esd-2301,2008-05-24,2008,regular,Colorado Rapids,CD Chivas USA,1,2,,,engsoccerdata,,,,
esd-2302,2008-05-25,2008,regular,LA Galaxy,Sporting Kansas City,3,1,,,engsoccerdata,,,,
esd-2303,2008-05-25,2008,regular,New York Red Bulls,Chicago Fire,1,5,,,engsoccerdata,,,,
esd-2304,2008-05-28,2008,regular,FC Dallas,Houston Dynamo,2,2,,,engsoccerdata,,,,
esd-2305,2008-05-29,2008,regular,New England Revolution,DC United,2,2,,,engsoccerdata,,,,
esd-2306,2008-05-31,2008,regular,Toronto FC,LA Galaxy,2,0,,,engsoccerdata,,,,
esd-2307,2008-05-31,2008,regular,Houston Dynamo,New York Red Bulls,1,0,,,engsoccerdata,,,,
esd-2308,2008-05-31,2008,regular,Real Salt Lake,San Jose Earthquakes,3,1,,,engsoccerdata,,,,
esd-2309,2008-06-01,2008,regular,CD Chivas USA,Columbus Crew,2,0,,,engsoccerdata,,,,
esd-2310,2008-06-01,2008,regular,Colorado Rapids,FC Dallas,2,1,,,engsoccerdata,,,,
esd-2311,2008-06-05,2008,regular,New York Red Bulls,CD Chivas USA,1,0,,,engsoccerdata,,,,
esd-2312,2008-06-06,2008,regular,New England Revolution,FC Dallas,2,1,,,engsoccerdata,,,,
esd-2313,2008-06-07,2008,regular,Columbus Crew,San Jose Earthquakes,0,2,,,engsoccerdata,,,,
esd-2314,2008-06-07,2008,regular,Chicago Fire,DC United,1,2,,,engsoccerdata,,,,
esd-2315,2008-06-07,2008,regular,Real Salt Lake,Sporting Kansas City,0,0,,,engsoccerdata,,,,
esd-2316,2008-06-08,2008,regular,LA Galaxy,Colorado Rapids,3,2,,,engsoccerdata,,,,
esd-2317,2008-06-08,2008,regular,Houston Dynamo,Toronto FC,3,1,,,engsoccerdata,,,,
esd-2318,2008-06-12,2008,regular,Houston Dynamo,New England Revolution,0,2,,,engsoccerdata,,,,
esd-2319,2008-06-14,2008,regular,Toronto FC,Colorado Rapids,3,1,,,engsoccerdata,,,,
esd-2320,2008-06-14,2008,regular,DC United,New York Red Bulls,4,1,,,engsoccerdata,,,,
esd-2321,2008-06-14,2008,regular,Sporting Kansas City,Columbus Crew,0,3,,,engsoccerdata,,,,
esd-2322,2008-06-15,2008,regular,San Jose Earthquakes,LA Galaxy,0,3,,,engsoccerdata,,,,
esd-2323,2008-06-15,2008,regular,CD Chivas USA,Real Salt Lake,0,1,,,engsoccerdata,,,,
esd-2324,2008-06-15,2008,regular,FC Dallas,Chicago Fire,1,0,,,engsoccerdata,,,,
esd-2325,2008-06-18,2008,regular,New England Revolution,New York Red Bulls,1,1,,,engsoccerdata,,,,
esd-2326,2008-06-18,2008,regular,Real Salt Lake,San Jose Earthquakes,0,0,,,engsoccerdata,,,,
esd-2327,2008-06-20,2008,regular,CD Chivas USA,Chicago Fire,2,0,,,engsoccerdata,,,,
esd-2328,2008-06-21,2008,regular,Toronto FC,Sporting Kansas City,0,0,,,engsoccerdata,,,,
esd-2329,2008-06-21,2008,regular,New York Red Bulls,FC Dallas,1,0,,,engsoccerdata,,,,
esd-2330,2008-06-21,2008,regular,Colorado Rapids,Houston Dynamo,0,0,,,engsoccerdata,,,,
esd-2331,2008-06-21,2008,regular,Real Salt Lake,New England Revolution,2,1,,,engsoccerdata,,,,
esd-2332,2008-06-22,2008,regular,LA Galaxy,Columbus Crew,3,3,,,engsoccerdata,,,,
esd-2333,2008-06-22,2008,regular,DC United,San Jose Earthquakes,3,1,,,engsoccerdata,,,,
esd-2334,2008-06-26,2008,regular,Houston Dynamo,FC Dallas,1,1,,,engsoccerdata,,,,
esd-2335,2008-06-28,2008,regular,Columbus Crew,Colorado Rapids,2,1,,,engsoccerdata,,,,
esd-2336,2008-06-28,2008,regular,New England Revolution,Toronto FC,2,1,,,engsoccerdata,,,,
esd-2337,2008-06-28,2008,regular,Sporting Kansas City,Real Salt Lake,1,0,,,engsoccerdata,,,,
esd-2338,2008-06-28,2008,regular,Chicago Fire,San Jose Earthquakes,0,0,,,engsoccerdata,,,,
esd-2339,2008-06-29,2008,regular,CD Chivas USA,New York Red Bulls,1,1,,,engsoccerdata,,,,
esd-2340,2008-06-29,2008,regular,DC United,LA Galaxy,4,1,,,engsoccerdata,,,,
esd-2341,2008-07-04,2008,regular,Real Salt Lake,Houston Dynamo,0,0,,,engsoccerdata,,,,
esd-2342,2008-07-04,2008,regular,FC Dallas,Sporting Kansas City,1,1,,,engsoccerdata,,,,
esd-2343,2008-07-04,2008,regular,Colorado Rapids,New York Red Bulls,4,0,,,engsoccerdata,,,,
esd-2344,2008-07-05,2008,regular,LA Galaxy,New England Revolution,1,2,,,engsoccerdata,,,,
esd-2345,2008-07-05,2008,regular,Columbus Crew,Chicago Fire,2,2,,,engsoccerdata,,,,
esd-2346,2008-07-06,2008,regular,CD Chivas USA,San Jose Earthquakes,1,0,,,engsoccerdata,,,,
esd-2347,2008-07-10,2008,regular,Sporting Kansas City,New York Red Bulls,2,1,,,engsoccerdata,,,,
esd-2348,2008-07-11,2008,regular,LA Galaxy,CD Chivas USA,1,1,,,engsoccerdata,,,,
esd-2349,2008-07-12,2008,regular,San Jose Earthquakes,Colorado Rapids,1,1,,,engsoccerdata,,,,
esd-2350,2008-07-12,2008,regular,Chicago Fire,Toronto FC,2,1,,,engsoccerdata,,,,
esd-2351,2008-07-12,2008,regular,Real Salt Lake,Columbus Crew,2,0,,,engsoccerdata,,,,
esd-2352,2008-07-17,2008,regular,Columbus Crew,Sporting Kansas City,3,3,,,engsoccerdata,,,,
esd-2353,2008-07-19,2008,regular,Toronto FC,San Jose Earthquakes,0,0,,,engsoccerdata,,,,
esd-2354,2008-07-19,2008,regular,New York Red Bulls,LA Galaxy,2,2,,,engsoccerdata,,,,
esd-2355,2008-07-19,2008,regular,FC Dallas,Colorado Rapids,2,2,,,engsoccerdata,,,,
esd-2356,2008-07-19,2008,regular,Chicago Fire,Real Salt Lake,0,0,,,engsoccerdata,,,,
esd-2357,2008-07-23,2008,regular,DC United,Houston Dynamo,0,2,,,engsoccerdata,,,,
esd-2358,2008-07-27,2008,regular,San Jose Earthquakes,New York Red Bulls,1,1,,,engsoccerdata,,,,
esd-2359,2008-07-27,2008,regular,FC Dallas,LA Galaxy,4,0,,,engsoccerdata,,,,
esd-2360,2008-07-27,2008,regular,Sporting Kansas City,Chicago Fire,0,0,,,engsoccerdata,,,,
esd-2361,2008-07-27,2008,regular,Colorado Rapids,Columbus Crew,0,2,,,engsoccerdata,,,,
esd-2362,2008-07-28,2008,regular,Real Salt Lake,Toronto FC,2,1,,,engsoccerdata,,,,
esd-2363,2008-08-02,2008,regular,DC United,Sporting Kansas City,2,0,,,engsoccerdata,,,,
esd-2364,2008-08-02,2008,regular,Chicago Fire,CD Chivas USA,1,0,,,engsoccerdata,,,,
esd-2365,2008-08-02,2008,regular,Houston Dynamo,Columbus Crew,2,0,,,engsoccerdata,,,,
esd-2366,2008-08-03,2008,regular,San Jose Earthquakes,LA Galaxy,3,2,,,engsoccerdata,,,,
esd-2367,2008-08-03,2008,regular,Toronto FC,FC Dallas,0,2,,,engsoccerdata,,,,
esd-2368,2008-08-09,2008,regular,Colorado Rapids,Toronto FC,0,1,,,engsoccerdata,,,,
esd-2369,2008-08-09,2008,regular,New England Revolution,Chicago Fire,1,2,,,engsoccerdata,,,,
esd-2370,2008-08-09,2008,regular,Sporting Kansas City,CD Chivas USA,3,2,,,engsoccerdata,,,,
esd-2371,2008-08-10,2008,regular,New York Red Bulls,DC United,4,1,,,engsoccerdata,,,,
esd-2372,2008-08-15,2008,regular,CD Chivas USA,LA Galaxy,2,2,,,engsoccerdata,,,,
esd-2373,2008-08-16,2008,regular,Columbus Crew,FC Dallas,2,1,,,engsoccerdata,,,,
esd-2374,2008-08-16,2008,regular,Chicago Fire,DC United,0,1,,,engsoccerdata,,,,
esd-2375,2008-08-16,2008,regular,Houston Dynamo,Real Salt Lake,4,3,,,engsoccerdata,,,,
esd-2376,2008-08-16,2008,regular,Colorado Rapids,Sporting Kansas City,2,1,,,engsoccerdata,,,,
esd-2377,2008-08-17,2008,regular,San Jose Earthquakes,New England Revolution,4,0,,,engsoccerdata,,,,
esd-2378,2008-08-17,2008,regular,New York Red Bulls,Toronto FC,2,0,,,engsoccerdata,,,,
esd-2379,2008-08-20,2008,regular,New England Revolution,DC United,2,1,,,engsoccerdata,,,,
esd-2380,2008-08-20,2008,regular,Houston Dynamo,CD Chivas USA,4,0,,,engsoccerdata,,,,
esd-2381,2008-08-22,2008,regular,LA Galaxy,Chicago Fire,0,1,,,engsoccerdata,,,,
esd-2382,2008-08-23,2008,regular,DC United,Colorado Rapids,3,0,,,engsoccerdata,,,,
esd-2383,2008-08-23,2008,regular,Toronto FC,New England Revolution,1,1,,,engsoccerdata,,,,
esd-2384,2008-08-23,2008,regular,Columbus Crew,Real Salt Lake,3,0,,,engsoccerdata,,,,
esd-2385,2008-08-23,2008,regular,Sporting Kansas City,FC Dallas,1,1,,,engsoccerdata,,,,
esd-2386,2008-08-24,2008,regular,CD Chivas USA,San Jose Earthquakes,0,0,,,engsoccerdata,,,,
esd-2387,2008-08-24,2008,regular,New York Red Bulls,Houston Dynamo,3,0,,,engsoccerdata,,,,
esd-2388,2008-08-29,2008,regular,Real Salt Lake,Colorado Rapids,2,0,,,engsoccerdata,,,,
esd-2389,2008-08-30,2008,regular,New England Revolution,LA Galaxy,2,2,,,engsoccerdata,,,,
esd-2390,2008-08-30,2008,regular,DC United,New York Red Bulls,0,0,,,engsoccerdata,,,,
esd-2391,2008-08-30,2008,regular,FC Dallas,Columbus Crew,1,2,,,engsoccerdata,,,,
esd-2392,2008-08-31,2008,regular,San Jose Earthquakes,Sporting Kansas City,2,1,,,engsoccerdata,,,,
esd-2393,2008-08-31,2008,regular,CD Chivas USA,Toronto FC,2,1,,,engsoccerdata,,,,
esd-2394,2008-08-31,2008,regular,Houston Dynamo,Chicago Fire,2,1,,,engsoccerdata,,,,
esd-2395,2008-09-04,2008,regular,FC Dallas,Colorado Rapids,0,1,,,engsoccerdata,,,,
esd-2396,2008-09-06,2008,regular,Toronto FC,CD Chivas USA,1,3,,,engsoccerdata,,,,
esd-2397,2008-09-06,2008,regular,Columbus Crew,New England Revolution,4,0,,,engsoccerdata,,,,
esd-2398,2008-09-06,2008,regular,Chicago Fire,New York Red Bulls,1,0,,,engsoccerdata,,,,
esd-2399,2008-09-07,2008,regular,San Jose Earthquakes,DC United,2,1,,,engsoccerdata,,,,
esd-2400,2008-09-07,2008,regular,LA Galaxy,Real Salt Lake,2,2,,,engsoccerdata,,,,
esd-2401,2008-09-07,2008,regular,Houston Dynamo,Sporting Kansas City,3,1,,,engsoccerdata,,,,
esd-2402,2008-09-11,2008,regular,New England Revolution,CD Chivas USA,4,0,,,engsoccerdata,,,,
esd-2403,2008-09-13,2008,regular,Toronto FC,Columbus Crew,1,1,,,engsoccerdata,,,,
esd-2404,2008-09-13,2008,regular,Sporting Kansas City,LA Galaxy,2,0,,,engsoccerdata,,,,
esd-2405,2008-09-13,2008,regular,DC United,FC Dallas,2,2,,,engsoccerdata,,,,
esd-2406,2008-09-13,2008,regular,New York Red Bulls,Real Salt Lake,2,1,,,engsoccerdata,,,,
esd-2407,2008-09-14,2008,regular,San Jose Earthquakes,Houston Dynamo,1,1,,,engsoccerdata,,,,
esd-2408,2008-09-14,2008,regular,Colorado Rapids,Chicago Fire,2,0,,,engsoccerdata,,,,
esd-2409,2008-09-18,2008,regular,Columbus Crew,New York Red Bulls,3,1,,,engsoccerdata,,,,
esd-2410,2008-09-20,2008,regular,Sporting Kansas City,Toronto FC,2,0,,,engsoccerdata,,,,
esd-2411,2008-09-20,2008,regular,Real Salt Lake,CD Chivas USA,0,1,,,engsoccerdata,,,,
esd-2412,2008-09-20,2008,regular,Colorado Rapids,New England Revolution,1,1,,,engsoccerdata,,,,
esd-2413,2008-09-21,2008,regular,LA Galaxy,DC United,5,2,,,engsoccerdata,,,,
esd-2414,2008-09-21,2008,regular,Chicago Fire,FC Dallas,1,4,,,engsoccerdata,,,,
esd-2415,2008-09-25,2008,regular,Chicago Fire,LA Galaxy,3,1,,,engsoccerdata,,,,
esd-2416,2008-09-27,2008,regular,Toronto FC,Houston Dynamo,1,1,,,engsoccerdata,,,,
esd-2417,2008-09-27,2008,regular,New England Revolution,Columbus Crew,0,1,,,engsoccerdata,,,,
esd-2418,2008-09-27,2008,regular,New York Red Bulls,Colorado Rapids,4,5,,,engsoccerdata,,,,
esd-2419,2008-09-28,2008,regular,San Jose Earthquakes,Real Salt Lake,2,3,,,engsoccerdata,,,,
esd-2420,2008-09-28,2008,regular,CD Chivas USA,Sporting Kansas City,2,1,,,engsoccerdata,,,,
esd-2421,2008-09-28,2008,regular,FC Dallas,DC United,3,0,,,engsoccerdata,,,,
esd-2422,2008-10-02,2008,regular,FC Dallas,San Jose Earthquakes,1,1,,,engsoccerdata,,,,
esd-2423,2008-10-04,2008,regular,DC United,CD Chivas USA,0,3,,,engsoccerdata,,,,
esd-2424,2008-10-04,2008,regular,Columbus Crew,LA Galaxy,1,0,,,engsoccerdata,,,,
esd-2425,2008-10-04,2008,regular,New England Revolution,Real Salt Lake,2,2,,,engsoccerdata,,,,
esd-2426,2008-10-04,2008,regular,New York Red Bulls,Toronto FC,1,3,,,engsoccerdata,,,,
esd-2427,2008-10-04,2008,regular,Colorado Rapids,Houston Dynamo,1,3,,,engsoccerdata,,,,
esd-2428,2008-10-05,2008,regular,Sporting Kansas City,Chicago Fire,1,1,,,engsoccerdata,,,,
esd-2429,2008-10-10,2008,regular,Real Salt Lake,New York Red Bulls,1,1,,,engsoccerdata,,,,
esd-2430,2008-10-11,2008,regular,Sporting Kansas City,New England Revolution,1,0,,,engsoccerdata,,,,
esd-2431,2008-10-11,2008,regular,FC Dallas,Toronto FC,2,2,,,engsoccerdata,,,,
esd-2432,2008-10-12,2008,regular,San Jose Earthquakes,CD Chivas USA,0,1,,,engsoccerdata,,,,
esd-2433,2008-10-12,2008,regular,Chicago Fire,Columbus Crew,2,2,,,engsoccerdata,,,,
esd-2434,2008-10-12,2008,regular,Houston Dynamo,DC United,0,0,,,engsoccerdata,,,,
esd-2435,2008-10-12,2008,regular,LA Galaxy,Colorado Rapids,3,2,,,engsoccerdata,,,,
esd-2436,2008-10-15,2008,regular,Houston Dynamo,San Jose Earthquakes,2,1,,,engsoccerdata,,,,
esd-2437,2008-10-16,2008,regular,DC United,New England Revolution,2,1,,,engsoccerdata,,,,
esd-2438,2008-10-18,2008,regular,Toronto FC,Chicago Fire,3,2,,,engsoccerdata,,,,
esd-2439,2008-10-18,2008,regular,New York Red Bulls,Columbus Crew,3,1,,,engsoccerdata,,,,
esd-2440,2008-10-18,2008,regular,Sporting Kansas City,San Jose Earthquakes,3,2,,,engsoccerdata,,,,
esd-2441,2008-10-18,2008,regular,Houston Dynamo,LA Galaxy,3,0,,,engsoccerdata,,,,
esd-2442,2008-10-18,2008,regular,Real Salt Lake,FC Dallas,3,1,,,engsoccerdata,,,,
esd-2443,2008-10-19,2008,regular,CD Chivas USA,Colorado Rapids,1,2,,,engsoccerdata,,,,
esd-2444,2008-10-23,2008,regular,Chicago Fire,New York Red Bulls,5,2,,,engsoccerdata,,,,
esd-2445,2008-10-25,2008,regular,New England Revolution,Sporting Kansas City,1,3,,,engsoccerdata,,,,
esd-2446,2008-10-25,2008,regular,Colorado Rapids,Real Salt Lake,1,1,,,engsoccerdata,,,,
esd-2447,2008-10-26,2008,regular,San Jose Earthquakes,Toronto FC,2,0,,,engsoccerdata,,,,
esd-2448,2008-10-26,2008,regular,CD Chivas USA,Houston Dynamo,1,1,,,engsoccerdata,,,,
esd-2449,2008-10-26,2008,regular,LA Galaxy,FC Dallas,2,2,,,engsoccerdata,,,,
esd-2450,2008-10-26,2008,regular,Columbus Crew,DC United,1,0,,,engsoccerdata,,,,
esd-2451,2008-10-30,2008,postseason,New England Revolution,Chicago Fire,0,0,,,engsoccerdata,,,,
esd-2452,2008-11-01,2008,postseason,New York Red Bulls,Houston Dynamo,1,1,,,engsoccerdata,,,,
esd-2453,2008-11-01,2008,postseason,Real Salt Lake,CD Chivas USA,1,0,,,engsoccerdata,,,,
esd-2454,2008-11-01,2008,postseason,Sporting Kansas City,Columbus Crew,1,1,,,engsoccerdata,,,,
esd-2455,2008-11-06,2008,postseason,Chicago Fire,New England Revolution,3,0,,,engsoccerdata,,,,
esd-2456,2008-11-08,2008,postseason,Columbus Crew,Sporting Kansas City,2,0,,,engsoccerdata,,,,
esd-2457,2008-11-09,2008,postseason,CD Chivas USA,Real Salt Lake,2,2,,,engsoccerdata,,,,
esd-2458,2008-11-09,2008,postseason,Houston Dynamo,New York Red Bulls,0,3,,,engsoccerdata,,,,
esd-2459,2008-11-13,2008,postseason,Columbus Crew,Chicago Fire,2,1,,,engsoccerdata,,,,
esd-2460,2008-11-15,2008,postseason,Real Salt Lake,New York Red Bulls,0,1,,,engsoccerdata,,,,
esd-2461,2008-11-23,2008,postseason,New York Red Bulls,Columbus Crew,1,3,1,,engsoccerdata,,,,
esd-2462,2009-03-19,2009,regular,Seattle Sounders,New York Red Bulls,3,0,,,engsoccerdata,,,,
esd-2463,2009-03-21,2009,regular,Houston Dynamo,Columbus Crew,1,1,,,engsoccerdata,,,,
esd-2464,2009-03-21,2009,regular,Sporting Kansas City,Toronto FC,2,3,,,engsoccerdata,,,,
esd-2465,2009-03-21,2009,regular,FC Dallas,Chicago Fire,1,3,,,engsoccerdata,,,,
esd-2466,2009-03-22,2009,regular,San Jose Earthquakes,New England Revolution,0,1,,,engsoccerdata,,,,
esd-2467,2009-03-22,2009,regular,CD Chivas USA,Colorado Rapids,2,1,,,engsoccerdata,,,,
esd-2468,2009-03-22,2009,regular,LA Galaxy,DC United,2,2,,,engsoccerdata,,,,
esd-2469,2009-03-28,2009,regular,Columbus Crew,Toronto FC,1,1,,,engsoccerdata,,,,
esd-2470,2009-03-28,2009,regular,DC United,Chicago Fire,1,1,,,engsoccerdata,,,,
esd-2471,2009-03-28,2009,regular,New York Red Bulls,New England Revolution,1,1,,,engsoccerdata,,,,
esd-2472,2009-03-28,2009,regular,Colorado Rapids,Sporting Kansas City,2,1,,,engsoccerdata,,,,
esd-2473,2009-03-29,2009,regular,San Jose Earthquakes,Houston Dynamo,3,2,,,engsoccerdata,,,,
esd-2474,2009-03-29,2009,regular,Seattle Sounders,Real Salt Lake,2,0,,,engsoccerdata,,,,
esd-2475,2009-03-29,2009,regular,FC Dallas,CD Chivas USA,0,2,,,engsoccerdata,,,,
esd-2476,2009-04-02,2009,regular,Real Salt Lake,Columbus Crew,4,1,,,engsoccerdata,,,,
esd-2477,2009-04-04,2009,regular,Toronto FC,Seattle Sounders,0,2,,,engsoccerdata,,,,
esd-2478,2009-04-04,2009,regular,New England Revolution,FC Dallas,2,1,,,engsoccerdata,,,,
esd-2479,2009-04-04,2009,regular,DC United,Houston Dynamo,1,0,,,engsoccerdata,,,,
esd-2480,2009-04-05,2009,regular,LA Galaxy,Colorado Rapids,2,3,,,engsoccerdata,,,,
esd-2481,2009-04-05,2009,regular,Chicago Fire,New York Red Bulls,1,0,,,engsoccerdata,,,,
esd-2482,2009-04-05,2009,regular,Sporting Kansas City,San Jose Earthquakes,2,0,,,engsoccerdata,,,,
esd-2483,2009-04-05,2009,regular,CD Chivas USA,Columbus Crew,2,1,,,engsoccerdata,,,,
esd-2484,2009-04-11,2009,regular,Toronto FC,FC Dallas,1,1,,,engsoccerdata,,,,
esd-2485,2009-04-11,2009,regular,San Jose Earthquakes,Chicago Fire,3,3,,,engsoccerdata,,,,
esd-2486,2009-04-11,2009,regular,Real Salt Lake,DC United,2,1,,,engsoccerdata,,,,
esd-2487,2009-04-11,2009,regular,Columbus Crew,Colorado Rapids,1,1,,,engsoccerdata,,,,
esd-2488,2009-04-11,2009,regular,Houston Dynamo,New York Red Bulls,0,0,,,engsoccerdata,,,,
esd-2489,2009-04-12,2009,regular,LA Galaxy,CD Chivas USA,0,0,,,engsoccerdata,,,,
esd-2490,2009-04-12,2009,regular,Seattle Sounders,Sporting Kansas City,0,1,,,engsoccerdata,,,,
esd-2491,2009-04-17,2009,regular,DC United,New England Revolution,1,1,,,engsoccerdata,,,,
esd-2492,2009-04-18,2009,regular,New York Red Bulls,Real Salt Lake,2,0,,,engsoccerdata,,,,
esd-2493,2009-04-18,2009,regular,Chicago Fire,Sporting Kansas City,2,2,,,engsoccerdata,,,,
esd-2494,2009-04-19,2009,regular,San Jose Earthquakes,LA Galaxy,1,1,,,engsoccerdata,,,,
esd-2495,2009-04-19,2009,regular,CD Chivas USA,Seattle Sounders,2,0,,,engsoccerdata,,,,
esd-2496,2009-04-19,2009,regular,Houston Dynamo,Colorado Rapids,1,0,,,engsoccerdata,,,,
esd-2497,2009-04-19,2009,regular,FC Dallas,Toronto FC,3,2,,,engsoccerdata,,,,
esd-2498,2009-04-22,2009,regular,Toronto FC,CD Chivas USA,1,0,,,engsoccerdata,,,,
esd-2499,2009-04-23,2009,regular,Sporting Kansas City,New York Red Bulls,1,0,,,engsoccerdata,,,,
esd-2500,2009-04-25,2009,regular,Columbus Crew,Chicago Fire,2,2,,,engsoccerdata,,,,
esd-2501,2009-04-25,2009,regular,Real Salt Lake,New England Revolution,6,0,,,engsoccerdata,,,,
esd-2502,2009-04-25,2009,regular,Colorado Rapids,LA Galaxy,1,1,,,engsoccerdata,,,,
esd-2503,2009-04-26,2009,regular,CD Chivas USA,FC Dallas,2,0,,,engsoccerdata,,,,
esd-2504,2009-04-26,2009,regular,Seattle Sounders,San Jose Earthquakes,2,0,,,engsoccerdata,,,,
esd-2505,2009-04-26,2009,regular,New York Red Bulls,DC United,2,3,,,engsoccerdata,,,,
esd-2506,2009-04-26,2009,regular,Toronto FC,Sporting Kansas City,1,0,,,engsoccerdata,,,,
esd-2507,2009-05-02,2009,regular,Toronto FC,Columbus Crew,1,1,,,engsoccerdata,,,,
esd-2508,2009-05-02,2009,regular,DC United,FC Dallas,2,1,,,engsoccerdata,,,,
esd-2509,2009-05-02,2009,regular,Chicago Fire,Seattle Sounders,1,1,,,engsoccerdata,,,,
esd-2510,2009-05-02,2009,regular,Colorado Rapids,Real Salt Lake,2,0,,,engsoccerdata,,,,
esd-2511,2009-05-03,2009,regular,San Jose Earthquakes,CD Chivas USA,0,1,,,engsoccerdata,,,,
esd-2512,2009-05-03,2009,regular,LA Galaxy,New York Red Bulls,1,0,,,engsoccerdata,,,,
esd-2513,2009-05-03,2009,regular,New England Revolution,Houston Dynamo,0,2,,,engsoccerdata,,,,
esd-2514,2009-05-06,2009,regular,Sporting Kansas City,DC United,1,1,,,engsoccerdata,,,,
esd-2515,2009-05-06,2009,regular,Real Salt Lake,LA Galaxy,2,2,,,engsoccerdata,,,,
esd-2516,2009-05-08,2009,regular,New York Red Bulls,San Jose Earthquakes,4,1,,,engsoccerdata,,,,
esd-2517,2009-05-09,2009,regular,Columbus Crew,Sporting Kansas City,3,2,,,engsoccerdata,,,,
esd-2518,2009-05-09,2009,regular,DC United,Toronto FC,3,3,,,engsoccerdata,,,,
esd-2519,2009-05-09,2009,regular,Chicago Fire,New England Revolution,1,1,,,engsoccerdata,,,,
esd-2520,2009-05-09,2009,regular,Houston Dynamo,FC Dallas,1,0,,,engsoccerdata,,,,
esd-2521,2009-05-10,2009,regular,CD Chivas USA,Real Salt Lake,1,0,,,engsoccerdata,,,,
esd-2522,2009-05-10,2009,regular,Seattle Sounders,LA Galaxy,1,1,,,engsoccerdata,,,,
esd-2523,2009-05-16,2009,regular,Toronto FC,Chicago Fire,0,2,,,engsoccerdata,,,,
esd-2524,2009-05-16,2009,regular,New England Revolution,Colorado Rapids,1,1,,,engsoccerdata,,,,
esd-2525,2009-05-16,2009,regular,New York Red Bulls,Houston Dynamo,1,1,,,engsoccerdata,,,,
esd-2526,2009-05-16,2009,regular,FC Dallas,Seattle Sounders,1,1,,,engsoccerdata,,,,
esd-2527,2009-05-16,2009,regular,Real Salt Lake,Sporting Kansas City,0,2,,,engsoccerdata,,,,
esd-2528,2009-05-17,2009,regular,CD Chivas USA,DC United,2,2,,,engsoccerdata,,,,
esd-2529,2009-05-17,2009,regular,LA Galaxy,Columbus Crew,1,1,,,engsoccerdata,,,,
esd-2530,2009-05-23,2009,regular,Toronto FC,New England Revolution,3,1,,,engsoccerdata,,,,
esd-2531,2009-05-23,2009,regular,DC United,Real Salt Lake,0,0,,,engsoccerdata,,,,
esd-2532,2009-05-23,2009,regular,Sporting Kansas City,CD Chivas USA,1,1,,,engsoccerdata,,,,
esd-2533,2009-05-23,2009,regular,Houston Dynamo,San Jose Earthquakes,3,1,,,engsoccerdata,,,,
esd-2534,2009-05-23,2009,regular,FC Dallas,LA Galaxy,1,1,,,engsoccerdata,,,,
esd-2535,2009-05-23,2009,regular,Colorado Rapids,Seattle Sounders,2,2,,,engsoccerdata,,,,
esd-2536,2009-05-24,2009,regular,New York Red Bulls,Chicago Fire,0,1,,,engsoccerdata,,,,
esd-2537,2009-05-27,2009,regular,Columbus Crew,San Jose Earthquakes,2,1,,,engsoccerdata,,,,
esd-2538,2009-05-29,2009,regular,CD Chivas USA,Chicago Fire,2,3,,,engsoccerdata,,,,
esd-2539,2009-05-30,2009,regular,New York Red Bulls,Colorado Rapids,2,3,,,engsoccerdata,,,,
esd-2540,2009-05-30,2009,regular,New England Revolution,DC United,2,1,,,engsoccerdata,,,,
esd-2541,2009-05-30,2009,regular,Houston Dynamo,Toronto FC,3,0,,,engsoccerdata,,,,
esd-2542,2009-05-31,2009,regular,Seattle Sounders,Columbus Crew,1,1,,,engsoccerdata,,,,
esd-2543,2009-05-31,2009,regular,LA Galaxy,Sporting Kansas City,1,1,,,engsoccerdata,,,,
esd-2544,2009-05-31,2009,regular,San Jose Earthquakes,Real Salt Lake,2,1,,,engsoccerdata,,,,
esd-2545,2009-05-31,2009,regular,Chicago Fire,FC Dallas,0,3,,,engsoccerdata,,,,
esd-2546,2009-06-04,2009,regular,DC United,New York Red Bulls,2,0,,,engsoccerdata,,,,
esd-2547,2009-06-05,2009,regular,Chicago Fire,Houston Dynamo,0,1,,,engsoccerdata,,,,
esd-2548,2009-06-06,2009,regular,Toronto FC,LA Galaxy,1,2,,,engsoccerdata,,,,
esd-2549,2009-06-06,2009,regular,Sporting Kansas City,Columbus Crew,0,2,,,engsoccerdata,,,,
esd-2550,2009-06-07,2009,regular,Real Salt Lake,Colorado Rapids,1,1,,,engsoccerdata,,,,
esd-2551,2009-06-07,2009,regular,CD Chivas USA,Seattle Sounders,1,0,,,engsoccerdata,,,,
esd-2552,2009-06-07,2009,regular,FC Dallas,San Jose Earthquakes,2,2,,,engsoccerdata,,,,
esd-2553,2009-06-07,2009,regular,New England Revolution,New York Red Bulls,4,0,,,engsoccerdata,,,,
esd-2554,2009-06-10,2009,regular,Houston Dynamo,CD Chivas USA,1,0,,,engsoccerdata,,,,
esd-2555,2009-06-13,2009,regular,DC United,Chicago Fire,2,1,,,engsoccerdata,,,,
esd-2556,2009-06-13,2009,regular,Toronto FC,New York Red Bulls,2,1,,,engsoccerdata,,,,
esd-2557,2009-06-13,2009,regular,FC Dallas,Houston Dynamo,1,3,,,engsoccerdata,,,,
esd-2558,2009-06-13,2009,regular,Sporting Kansas City,New England Revolution,3,1,,,engsoccerdata,,,,
esd-2559,2009-06-14,2009,regular,LA Galaxy,Real Salt Lake,0,2,,,engsoccerdata,,,,
esd-2560,2009-06-14,2009,regular,Seattle Sounders,San Jose Earthquakes,2,1,,,engsoccerdata,,,,
esd-2561,2009-06-14,2009,regular,Columbus Crew,CD Chivas USA,2,1,,,engsoccerdata,,,,
esd-2562,2009-06-18,2009,regular,Seattle Sounders,DC United,3,3,,,engsoccerdata,,,,
esd-2563,2009-06-20,2009,regular,San Jose Earthquakes,LA Galaxy,2,1,,,engsoccerdata,,,,
esd-2564,2009-06-20,2009,regular,New York Red Bulls,Seattle Sounders,1,1,,,engsoccerdata,,,,
esd-2565,2009-06-20,2009,regular,FC Dallas,Columbus Crew,2,1,,,engsoccerdata,,,,
esd-2566,2009-06-20,2009,regular,Houston Dynamo,Real Salt Lake,1,1,,,engsoccerdata,,,,
esd-2567,2009-06-20,2009,regular,Colorado Rapids,DC United,3,0,,,engsoccerdata,,,,
esd-2568,2009-06-24,2009,regular,Toronto FC,New York Red Bulls,2,0,,,engsoccerdata,,,,
esd-2569,2009-06-24,2009,regular,Colorado Rapids,FC Dallas,1,1,,,engsoccerdata,,,,
esd-2570,2009-06-27,2009,regular,Columbus Crew,New York Red Bulls,1,0,,,engsoccerdata,,,,
esd-2571,2009-06-27,2009,regular,Real Salt Lake,Toronto FC,3,0,,,engsoccerdata,,,,
esd-2572,2009-06-28,2009,regular,Seattle Sounders,Colorado Rapids,3,0,,,engsoccerdata,,,,
esd-2573,2009-06-29,2009,regular,LA Galaxy,Houston Dynamo,1,0,,,engsoccerdata,,,,
esd-2574,2009-07-04,2009,regular,Real Salt Lake,San Jose Earthquakes,1,1,,,engsoccerdata,,,,
esd-2575,2009-07-04,2009,regular,Columbus Crew,DC United,1,1,,,engsoccerdata,,,,
esd-2576,2009-07-04,2009,regular,Sporting Kansas City,Houston Dynamo,0,1,,,engsoccerdata,,,,
esd-2577,2009-07-04,2009,regular,Colorado Rapids,Chicago Fire,1,2,,,engsoccerdata,,,,
esd-2578,2009-07-04,2009,regular,FC Dallas,New York Red Bulls,2,1,,,engsoccerdata,,,,
esd-2579,2009-07-05,2009,regular,LA Galaxy,New England Revolution,1,0,,,engsoccerdata,,,,
esd-2580,2009-07-11,2009,regular,Seattle Sounders,Houston Dynamo,2,1,,,engsoccerdata,,,,
esd-2581,2009-07-11,2009,regular,New England Revolution,Sporting Kansas City,0,0,,,engsoccerdata,,,,
esd-2582,2009-07-11,2009,regular,Chicago Fire,Columbus Crew,0,0,,,engsoccerdata,,,,
esd-2583,2009-07-11,2009,regular,Colorado Rapids,FC Dallas,1,0,,,engsoccerdata,,,,
esd-2584,2009-07-12,2009,regular,San Jose Earthquakes,Toronto FC,1,3,,,engsoccerdata,,,,
esd-2585,2009-07-12,2009,regular,CD Chivas USA,LA Galaxy,0,1,,,engsoccerdata,,,,
esd-2586,2009-07-16,2009,regular,New York Red Bulls,LA Galaxy,1,3,,,engsoccerdata,,,,
esd-2587,2009-07-18,2009,regular,Toronto FC,Houston Dynamo,1,1,,,engsoccerdata,,,,
esd-2588,2009-07-18,2009,regular,DC United,Colorado Rapids,3,1,,,engsoccerdata,,,,
esd-2589,2009-07-18,2009,regular,Columbus Crew,Real Salt Lake,3,1,,,engsoccerdata,,,,
esd-2590,2009-07-18,2009,regular,Chicago Fire,San Jose Earthquakes,2,0,,,engsoccerdata,,,,
esd-2591,2009-07-19,2009,regular,New England Revolution,CD Chivas USA,2,0,,,engsoccerdata,,,,
esd-2592,2009-07-25,2009,regular,Real Salt Lake,FC Dallas,4,2,,,engsoccerdata,,,,
esd-2593,2009-07-25,2009,regular,Seattle Sounders,Chicago Fire,0,0,,,engsoccerdata,,,,
esd-2594,2009-07-25,2009,regular,Columbus Crew,Toronto FC,3,2,,,engsoccerdata,,,,
esd-2595,2009-07-25,2009,regular,Houston Dynamo,New England Revolution,0,1,,,engsoccerdata,,,,
esd-2596,2009-07-25,2009,regular,Sporting Kansas City,LA Galaxy,1,1,,,engsoccerdata,,,,
esd-2597,2009-07-25,2009,regular,Colorado Rapids,New York Red Bulls,4,0,,,engsoccerdata,,,,
esd-2598,2009-07-26,2009,regular,San Jose Earthquakes,DC United,2,2,,,engsoccerdata,,,,
esd-2599,2009-08-01,2009,regular,New England Revolution,Toronto FC,1,1,,,engsoccerdata,,,,
esd-2600,2009-08-01,2009,regular,Houston Dynamo,DC United,4,3,,,engsoccerdata,,,,
esd-2601,2009-08-01,2009,regular,FC Dallas,Sporting Kansas City,6,0,,,engsoccerdata,,,,
esd-2602,2009-08-01,2009,regular,Chicago Fire,Real Salt Lake,1,0,,,engsoccerdata,,,,
esd-2603,2009-08-01,2009,regular,Colorado Rapids,Columbus Crew,0,1,,,engsoccerdata,,,,
esd-2604,2009-08-02,2009,regular,San Jose Earthquakes,Seattle Sounders,4,0,,,engsoccerdata,,,,
esd-2605,2009-08-06,2009,regular,FC Dallas,Houston Dynamo,1,0,,,engsoccerdata,,,,
esd-2606,2009-08-08,2009,regular,New England Revolution,LA Galaxy,1,2,,,engsoccerdata,,,,
esd-2607,2009-08-08,2009,regular,San Jose Earthquakes,Columbus Crew,0,3,,,engsoccerdata,,,,
esd-2608,2009-08-08,2009,regular,Real Salt Lake,Seattle Sounders,1,0,,,engsoccerdata,,,,
esd-2609,2009-08-08,2009,regular,Colorado Rapids,CD Chivas USA,4,0,,,engsoccerdata,,,,
esd-2610,2009-08-09,2009,regular,Houston Dynamo,Chicago Fire,3,2,,,engsoccerdata,,,,
esd-2611,2009-08-15,2009,regular,Toronto FC,DC United,2,0,,,engsoccerdata,,,,
esd-2612,2009-08-15,2009,regular,New York Red Bulls,CD Chivas USA,0,2,,,engsoccerdata,,,,
esd-2613,2009-08-15,2009,regular,Columbus Crew,FC Dallas,2,0,,,engsoccerdata,,,,
esd-2614,2009-08-15,2009,regular,Real Salt Lake,Houston Dynamo,0,0,,,engsoccerdata,,,,
esd-2615,2009-08-16,2009,regular,LA Galaxy,Seattle Sounders,0,2,,,engsoccerdata,,,,
esd-2616,2009-08-16,2009,regular,Sporting Kansas City,Chicago Fire,0,2,,,engsoccerdata,,,,
esd-2617,2009-08-19,2009,regular,Chicago Fire,LA Galaxy,0,2,,,engsoccerdata,,,,
esd-2618,2009-08-21,2009,regular,Seattle Sounders,New England Revolution,0,1,,,engsoccerdata,,,,
esd-2619,2009-08-22,2009,regular,DC United,LA Galaxy,0,0,,,engsoccerdata,,,,
esd-2620,2009-08-23,2009,regular,San Jose Earthquakes,Sporting Kansas City,1,0,,,engsoccerdata,,,,
esd-2621,2009-08-23,2009,regular,CD Chivas USA,Toronto FC,2,0,,,engsoccerdata,,,,
esd-2622,2009-08-23,2009,regular,New York Red Bulls,FC Dallas,3,2,,,engsoccerdata,,,,
esd-2623,2009-08-23,2009,regular,Chicago Fire,Colorado Rapids,3,2,,,engsoccerdata,,,,
esd-2624,2009-08-23,2009,regular,New England Revolution,Real Salt Lake,3,1,,,engsoccerdata,,,,
esd-2625,2009-08-23,2009,regular,Houston Dynamo,Seattle Sounders,1,1,,,engsoccerdata,,,,
esd-2626,2009-08-26,2009,regular,Real Salt Lake,CD Chivas USA,4,0,,,engsoccerdata,,,,
esd-2627,2009-08-29,2009,regular,Seattle Sounders,Toronto FC,0,0,,,engsoccerdata,,,,
esd-2628,2009-08-29,2009,regular,New England Revolution,San Jose Earthquakes,2,1,,,engsoccerdata,,,,
esd-2629,2009-08-29,2009,regular,Chicago Fire,DC United,0,1,,,engsoccerdata,,,,
esd-2630,2009-08-29,2009,regular,Sporting Kansas City,Real Salt Lake,0,1,,,engsoccerdata,,,,
esd-2631,2009-08-30,2009,regular,LA Galaxy,CD Chivas USA,1,0,,,engsoccerdata,,,,
esd-2632,2009-08-30,2009,regular,Colorado Rapids,Houston Dynamo,1,0,,,engsoccerdata,,,,
esd-2633,2009-08-30,2009,regular,New York Red Bulls,Columbus Crew,1,0,,,engsoccerdata,,,,
esd-2634,2009-09-05,2009,regular,New England Revolution,Sporting Kansas City,2,4,,,engsoccerdata,,,,
esd-2635,2009-09-05,2009,regular,FC Dallas,DC United,2,2,,,engsoccerdata,,,,
esd-2636,2009-09-06,2009,regular,Colorado Rapids,Toronto FC,1,0,,,engsoccerdata,,,,
esd-2637,2009-09-09,2009,regular,DC United,Sporting Kansas City,1,0,,,engsoccerdata,,,,
esd-2638,2009-09-12,2009,regular,Toronto FC,Colorado Rapids,3,2,,,engsoccerdata,,,,
esd-2639,2009-09-12,2009,regular,New York Red Bulls,Sporting Kansas City,0,1,,,engsoccerdata,,,,
esd-2640,2009-09-12,2009,regular,DC United,Seattle Sounders,1,2,,,engsoccerdata,,,,
esd-2641,2009-09-12,2009,regular,Real Salt Lake,Chicago Fire,1,1,,,engsoccerdata,,,,
esd-2642,2009-09-13,2009,regular,LA Galaxy,FC Dallas,3,6,,,engsoccerdata,,,,
esd-2643,2009-09-13,2009,regular,CD Chivas USA,New England Revolution,2,0,,,engsoccerdata,,,,
esd-2644,2009-09-13,2009,regular,Columbus Crew,Houston Dynamo,2,1,,,engsoccerdata,,,,
esd-2645,2009-09-18,2009,regular,New York Red Bulls,New England Revolution,1,1,,,engsoccerdata,,,,
esd-2646,2009-09-19,2009,regular,San Jose Earthquakes,Colorado Rapids,1,1,,,engsoccerdata,,,,
esd-2647,2009-09-19,2009,regular,Seattle Sounders,CD Chivas USA,0,0,,,engsoccerdata,,,,
esd-2648,2009-09-19,2009,regular,Houston Dynamo,Real Salt Lake,3,2,,,engsoccerdata,,,,
esd-2649,2009-09-19,2009,regular,Sporting Kansas City,FC Dallas,3,2,,,engsoccerdata,,,,
esd-2650,2009-09-20,2009,regular,LA Galaxy,Toronto FC,2,0,,,engsoccerdata,,,,
esd-2651,2009-09-20,2009,regular,Chicago Fire,Columbus Crew,2,2,,,engsoccerdata,,,,
esd-2652,2009-09-23,2009,regular,Colorado Rapids,San Jose Earthquakes,1,1,,,engsoccerdata,,,,
esd-2653,2009-09-26,2009,regular,Columbus Crew,LA Galaxy,2,0,,,engsoccerdata,,,,
esd-2654,2009-09-26,2009,regular,New England Revolution,Seattle Sounders,2,1,,,engsoccerdata,,,,
esd-2655,2009-09-26,2009,regular,Sporting Kansas City,Colorado Rapids,0,0,,,engsoccerdata,,,,
esd-2656,2009-09-26,2009,regular,FC Dallas,Real Salt Lake,3,0,,,engsoccerdata,,,,
esd-2657,2009-09-26,2009,regular,Chicago Fire,Toronto FC,2,2,,,engsoccerdata,,,,
esd-2658,2009-09-27,2009,regular,CD Chivas USA,New York Red Bulls,1,1,,,engsoccerdata,,,,
esd-2659,2009-09-27,2009,regular,DC United,San Jose Earthquakes,1,2,,,engsoccerdata,,,,
esd-2660,2009-09-30,2009,regular,FC Dallas,New England Revolution,1,0,,,engsoccerdata,,,,
esd-2661,2009-10-03,2009,regular,LA Galaxy,Chicago Fire,1,0,,,engsoccerdata,,,,
esd-2662,2009-10-03,2009,regular,DC United,CD Chivas USA,0,2,,,engsoccerdata,,,,
esd-2663,2009-10-03,2009,regular,Columbus Crew,Seattle Sounders,0,1,,,engsoccerdata,,,,
esd-2664,2009-10-03,2009,regular,Colorado Rapids,New England Revolution,1,1,,,engsoccerdata,,,,
esd-2665,2009-10-04,2009,regular,San Jose Earthquakes,New York Red Bulls,1,0,,,engsoccerdata,,,,
esd-2666,2009-10-04,2009,regular,Houston Dynamo,Sporting Kansas City,1,1,,,engsoccerdata,,,,
esd-2667,2009-10-08,2009,regular,San Jose Earthquakes,FC Dallas,1,2,,,engsoccerdata,,,,
esd-2668,2009-10-10,2009,regular,Toronto FC,San Jose Earthquakes,1,1,,,engsoccerdata,,,,
esd-2669,2009-10-10,2009,regular,New England Revolution,Columbus Crew,0,1,,,engsoccerdata,,,,
esd-2670,2009-10-11,2009,regular,CD Chivas USA,Sporting Kansas City,2,0,,,engsoccerdata,,,,
esd-2671,2009-10-15,2009,regular,Real Salt Lake,New York Red Bulls,2,0,,,engsoccerdata,,,,
esd-2672,2009-10-17,2009,regular,Toronto FC,Real Salt Lake,1,0,,,engsoccerdata,,,,
esd-2673,2009-10-17,2009,regular,New England Revolution,Chicago Fire,0,0,,,engsoccerdata,,,,
esd-2674,2009-10-17,2009,regular,DC United,Columbus Crew,1,0,,,engsoccerdata,,,,
esd-2675,2009-10-17,2009,regular,FC Dallas,Colorado Rapids,2,1,,,engsoccerdata,,,,
esd-2676,2009-10-17,2009,regular,Sporting Kansas City,Seattle Sounders,2,3,,,engsoccerdata,,,,
esd-2677,2009-10-18,2009,regular,CD Chivas USA,San Jose Earthquakes,2,2,,,engsoccerdata,,,,
esd-2678,2009-10-18,2009,regular,Houston Dynamo,LA Galaxy,0,0,,,engsoccerdata,,,,
esd-2679,2009-10-22,2009,regular,Chicago Fire,CD Chivas USA,1,0,,,engsoccerdata,,,,
esd-2680,2009-10-24,2009,regular,New York Red Bulls,Toronto FC,5,0,,,engsoccerdata,,,,
esd-2681,2009-10-24,2009,regular,Sporting Kansas City,DC United,2,2,,,engsoccerdata,,,,
esd-2682,2009-10-24,2009,regular,Real Salt Lake,Colorado Rapids,3,0,,,engsoccerdata,,,,
esd-2683,2009-10-25,2009,regular,Seattle Sounders,FC Dallas,2,1,,,engsoccerdata,,,,
esd-2684,2009-10-25,2009,regular,LA Galaxy,San Jose Earthquakes,2,0,,,engsoccerdata,,,,
esd-2685,2009-10-25,2009,regular,CD Chivas USA,Houston Dynamo,2,3,,,engsoccerdata,,,,
esd-2686,2009-10-25,2009,regular,Columbus Crew,New England Revolution,0,1,,,engsoccerdata,,,,
esd-2687,2009-10-29,2009,postseason,Seattle Sounders,Houston Dynamo,0,0,,,engsoccerdata,,,,
esd-2688,2009-10-31,2009,postseason,Real Salt Lake,Columbus Crew,1,0,,,engsoccerdata,,,,
esd-2689,2009-11-01,2009,postseason,New England Revolution,Chicago Fire,2,1,,,engsoccerdata,,,,
esd-2690,2009-11-01,2009,postseason,CD Chivas USA,LA Galaxy,2,2,,,engsoccerdata,,,,
esd-2691,2009-11-05,2009,postseason,Columbus Crew,Real Salt Lake,2,3,,,engsoccerdata,,,,
esd-2692,2009-11-07,2009,postseason,Chicago Fire,New England Revolution,2,0,,,engsoccerdata,,,,
esd-2693,2009-11-08,2009,postseason,Houston Dynamo,Seattle Sounders,1,0,,AET,engsoccerdata,,,,
esd-2694,2009-11-08,2009,postseason,LA Galaxy,CD Chivas USA,1,0,,,engsoccerdata,,,,
esd-2695,2009-11-14,2009,postseason,LA Galaxy,Houston Dynamo,2,0,,AET,engsoccerdata,,,,
esd-2696,2009-11-14,2009,postseason,Chicago Fire,Real Salt Lake,0,1,,pens,engsoccerdata,,,,
esd-2697,2009-11-22,2009,postseason,LA Galaxy,Real Salt Lake,1,2,1,pens,engsoccerdata,,,,
esd-2698,2010-03-25,2010,regular,Seattle Sounders,Philadelphia Union,2,0,,,engsoccerdata,,,,
esd-2699,2010-03-27,2010,regular,CD Chivas USA,Colorado Rapids,0,1,,,engsoccerdata,,,,
esd-2700,2010-03-27,2010,regular,Columbus Crew,Toronto FC,2,0,,,engsoccerdata,,,,
esd-2701,2010-03-27,2010,regular,FC Dallas,Houston Dynamo,1,1,,,engsoccerdata,,,,
esd-2702,2010-03-27,2010,regular,New York Red Bulls,Chicago Fire,1,0,,,engsoccerdata,,,,
esd-2703,2010-03-27,2010,regular,Sporting Kansas City,DC United,4,0,,,engsoccerdata,,,,
esd-2704,2010-03-27,2010,regular,San Jose Earthquakes,Real Salt Lake,0,3,,,engsoccerdata,,,,
esd-2705,2010-03-28,2010,regular,LA Galaxy,New England Revolution,1,0,,,engsoccerdata,,,,
esd-2706,2010-04-01,2010,regular,Houston Dynamo,Real Salt Lake,2,1,,,engsoccerdata,,,,
esd-2707,2010-04-02,2010,regular,LA Galaxy,CD Chivas USA,2,0,,,engsoccerdata,,,,
esd-2708,2010-04-03,2010,regular,Colorado Rapids,Chicago Fire,2,2,,,engsoccerdata,,,,
esd-2709,2010-04-03,2010,regular,DC United,New England Revolution,0,2,,,engsoccerdata,,,,
esd-2710,2010-04-04,2010,regular,Seattle Sounders,New York Red Bulls,0,1,,,engsoccerdata,,,,
esd-2711,2010-04-10,2010,regular,CD Chivas USA,New York Red Bulls,2,0,,,engsoccerdata,,,,
esd-2712,2010-04-10,2010,regular,Philadelphia Union,DC United,3,2,,,engsoccerdata,,,,
esd-2713,2010-04-10,2010,regular,New England Revolution,Toronto FC,4,1,,,engsoccerdata,,,,
esd-2714,2010-04-10,2010,regular,FC Dallas,Columbus Crew,2,2,,,engsoccerdata,,,,
esd-2715,2010-04-10,2010,regular,Houston Dynamo,LA Galaxy,0,2,,,engsoccerdata,,,,
esd-2716,2010-04-10,2010,regular,Sporting Kansas City,Colorado Rapids,1,0,,,engsoccerdata,,,,
esd-2717,2010-04-10,2010,regular,Chicago Fire,San Jose Earthquakes,1,2,,,engsoccerdata,,,,
esd-2718,2010-04-10,2010,regular,Real Salt Lake,Seattle Sounders,2,2,,,engsoccerdata,,,,
esd-2719,2010-04-15,2010,regular,Toronto FC,Philadelphia Union,2,1,,,engsoccerdata,,,,
esd-2720,2010-04-17,2010,regular,Seattle Sounders,Sporting Kansas City,1,0,,,engsoccerdata,,,,
esd-2721,2010-04-17,2010,regular,Houston Dynamo,CD Chivas USA,3,0,,,engsoccerdata,,,,
esd-2722,2010-04-17,2010,regular,DC United,Chicago Fire,0,2,,,engsoccerdata,,,,
esd-2723,2010-04-17,2010,regular,New York Red Bulls,FC Dallas,2,1,,,engsoccerdata,,,,
esd-2724,2010-04-18,2010,regular,San Jose Earthquakes,New England Revolution,2,0,,,engsoccerdata,,,,
esd-2725,2010-04-18,2010,regular,LA Galaxy,Real Salt Lake,2,1,,,engsoccerdata,,,,
esd-2726,2010-04-18,2010,regular,Colorado Rapids,Toronto FC,3,1,,,engsoccerdata,,,,
esd-2727,2010-04-22,2010,regular,FC Dallas,Seattle Sounders,2,2,,,engsoccerdata,,,,
esd-2728,2010-04-24,2010,regular,New York Red Bulls,Philadelphia Union,2,1,,,engsoccerdata,,,,
esd-2729,2010-04-24,2010,regular,Columbus Crew,Real Salt Lake,1,0,,,engsoccerdata,,,,
esd-2730,2010-04-24,2010,regular,New England Revolution,Colorado Rapids,1,2,,,engsoccerdata,,,,
esd-2731,2010-04-24,2010,regular,Chicago Fire,Houston Dynamo,2,0,,,engsoccerdata,,,,
esd-2732,2010-04-24,2010,regular,Sporting Kansas City,LA Galaxy,0,0,,,engsoccerdata,,,,
esd-2733,2010-04-25,2010,regular,CD Chivas USA,San Jose Earthquakes,3,2,,,engsoccerdata,,,,
esd-2734,2010-04-25,2010,regular,Toronto FC,Seattle Sounders,2,0,,,engsoccerdata,,,,
esd-2735,2010-05-01,2010,regular,DC United,New York Red Bulls,0,2,,,engsoccerdata,,,,
esd-2736,2010-05-01,2010,regular,New England Revolution,FC Dallas,1,1,,,engsoccerdata,,,,
esd-2737,2010-05-01,2010,regular,Houston Dynamo,Sporting Kansas City,3,0,,,engsoccerdata,,,,
esd-2738,2010-05-01,2010,regular,Chicago Fire,CD Chivas USA,1,1,,,engsoccerdata,,,,
esd-2739,2010-05-01,2010,regular,Real Salt Lake,Toronto FC,2,1,,,engsoccerdata,,,,
esd-2740,2010-05-02,2010,regular,San Jose Earthquakes,Colorado Rapids,1,0,,,engsoccerdata,,,,
esd-2741,2010-05-02,2010,regular,LA Galaxy,Philadelphia Union,3,1,,,engsoccerdata,,,,
esd-2742,2010-05-02,2010,regular,Seattle Sounders,Columbus Crew,1,1,,,engsoccerdata,,,,
esd-2743,2010-05-05,2010,regular,DC United,Sporting Kansas City,2,1,,,engsoccerdata,,,,
esd-2744,2010-05-05,2010,regular,New England Revolution,CD Chivas USA,0,4,,,engsoccerdata,,,,
esd-2745,2010-05-05,2010,regular,Houston Dynamo,FC Dallas,0,1,,,engsoccerdata,,,,
esd-2746,2010-05-05,2010,regular,Colorado Rapids,LA Galaxy,0,1,,,engsoccerdata,,,,
esd-2747,2010-05-08,2010,regular,Seattle Sounders,LA Galaxy,0,4,,,engsoccerdata,,,,
esd-2748,2010-05-08,2010,regular,Toronto FC,Chicago Fire,4,1,,,engsoccerdata,,,,
esd-2749,2010-05-08,2010,regular,Real Salt Lake,Philadelphia Union,3,0,,,engsoccerdata,,,,
esd-2750,2010-05-08,2010,regular,Columbus Crew,New England Revolution,3,2,,,engsoccerdata,,,,
esd-2751,2010-05-08,2010,regular,FC Dallas,DC United,1,0,,,engsoccerdata,,,,
esd-2752,2010-05-09,2010,regular,San Jose Earthquakes,New York Red Bulls,4,0,,,engsoccerdata,,,,
esd-2753,2010-05-09,2010,regular,CD Chivas USA,Houston Dynamo,0,2,,,engsoccerdata,,,,
esd-2754,2010-05-13,2010,regular,Real Salt Lake,Houston Dynamo,3,1,,,engsoccerdata,,,,
esd-2755,2010-05-15,2010,regular,Philadelphia Union,FC Dallas,1,1,,,engsoccerdata,,,,
esd-2756,2010-05-15,2010,regular,New England Revolution,San Jose Earthquakes,0,0,,,engsoccerdata,,,,
esd-2757,2010-05-15,2010,regular,Columbus Crew,CD Chivas USA,1,0,,,engsoccerdata,,,,
esd-2758,2010-05-15,2010,regular,DC United,Colorado Rapids,0,1,,,engsoccerdata,,,,
esd-2759,2010-05-15,2010,regular,New York Red Bulls,Seattle Sounders,0,1,,,engsoccerdata,,,,
esd-2760,2010-05-15,2010,regular,Sporting Kansas City,Chicago Fire,2,2,,,engsoccerdata,,,,
esd-2761,2010-05-16,2010,regular,LA Galaxy,Toronto FC,0,0,,,engsoccerdata,,,,
esd-2762,2010-05-20,2010,regular,New York Red Bulls,Columbus Crew,1,3,,,engsoccerdata,,,,
esd-2763,2010-05-20,2010,regular,FC Dallas,LA Galaxy,0,1,,,engsoccerdata,,,,
esd-2764,2010-05-22,2010,regular,Toronto FC,New England Revolution,1,0,,,engsoccerdata,,,,
esd-2765,2010-05-22,2010,regular,Seattle Sounders,San Jose Earthquakes,0,1,,,engsoccerdata,,,,
esd-2766,2010-05-22,2010,regular,Houston Dynamo,DC United,2,0,,,engsoccerdata,,,,
esd-2767,2010-05-23,2010,regular,CD Chivas USA,Real Salt Lake,1,2,,,engsoccerdata,,,,
esd-2768,2010-05-23,2010,regular,Sporting Kansas City,Columbus Crew,0,1,,,engsoccerdata,,,,
esd-2769,2010-05-27,2010,regular,Chicago Fire,FC Dallas,1,1,,,engsoccerdata,,,,
esd-2770,2010-05-29,2010,regular,Columbus Crew,LA Galaxy,0,2,,,engsoccerdata,,,,
esd-2771,2010-05-29,2010,regular,DC United,CD Chivas USA,3,2,,,engsoccerdata,,,,
esd-2772,2010-05-29,2010,regular,New England Revolution,New York Red Bulls,3,2,,,engsoccerdata,,,,
esd-2773,2010-05-29,2010,regular,Houston Dynamo,Philadelphia Union,2,3,,,engsoccerdata,,,,
esd-2774,2010-05-29,2010,regular,Colorado Rapids,Seattle Sounders,1,0,,,engsoccerdata,,,,
esd-2775,2010-05-29,2010,regular,Real Salt Lake,Sporting Kansas City,4,1,,,engsoccerdata,,,,
esd-2776,2010-05-30,2010,regular,San Jose Earthquakes,Toronto FC,1,3,,,engsoccerdata,,,,
esd-2777,2010-06-02,2010,regular,New York Red Bulls,Houston Dynamo,2,1,,,engsoccerdata,,,,
esd-2778,2010-06-03,2010,regular,San Jose Earthquakes,Columbus Crew,2,2,,,engsoccerdata,,,,
esd-2779,2010-06-05,2010,regular,Toronto FC,Sporting Kansas City,0,0,,,engsoccerdata,,,,
esd-2780,2010-06-05,2010,regular,DC United,Real Salt Lake,0,0,,,engsoccerdata,,,,
esd-2781,2010-06-05,2010,regular,New York Red Bulls,CD Chivas USA,1,0,,,engsoccerdata,,,,
esd-2782,2010-06-05,2010,regular,LA Galaxy,Houston Dynamo,4,1,,,engsoccerdata,,,,
esd-2783,2010-06-05,2010,regular,Chicago Fire,Philadelphia Union,2,1,,,engsoccerdata,,,,
esd-2784,2010-06-05,2010,regular,FC Dallas,San Jose Earthquakes,2,0,,,engsoccerdata,,,,
esd-2785,2010-06-05,2010,regular,Colorado Rapids,Columbus Crew,1,0,,,engsoccerdata,,,,
esd-2786,2010-06-06,2010,regular,Seattle Sounders,New England Revolution,3,0,,,engsoccerdata,,,,
esd-2787,2010-06-09,2010,regular,Chicago Fire,Colorado Rapids,2,2,,,engsoccerdata,,,,
esd-2788,2010-06-09,2010,regular,Real Salt Lake,LA Galaxy,1,0,,,engsoccerdata,,,,
esd-2789,2010-06-10,2010,regular,Sporting Kansas City,Philadelphia Union,2,0,,,engsoccerdata,,,,
esd-2790,2010-06-11,2010,regular,Seattle Sounders,DC United,2,3,,,engsoccerdata,,,,
esd-2791,2010-06-25,2010,regular,Real Salt Lake,San Jose Earthquakes,0,0,,,engsoccerdata,,,,
esd-2792,2010-06-26,2010,regular,Columbus Crew,DC United,2,0,,,engsoccerdata,,,,
esd-2793,2010-06-26,2010,regular,Toronto FC,LA Galaxy,0,0,,,engsoccerdata,,,,
esd-2794,2010-06-26,2010,regular,Houston Dynamo,Colorado Rapids,2,2,,,engsoccerdata,,,,
esd-2795,2010-06-26,2010,regular,Sporting Kansas City,New York Red Bulls,0,3,,,engsoccerdata,,,,
esd-2796,2010-06-27,2010,regular,CD Chivas USA,FC Dallas,1,2,,,engsoccerdata,,,,
esd-2797,2010-06-27,2010,regular,Philadelphia Union,Seattle Sounders,3,1,,,engsoccerdata,,,,
esd-2798,2010-06-27,2010,regular,New England Revolution,Chicago Fire,0,1,,,engsoccerdata,,,,
esd-2799,2010-07-01,2010,regular,Toronto FC,Houston Dynamo,1,1,,,engsoccerdata,,,,
esd-2800,2010-07-03,2010,regular,Real Salt Lake,New England Revolution,5,0,,,engsoccerdata,,,,
esd-2801,2010-07-03,2010,regular,Columbus Crew,Chicago Fire,2,1,,,engsoccerdata,,,,
esd-2802,2010-07-03,2010,regular,FC Dallas,Sporting Kansas City,1,0,,,engsoccerdata,,,,
esd-2803,2010-07-04,2010,regular,San Jose Earthquakes,DC United,1,1,,,engsoccerdata,,,,
esd-2804,2010-07-04,2010,regular,CD Chivas USA,Philadelphia Union,1,1,,,engsoccerdata,,,,
esd-2805,2010-07-04,2010,regular,Colorado Rapids,New York Red Bulls,1,1,,,engsoccerdata,,,,
esd-2806,2010-07-05,2010,regular,LA Galaxy,Seattle Sounders,3,1,,,engsoccerdata,,,,
esd-2807,2010-07-08,2010,regular,Chicago Fire,Real Salt Lake,0,1,,,engsoccerdata,,,,
esd-2808,2010-07-10,2010,regular,Toronto FC,Colorado Rapids,1,0,,,engsoccerdata,,,,
esd-2809,2010-07-10,2010,regular,Philadelphia Union,San Jose Earthquakes,1,2,,,engsoccerdata,,,,
esd-2810,2010-07-10,2010,regular,New York Red Bulls,DC United,0,0,,,engsoccerdata,,,,
esd-2811,2010-07-10,2010,regular,New England Revolution,LA Galaxy,2,0,,,engsoccerdata,,,,
esd-2812,2010-07-10,2010,regular,Houston Dynamo,Columbus Crew,0,0,,,engsoccerdata,,,,
esd-2813,2010-07-10,2010,regular,Sporting Kansas City,CD Chivas USA,0,2,,,engsoccerdata,,,,
esd-2814,2010-07-12,2010,regular,Seattle Sounders,FC Dallas,1,1,,,engsoccerdata,,,,
esd-2815,2010-07-14,2010,regular,Columbus Crew,Sporting Kansas City,0,1,,,engsoccerdata,,,,
esd-2816,2010-07-15,2010,regular,DC United,Seattle Sounders,0,1,,,engsoccerdata,,,,
esd-2817,2010-07-17,2010,regular,Philadelphia Union,Toronto FC,2,1,,,engsoccerdata,,,,
esd-2818,2010-07-17,2010,regular,Columbus Crew,New York Red Bulls,2,0,,,engsoccerdata,,,,
esd-2819,2010-07-17,2010,regular,FC Dallas,Real Salt Lake,2,0,,,engsoccerdata,,,,
esd-2820,2010-07-17,2010,regular,Colorado Rapids,Sporting Kansas City,1,1,,,engsoccerdata,,,,
esd-2821,2010-07-18,2010,regular,DC United,LA Galaxy,1,2,,,engsoccerdata,,,,
esd-2822,2010-07-23,2010,regular,LA Galaxy,San Jose Earthquakes,2,2,,,engsoccerdata,,,,
esd-2823,2010-07-24,2010,regular,Toronto FC,FC Dallas,1,1,,,engsoccerdata,,,,
esd-2824,2010-07-24,2010,regular,Columbus Crew,Houston Dynamo,3,0,,,engsoccerdata,,,,
esd-2825,2010-07-25,2010,regular,Real Salt Lake,CD Chivas USA,1,1,,,engsoccerdata,,,,
esd-2826,2010-07-26,2010,regular,Seattle Sounders,Colorado Rapids,2,1,,,engsoccerdata,,,,
esd-2827,2010-07-31,2010,regular,Philadelphia Union,New England Revolution,1,1,,,engsoccerdata,,,,
esd-2828,2010-07-31,2010,regular,Colorado Rapids,FC Dallas,1,1,,,engsoccerdata,,,,
esd-2829,2010-07-31,2010,regular,Houston Dynamo,New York Red Bulls,2,2,,,engsoccerdata,,,,
esd-2830,2010-07-31,2010,regular,Sporting Kansas City,Toronto FC,1,0,,,engsoccerdata,,,,
esd-2831,2010-07-31,2010,regular,Real Salt Lake,DC United,3,0,,,engsoccerdata,,,,
esd-2832,2010-08-01,2010,regular,San Jose Earthquakes,Seattle Sounders,0,1,,,engsoccerdata,,,,
esd-2833,2010-08-01,2010,regular,CD Chivas USA,Columbus Crew,3,1,,,engsoccerdata,,,,
esd-2834,2010-08-01,2010,regular,LA Galaxy,Chicago Fire,2,3,,,engsoccerdata,,,,
esd-2835,2010-08-05,2010,regular,Philadelphia Union,Columbus Crew,1,2,,,engsoccerdata,,,,
esd-2836,2010-08-07,2010,regular,Toronto FC,CD Chivas USA,2,1,,,engsoccerdata,,,,
esd-2837,2010-08-07,2010,regular,New England Revolution,DC United,1,0,,,engsoccerdata,,,,
esd-2838,2010-08-07,2010,regular,Sporting Kansas City,Real Salt Lake,1,1,,,engsoccerdata,,,,
esd-2839,2010-08-07,2010,regular,Colorado Rapids,San Jose Earthquakes,1,0,,,engsoccerdata,,,,
esd-2840,2010-08-08,2010,regular,FC Dallas,Philadelphia Union,3,1,,,engsoccerdata,,,,
esd-2841,2010-08-08,2010,regular,Chicago Fire,New York Red Bulls,0,0,,,engsoccerdata,,,,
esd-2842,2010-08-09,2010,regular,Seattle Sounders,Houston Dynamo,2,0,,,engsoccerdata,,,,
esd-2843,2010-08-11,2010,regular,New York Red Bulls,Toronto FC,1,0,,,engsoccerdata,,,,
esd-2844,2010-08-11,2010,regular,Philadelphia Union,Real Salt Lake,1,1,,,engsoccerdata,,,,
esd-2845,2010-08-14,2010,regular,Philadelphia Union,Colorado Rapids,1,1,,,engsoccerdata,,,,
esd-2846,2010-08-14,2010,regular,New York Red Bulls,LA Galaxy,0,1,,,engsoccerdata,,,,
esd-2847,2010-08-14,2010,regular,DC United,FC Dallas,1,3,,,engsoccerdata,,,,
esd-2848,2010-08-14,2010,regular,New England Revolution,Houston Dynamo,1,0,,,engsoccerdata,,,,
esd-2849,2010-08-14,2010,regular,Real Salt Lake,Columbus Crew,2,0,,,engsoccerdata,,,,
esd-2850,2010-08-15,2010,regular,San Jose Earthquakes,Sporting Kansas City,1,0,,,engsoccerdata,,,,
esd-2851,2010-08-15,2010,regular,CD Chivas USA,Seattle Sounders,0,0,,,engsoccerdata,,,,
esd-2852,2010-08-18,2010,regular,Chicago Fire,New England Revolution,2,1,,,engsoccerdata,,,,
esd-2853,2010-08-21,2010,regular,Toronto FC,New York Red Bulls,1,4,,,engsoccerdata,,,,
esd-2854,2010-08-21,2010,regular,San Jose Earthquakes,LA Galaxy,1,0,,,engsoccerdata,,,,
esd-2855,2010-08-21,2010,regular,Columbus Crew,Colorado Rapids,3,1,,,engsoccerdata,,,,
esd-2856,2010-08-21,2010,regular,FC Dallas,CD Chivas USA,1,0,,,engsoccerdata,,,,
esd-2857,2010-08-21,2010,regular,Sporting Kansas City,New England Revolution,4,1,,,engsoccerdata,,,,
esd-2858,2010-08-21,2010,regular,Houston Dynamo,Chicago Fire,4,3,,,engsoccerdata,,,,
esd-2859,2010-08-22,2010,regular,DC United,Philadelphia Union,2,0,,,engsoccerdata,,,,
esd-2860,2010-08-28,2010,regular,Columbus Crew,FC Dallas,0,0,,,engsoccerdata,,,,
esd-2861,2010-08-28,2010,regular,Toronto FC,Real Salt Lake,0,0,,,engsoccerdata,,,,
esd-2862,2010-08-28,2010,regular,New England Revolution,Philadelphia Union,1,2,,,engsoccerdata,,,,
esd-2863,2010-08-28,2010,regular,New York Red Bulls,San Jose Earthquakes,2,0,,,engsoccerdata,,,,
esd-2864,2010-08-28,2010,regular,Colorado Rapids,Houston Dynamo,3,0,,,engsoccerdata,,,,
esd-2865,2010-08-29,2010,regular,LA Galaxy,Sporting Kansas City,0,2,,,engsoccerdata,,,,
esd-2866,2010-08-29,2010,regular,Seattle Sounders,Chicago Fire,2,1,,,engsoccerdata,,,,
esd-2867,2010-08-30,2010,regular,CD Chivas USA,DC United,1,0,,,engsoccerdata,,,,
esd-2868,2010-09-04,2010,regular,Philadelphia Union,Sporting Kansas City,1,1,,,engsoccerdata,,,,
esd-2869,2010-09-04,2010,regular,Chicago Fire,LA Galaxy,1,1,,,engsoccerdata,,,,
esd-2870,2010-09-04,2010,regular,DC United,Columbus Crew,0,1,,,engsoccerdata,,,,
esd-2871,2010-09-04,2010,regular,New England Revolution,Seattle Sounders,3,1,,,engsoccerdata,,,,
esd-2872,2010-09-04,2010,regular,FC Dallas,Toronto FC,1,0,,,engsoccerdata,,,,
esd-2873,2010-09-04,2010,regular,Real Salt Lake,New York Red Bulls,1,0,,,engsoccerdata,,,,
esd-2874,2010-09-04,2010,regular,Colorado Rapids,CD Chivas USA,3,0,,,engsoccerdata,,,,
esd-2875,2010-09-05,2010,regular,Houston Dynamo,San Jose Earthquakes,1,2,,,engsoccerdata,,,,
esd-2876,2010-09-08,2010,regular,Chicago Fire,Toronto FC,0,0,,,engsoccerdata,,,,
esd-2877,2010-09-10,2010,regular,Seattle Sounders,Real Salt Lake,0,0,,,engsoccerdata,,,,
esd-2878,2010-09-11,2010,regular,CD Chivas USA,New England Revolution,2,0,,,engsoccerdata,,,,
esd-2879,2010-09-11,2010,regular,Toronto FC,DC United,0,1,,,engsoccerdata,,,,
esd-2880,2010-09-11,2010,regular,New York Red Bulls,Colorado Rapids,3,1,,,engsoccerdata,,,,
esd-2881,2010-09-11,2010,regular,Philadelphia Union,Chicago Fire,1,0,,,engsoccerdata,,,,
esd-2882,2010-09-12,2010,regular,San Jose Earthquakes,FC Dallas,0,0,,,engsoccerdata,,,,
esd-2883,2010-09-12,2010,regular,LA Galaxy,Columbus Crew,3,1,,,engsoccerdata,,,,
esd-2884,2010-09-16,2010,regular,San Jose Earthquakes,Philadelphia Union,1,0,,,engsoccerdata,,,,
esd-2885,2010-09-16,2010,regular,FC Dallas,New York Red Bulls,2,2,,,engsoccerdata,,,,
esd-2886,2010-09-18,2010,regular,Real Salt Lake,Chicago Fire,1,0,,,engsoccerdata,,,,
esd-2887,2010-09-18,2010,regular,Columbus Crew,Seattle Sounders,0,4,,,engsoccerdata,,,,
esd-2888,2010-09-18,2010,regular,Houston Dynamo,Toronto FC,1,2,,,engsoccerdata,,,,
esd-2889,2010-09-18,2010,regular,Colorado Rapids,New England Revolution,3,0,,,engsoccerdata,,,,
esd-2890,2010-09-19,2010,regular,LA Galaxy,DC United,2,1,,,engsoccerdata,,,,
esd-2891,2010-09-19,2010,regular,CD Chivas USA,Sporting Kansas City,0,2,,,engsoccerdata,,,,
esd-2892,2010-09-22,2010,regular,Sporting Kansas City,Houston Dynamo,4,3,,,engsoccerdata,,,,
esd-2893,2010-09-22,2010,regular,FC Dallas,New England Revolution,2,2,,,engsoccerdata,,,,
esd-2894,2010-09-25,2010,regular,LA Galaxy,New York Red Bulls,0,2,,,engsoccerdata,,,,
esd-2895,2010-09-25,2010,regular,Philadelphia Union,CD Chivas USA,3,0,,,engsoccerdata,,,,
esd-2896,2010-09-25,2010,regular,Toronto FC,San Jose Earthquakes,2,3,,,engsoccerdata,,,,
esd-2897,2010-09-25,2010,regular,DC United,Houston Dynamo,1,3,,,engsoccerdata,,,,
esd-2898,2010-09-25,2010,regular,New England Revolution,Columbus Crew,2,2,,,engsoccerdata,,,,
esd-2899,2010-09-25,2010,regular,Chicago Fire,Seattle Sounders,0,1,,,engsoccerdata,,,,
esd-2900,2010-09-25,2010,regular,Sporting Kansas City,FC Dallas,1,3,,,engsoccerdata,,,,
esd-2901,2010-09-26,2010,regular,Real Salt Lake,Colorado Rapids,1,1,,,engsoccerdata,,,,
esd-2902,2010-09-29,2010,regular,Colorado Rapids,Philadelphia Union,4,1,,,engsoccerdata,,,,
esd-2903,2010-09-30,2010,regular,San Jose Earthquakes,Chicago Fire,0,3,,,engsoccerdata,,,,
esd-2904,2010-10-02,2010,regular,Seattle Sounders,Toronto FC,3,2,,,engsoccerdata,,,,
esd-2905,2010-10-02,2010,regular,Philadelphia Union,Houston Dynamo,1,1,,,engsoccerdata,,,,
esd-2906,2010-10-02,2010,regular,Columbus Crew,San Jose Earthquakes,0,0,,,engsoccerdata,,,,
esd-2907,2010-10-02,2010,regular,New England Revolution,Real Salt Lake,1,2,,,engsoccerdata,,,,
esd-2908,2010-10-02,2010,regular,New York Red Bulls,Sporting Kansas City,1,0,,,engsoccerdata,,,,
esd-2909,2010-10-02,2010,regular,FC Dallas,Chicago Fire,3,0,,,engsoccerdata,,,,
esd-2910,2010-10-02,2010,regular,Colorado Rapids,DC United,0,1,,,engsoccerdata,,,,
esd-2911,2010-10-03,2010,regular,CD Chivas USA,LA Galaxy,1,2,,,engsoccerdata,,,,
esd-2912,2010-10-07,2010,regular,Philadelphia Union,LA Galaxy,0,1,,,engsoccerdata,,,,
esd-2913,2010-10-08,2010,regular,Chicago Fire,Columbus Crew,2,0,,,engsoccerdata,,,,
esd-2914,2010-10-09,2010,regular,New York Red Bulls,Real Salt Lake,0,0,,,engsoccerdata,,,,
esd-2915,2010-10-09,2010,regular,FC Dallas,Colorado Rapids,2,2,,,engsoccerdata,,,,
esd-2916,2010-10-09,2010,regular,DC United,San Jose Earthquakes,0,2,,,engsoccerdata,,,,
esd-2917,2010-10-09,2010,regular,Sporting Kansas City,Seattle Sounders,1,2,,,engsoccerdata,,,,
esd-2918,2010-10-10,2010,regular,CD Chivas USA,Toronto FC,3,0,,,engsoccerdata,,,,
esd-2919,2010-10-10,2010,regular,Houston Dynamo,New England Revolution,1,2,,,engsoccerdata,,,,
esd-2920,2010-10-12,2010,regular,Chicago Fire,Sporting Kansas City,0,2,,,engsoccerdata,,,,
esd-2921,2010-10-16,2010,regular,Seattle Sounders,CD Chivas USA,2,1,,,engsoccerdata,,,,
esd-2922,2010-10-16,2010,regular,Chicago Fire,DC United,0,0,,,engsoccerdata,,,,
esd-2923,2010-10-16,2010,regular,Toronto FC,Columbus Crew,2,2,,,engsoccerdata,,,,
esd-2924,2010-10-16,2010,regular,Philadelphia Union,New York Red Bulls,2,1,,,engsoccerdata,,,,
esd-2925,2010-10-16,2010,regular,New England Revolution,Sporting Kansas City,1,0,,,engsoccerdata,,,,
esd-2926,2010-10-16,2010,regular,Real Salt Lake,FC Dallas,2,0,,,engsoccerdata,,,,
esd-2927,2010-10-17,2010,regular,San Jose Earthquakes,Houston Dynamo,0,1,,,engsoccerdata,,,,
esd-2928,2010-10-17,2010,regular,LA Galaxy,Colorado Rapids,1,3,,,engsoccerdata,,,,
esd-2929,2010-10-21,2010,regular,San Jose Earthquakes,CD Chivas USA,3,0,,,engsoccerdata,,,,
esd-2930,2010-10-21,2010,regular,New York Red Bulls,New England Revolution,2,0,,,engsoccerdata,,,,
esd-2931,2010-10-23,2010,regular,Houston Dynamo,Seattle Sounders,2,1,,,engsoccerdata,,,,
esd-2932,2010-10-23,2010,regular,DC United,Toronto FC,2,3,,,engsoccerdata,,,,
esd-2933,2010-10-23,2010,regular,Sporting Kansas City,San Jose Earthquakes,4,1,,,engsoccerdata,,,,
esd-2934,2010-10-23,2010,regular,Colorado Rapids,Real Salt Lake,2,2,,,engsoccerdata,,,,
esd-2935,2010-10-24,2010,regular,CD Chivas USA,Chicago Fire,1,4,,,engsoccerdata,,,,
esd-2936,2010-10-24,2010,regular,Columbus Crew,Philadelphia Union,3,1,,,engsoccerdata,,,,
esd-2937,2010-10-24,2010,regular,LA Galaxy,FC Dallas,2,1,,,engsoccerdata,,,,
esd-2938,2010-10-28,2010,postseason,Colorado Rapids,Columbus Crew,1,0,,,engsoccerdata,,,,
esd-2939,2010-10-30,2010,postseason,FC Dallas,Real Salt Lake,2,1,,,engsoccerdata,,,,
esd-2940,2010-10-31,2010,postseason,San Jose Earthquakes,New York Red Bulls,0,1,,,engsoccerdata,,,,
esd-2941,2010-10-31,2010,postseason,Seattle Sounders,LA Galaxy,0,1,,,engsoccerdata,,,,
esd-2942,2010-11-04,2010,postseason,New York Red Bulls,San Jose Earthquakes,1,3,,,engsoccerdata,,,,
esd-2943,2010-11-06,2010,postseason,Columbus Crew,Colorado Rapids,2,1,,AET,engsoccerdata,,,,
esd-2944,2010-11-07,2010,postseason,Real Salt Lake,FC Dallas,1,1,,,engsoccerdata,,,,
esd-2945,2010-11-07,2010,postseason,LA Galaxy,Seattle Sounders,2,1,,,engsoccerdata,,,,
esd-2946,2010-11-13,2010,postseason,Colorado Rapids,San Jose Earthquakes,1,0,,,engsoccerdata,,,,
esd-2947,2010-11-14,2010,postseason,LA Galaxy,FC Dallas,0,3,,,engsoccerdata,,,,
esd-2948,2010-11-21,2010,postseason,Colorado Rapids,FC Dallas,2,1,1,AET,engsoccerdata,,,,
esd-2949,2011-03-16,2011,regular,Seattle Sounders,LA Galaxy,0,1,,,engsoccerdata,,,,
esd-2950,2011-03-19,2011,regular,Vancouver Whitecaps,Toronto FC,4,2,,,engsoccerdata,,,,
esd-2951,2011-03-19,2011,regular,DC United,Columbus Crew,3,1,,,engsoccerdata,,,,
esd-2952,2011-03-19,2011,regular,New York Red Bulls,Seattle Sounders,1,0,,,engsoccerdata,,,,
esd-2953,2011-03-19,2011,regular,FC Dallas,Chicago Fire,1,1,,,engsoccerdata,,,,
esd-2954,2011-03-19,2011,regular,Houston Dynamo,Philadelphia Union,0,1,,,engsoccerdata,,,,
esd-2955,2011-03-19,2011,regular,Colorado Rapids,Portland Timbers,3,1,,,engsoccerdata,,,,
esd-2956,2011-03-20,2011,regular,CD Chivas USA,Sporting Kansas City,2,3,,,engsoccerdata,,,,
esd-2957,2011-03-20,2011,regular,San Jose Earthquakes,Real Salt Lake,0,1,,,engsoccerdata,,,,
esd-2958,2011-03-20,2011,regular,LA Galaxy,New England Revolution,1,1,,,engsoccerdata,,,,
esd-2959,2011-03-26,2011,regular,Seattle Sounders,Houston Dynamo,1,1,,,engsoccerdata,,,,
esd-2960,2011-03-26,2011,regular,Toronto FC,Portland Timbers,2,0,,,engsoccerdata,,,,
esd-2961,2011-03-26,2011,regular,Columbus Crew,New York Red Bulls,0,0,,,engsoccerdata,,,,
esd-2962,2011-03-26,2011,regular,Chicago Fire,Sporting Kansas City,3,2,,,engsoccerdata,,,,
esd-2963,2011-03-26,2011,regular,Philadelphia Union,Vancouver Whitecaps,1,0,,,engsoccerdata,,,,
esd-2964,2011-03-26,2011,regular,New England Revolution,DC United,2,1,,,engsoccerdata,,,,
esd-2965,2011-03-26,2011,regular,Real Salt Lake,LA Galaxy,4,1,,,engsoccerdata,,,,
esd-2966,2011-03-26,2011,regular,FC Dallas,San Jose Earthquakes,0,2,,,engsoccerdata,,,,
esd-2967,2011-03-27,2011,regular,CD Chivas USA,Colorado Rapids,0,1,,,engsoccerdata,,,,
esd-2968,2011-04-01,2011,regular,Columbus Crew,FC Dallas,2,0,,,engsoccerdata,,,,
esd-2969,2011-04-02,2011,regular,Toronto FC,CD Chivas USA,1,1,,,engsoccerdata,,,,
esd-2970,2011-04-02,2011,regular,Vancouver Whitecaps,Sporting Kansas City,3,3,,,engsoccerdata,,,,
esd-2971,2011-04-02,2011,regular,New England Revolution,Portland Timbers,1,1,,,engsoccerdata,,,,
esd-2972,2011-04-02,2011,regular,New York Red Bulls,Houston Dynamo,1,1,,,engsoccerdata,,,,
esd-2973,2011-04-03,2011,regular,LA Galaxy,Philadelphia Union,1,0,,,engsoccerdata,,,,
esd-2974,2011-04-03,2011,regular,San Jose Earthquakes,Seattle Sounders,2,2,,,engsoccerdata,,,,
esd-2975,2011-04-03,2011,regular,Colorado Rapids,DC United,4,1,,,engsoccerdata,,,,
esd-2976,2011-04-07,2011,regular,Vancouver Whitecaps,New England Revolution,1,1,,,engsoccerdata,,,,
esd-2977,2011-04-08,2011,regular,FC Dallas,Colorado Rapids,3,0,,,engsoccerdata,,,,
esd-2978,2011-04-09,2011,regular,Seattle Sounders,Chicago Fire,2,1,,,engsoccerdata,,,,
esd-2979,2011-04-09,2011,regular,Philadelphia Union,New York Red Bulls,1,0,,,engsoccerdata,,,,
esd-2980,2011-04-09,2011,regular,New England Revolution,Real Salt Lake,0,2,,,engsoccerdata,,,,
esd-2981,2011-04-09,2011,regular,DC United,LA Galaxy,1,1,,,engsoccerdata,,,,
esd-2982,2011-04-10,2011,regular,CD Chivas USA,Columbus Crew,0,0,,,engsoccerdata,,,,
esd-2983,2011-04-10,2011,regular,San Jose Earthquakes,Toronto FC,1,1,,,engsoccerdata,,,,
esd-2984,2011-04-10,2011,regular,Houston Dynamo,Vancouver Whitecaps,3,1,,,engsoccerdata,,,,
esd-2985,2011-04-13,2011,regular,Toronto FC,LA Galaxy,0,0,,,engsoccerdata,,,,
esd-2986,2011-04-13,2011,regular,Real Salt Lake,Colorado Rapids,1,0,,,engsoccerdata,,,,
esd-2987,2011-04-15,2011,regular,Portland Timbers,Chicago Fire,4,2,,,engsoccerdata,,,,
esd-2988,2011-04-16,2011,regular,Philadelphia Union,Seattle Sounders,1,1,,,engsoccerdata,,,,
esd-2989,2011-04-16,2011,regular,Vancouver Whitecaps,CD Chivas USA,0,0,,,engsoccerdata,,,,
esd-2990,2011-04-16,2011,regular,Toronto FC,DC United,0,3,,,engsoccerdata,,,,
esd-2991,2011-04-16,2011,regular,Columbus Crew,Sporting Kansas City,1,0,,,engsoccerdata,,,,
esd-2992,2011-04-16,2011,regular,New York Red Bulls,San Jose Earthquakes,3,0,,,engsoccerdata,,,,
esd-2993,2011-04-17,2011,regular,Chicago Fire,LA Galaxy,1,2,,,engsoccerdata,,,,
esd-2994,2011-04-17,2011,regular,Portland Timbers,FC Dallas,3,2,,,engsoccerdata,,,,
esd-2995,2011-04-17,2011,regular,Houston Dynamo,New England Revolution,1,0,,,engsoccerdata,,,,
esd-2996,2011-04-21,2011,regular,DC United,New York Red Bulls,0,4,,,engsoccerdata,,,,
esd-2997,2011-04-22,2011,regular,Colorado Rapids,Seattle Sounders,0,1,,,engsoccerdata,,,,
esd-2998,2011-04-23,2011,regular,San Jose Earthquakes,CD Chivas USA,1,2,,,engsoccerdata,,,,
esd-2999,2011-04-23,2011,regular,Toronto FC,Columbus Crew,1,1,,,engsoccerdata,,,,
esd-3000,2011-04-23,2011,regular,Vancouver Whitecaps,FC Dallas,1,2,,,engsoccerdata,,,,
esd-3001,2011-04-23,2011,regular,New England Revolution,Sporting Kansas City,3,2,,,engsoccerdata,,,,
esd-3002,2011-04-23,2011,regular,Chicago Fire,Houston Dynamo,1,1,,,engsoccerdata,,,,
esd-3003,2011-04-24,2011,regular,LA Galaxy,Portland Timbers,3,0,,,engsoccerdata,,,,
esd-3004,2011-04-29,2011,regular,Houston Dynamo,DC United,4,1,,,engsoccerdata,,,,
esd-3005,2011-04-30,2011,regular,Philadelphia Union,San Jose Earthquakes,1,0,,,engsoccerdata,,,,
esd-3006,2011-04-30,2011,regular,New York Red Bulls,Sporting Kansas City,1,0,,,engsoccerdata,,,,
esd-3007,2011-04-30,2011,regular,Columbus Crew,Vancouver Whitecaps,2,1,,,engsoccerdata,,,,
esd-3008,2011-04-30,2011,regular,Colorado Rapids,Chicago Fire,1,1,,,engsoccerdata,,,,
esd-3009,2011-05-01,2011,regular,Seattle Sounders,Toronto FC,3,0,,,engsoccerdata,,,,
esd-3010,2011-05-01,2011,regular,Portland Timbers,Real Salt Lake,1,0,,,engsoccerdata,,,,
esd-3011,2011-05-01,2011,regular,CD Chivas USA,New England Revolution,3,0,,,engsoccerdata,,,,
esd-3012,2011-05-01,2011,regular,FC Dallas,LA Galaxy,2,1,,,engsoccerdata,,,,
esd-3013,2011-05-04,2011,regular,DC United,Seattle Sounders,2,1,,,engsoccerdata,,,,
esd-3014,2011-05-04,2011,regular,Houston Dynamo,Colorado Rapids,1,2,,,engsoccerdata,,,,
esd-3015,2011-05-07,2011,regular,Portland Timbers,Philadelphia Union,1,0,,,engsoccerdata,,,,
esd-3016,2011-05-07,2011,regular,Real Salt Lake,CD Chivas USA,1,0,,,engsoccerdata,,,,
esd-3017,2011-05-07,2011,regular,Toronto FC,Houston Dynamo,2,1,,,engsoccerdata,,,,
esd-3018,2011-05-07,2011,regular,DC United,FC Dallas,0,0,,,engsoccerdata,,,,
esd-3019,2011-05-07,2011,regular,Columbus Crew,Seattle Sounders,1,1,,,engsoccerdata,,,,
esd-3020,2011-05-07,2011,regular,New England Revolution,Colorado Rapids,0,0,,,engsoccerdata,,,,
esd-3021,2011-05-07,2011,regular,Chicago Fire,Vancouver Whitecaps,0,0,,,engsoccerdata,,,,
esd-3022,2011-05-08,2011,regular,LA Galaxy,New York Red Bulls,1,1,,,engsoccerdata,,,,
esd-3023,2011-05-11,2011,regular,Philadelphia Union,LA Galaxy,1,1,,,engsoccerdata,,,,
esd-3024,2011-05-11,2011,regular,FC Dallas,Toronto FC,1,0,,,engsoccerdata,,,,
esd-3025,2011-05-12,2011,regular,Vancouver Whitecaps,San Jose Earthquakes,1,1,,,engsoccerdata,,,,
esd-3026,2011-05-14,2011,regular,Toronto FC,Chicago Fire,2,2,,,engsoccerdata,,,,
esd-3027,2011-05-14,2011,regular,New England Revolution,Vancouver Whitecaps,1,0,,,engsoccerdata,,,,
esd-3028,2011-05-14,2011,regular,DC United,Colorado Rapids,1,1,,,engsoccerdata,,,,
esd-3029,2011-05-14,2011,regular,FC Dallas,Philadelphia Union,2,0,,,engsoccerdata,,,,
esd-3030,2011-05-14,2011,regular,Real Salt Lake,Houston Dynamo,0,0,,,engsoccerdata,,,,
esd-3031,2011-05-15,2011,regular,San Jose Earthquakes,Columbus Crew,3,0,,,engsoccerdata,,,,
esd-3032,2011-05-15,2011,regular,LA Galaxy,Sporting Kansas City,4,1,,,engsoccerdata,,,,
esd-3033,2011-05-15,2011,regular,Seattle Sounders,Portland Timbers,1,1,,,engsoccerdata,,,,
esd-3034,2011-05-15,2011,regular,New York Red Bulls,CD Chivas USA,2,3,,,engsoccerdata,,,,
esd-3035,2011-05-21,2011,regular,Philadelphia Union,Chicago Fire,2,1,,,engsoccerdata,,,,
esd-3036,2011-05-21,2011,regular,Houston Dynamo,New York Red Bulls,2,2,,,engsoccerdata,,,,
esd-3037,2011-05-22,2011,regular,CD Chivas USA,LA Galaxy,0,1,,,engsoccerdata,,,,
esd-3038,2011-05-22,2011,regular,Seattle Sounders,Sporting Kansas City,1,0,,,engsoccerdata,,,,
esd-3039,2011-05-22,2011,regular,San Jose Earthquakes,New England Revolution,2,1,,,engsoccerdata,,,,
esd-3040,2011-05-22,2011,regular,Portland Timbers,Columbus Crew,1,0,,,engsoccerdata,,,,
esd-3041,2011-05-22,2011,regular,Colorado Rapids,Toronto FC,0,0,,,engsoccerdata,,,,
esd-3042,2011-05-22,2011,regular,FC Dallas,Real Salt Lake,0,0,,,engsoccerdata,,,,
esd-3043,2011-05-25,2011,regular,New York Red Bulls,Colorado Rapids,2,2,,,engsoccerdata,,,,
esd-3044,2011-05-26,2011,regular,Seattle Sounders,FC Dallas,0,1,,,engsoccerdata,,,,
esd-3045,2011-05-26,2011,regular,LA Galaxy,Houston Dynamo,1,0,,,engsoccerdata,,,,
esd-3046,2011-05-28,2011,regular,Toronto FC,Philadelphia Union,2,6,,,engsoccerdata,,,,
esd-3047,2011-05-28,2011,regular,Vancouver Whitecaps,New York Red Bulls,1,1,,,engsoccerdata,,,,
esd-3048,2011-05-28,2011,regular,Columbus Crew,CD Chivas USA,3,3,,,engsoccerdata,,,,
esd-3049,2011-05-28,2011,regular,New England Revolution,LA Galaxy,0,1,,,engsoccerdata,,,,
esd-3050,2011-05-28,2011,regular,Houston Dynamo,FC Dallas,2,2,,,engsoccerdata,,,,
esd-3051,2011-05-28,2011,regular,Chicago Fire,San Jose Earthquakes,2,2,,,engsoccerdata,,,,
esd-3052,2011-05-28,2011,regular,Colorado Rapids,Sporting Kansas City,1,1,,,engsoccerdata,,,,
esd-3053,2011-05-28,2011,regular,Real Salt Lake,Seattle Sounders,1,2,,,engsoccerdata,,,,
esd-3054,2011-05-29,2011,regular,Portland Timbers,DC United,2,3,,,engsoccerdata,,,,
esd-3055,2011-06-02,2011,regular,CD Chivas USA,Vancouver Whitecaps,1,1,,,engsoccerdata,,,,
esd-3056,2011-06-04,2011,regular,LA Galaxy,DC United,0,0,,,engsoccerdata,,,,
esd-3057,2011-06-04,2011,regular,Toronto FC,Sporting Kansas City,0,0,,,engsoccerdata,,,,
esd-3058,2011-06-04,2011,regular,New York Red Bulls,Columbus Crew,1,1,,,engsoccerdata,,,,
esd-3059,2011-06-04,2011,regular,FC Dallas,New England Revolution,1,0,,,engsoccerdata,,,,
esd-3060,2011-06-04,2011,regular,Chicago Fire,Seattle Sounders,0,0,,,engsoccerdata,,,,
esd-3061,2011-06-04,2011,regular,Colorado Rapids,Philadelphia Union,1,1,,,engsoccerdata,,,,
esd-3062,2011-06-04,2011,regular,Real Salt Lake,Vancouver Whitecaps,2,0,,,engsoccerdata,,,,
esd-3063,2011-06-05,2011,regular,CD Chivas USA,Portland Timbers,1,0,,,engsoccerdata,,,,
esd-3064,2011-06-05,2011,regular,San Jose Earthquakes,Houston Dynamo,2,0,,,engsoccerdata,,,,
esd-3065,2011-06-08,2011,regular,Columbus Crew,Real Salt Lake,2,1,,,engsoccerdata,,,,
esd-3066,2011-06-10,2011,regular,Sporting Kansas City,Chicago Fire,0,0,,,engsoccerdata,,,,
esd-3067,2011-06-10,2011,regular,New York Red Bulls,New England Revolution,2,1,,,engsoccerdata,,,,
esd-3068,2011-06-11,2011,regular,Philadelphia Union,Real Salt Lake,1,1,,,engsoccerdata,,,,
esd-3069,2011-06-11,2011,regular,DC United,San Jose Earthquakes,2,4,,,engsoccerdata,,,,
esd-3070,2011-06-11,2011,regular,Houston Dynamo,CD Chivas USA,2,1,,,engsoccerdata,,,,
esd-3071,2011-06-12,2011,regular,Seattle Sounders,Vancouver Whitecaps,2,2,,,engsoccerdata,,,,
esd-3072,2011-06-12,2011,regular,Portland Timbers,Colorado Rapids,0,1,,,engsoccerdata,,,,
esd-3073,2011-06-12,2011,regular,LA Galaxy,Toronto FC,2,2,,,engsoccerdata,,,,
esd-3074,2011-06-12,2011,regular,Columbus Crew,Chicago Fire,0,1,,,engsoccerdata,,,,
esd-3075,2011-06-12,2011,regular,FC Dallas,Sporting Kansas City,1,4,,,engsoccerdata,,,,
esd-3076,2011-06-15,2011,regular,New England Revolution,Toronto FC,0,0,,,engsoccerdata,,,,
esd-3077,2011-06-17,2011,regular,Sporting Kansas City,San Jose Earthquakes,1,0,,,engsoccerdata,,,,
esd-3078,2011-06-18,2011,regular,Toronto FC,Seattle Sounders,0,1,,,engsoccerdata,,,,
esd-3079,2011-06-18,2011,regular,New England Revolution,Chicago Fire,1,1,,,engsoccerdata,,,,
esd-3080,2011-06-18,2011,regular,Houston Dynamo,Columbus Crew,0,2,,,engsoccerdata,,,,
esd-3081,2011-06-18,2011,regular,Real Salt Lake,DC United,1,1,,,engsoccerdata,,,,
esd-3082,2011-06-18,2011,regular,Colorado Rapids,LA Galaxy,1,3,,,engsoccerdata,,,,
esd-3083,2011-06-19,2011,regular,Vancouver Whitecaps,Philadelphia Union,1,0,,,engsoccerdata,,,,
esd-3084,2011-06-19,2011,regular,CD Chivas USA,FC Dallas,1,2,,,engsoccerdata,,,,
esd-3085,2011-06-20,2011,regular,Portland Timbers,New York Red Bulls,3,3,,,engsoccerdata,,,,
esd-3086,2011-06-22,2011,regular,Philadelphia Union,Sporting Kansas City,0,0,,,engsoccerdata,,,,
esd-3087,2011-06-22,2011,regular,Chicago Fire,Real Salt Lake,0,0,,,engsoccerdata,,,,
esd-3088,2011-06-24,2011,regular,Seattle Sounders,New York Red Bulls,4,2,,,engsoccerdata,,,,
esd-3089,2011-06-25,2011,regular,DC United,Houston Dynamo,2,2,,,engsoccerdata,,,,
esd-3090,2011-06-25,2011,regular,San Jose Earthquakes,LA Galaxy,0,0,,,engsoccerdata,,,,
esd-3091,2011-06-25,2011,regular,Philadelphia Union,CD Chivas USA,3,2,,,engsoccerdata,,,,
esd-3092,2011-06-25,2011,regular,Sporting Kansas City,Vancouver Whitecaps,2,1,,,engsoccerdata,,,,
esd-3093,2011-06-25,2011,regular,FC Dallas,Portland Timbers,4,0,,,engsoccerdata,,,,
esd-3094,2011-06-25,2011,regular,Real Salt Lake,Toronto FC,3,1,,,engsoccerdata,,,,
esd-3095,2011-06-26,2011,regular,Chicago Fire,New York Red Bulls,1,1,,,engsoccerdata,,,,
esd-3096,2011-06-26,2011,regular,Seattle Sounders,New England Revolution,2,1,,,engsoccerdata,,,,
esd-3097,2011-06-26,2011,regular,Columbus Crew,Colorado Rapids,4,1,,,engsoccerdata,,,,
esd-3098,2011-06-29,2011,regular,Toronto FC,Vancouver Whitecaps,1,0,,,engsoccerdata,,,,
esd-3099,2011-07-02,2011,regular,DC United,Philadelphia Union,2,2,,,engsoccerdata,,,,
esd-3100,2011-07-02,2011,regular,FC Dallas,Columbus Crew,2,0,,,engsoccerdata,,,,
esd-3101,2011-07-03,2011,regular,CD Chivas USA,Chicago Fire,1,1,,,engsoccerdata,,,,
esd-3102,2011-07-03,2011,regular,San Jose Earthquakes,New York Red Bulls,2,2,,,engsoccerdata,,,,
esd-3103,2011-07-03,2011,regular,Portland Timbers,Sporting Kansas City,1,2,,,engsoccerdata,,,,
esd-3104,2011-07-03,2011,regular,Colorado Rapids,Houston Dynamo,0,0,,,engsoccerdata,,,,
esd-3105,2011-07-04,2011,regular,Real Salt Lake,New England Revolution,3,3,,,engsoccerdata,,,,
esd-3106,2011-07-05,2011,regular,LA Galaxy,Seattle Sounders,0,0,,,engsoccerdata,,,,
esd-3107,2011-07-06,2011,regular,New York Red Bulls,Toronto FC,5,0,,,engsoccerdata,,,,
esd-3108,2011-07-06,2011,regular,Sporting Kansas City,Colorado Rapids,1,1,,,engsoccerdata,,,,
esd-3109,2011-07-07,2011,regular,Vancouver Whitecaps,Columbus Crew,0,1,,,engsoccerdata,,,,
esd-3110,2011-07-07,2011,regular,CD Chivas USA,San Jose Earthquakes,2,0,,,engsoccerdata,,,,
esd-3111,2011-07-09,2011,regular,Sporting Kansas City,CD Chivas USA,1,1,,,engsoccerdata,,,,
esd-3112,2011-07-09,2011,regular,New York Red Bulls,DC United,0,1,,,engsoccerdata,,,,
esd-3113,2011-07-09,2011,regular,Houston Dynamo,Toronto FC,2,0,,,engsoccerdata,,,,
esd-3114,2011-07-09,2011,regular,Real Salt Lake,FC Dallas,2,0,,,engsoccerdata,,,,
esd-3115,2011-07-09,2011,regular,Colorado Rapids,Vancouver Whitecaps,2,1,,,engsoccerdata,,,,
esd-3116,2011-07-10,2011,regular,LA Galaxy,Chicago Fire,2,1,,,engsoccerdata,,,,
esd-3117,2011-07-10,2011,regular,San Jose Earthquakes,Philadelphia Union,0,0,,,engsoccerdata,,,,
esd-3118,2011-07-10,2011,regular,Portland Timbers,Seattle Sounders,2,3,,,engsoccerdata,,,,
esd-3119,2011-07-16,2011,regular,Seattle Sounders,Colorado Rapids,4,3,,,engsoccerdata,,,,
esd-3120,2011-07-16,2011,regular,Columbus Crew,San Jose Earthquakes,0,0,,,engsoccerdata,,,,
esd-3121,2011-07-16,2011,regular,Chicago Fire,Portland Timbers,0,1,,,engsoccerdata,,,,
esd-3122,2011-07-16,2011,regular,Houston Dynamo,Sporting Kansas City,1,1,,,engsoccerdata,,,,
esd-3123,2011-07-16,2011,regular,FC Dallas,DC United,0,0,,,engsoccerdata,,,,
esd-3124,2011-07-17,2011,regular,CD Chivas USA,New York Red Bulls,0,0,,,engsoccerdata,,,,
esd-3125,2011-07-17,2011,regular,New England Revolution,Philadelphia Union,0,3,,,engsoccerdata,,,,
esd-3126,2011-07-20,2011,regular,DC United,New England Revolution,0,1,,,engsoccerdata,,,,
esd-3127,2011-07-20,2011,regular,Toronto FC,FC Dallas,0,1,,,engsoccerdata,,,,
esd-3128,2011-07-20,2011,regular,Colorado Rapids,New York Red Bulls,4,1,,,engsoccerdata,,,,
esd-3129,2011-07-21,2011,regular,San Jose Earthquakes,Vancouver Whitecaps,2,2,,,engsoccerdata,,,,
esd-3130,2011-07-21,2011,regular,LA Galaxy,Columbus Crew,1,0,,,engsoccerdata,,,,
esd-3131,2011-07-23,2011,regular,New York Red Bulls,FC Dallas,2,2,,,engsoccerdata,,,,
esd-3132,2011-07-23,2011,regular,Columbus Crew,Portland Timbers,1,0,,,engsoccerdata,,,,
esd-3133,2011-07-23,2011,regular,Sporting Kansas City,Toronto FC,4,2,,,engsoccerdata,,,,
esd-3134,2011-07-23,2011,regular,Colorado Rapids,New England Revolution,2,2,,,engsoccerdata,,,,
esd-3135,2011-07-24,2011,regular,Real Salt Lake,San Jose Earthquakes,4,0,,,engsoccerdata,,,,
esd-3136,2011-07-24,2011,regular,CD Chivas USA,Houston Dynamo,3,0,,,engsoccerdata,,,,
esd-3137,2011-07-29,2011,regular,Philadelphia Union,Colorado Rapids,1,2,,,engsoccerdata,,,,
esd-3138,2011-07-30,2011,regular,Vancouver Whitecaps,LA Galaxy,0,4,,,engsoccerdata,,,,
esd-3139,2011-07-30,2011,regular,Sporting Kansas City,New England Revolution,1,1,,,engsoccerdata,,,,
esd-3140,2011-07-30,2011,regular,Houston Dynamo,Seattle Sounders,3,1,,,engsoccerdata,,,,
esd-3141,2011-07-30,2011,regular,Real Salt Lake,Columbus Crew,0,2,,,engsoccerdata,,,,
esd-3142,2011-07-31,2011,regular,San Jose Earthquakes,DC United,0,2,,,engsoccerdata,,,,
esd-3143,2011-07-31,2011,regular,Portland Timbers,Toronto FC,2,2,,,engsoccerdata,,,,
esd-3144,2011-07-31,2011,regular,FC Dallas,CD Chivas USA,1,0,,,engsoccerdata,,,,
esd-3145,2011-08-03,2011,regular,Sporting Kansas City,Real Salt Lake,2,0,,,engsoccerdata,,,,
esd-3146,2011-08-03,2011,regular,Chicago Fire,Philadelphia Union,1,1,,,engsoccerdata,,,,
esd-3147,2011-08-04,2011,regular,Portland Timbers,LA Galaxy,3,0,,,engsoccerdata,,,,
esd-3148,2011-08-05,2011,regular,Colorado Rapids,Columbus Crew,2,0,,,engsoccerdata,,,,
esd-3149,2011-08-06,2011,regular,DC United,Toronto FC,3,3,,,engsoccerdata,,,,
esd-3150,2011-08-06,2011,regular,New England Revolution,CD Chivas USA,2,3,,,engsoccerdata,,,,
esd-3151,2011-08-06,2011,regular,Philadelphia Union,Houston Dynamo,1,1,,,engsoccerdata,,,,
esd-3152,2011-08-06,2011,regular,Sporting Kansas City,Seattle Sounders,1,2,,,engsoccerdata,,,,
esd-3153,2011-08-06,2011,regular,Real Salt Lake,New York Red Bulls,3,0,,,engsoccerdata,,,,
esd-3154,2011-08-07,2011,regular,LA Galaxy,FC Dallas,3,1,,,engsoccerdata,,,,
esd-3155,2011-08-07,2011,regular,San Jose Earthquakes,Portland Timbers,1,1,,,engsoccerdata,,,,
esd-3156,2011-08-07,2011,regular,Vancouver Whitecaps,Chicago Fire,4,2,,,engsoccerdata,,,,
esd-3157,2011-08-13,2011,regular,Seattle Sounders,CD Chivas USA,0,0,,,engsoccerdata,,,,
esd-3158,2011-08-13,2011,regular,Toronto FC,Real Salt Lake,1,0,,,engsoccerdata,,,,
esd-3159,2011-08-13,2011,regular,Columbus Crew,New England Revolution,3,1,,,engsoccerdata,,,,
esd-3160,2011-08-13,2011,regular,New York Red Bulls,Chicago Fire,2,2,,,engsoccerdata,,,,
esd-3161,2011-08-13,2011,regular,DC United,Vancouver Whitecaps,4,0,,,engsoccerdata,,,,
esd-3162,2011-08-13,2011,regular,Philadelphia Union,FC Dallas,2,2,,,engsoccerdata,,,,
esd-3163,2011-08-14,2011,regular,San Jose Earthquakes,Colorado Rapids,1,2,,,engsoccerdata,,,,
esd-3164,2011-08-14,2011,regular,Houston Dynamo,Portland Timbers,2,1,,,engsoccerdata,,,,
esd-3165,2011-08-17,2011,regular,New England Revolution,Houston Dynamo,1,1,,,engsoccerdata,,,,
esd-3166,2011-08-17,2011,regular,Sporting Kansas City,Portland Timbers,3,1,,,engsoccerdata,,,,
esd-3167,2011-08-18,2011,regular,Chicago Fire,DC United,1,1,,,engsoccerdata,,,,
esd-3168,2011-08-20,2011,regular,New England Revolution,New York Red Bulls,2,2,,,engsoccerdata,,,,
esd-3169,2011-08-20,2011,regular,Columbus Crew,Philadelphia Union,2,1,,,engsoccerdata,,,,
esd-3170,2011-08-20,2011,regular,Houston Dynamo,Real Salt Lake,3,2,,,engsoccerdata,,,,
esd-3171,2011-08-20,2011,regular,Colorado Rapids,CD Chivas USA,2,2,,,engsoccerdata,,,,
esd-3172,2011-08-20,2011,regular,FC Dallas,Seattle Sounders,0,1,,,engsoccerdata,,,,
esd-3173,2011-08-21,2011,regular,Portland Timbers,Vancouver Whitecaps,2,1,,,engsoccerdata,,,,
esd-3174,2011-08-21,2011,regular,LA Galaxy,San Jose Earthquakes,2,0,,,engsoccerdata,,,,
esd-3175,2011-08-21,2011,regular,Chicago Fire,Toronto FC,2,0,,,engsoccerdata,,,,
esd-3176,2011-08-21,2011,regular,Sporting Kansas City,DC United,1,0,,,engsoccerdata,,,,
esd-3177,2011-08-25,2011,regular,Portland Timbers,CD Chivas USA,1,0,,,engsoccerdata,,,,
esd-3178,2011-08-27,2011,regular,Seattle Sounders,Columbus Crew,6,2,,,engsoccerdata,,,,
esd-3179,2011-08-27,2011,regular,Vancouver Whitecaps,Houston Dynamo,1,0,,,engsoccerdata,,,,
esd-3180,2011-08-27,2011,regular,Toronto FC,San Jose Earthquakes,1,1,,,engsoccerdata,,,,
esd-3181,2011-08-27,2011,regular,Chicago Fire,Colorado Rapids,2,0,,,engsoccerdata,,,,
esd-3182,2011-08-27,2011,regular,Sporting Kansas City,FC Dallas,2,3,,,engsoccerdata,,,,
esd-3183,2011-08-28,2011,regular,CD Chivas USA,Real Salt Lake,0,1,,,engsoccerdata,,,,
esd-3184,2011-09-03,2011,regular,Real Salt Lake,Philadelphia Union,2,1,,,engsoccerdata,,,,
esd-3185,2011-09-05,2011,regular,Sporting Kansas City,LA Galaxy,2,2,,,engsoccerdata,,,,
esd-3186,2011-09-07,2011,regular,Philadelphia Union,New England Revolution,4,4,,,engsoccerdata,,,,
esd-3187,2011-09-10,2011,regular,LA Galaxy,Colorado Rapids,1,0,,,engsoccerdata,,,,
esd-3188,2011-09-10,2011,regular,Sporting Kansas City,Houston Dynamo,3,0,,,engsoccerdata,,,,
esd-3189,2011-09-10,2011,regular,Seattle Sounders,Real Salt Lake,1,2,,,engsoccerdata,,,,
esd-3190,2011-09-10,2011,regular,New York Red Bulls,Vancouver Whitecaps,1,1,,,engsoccerdata,,,,
esd-3191,2011-09-10,2011,regular,New England Revolution,FC Dallas,2,0,,,engsoccerdata,,,,
esd-3192,2011-09-10,2011,regular,Philadelphia Union,Portland Timbers,0,0,,,engsoccerdata,,,,
esd-3193,2011-09-10,2011,regular,Columbus Crew,Toronto FC,2,4,,,engsoccerdata,,,,
esd-3194,2011-09-11,2011,regular,CD Chivas USA,DC United,0,3,,,engsoccerdata,,,,
esd-3195,2011-09-11,2011,regular,San Jose Earthquakes,Chicago Fire,2,0,,,engsoccerdata,,,,
esd-3196,2011-09-14,2011,regular,Columbus Crew,Houston Dynamo,2,2,,,engsoccerdata,,,,
esd-3197,2011-09-17,2011,regular,Portland Timbers,New England Revolution,3,0,,,engsoccerdata,,,,
esd-3198,2011-09-17,2011,regular,Toronto FC,Colorado Rapids,2,1,,,engsoccerdata,,,,
esd-3199,2011-09-17,2011,regular,Chicago Fire,CD Chivas USA,3,2,,,engsoccerdata,,,,
esd-3200,2011-09-17,2011,regular,Philadelphia Union,Columbus Crew,1,0,,,engsoccerdata,,,,
esd-3201,2011-09-17,2011,regular,FC Dallas,New York Red Bulls,0,1,,,engsoccerdata,,,,
esd-3202,2011-09-17,2011,regular,Houston Dynamo,San Jose Earthquakes,2,1,,,engsoccerdata,,,,
esd-3203,2011-09-17,2011,regular,Real Salt Lake,Sporting Kansas City,1,0,,,engsoccerdata,,,,
esd-3204,2011-09-17,2011,regular,Seattle Sounders,DC United,3,0,,,engsoccerdata,,,,
esd-3205,2011-09-18,2011,regular,LA Galaxy,Vancouver Whitecaps,3,0,,,engsoccerdata,,,,
esd-3206,2011-09-21,2011,regular,DC United,CD Chivas USA,2,2,,,engsoccerdata,,,,
esd-3207,2011-09-21,2011,regular,New York Red Bulls,Real Salt Lake,1,3,,,engsoccerdata,,,,
esd-3208,2011-09-22,2011,regular,Portland Timbers,San Jose Earthquakes,1,1,,,engsoccerdata,,,,
esd-3209,2011-09-23,2011,regular,Sporting Kansas City,Philadelphia Union,1,1,,,engsoccerdata,,,,
esd-3210,2011-09-24,2011,regular,FC Dallas,Houston Dynamo,0,1,,,engsoccerdata,,,,
esd-3211,2011-09-24,2011,regular,New York Red Bulls,Portland Timbers,2,0,,,engsoccerdata,,,,
esd-3212,2011-09-24,2011,regular,Columbus Crew,LA Galaxy,0,1,,,engsoccerdata,,,,
esd-3213,2011-09-24,2011,regular,DC United,Real Salt Lake,4,1,,,engsoccerdata,,,,
esd-3214,2011-09-24,2011,regular,Colorado Rapids,San Jose Earthquakes,1,1,,,engsoccerdata,,,,
esd-3215,2011-09-25,2011,regular,CD Chivas USA,Toronto FC,3,0,,,engsoccerdata,,,,
esd-3216,2011-09-25,2011,regular,Vancouver Whitecaps,Seattle Sounders,1,3,,,engsoccerdata,,,,
esd-3217,2011-09-25,2011,regular,Chicago Fire,New England Revolution,3,2,,,engsoccerdata,,,,
esd-3218,2011-09-28,2011,regular,Sporting Kansas City,Columbus Crew,2,1,,,engsoccerdata,,,,
esd-3219,2011-09-28,2011,regular,Real Salt Lake,Chicago Fire,0,3,,,engsoccerdata,,,,
esd-3220,2011-09-29,2011,regular,Philadelphia Union,DC United,3,2,,,engsoccerdata,,,,
esd-3221,2011-10-01,2011,regular,Houston Dynamo,Chicago Fire,1,1,,,engsoccerdata,,,,
esd-3222,2011-10-01,2011,regular,New England Revolution,Seattle Sounders,1,2,,,engsoccerdata,,,,
esd-3223,2011-10-01,2011,regular,Toronto FC,New York Red Bulls,1,1,,,engsoccerdata,,,,
esd-3224,2011-10-01,2011,regular,Colorado Rapids,FC Dallas,1,0,,,engsoccerdata,,,,
esd-3225,2011-10-02,2011,regular,San Jose Earthquakes,Sporting Kansas City,1,1,,,engsoccerdata,,,,
esd-3226,2011-10-02,2011,regular,LA Galaxy,Real Salt Lake,2,1,,,engsoccerdata,,,,
esd-3227,2011-10-02,2011,regular,Columbus Crew,DC United,2,1,,,engsoccerdata,,,,
esd-3228,2011-10-02,2011,regular,Vancouver Whitecaps,Portland Timbers,0,1,,,engsoccerdata,,,,
esd-3229,2011-10-02,2011,regular,CD Chivas USA,Philadelphia Union,1,1,,,engsoccerdata,,,,
esd-3230,2011-10-04,2011,regular,New York Red Bulls,LA Galaxy,2,0,,,engsoccerdata,,,,
esd-3231,2011-10-06,2011,regular,Vancouver Whitecaps,Real Salt Lake,3,0,,,engsoccerdata,,,,
esd-3232,2011-10-08,2011,regular,New England Revolution,San Jose Earthquakes,1,2,,,engsoccerdata,,,,
esd-3233,2011-10-09,2011,regular,Seattle Sounders,Philadelphia Union,0,2,,,engsoccerdata,,,,
esd-3234,2011-10-12,2011,regular,Chicago Fire,FC Dallas,1,2,,,engsoccerdata,,,,
esd-3235,2011-10-13,2011,regular,Vancouver Whitecaps,DC United,2,1,,,engsoccerdata,,,,
esd-3236,2011-10-15,2011,regular,Colorado Rapids,Real Salt Lake,0,0,,,engsoccerdata,,,,
esd-3237,2011-10-15,2011,regular,Portland Timbers,Houston Dynamo,0,2,,,engsoccerdata,,,,
esd-3238,2011-10-15,2011,regular,Sporting Kansas City,New York Red Bulls,2,0,,,engsoccerdata,,,,
esd-3239,2011-10-15,2011,regular,Philadelphia Union,Toronto FC,1,1,,,engsoccerdata,,,,
esd-3240,2011-10-15,2011,regular,New England Revolution,Columbus Crew,0,3,,,engsoccerdata,,,,
esd-3241,2011-10-15,2011,regular,DC United,Chicago Fire,1,2,,,engsoccerdata,,,,
esd-3242,2011-10-15,2011,regular,FC Dallas,Vancouver Whitecaps,2,0,,,engsoccerdata,,,,
esd-3243,2011-10-16,2011,regular,Seattle Sounders,San Jose Earthquakes,2,1,,,engsoccerdata,,,,
esd-3244,2011-10-16,2011,regular,LA Galaxy,CD Chivas USA,1,0,,,engsoccerdata,,,,
esd-3245,2011-10-19,2011,regular,DC United,Portland Timbers,1,1,,,engsoccerdata,,,,
esd-3246,2011-10-20,2011,regular,New York Red Bulls,Philadelphia Union,1,0,,,engsoccerdata,,,,
esd-3247,2011-10-22,2011,regular,Toronto FC,New England Revolution,2,2,,,engsoccerdata,,,,
esd-3248,2011-10-22,2011,regular,Vancouver Whitecaps,Colorado Rapids,1,2,,,engsoccerdata,,,,
esd-3249,2011-10-22,2011,regular,DC United,Sporting Kansas City,0,1,,,engsoccerdata,,,,
esd-3250,2011-10-22,2011,regular,Chicago Fire,Columbus Crew,3,2,,,engsoccerdata,,,,
esd-3251,2011-10-22,2011,regular,Real Salt Lake,Portland Timbers,1,1,,,engsoccerdata,,,,
esd-3252,2011-10-23,2011,regular,CD Chivas USA,Seattle Sounders,1,3,,,engsoccerdata,,,,
esd-3253,2011-10-23,2011,regular,San Jose Earthquakes,FC Dallas,4,2,,,engsoccerdata,,,,
esd-3254,2011-10-23,2011,regular,Houston Dynamo,LA Galaxy,3,1,,,engsoccerdata,,,,
esd-3255,2011-10-26,2011,postseason,FC Dallas,New York Red Bulls,0,2,,,engsoccerdata,,,,
esd-3256,2011-10-28,2011,postseason,Colorado Rapids,Columbus Crew,1,0,,,engsoccerdata,,,,
esd-3257,2011-10-30,2011,postseason,Real Salt Lake,Seattle Sounders,3,0,,,engsoccerdata,,,,
esd-3258,2011-10-30,2011,postseason,New York Red Bulls,LA Galaxy,0,1,,,engsoccerdata,,,,
esd-3259,2011-10-30,2011,postseason,Philadelphia Union,Houston Dynamo,1,2,,,engsoccerdata,,,,
esd-3260,2011-10-30,2011,postseason,Colorado Rapids,Sporting Kansas City,0,2,,,engsoccerdata,,,,
esd-3261,2011-11-02,2011,postseason,Sporting Kansas City,Colorado Rapids,2,0,,,engsoccerdata,,,,
esd-3262,2011-11-03,2011,postseason,Seattle Sounders,Real Salt Lake,2,0,,,engsoccerdata,,,,
esd-3263,2011-11-03,2011,postseason,Houston Dynamo,Philadelphia Union,1,0,,,engsoccerdata,,,,
esd-3264,2011-11-04,2011,postseason,LA Galaxy,New York Red Bulls,2,1,,,engsoccerdata,,,,
esd-3265,2011-11-06,2011,postseason,Sporting Kansas City,Houston Dynamo,0,2,,,engsoccerdata,,,,
esd-3266,2011-11-06,2011,postseason,LA Galaxy,Real Salt Lake,3,1,,,engsoccerdata,,,,
esd-3267,2011-11-20,2011,postseason,LA Galaxy,Houston Dynamo,1,0,1,,engsoccerdata,,,,
esd-3268,2012-03-10,2012,regular,Colorado Rapids,Columbus Crew,2,0,,,engsoccerdata,,,,
esd-3269,2012-03-10,2012,regular,Vancouver Whitecaps,Montreal Impact,2,0,,,engsoccerdata,,,,
esd-3270,2012-03-10,2012,regular,DC United,Sporting Kansas City,0,1,,,engsoccerdata,,,,
esd-3271,2012-03-11,2012,regular,San Jose Earthquakes,New England Revolution,1,0,,,engsoccerdata,,,,
esd-3272,2012-03-11,2012,regular,LA Galaxy,Real Salt Lake,1,3,,,engsoccerdata,,,,
esd-3273,2012-03-11,2012,regular,FC Dallas,New York Red Bulls,2,1,,,engsoccerdata,,,,
esd-3274,2012-03-11,2012,regular,CD Chivas USA,Houston Dynamo,0,1,,,engsoccerdata,,,,
esd-3275,2012-03-12,2012,regular,Portland Timbers,Philadelphia Union,3,1,,,engsoccerdata,,,,
esd-3276,2012-03-17,2012,regular,Montreal Impact,Chicago Fire,1,1,,,engsoccerdata,,,,
esd-3277,2012-03-17,2012,regular,San Jose Earthquakes,Houston Dynamo,0,1,,,engsoccerdata,,,,
esd-3278,2012-03-17,2012,regular,FC Dallas,Portland Timbers,1,1,,,engsoccerdata,,,,
esd-3279,2012-03-17,2012,regular,Sporting Kansas City,New England Revolution,3,0,,,engsoccerdata,,,,
esd-3280,2012-03-18,2012,regular,Seattle Sounders,Toronto FC,3,1,,,engsoccerdata,,,,
esd-3281,2012-03-18,2012,regular,Real Salt Lake,New York Red Bulls,2,0,,,engsoccerdata,,,,
esd-3282,2012-03-18,2012,regular,CD Chivas USA,Vancouver Whitecaps,0,1,,,engsoccerdata,,,,
esd-3283,2012-03-18,2012,regular,Philadelphia Union,Colorado Rapids,1,2,,,engsoccerdata,,,,
esd-3284,2012-03-18,2012,regular,LA Galaxy,DC United,3,1,,,engsoccerdata,,,,
esd-3285,2012-03-24,2012,regular,Seattle Sounders,Houston Dynamo,2,0,,,engsoccerdata,,,,
esd-3286,2012-03-24,2012,regular,Toronto FC,San Jose Earthquakes,0,3,,,engsoccerdata,,,,
esd-3287,2012-03-24,2012,regular,New England Revolution,Portland Timbers,1,0,,,engsoccerdata,,,,
esd-3288,2012-03-24,2012,regular,Columbus Crew,Montreal Impact,2,0,,,engsoccerdata,,,,
esd-3289,2012-03-24,2012,regular,Chicago Fire,Philadelphia Union,1,0,,,engsoccerdata,,,,
esd-3290,2012-03-24,2012,regular,Real Salt Lake,CD Chivas USA,0,1,,,engsoccerdata,,,,
esd-3291,2012-03-25,2012,regular,Vancouver Whitecaps,DC United,0,0,,,engsoccerdata,,,,
esd-3292,2012-03-25,2012,regular,New York Red Bulls,Colorado Rapids,4,1,,,engsoccerdata,,,,
esd-3293,2012-03-25,2012,regular,Sporting Kansas City,FC Dallas,2,1,,,engsoccerdata,,,,
esd-3294,2012-03-30,2012,regular,DC United,FC Dallas,4,1,,,engsoccerdata,,,,
esd-3295,2012-03-31,2012,regular,Toronto FC,Columbus Crew,0,1,,,engsoccerdata,,,,
esd-3296,2012-03-31,2012,regular,New York Red Bulls,Montreal Impact,5,2,,,engsoccerdata,,,,
esd-3297,2012-03-31,2012,regular,Philadelphia Union,Vancouver Whitecaps,0,0,,,engsoccerdata,,,,
esd-3298,2012-04-01,2012,regular,Portland Timbers,Real Salt Lake,2,3,,,engsoccerdata,,,,
esd-3299,2012-04-01,2012,regular,Seattle Sounders,San Jose Earthquakes,0,1,,,engsoccerdata,,,,
esd-3300,2012-04-01,2012,regular,LA Galaxy,New England Revolution,1,3,,,engsoccerdata,,,,
esd-3301,2012-04-01,2012,regular,Colorado Rapids,Chicago Fire,2,0,,,engsoccerdata,,,,
esd-3302,2012-04-01,2012,regular,CD Chivas USA,Sporting Kansas City,0,1,,,engsoccerdata,,,,
esd-3303,2012-04-04,2012,regular,Real Salt Lake,Montreal Impact,1,0,,,engsoccerdata,,,,
esd-3304,2012-04-05,2012,regular,FC Dallas,New England Revolution,1,0,,,engsoccerdata,,,,
esd-3305,2012-04-07,2012,regular,Montreal Impact,Toronto FC,2,1,,,engsoccerdata,,,,
esd-3306,2012-04-07,2012,regular,Columbus Crew,New York Red Bulls,1,4,,,engsoccerdata,,,,
esd-3307,2012-04-07,2012,regular,Sporting Kansas City,LA Galaxy,1,0,,,engsoccerdata,,,,
esd-3308,2012-04-07,2012,regular,San Jose Earthquakes,Vancouver Whitecaps,3,1,,,engsoccerdata,,,,
esd-3309,2012-04-07,2012,regular,DC United,Seattle Sounders,0,0,,,engsoccerdata,,,,
esd-3310,2012-04-07,2012,regular,Real Salt Lake,Colorado Rapids,2,0,,,engsoccerdata,,,,
esd-3311,2012-04-08,2012,regular,Portland Timbers,CD Chivas USA,1,2,,,engsoccerdata,,,,
esd-3312,2012-04-14,2012,regular,Philadelphia Union,Columbus Crew,1,0,,,engsoccerdata,,,,
esd-3313,2012-04-14,2012,regular,New England Revolution,DC United,1,2,,,engsoccerdata,,,,
esd-3314,2012-04-14,2012,regular,Seattle Sounders,Colorado Rapids,1,0,,,engsoccerdata,,,,
esd-3315,2012-04-14,2012,regular,Toronto FC,CD Chivas USA,0,1,,,engsoccerdata,,,,
esd-3316,2012-04-14,2012,regular,New York Red Bulls,San Jose Earthquakes,2,2,,,engsoccerdata,,,,
esd-3317,2012-04-14,2012,regular,FC Dallas,Montreal Impact,2,1,,,engsoccerdata,,,,
esd-3318,2012-04-14,2012,regular,Sporting Kansas City,Real Salt Lake,1,0,,,engsoccerdata,,,,
esd-3319,2012-04-15,2012,regular,LA Galaxy,Portland Timbers,3,1,,,engsoccerdata,,,,
esd-3320,2012-04-15,2012,regular,Chicago Fire,Houston Dynamo,1,1,,,engsoccerdata,,,,
esd-3321,2012-04-18,2012,regular,DC United,Montreal Impact,1,1,,,engsoccerdata,,,,
esd-3322,2012-04-19,2012,regular,Vancouver Whitecaps,Sporting Kansas City,1,3,,,engsoccerdata,,,,
esd-3323,2012-04-21,2012,regular,Toronto FC,Chicago Fire,2,3,,,engsoccerdata,,,,
esd-3324,2012-04-21,2012,regular,Columbus Crew,Houston Dynamo,2,2,,,engsoccerdata,,,,
esd-3325,2012-04-21,2012,regular,Colorado Rapids,LA Galaxy,1,2,,,engsoccerdata,,,,
esd-3326,2012-04-22,2012,regular,Vancouver Whitecaps,FC Dallas,1,0,,,engsoccerdata,,,,
esd-3327,2012-04-22,2012,regular,Portland Timbers,Sporting Kansas City,1,0,,,engsoccerdata,,,,
esd-3328,2012-04-22,2012,regular,CD Chivas USA,Philadelphia Union,0,1,,,engsoccerdata,,,,
esd-3329,2012-04-22,2012,regular,San Jose Earthquakes,Real Salt Lake,3,1,,,engsoccerdata,,,,
esd-3330,2012-04-22,2012,regular,DC United,New York Red Bulls,4,1,,,engsoccerdata,,,,
esd-3331,2012-04-25,2012,regular,FC Dallas,Real Salt Lake,1,1,,,engsoccerdata,,,,
esd-3332,2012-04-28,2012,regular,Montreal Impact,Portland Timbers,2,0,,,engsoccerdata,,,,
esd-3333,2012-04-28,2012,regular,New York Red Bulls,New England Revolution,1,0,,,engsoccerdata,,,,
esd-3334,2012-04-28,2012,regular,Philadelphia Union,San Jose Earthquakes,1,2,,,engsoccerdata,,,,
esd-3335,2012-04-28,2012,regular,DC United,Houston Dynamo,3,2,,,engsoccerdata,,,,
esd-3336,2012-04-28,2012,regular,Columbus Crew,Vancouver Whitecaps,0,1,,,engsoccerdata,,,,
esd-3337,2012-04-28,2012,regular,Chicago Fire,Seattle Sounders,1,2,,,engsoccerdata,,,,
esd-3338,2012-04-28,2012,regular,Real Salt Lake,Toronto FC,3,2,,,engsoccerdata,,,,
esd-3339,2012-04-28,2012,regular,Colorado Rapids,CD Chivas USA,4,0,,,engsoccerdata,,,,
esd-3340,2012-04-29,2012,regular,LA Galaxy,FC Dallas,1,1,,,engsoccerdata,,,,
esd-3341,2012-05-02,2012,regular,New England Revolution,Colorado Rapids,2,1,,,engsoccerdata,,,,
esd-3342,2012-05-03,2012,regular,Seattle Sounders,LA Galaxy,2,0,,,engsoccerdata,,,,
esd-3343,2012-05-03,2012,regular,San Jose Earthquakes,DC United,5,3,,,engsoccerdata,,,,
esd-3344,2012-05-05,2012,regular,CD Chivas USA,Chicago Fire,1,2,,,engsoccerdata,,,,
esd-3345,2012-05-05,2012,regular,Toronto FC,DC United,0,2,,,engsoccerdata,,,,
esd-3346,2012-05-05,2012,regular,Seattle Sounders,Philadelphia Union,1,0,,,engsoccerdata,,,,
esd-3347,2012-05-05,2012,regular,Vancouver Whitecaps,San Jose Earthquakes,2,1,,,engsoccerdata,,,,
esd-3348,2012-05-05,2012,regular,LA Galaxy,New York Red Bulls,0,1,,,engsoccerdata,,,,
esd-3349,2012-05-05,2012,regular,Sporting Kansas City,Montreal Impact,0,2,,,engsoccerdata,,,,
esd-3350,2012-05-05,2012,regular,Real Salt Lake,New England Revolution,2,1,,,engsoccerdata,,,,
esd-3351,2012-05-06,2012,regular,Portland Timbers,Columbus Crew,0,0,,,engsoccerdata,,,,
esd-3352,2012-05-06,2012,regular,FC Dallas,Colorado Rapids,0,2,,,engsoccerdata,,,,
esd-3353,2012-05-09,2012,regular,New York Red Bulls,Houston Dynamo,1,0,,,engsoccerdata,,,,
esd-3354,2012-05-09,2012,regular,Chicago Fire,Real Salt Lake,0,0,,,engsoccerdata,,,,
esd-3355,2012-05-09,2012,regular,FC Dallas,Seattle Sounders,0,2,,,engsoccerdata,,,,
esd-3356,2012-05-12,2012,regular,Montreal Impact,LA Galaxy,1,1,,,engsoccerdata,,,,
esd-3357,2012-05-12,2012,regular,Houston Dynamo,DC United,1,0,,,engsoccerdata,,,,
esd-3358,2012-05-12,2012,regular,New England Revolution,Vancouver Whitecaps,4,1,,,engsoccerdata,,,,
esd-3359,2012-05-12,2012,regular,Columbus Crew,FC Dallas,2,1,,,engsoccerdata,,,,
esd-3360,2012-05-12,2012,regular,Chicago Fire,Sporting Kansas City,2,1,,,engsoccerdata,,,,
esd-3361,2012-05-13,2012,regular,Seattle Sounders,Real Salt Lake,0,1,,,engsoccerdata,,,,
esd-3362,2012-05-13,2012,regular,Philadelphia Union,New York Red Bulls,2,3,,,engsoccerdata,,,,
esd-3363,2012-05-13,2012,regular,San Jose Earthquakes,CD Chivas USA,1,1,,,engsoccerdata,,,,
esd-3364,2012-05-15,2012,regular,Houston Dynamo,Portland Timbers,0,0,,,engsoccerdata,,,,
esd-3365,2012-05-16,2012,regular,DC United,Colorado Rapids,2,0,,,engsoccerdata,,,,
esd-3366,2012-05-19,2012,regular,Vancouver Whitecaps,Seattle Sounders,2,2,,,engsoccerdata,,,,
esd-3367,2012-05-19,2012,regular,Montreal Impact,New York Red Bulls,1,2,,,engsoccerdata,,,,
esd-3368,2012-05-19,2012,regular,DC United,Toronto FC,3,1,,,engsoccerdata,,,,
esd-3369,2012-05-19,2012,regular,New England Revolution,Houston Dynamo,2,2,,,engsoccerdata,,,,
esd-3370,2012-05-19,2012,regular,FC Dallas,Philadelphia Union,1,1,,,engsoccerdata,,,,
esd-3371,2012-05-19,2012,regular,Colorado Rapids,Sporting Kansas City,2,2,,,engsoccerdata,,,,
esd-3372,2012-05-20,2012,regular,CD Chivas USA,LA Galaxy,1,0,,,engsoccerdata,,,,
esd-3373,2012-05-20,2012,regular,San Jose Earthquakes,Columbus Crew,1,1,,,engsoccerdata,,,,
esd-3374,2012-05-20,2012,regular,Portland Timbers,Chicago Fire,2,1,,,engsoccerdata,,,,
esd-3375,2012-05-23,2012,regular,New York Red Bulls,CD Chivas USA,1,1,,,engsoccerdata,,,,
esd-3376,2012-05-23,2012,regular,Chicago Fire,FC Dallas,2,1,,,engsoccerdata,,,,
esd-3377,2012-05-24,2012,regular,Seattle Sounders,Columbus Crew,0,2,,,engsoccerdata,,,,
esd-3378,2012-05-24,2012,regular,LA Galaxy,San Jose Earthquakes,2,3,,,engsoccerdata,,,,
esd-3379,2012-05-26,2012,regular,Houston Dynamo,LA Galaxy,2,1,,,engsoccerdata,,,,
esd-3380,2012-05-26,2012,regular,Toronto FC,Philadelphia Union,1,0,,,engsoccerdata,,,,
esd-3381,2012-05-26,2012,regular,Columbus Crew,Chicago Fire,2,1,,,engsoccerdata,,,,
esd-3382,2012-05-26,2012,regular,DC United,New England Revolution,3,2,,,engsoccerdata,,,,
esd-3383,2012-05-26,2012,regular,Real Salt Lake,FC Dallas,3,2,,,engsoccerdata,,,,
esd-3384,2012-05-26,2012,regular,Colorado Rapids,Montreal Impact,3,2,,,engsoccerdata,,,,
esd-3385,2012-05-27,2012,regular,Portland Timbers,Vancouver Whitecaps,1,1,,,engsoccerdata,,,,
esd-3386,2012-05-27,2012,regular,CD Chivas USA,Seattle Sounders,1,1,,,engsoccerdata,,,,
esd-3387,2012-05-27,2012,regular,Sporting Kansas City,San Jose Earthquakes,2,1,,,engsoccerdata,,,,
esd-3388,2012-06-02,2012,regular,New England Revolution,Chicago Fire,2,0,,,engsoccerdata,,,,
esd-3389,2012-06-10,2012,regular,Vancouver Whitecaps,Houston Dynamo,3,1,,,engsoccerdata,,,,
esd-3390,2012-06-16,2012,regular,Vancouver Whitecaps,Colorado Rapids,1,0,,,engsoccerdata,,,,
esd-3391,2012-06-16,2012,regular,Philadelphia Union,DC United,0,1,,,engsoccerdata,,,,
esd-3392,2012-06-16,2012,regular,Houston Dynamo,FC Dallas,2,1,,,engsoccerdata,,,,
esd-3393,2012-06-16,2012,regular,Montreal Impact,Seattle Sounders,4,1,,,engsoccerdata,,,,
esd-3394,2012-06-16,2012,regular,New England Revolution,Columbus Crew,0,0,,,engsoccerdata,,,,
esd-3395,2012-06-16,2012,regular,Sporting Kansas City,Toronto FC,2,0,,,engsoccerdata,,,,
esd-3396,2012-06-17,2012,regular,CD Chivas USA,Real Salt Lake,0,3,,,engsoccerdata,,,,
esd-3397,2012-06-17,2012,regular,Chicago Fire,New York Red Bulls,3,1,,,engsoccerdata,,,,
esd-3398,2012-06-17,2012,regular,LA Galaxy,Portland Timbers,1,0,,,engsoccerdata,,,,
esd-3399,2012-06-20,2012,regular,Houston Dynamo,Toronto FC,3,3,,,engsoccerdata,,,,
esd-3400,2012-06-20,2012,regular,Real Salt Lake,LA Galaxy,2,3,,,engsoccerdata,,,,
esd-3401,2012-06-20,2012,regular,Colorado Rapids,San Jose Earthquakes,1,2,,,engsoccerdata,,,,
esd-3402,2012-06-21,2012,regular,Seattle Sounders,Sporting Kansas City,1,1,,,engsoccerdata,,,,
esd-3403,2012-06-21,2012,regular,CD Chivas USA,Montreal Impact,2,1,,,engsoccerdata,,,,
esd-3404,2012-06-21,2012,regular,Vancouver Whitecaps,New York Red Bulls,1,1,,,engsoccerdata,,,,
esd-3405,2012-06-23,2012,regular,Toronto FC,New England Revolution,2,2,,,engsoccerdata,,,,
esd-3406,2012-06-23,2012,regular,Philadelphia Union,Sporting Kansas City,4,0,,,engsoccerdata,,,,
esd-3407,2012-06-23,2012,regular,Montreal Impact,Houston Dynamo,4,2,,,engsoccerdata,,,,
esd-3408,2012-06-23,2012,regular,Chicago Fire,Columbus Crew,2,1,,,engsoccerdata,,,,
esd-3409,2012-06-23,2012,regular,Real Salt Lake,San Jose Earthquakes,1,2,,,engsoccerdata,,,,
esd-3410,2012-06-23,2012,regular,FC Dallas,CD Chivas USA,0,0,,,engsoccerdata,,,,
esd-3411,2012-06-24,2012,regular,LA Galaxy,Vancouver Whitecaps,3,0,,,engsoccerdata,,,,
esd-3412,2012-06-24,2012,regular,Portland Timbers,Seattle Sounders,2,1,,,engsoccerdata,,,,
esd-3413,2012-06-24,2012,regular,New York Red Bulls,DC United,3,2,,,engsoccerdata,,,,
esd-3414,2012-06-27,2012,regular,Montreal Impact,Toronto FC,0,3,,,engsoccerdata,,,,
esd-3415,2012-06-29,2012,regular,Sporting Kansas City,Chicago Fire,0,1,,,engsoccerdata,,,,
esd-3416,2012-06-30,2012,regular,Toronto FC,New York Red Bulls,1,1,,,engsoccerdata,,,,
esd-3417,2012-06-30,2012,regular,DC United,Montreal Impact,3,0,,,engsoccerdata,,,,
esd-3418,2012-06-30,2012,regular,New England Revolution,Seattle Sounders,2,2,,,engsoccerdata,,,,
esd-3419,2012-06-30,2012,regular,Houston Dynamo,Philadelphia Union,2,1,,,engsoccerdata,,,,
esd-3420,2012-06-30,2012,regular,Columbus Crew,Real Salt Lake,2,0,,,engsoccerdata,,,,
esd-3421,2012-06-30,2012,regular,Colorado Rapids,Portland Timbers,3,0,,,engsoccerdata,,,,
esd-3422,2012-07-01,2012,regular,San Jose Earthquakes,LA Galaxy,4,3,,,engsoccerdata,,,,
esd-3423,2012-07-03,2012,regular,Houston Dynamo,Chicago Fire,0,0,,,engsoccerdata,,,,
esd-3424,2012-07-04,2012,regular,Portland Timbers,San Jose Earthquakes,2,1,,,engsoccerdata,,,,
esd-3425,2012-07-04,2012,regular,Montreal Impact,Sporting Kansas City,1,3,,,engsoccerdata,,,,
esd-3426,2012-07-04,2012,regular,FC Dallas,Toronto FC,1,1,,,engsoccerdata,,,,
esd-3427,2012-07-04,2012,regular,Colorado Rapids,Vancouver Whitecaps,0,1,,,engsoccerdata,,,,
esd-3428,2012-07-05,2012,regular,Real Salt Lake,Seattle Sounders,0,0,,,engsoccerdata,,,,
esd-3429,2012-07-05,2012,regular,LA Galaxy,Philadelphia Union,1,2,,,engsoccerdata,,,,
esd-3430,2012-07-07,2012,regular,Sporting Kansas City,Houston Dynamo,0,0,,,engsoccerdata,,,,
esd-3431,2012-07-07,2012,regular,Real Salt Lake,Portland Timbers,3,0,,,engsoccerdata,,,,
esd-3432,2012-07-07,2012,regular,FC Dallas,San Jose Earthquakes,0,0,,,engsoccerdata,,,,
esd-3433,2012-07-08,2012,regular,CD Chivas USA,Vancouver Whitecaps,0,0,,,engsoccerdata,,,,
esd-3434,2012-07-08,2012,regular,Seattle Sounders,Colorado Rapids,2,1,,,engsoccerdata,,,,
esd-3435,2012-07-08,2012,regular,Chicago Fire,LA Galaxy,0,2,,,engsoccerdata,,,,
esd-3436,2012-07-08,2012,regular,Philadelphia Union,Toronto FC,3,0,,,engsoccerdata,,,,
esd-3437,2012-07-08,2012,regular,New England Revolution,New York Red Bulls,2,0,,,engsoccerdata,,,,
esd-3438,2012-07-08,2012,regular,Montreal Impact,Columbus Crew,2,1,,,engsoccerdata,,,,
esd-3439,2012-07-11,2012,regular,Toronto FC,Vancouver Whitecaps,3,2,,,engsoccerdata,,,,
esd-3440,2012-07-14,2012,regular,Philadelphia Union,Montreal Impact,2,1,,,engsoccerdata,,,,
esd-3441,2012-07-14,2012,regular,New England Revolution,Toronto FC,0,1,,,engsoccerdata,,,,
esd-3442,2012-07-14,2012,regular,Columbus Crew,Sporting Kansas City,0,2,,,engsoccerdata,,,,
esd-3443,2012-07-14,2012,regular,Chicago Fire,Vancouver Whitecaps,1,0,,,engsoccerdata,,,,
esd-3444,2012-07-14,2012,regular,Colorado Rapids,FC Dallas,1,2,,,engsoccerdata,,,,
esd-3445,2012-07-15,2012,regular,San Jose Earthquakes,Real Salt Lake,5,0,,,engsoccerdata,,,,
esd-3446,2012-07-15,2012,regular,Portland Timbers,LA Galaxy,3,5,,,engsoccerdata,,,,
esd-3447,2012-07-15,2012,regular,New York Red Bulls,Seattle Sounders,2,2,,,engsoccerdata,,,,
esd-3448,2012-07-15,2012,regular,Houston Dynamo,DC United,4,0,,,engsoccerdata,,,,
esd-3449,2012-07-18,2012,regular,New York Red Bulls,Chicago Fire,1,0,,,engsoccerdata,,,,
esd-3450,2012-07-18,2012,regular,CD Chivas USA,Portland Timbers,1,0,,,engsoccerdata,,,,
esd-3451,2012-07-18,2012,regular,Toronto FC,Colorado Rapids,2,1,,,engsoccerdata,,,,
esd-3452,2012-07-18,2012,regular,Montreal Impact,New England Revolution,2,1,,,engsoccerdata,,,,
esd-3453,2012-07-18,2012,regular,Houston Dynamo,Sporting Kansas City,2,1,,,engsoccerdata,,,,
esd-3454,2012-07-19,2012,regular,Vancouver Whitecaps,LA Galaxy,2,2,,,engsoccerdata,,,,
esd-3455,2012-07-19,2012,regular,San Jose Earthquakes,FC Dallas,2,1,,,engsoccerdata,,,,
esd-3456,2012-07-21,2012,regular,New York Red Bulls,Philadelphia Union,2,0,,,engsoccerdata,,,,
esd-3457,2012-07-21,2012,regular,Columbus Crew,DC United,1,0,,,engsoccerdata,,,,
esd-3458,2012-07-21,2012,regular,Houston Dynamo,Montreal Impact,3,0,,,engsoccerdata,,,,
esd-3459,2012-07-21,2012,regular,Sporting Kansas City,New England Revolution,0,0,,,engsoccerdata,,,,
esd-3460,2012-07-21,2012,regular,FC Dallas,Portland Timbers,5,0,,,engsoccerdata,,,,
esd-3461,2012-07-22,2012,regular,Real Salt Lake,Colorado Rapids,2,0,,,engsoccerdata,,,,
esd-3462,2012-07-22,2012,regular,LA Galaxy,CD Chivas USA,3,1,,,engsoccerdata,,,,
esd-3463,2012-07-22,2012,regular,Vancouver Whitecaps,San Jose Earthquakes,2,1,,,engsoccerdata,,,,
esd-3464,2012-07-27,2012,regular,Real Salt Lake,Vancouver Whitecaps,2,1,,,engsoccerdata,,,,
esd-3465,2012-07-28,2012,regular,Toronto FC,Houston Dynamo,0,2,,,engsoccerdata,,,,
esd-3466,2012-07-28,2012,regular,Montreal Impact,New York Red Bulls,3,1,,,engsoccerdata,,,,
esd-3467,2012-07-28,2012,regular,FC Dallas,LA Galaxy,0,1,,,engsoccerdata,,,,
esd-3468,2012-07-28,2012,regular,Sporting Kansas City,Columbus Crew,1,2,,,engsoccerdata,,,,
esd-3469,2012-07-28,2012,regular,Colorado Rapids,Seattle Sounders,1,2,,,engsoccerdata,,,,
esd-3470,2012-07-29,2012,regular,San Jose Earthquakes,Chicago Fire,1,1,,,engsoccerdata,,,,
esd-3471,2012-07-29,2012,regular,Portland Timbers,CD Chivas USA,0,1,,,engsoccerdata,,,,
esd-3472,2012-07-29,2012,regular,Philadelphia Union,New England Revolution,2,1,,,engsoccerdata,,,,
esd-3473,2012-08-03,2012,regular,Houston Dynamo,New York Red Bulls,2,0,,,engsoccerdata,,,,
esd-3474,2012-08-04,2012,regular,DC United,Columbus Crew,1,0,,,engsoccerdata,,,,
esd-3475,2012-08-04,2012,regular,New England Revolution,Sporting Kansas City,0,1,,,engsoccerdata,,,,
esd-3476,2012-08-04,2012,regular,Montreal Impact,Philadelphia Union,2,0,,,engsoccerdata,,,,
esd-3477,2012-08-04,2012,regular,Chicago Fire,Toronto FC,2,1,,,engsoccerdata,,,,
esd-3478,2012-08-04,2012,regular,Colorado Rapids,Real Salt Lake,1,0,,,engsoccerdata,,,,
esd-3479,2012-08-05,2012,regular,Portland Timbers,FC Dallas,1,1,,,engsoccerdata,,,,
esd-3480,2012-08-05,2012,regular,Seattle Sounders,LA Galaxy,4,0,,,engsoccerdata,,,,
esd-3481,2012-08-10,2012,regular,New York Red Bulls,Houston Dynamo,2,0,,,engsoccerdata,,,,
esd-3482,2012-08-11,2012,regular,Vancouver Whitecaps,Real Salt Lake,2,1,,,engsoccerdata,,,,
esd-3483,2012-08-11,2012,regular,Sporting Kansas City,DC United,2,1,,,engsoccerdata,,,,
esd-3484,2012-08-11,2012,regular,FC Dallas,Colorado Rapids,3,2,,,engsoccerdata,,,,
esd-3485,2012-08-12,2012,regular,San Jose Earthquakes,Seattle Sounders,2,1,,,engsoccerdata,,,,
esd-3486,2012-08-12,2012,regular,New England Revolution,Montreal Impact,0,1,,,engsoccerdata,,,,
esd-3487,2012-08-12,2012,regular,Philadelphia Union,Chicago Fire,1,3,,,engsoccerdata,,,,
esd-3488,2012-08-13,2012,regular,CD Chivas USA,LA Galaxy,0,4,,,engsoccerdata,,,,
esd-3489,2012-08-15,2012,regular,Columbus Crew,LA Galaxy,1,1,,,engsoccerdata,,,,
esd-3490,2012-08-15,2012,regular,Toronto FC,Portland Timbers,2,2,,,engsoccerdata,,,,
esd-3491,2012-08-16,2012,regular,Vancouver Whitecaps,FC Dallas,0,2,,,engsoccerdata,,,,
esd-3492,2012-08-18,2012,regular,Seattle Sounders,Vancouver Whitecaps,2,0,,,engsoccerdata,,,,
esd-3493,2012-08-18,2012,regular,Toronto FC,Sporting Kansas City,0,1,,,engsoccerdata,,,,
esd-3494,2012-08-18,2012,regular,Montreal Impact,San Jose Earthquakes,3,1,,,engsoccerdata,,,,
esd-3495,2012-08-18,2012,regular,Chicago Fire,New England Revolution,2,1,,,engsoccerdata,,,,
esd-3496,2012-08-18,2012,regular,Real Salt Lake,FC Dallas,1,2,,,engsoccerdata,,,,
esd-3497,2012-08-18,2012,regular,Colorado Rapids,CD Chivas USA,1,1,,,engsoccerdata,,,,
esd-3498,2012-08-19,2012,regular,DC United,Philadelphia Union,1,1,,,engsoccerdata,,,,
esd-3499,2012-08-19,2012,regular,New York Red Bulls,Portland Timbers,3,2,,,engsoccerdata,,,,
esd-3500,2012-08-19,2012,regular,Houston Dynamo,Columbus Crew,2,2,,,engsoccerdata,,,,
esd-3501,2012-08-22,2012,regular,Columbus Crew,Toronto FC,2,1,,,engsoccerdata,,,,
esd-3502,2012-08-22,2012,regular,DC United,Chicago Fire,4,2,,,engsoccerdata,,,,
esd-3503,2012-08-24,2012,regular,Philadelphia Union,Real Salt Lake,0,0,,,engsoccerdata,,,,
esd-3504,2012-08-25,2012,regular,Montreal Impact,DC United,3,0,,,engsoccerdata,,,,
esd-3505,2012-08-25,2012,regular,Columbus Crew,New England Revolution,4,3,,,engsoccerdata,,,,
esd-3506,2012-08-25,2012,regular,Houston Dynamo,Toronto FC,1,1,,,engsoccerdata,,,,
esd-3507,2012-08-26,2012,regular,Portland Timbers,Vancouver Whitecaps,2,1,,,engsoccerdata,,,,
esd-3508,2012-08-26,2012,regular,CD Chivas USA,Seattle Sounders,2,6,,,engsoccerdata,,,,
esd-3509,2012-08-26,2012,regular,San Jose Earthquakes,Colorado Rapids,4,1,,,engsoccerdata,,,,
esd-3510,2012-08-26,2012,regular,LA Galaxy,FC Dallas,2,0,,,engsoccerdata,,,,
esd-3511,2012-08-26,2012,regular,Sporting Kansas City,New York Red Bulls,1,1,,,engsoccerdata,,,,
esd-3512,2012-08-29,2012,regular,DC United,New York Red Bulls,2,2,,,engsoccerdata,,,,
esd-3513,2012-08-29,2012,regular,New England Revolution,CD Chivas USA,3,3,,,engsoccerdata,,,,
esd-3514,2012-08-29,2012,regular,Philadelphia Union,Columbus Crew,1,2,,,engsoccerdata,,,,
esd-3515,2012-09-01,2012,regular,Portland Timbers,Colorado Rapids,1,0,,,engsoccerdata,,,,
esd-3516,2012-09-01,2012,regular,New England Revolution,Philadelphia Union,0,0,,,engsoccerdata,,,,
esd-3517,2012-09-01,2012,regular,Columbus Crew,Montreal Impact,2,1,,,engsoccerdata,,,,
esd-3518,2012-09-01,2012,regular,Sporting Kansas City,Toronto FC,2,1,,,engsoccerdata,,,,
esd-3519,2012-09-02,2012,regular,LA Galaxy,Vancouver Whitecaps,2,0,,,engsoccerdata,,,,
esd-3520,2012-09-02,2012,regular,Real Salt Lake,DC United,1,0,,,engsoccerdata,,,,
esd-3521,2012-09-02,2012,regular,Chicago Fire,Houston Dynamo,3,1,,,engsoccerdata,,,,
esd-3522,2012-09-02,2012,regular,FC Dallas,Seattle Sounders,1,1,,,engsoccerdata,,,,
esd-3523,2012-09-02,2012,regular,San Jose Earthquakes,CD Chivas USA,4,0,,,engsoccerdata,,,,
esd-3524,2012-09-05,2012,regular,New England Revolution,Columbus Crew,2,0,,,engsoccerdata,,,,
esd-3525,2012-09-05,2012,regular,Colorado Rapids,Portland Timbers,3,0,,,engsoccerdata,,,,
esd-3526,2012-09-06,2012,regular,Houston Dynamo,Real Salt Lake,1,0,,,engsoccerdata,,,,
esd-3527,2012-09-08,2012,regular,Seattle Sounders,CD Chivas USA,2,1,,,engsoccerdata,,,,
esd-3528,2012-09-12,2012,regular,Toronto FC,Chicago Fire,1,2,,,engsoccerdata,,,,
esd-3529,2012-09-14,2012,regular,Sporting Kansas City,Houston Dynamo,1,1,,,engsoccerdata,,,,
esd-3530,2012-09-15,2012,regular,LA Galaxy,Colorado Rapids,2,0,,,engsoccerdata,,,,
esd-3531,2012-09-15,2012,regular,Toronto FC,Philadelphia Union,1,1,,,engsoccerdata,,,,
esd-3532,2012-09-15,2012,regular,Portland Timbers,Seattle Sounders,1,1,,,engsoccerdata,,,,
esd-3533,2012-09-15,2012,regular,New York Red Bulls,Columbus Crew,3,1,,,engsoccerdata,,,,
esd-3534,2012-09-15,2012,regular,DC United,New England Revolution,2,1,,,engsoccerdata,,,,
esd-3535,2012-09-15,2012,regular,Chicago Fire,Montreal Impact,3,1,,,engsoccerdata,,,,
esd-3536,2012-09-15,2012,regular,FC Dallas,Vancouver Whitecaps,1,0,,,engsoccerdata,,,,
esd-3537,2012-09-16,2012,regular,CD Chivas USA,San Jose Earthquakes,0,2,,,engsoccerdata,,,,
esd-3538,2012-09-19,2012,regular,New York Red Bulls,Sporting Kansas City,0,2,,,engsoccerdata,,,,
esd-3539,2012-09-19,2012,regular,Columbus Crew,CD Chivas USA,1,0,,,engsoccerdata,,,,
esd-3540,2012-09-20,2012,regular,San Jose Earthquakes,Portland Timbers,2,2,,,engsoccerdata,,,,
esd-3541,2012-09-20,2012,regular,Philadelphia Union,DC United,0,1,,,engsoccerdata,,,,
esd-3542,2012-09-22,2012,regular,Montreal Impact,Sporting Kansas City,0,0,,,engsoccerdata,,,,
esd-3543,2012-09-22,2012,regular,New England Revolution,New York Red Bulls,1,1,,,engsoccerdata,,,,
esd-3544,2012-09-22,2012,regular,Real Salt Lake,Portland Timbers,2,1,,,engsoccerdata,,,,
esd-3545,2012-09-22,2012,regular,Chicago Fire,Columbus Crew,2,1,,,engsoccerdata,,,,
esd-3546,2012-09-23,2012,regular,LA Galaxy,Toronto FC,4,2,,,engsoccerdata,,,,
esd-3547,2012-09-23,2012,regular,Seattle Sounders,San Jose Earthquakes,1,2,,,engsoccerdata,,,,
esd-3548,2012-09-23,2012,regular,Philadelphia Union,Houston Dynamo,3,1,,,engsoccerdata,,,,
esd-3549,2012-09-23,2012,regular,DC United,CD Chivas USA,1,0,,,engsoccerdata,,,,
esd-3550,2012-09-23,2012,regular,Vancouver Whitecaps,Colorado Rapids,2,2,,,engsoccerdata,,,,
esd-3551,2012-09-28,2012,regular,Sporting Kansas City,Chicago Fire,2,0,,,engsoccerdata,,,,
esd-3552,2012-09-29,2012,regular,New York Red Bulls,Toronto FC,4,1,,,engsoccerdata,,,,
esd-3553,2012-09-29,2012,regular,Columbus Crew,Philadelphia Union,3,2,,,engsoccerdata,,,,
esd-3554,2012-09-29,2012,regular,Houston Dynamo,New England Revolution,2,0,,,engsoccerdata,,,,
esd-3555,2012-09-29,2012,regular,Vancouver Whitecaps,Seattle Sounders,0,0,,,engsoccerdata,,,,
esd-3556,2012-09-30,2012,regular,Portland Timbers,DC United,1,1,,,engsoccerdata,,,,
esd-3557,2012-09-30,2012,regular,CD Chivas USA,Real Salt Lake,0,4,,,engsoccerdata,,,,
esd-3558,2012-09-30,2012,regular,San Jose Earthquakes,FC Dallas,3,3,,,engsoccerdata,,,,
esd-3559,2012-09-30,2012,regular,Colorado Rapids,LA Galaxy,1,1,,,engsoccerdata,,,,
esd-3560,2012-10-03,2012,regular,Chicago Fire,Philadelphia Union,1,3,,,engsoccerdata,,,,
esd-3561,2012-10-04,2012,regular,Vancouver Whitecaps,CD Chivas USA,4,0,,,engsoccerdata,,,,
esd-3562,2012-10-06,2012,regular,Toronto FC,DC United,0,1,,,engsoccerdata,,,,
esd-3563,2012-10-06,2012,regular,New York Red Bulls,Chicago Fire,0,2,,,engsoccerdata,,,,
esd-3564,2012-10-06,2012,regular,Philadelphia Union,New England Revolution,1,0,,,engsoccerdata,,,,
esd-3565,2012-10-06,2012,regular,Houston Dynamo,Montreal Impact,1,1,,,engsoccerdata,,,,
esd-3566,2012-10-06,2012,regular,Colorado Rapids,San Jose Earthquakes,1,4,,,engsoccerdata,,,,
esd-3567,2012-10-06,2012,regular,LA Galaxy,Real Salt Lake,1,2,,,engsoccerdata,,,,
esd-3568,2012-10-07,2012,regular,Columbus Crew,Sporting Kansas City,1,1,,,engsoccerdata,,,,
esd-3569,2012-10-07,2012,regular,CD Chivas USA,FC Dallas,1,1,,,engsoccerdata,,,,
esd-3570,2012-10-07,2012,regular,Seattle Sounders,Portland Timbers,3,0,,,engsoccerdata,,,,
esd-3571,2012-10-18,2012,regular,Seattle Sounders,Real Salt Lake,0,0,,,engsoccerdata,,,,
esd-3572,2012-10-20,2012,regular,Toronto FC,Montreal Impact,0,0,,,engsoccerdata,,,,
esd-3573,2012-10-20,2012,regular,New York Red Bulls,Sporting Kansas City,0,0,,,engsoccerdata,,,,
esd-3574,2012-10-20,2012,regular,DC United,Columbus Crew,3,2,,,engsoccerdata,,,,
esd-3575,2012-10-20,2012,regular,New England Revolution,Chicago Fire,1,0,,,engsoccerdata,,,,
esd-3576,2012-10-20,2012,regular,Houston Dynamo,Philadelphia Union,3,1,,,engsoccerdata,,,,
esd-3577,2012-10-21,2012,regular,CD Chivas USA,Colorado Rapids,0,2,,,engsoccerdata,,,,
esd-3578,2012-10-21,2012,regular,Vancouver Whitecaps,Portland Timbers,0,1,,,engsoccerdata,,,,
esd-3579,2012-10-21,2012,regular,San Jose Earthquakes,LA Galaxy,2,2,,,engsoccerdata,,,,
esd-3580,2012-10-21,2012,regular,Seattle Sounders,FC Dallas,3,1,,,engsoccerdata,,,,
esd-3581,2012-10-24,2012,regular,Sporting Kansas City,Philadelphia Union,2,1,,,engsoccerdata,,,,
esd-3582,2012-10-27,2012,regular,Philadelphia Union,New York Red Bulls,0,3,,,engsoccerdata,,,,
esd-3583,2012-10-27,2012,regular,Montreal Impact,New England Revolution,0,1,,,engsoccerdata,,,,
esd-3584,2012-10-27,2012,regular,Chicago Fire,DC United,1,1,,,engsoccerdata,,,,
esd-3585,2012-10-27,2012,regular,Portland Timbers,San Jose Earthquakes,1,1,,,engsoccerdata,,,,
esd-3586,2012-10-27,2012,regular,Real Salt Lake,Vancouver Whitecaps,0,0,,,engsoccerdata,,,,
esd-3587,2012-10-27,2012,regular,Colorado Rapids,Houston Dynamo,2,0,,,engsoccerdata,,,,
esd-3588,2012-10-28,2012,regular,Columbus Crew,Toronto FC,2,1,,,engsoccerdata,,,,
esd-3589,2012-10-28,2012,regular,FC Dallas,CD Chivas USA,2,2,,,engsoccerdata,,,,
esd-3590,2012-10-28,2012,regular,LA Galaxy,Seattle Sounders,1,0,,,engsoccerdata,,,,
esd-3591,2012-10-31,2012,postseason,Chicago Fire,Houston Dynamo,1,2,,,engsoccerdata,,,,
esd-3592,2012-11-02,2012,postseason,LA Galaxy,Vancouver Whitecaps,2,1,,,engsoccerdata,,,,
esd-3593,2012-11-03,2012,postseason,Seattle Sounders,Real Salt Lake,0,0,,,engsoccerdata,,,,
esd-3594,2012-11-03,2012,postseason,DC United,New York Red Bulls,1,1,,,engsoccerdata,,,,
esd-3595,2012-11-04,2012,postseason,Houston Dynamo,Sporting Kansas City,2,0,,,engsoccerdata,,,,
esd-3596,2012-11-04,2012,postseason,LA Galaxy,San Jose Earthquakes,0,1,,,engsoccerdata,,,,
esd-3597,2012-11-07,2012,postseason,Sporting Kansas City,Houston Dynamo,1,0,,,engsoccerdata,,,,
esd-3598,2012-11-08,2012,postseason,San Jose Earthquakes,LA Galaxy,1,3,,,engsoccerdata,,,,
esd-3599,2012-11-08,2012,postseason,New York Red Bulls,DC United,0,1,,,engsoccerdata,,,,
esd-3600,2012-11-09,2012,postseason,Real Salt Lake,Seattle Sounders,0,1,,,engsoccerdata,,,,
esd-3601,2012-11-11,2012,postseason,Houston Dynamo,DC United,3,1,,,engsoccerdata,,,,
esd-3602,2012-11-11,2012,postseason,LA Galaxy,Seattle Sounders,3,0,,,engsoccerdata,,,,
esd-3603,2012-11-18,2012,postseason,DC United,Houston Dynamo,1,1,,,engsoccerdata,,,,
esd-3604,2012-11-18,2012,postseason,Seattle Sounders,LA Galaxy,2,1,,,engsoccerdata,,,,
esd-3605,2012-12-01,2012,postseason,LA Galaxy,Houston Dynamo,3,1,1,,engsoccerdata,,,,
esd-3606,2013-03-02,2013,regular,Philadelphia Union,Sporting Kansas City,1,3,,,engsoccerdata,,,,
esd-3607,2013-03-02,2013,regular,Vancouver Whitecaps,Toronto FC,1,0,,,engsoccerdata,,,,
esd-3608,2013-03-02,2013,regular,Houston Dynamo,DC United,2,0,,,engsoccerdata,,,,
esd-3609,2013-03-02,2013,regular,FC Dallas,Colorado Rapids,1,0,,,engsoccerdata,,,,
esd-3610,2013-03-03,2013,regular,Seattle Sounders,Montreal Impact,0,1,,,engsoccerdata,,,,
esd-3611,2013-03-03,2013,regular,CD Chivas USA,Columbus Crew,0,3,,,engsoccerdata,,,,
esd-3612,2013-03-03,2013,regular,LA Galaxy,Chicago Fire,4,0,,,engsoccerdata,,,,
esd-3613,2013-03-03,2013,regular,Portland Timbers,New York Red Bulls,3,3,,,engsoccerdata,,,,
esd-3614,2013-03-04,2013,regular,San Jose Earthquakes,Real Salt Lake,0,2,,,engsoccerdata,,,,
esd-3615,2013-03-09,2013,regular,Toronto FC,Sporting Kansas City,2,1,,,engsoccerdata,,,,
esd-3616,2013-03-09,2013,regular,DC United,Real Salt Lake,1,0,,,engsoccerdata,,,,
esd-3617,2013-03-09,2013,regular,Vancouver Whitecaps,Columbus Crew,2,1,,,engsoccerdata,,,,
esd-3618,2013-03-09,2013,regular,Chicago Fire,New England Revolution,0,1,,,engsoccerdata,,,,
esd-3619,2013-03-10,2013,regular,Portland Timbers,Montreal Impact,1,2,,,engsoccerdata,,,,
esd-3620,2013-03-10,2013,regular,Colorado Rapids,Philadelphia Union,1,2,,,engsoccerdata,,,,
esd-3621,2013-03-10,2013,regular,CD Chivas USA,FC Dallas,3,1,,,engsoccerdata,,,,
esd-3622,2013-03-11,2013,regular,San Jose Earthquakes,New York Red Bulls,2,1,,,engsoccerdata,,,,
esd-3623,2013-03-16,2013,regular,New York Red Bulls,DC United,0,0,,,engsoccerdata,,,,
esd-3624,2013-03-16,2013,regular,Sporting Kansas City,Chicago Fire,0,0,,,engsoccerdata,,,,
esd-3625,2013-03-16,2013,regular,Montreal Impact,Toronto FC,2,1,,,engsoccerdata,,,,
esd-3626,2013-03-16,2013,regular,Philadelphia Union,New England Revolution,1,0,,,engsoccerdata,,,,
esd-3627,2013-03-16,2013,regular,Columbus Crew,San Jose Earthquakes,1,1,,,engsoccerdata,,,,
esd-3628,2013-03-16,2013,regular,Real Salt Lake,Colorado Rapids,1,1,,,engsoccerdata,,,,
esd-3629,2013-03-16,2013,regular,Seattle Sounders,Portland Timbers,1,1,,,engsoccerdata,,,,
esd-3630,2013-03-17,2013,regular,FC Dallas,Houston Dynamo,3,2,,,engsoccerdata,,,,
esd-3631,2013-03-17,2013,regular,LA Galaxy,CD Chivas USA,1,1,,,engsoccerdata,,,,
esd-3632,2013-03-23,2013,regular,DC United,Columbus Crew,1,2,,,engsoccerdata,,,,
esd-3633,2013-03-23,2013,regular,New England Revolution,Sporting Kansas City,0,0,,,engsoccerdata,,,,
esd-3634,2013-03-23,2013,regular,Montreal Impact,New York Red Bulls,1,0,,,engsoccerdata,,,,
esd-3635,2013-03-23,2013,regular,FC Dallas,Real Salt Lake,2,0,,,engsoccerdata,,,,
esd-3636,2013-03-23,2013,regular,Houston Dynamo,Vancouver Whitecaps,2,1,,,engsoccerdata,,,,
esd-3637,2013-03-24,2013,regular,San Jose Earthquakes,Seattle Sounders,1,0,,,engsoccerdata,,,,
esd-3638,2013-03-24,2013,regular,LA Galaxy,Colorado Rapids,1,0,,,engsoccerdata,,,,
esd-3639,2013-03-24,2013,regular,Chicago Fire,CD Chivas USA,1,4,,,engsoccerdata,,,,
esd-3640,2013-03-30,2013,regular,Toronto FC,LA Galaxy,2,2,,,engsoccerdata,,,,
esd-3641,2013-03-30,2013,regular,New York Red Bulls,Philadelphia Union,2,1,,,engsoccerdata,,,,
esd-3642,2013-03-30,2013,regular,New England Revolution,FC Dallas,0,1,,,engsoccerdata,,,,
esd-3643,2013-03-30,2013,regular,Colorado Rapids,Portland Timbers,2,2,,,engsoccerdata,,,,
esd-3644,2013-03-30,2013,regular,Houston Dynamo,San Jose Earthquakes,2,0,,,engsoccerdata,,,,
esd-3645,2013-03-30,2013,regular,Sporting Kansas City,Montreal Impact,2,0,,,engsoccerdata,,,,
esd-3646,2013-03-30,2013,regular,Real Salt Lake,Seattle Sounders,2,1,,,engsoccerdata,,,,
esd-3647,2013-03-31,2013,regular,CD Chivas USA,Vancouver Whitecaps,2,1,,,engsoccerdata,,,,
esd-3648,2013-04-05,2013,regular,Sporting Kansas City,DC United,1,0,,,engsoccerdata,,,,
esd-3649,2013-04-06,2013,regular,Toronto FC,FC Dallas,2,2,,,engsoccerdata,,,,
esd-3650,2013-04-06,2013,regular,Columbus Crew,Philadelphia Union,1,1,,,engsoccerdata,,,,
esd-3651,2013-04-06,2013,regular,Colorado Rapids,Real Salt Lake,1,0,,,engsoccerdata,,,,
esd-3652,2013-04-07,2013,regular,San Jose Earthquakes,Vancouver Whitecaps,1,1,,,engsoccerdata,,,,
esd-3653,2013-04-07,2013,regular,Portland Timbers,Houston Dynamo,2,0,,,engsoccerdata,,,,
esd-3654,2013-04-07,2013,regular,Chicago Fire,New York Red Bulls,3,1,,,engsoccerdata,,,,
esd-3655,2013-04-13,2013,regular,Seattle Sounders,New England Revolution,0,0,,,engsoccerdata,,,,
esd-3656,2013-04-13,2013,regular,Philadelphia Union,Toronto FC,1,1,,,engsoccerdata,,,,
esd-3657,2013-04-13,2013,regular,Vancouver Whitecaps,Real Salt Lake,1,1,,,engsoccerdata,,,,
esd-3658,2013-04-13,2013,regular,DC United,New York Red Bulls,0,2,,,engsoccerdata,,,,
esd-3659,2013-04-13,2013,regular,FC Dallas,LA Galaxy,1,0,,,engsoccerdata,,,,
esd-3660,2013-04-14,2013,regular,CD Chivas USA,Colorado Rapids,0,1,,,engsoccerdata,,,,
esd-3661,2013-04-14,2013,regular,Montreal Impact,Columbus Crew,1,1,,,engsoccerdata,,,,
esd-3662,2013-04-14,2013,regular,Houston Dynamo,Chicago Fire,2,1,,,engsoccerdata,,,,
esd-3663,2013-04-15,2013,regular,Portland Timbers,San Jose Earthquakes,1,0,,,engsoccerdata,,,,
esd-3664,2013-04-17,2013,regular,New York Red Bulls,Sporting Kansas City,0,1,,,engsoccerdata,,,,
esd-3665,2013-04-20,2013,regular,Toronto FC,Houston Dynamo,1,1,,,engsoccerdata,,,,
esd-3666,2013-04-20,2013,regular,Colorado Rapids,Seattle Sounders,0,1,,,engsoccerdata,,,,
esd-3667,2013-04-20,2013,regular,New York Red Bulls,New England Revolution,4,1,,,engsoccerdata,,,,
esd-3668,2013-04-20,2013,regular,Chicago Fire,Columbus Crew,1,0,,,engsoccerdata,,,,
esd-3669,2013-04-20,2013,regular,FC Dallas,Vancouver Whitecaps,2,0,,,engsoccerdata,,,,
esd-3670,2013-04-20,2013,regular,Real Salt Lake,CD Chivas USA,1,0,,,engsoccerdata,,,,
esd-3671,2013-04-21,2013,regular,LA Galaxy,Sporting Kansas City,2,0,,,engsoccerdata,,,,
esd-3672,2013-04-21,2013,regular,DC United,Philadelphia Union,2,3,,,engsoccerdata,,,,
esd-3673,2013-04-22,2013,regular,San Jose Earthquakes,Portland Timbers,1,1,,,engsoccerdata,,,,
esd-3674,2013-04-27,2013,regular,Toronto FC,New York Red Bulls,1,2,,,engsoccerdata,,,,
esd-3675,2013-04-27,2013,regular,Montreal Impact,Chicago Fire,2,0,,,engsoccerdata,,,,
esd-3676,2013-04-27,2013,regular,Vancouver Whitecaps,FC Dallas,2,2,,,engsoccerdata,,,,
esd-3677,2013-04-27,2013,regular,New England Revolution,Philadelphia Union,2,0,,,engsoccerdata,,,,
esd-3678,2013-04-27,2013,regular,Columbus Crew,DC United,3,0,,,engsoccerdata,,,,
esd-3679,2013-04-27,2013,regular,Sporting Kansas City,Portland Timbers,2,3,,,engsoccerdata,,,,
esd-3680,2013-04-27,2013,regular,Real Salt Lake,LA Galaxy,0,2,,,engsoccerdata,,,,
esd-3681,2013-04-28,2013,regular,CD Chivas USA,San Jose Earthquakes,2,2,,,engsoccerdata,,,,
esd-3682,2013-04-28,2013,regular,Houston Dynamo,Colorado Rapids,1,1,,,engsoccerdata,,,,
esd-3683,2013-05-03,2013,regular,Portland Timbers,New England Revolution,0,0,,,engsoccerdata,,,,
esd-3684,2013-05-04,2013,regular,San Jose Earthquakes,Montreal Impact,2,2,,,engsoccerdata,,,,
esd-3685,2013-05-04,2013,regular,Philadelphia Union,Seattle Sounders,2,2,,,engsoccerdata,,,,
esd-3686,2013-05-04,2013,regular,Columbus Crew,New York Red Bulls,0,1,,,engsoccerdata,,,,
esd-3687,2013-05-04,2013,regular,Real Salt Lake,Vancouver Whitecaps,2,0,,,engsoccerdata,,,,
esd-3688,2013-05-04,2013,regular,Colorado Rapids,Toronto FC,1,0,,,engsoccerdata,,,,
esd-3689,2013-05-05,2013,regular,Sporting Kansas City,CD Chivas USA,4,0,,,engsoccerdata,,,,
esd-3690,2013-05-06,2013,regular,LA Galaxy,Houston Dynamo,0,1,,,engsoccerdata,,,,
esd-3691,2013-05-08,2013,regular,DC United,Houston Dynamo,0,4,,,engsoccerdata,,,,
esd-3692,2013-05-08,2013,regular,New York Red Bulls,Montreal Impact,2,1,,,engsoccerdata,,,,
esd-3693,2013-05-08,2013,regular,New England Revolution,Real Salt Lake,1,2,,,engsoccerdata,,,,
esd-3694,2013-05-08,2013,regular,Sporting Kansas City,Seattle Sounders,0,1,,,engsoccerdata,,,,
esd-3695,2013-05-08,2013,regular,FC Dallas,Portland Timbers,1,1,,,engsoccerdata,,,,
esd-3696,2013-05-09,2013,regular,San Jose Earthquakes,Toronto FC,2,1,,,engsoccerdata,,,,
esd-3697,2013-05-11,2013,regular,Chicago Fire,Philadelphia Union,0,1,,,engsoccerdata,,,,
esd-3698,2013-05-11,2013,regular,Montreal Impact,Real Salt Lake,3,2,,,engsoccerdata,,,,
esd-3699,2013-05-11,2013,regular,Seattle Sounders,San Jose Earthquakes,4,0,,,engsoccerdata,,,,
esd-3700,2013-05-11,2013,regular,Vancouver Whitecaps,LA Galaxy,3,1,,,engsoccerdata,,,,
esd-3701,2013-05-11,2013,regular,Columbus Crew,Colorado Rapids,0,2,,,engsoccerdata,,,,
esd-3702,2013-05-11,2013,regular,New England Revolution,New York Red Bulls,1,1,,,engsoccerdata,,,,
esd-3703,2013-05-11,2013,regular,FC Dallas,DC United,2,1,,,engsoccerdata,,,,
esd-3704,2013-05-12,2013,regular,Portland Timbers,CD Chivas USA,3,0,,,engsoccerdata,,,,
esd-3705,2013-05-12,2013,regular,Houston Dynamo,Sporting Kansas City,0,1,,,engsoccerdata,,,,
esd-3706,2013-05-15,2013,regular,Philadelphia Union,LA Galaxy,1,4,,,engsoccerdata,,,,
esd-3707,2013-05-18,2013,regular,Toronto FC,Columbus Crew,0,1,,,engsoccerdata,,,,
esd-3708,2013-05-18,2013,regular,Vancouver Whitecaps,Portland Timbers,2,2,,,engsoccerdata,,,,
esd-3709,2013-05-18,2013,regular,Philadelphia Union,Chicago Fire,1,0,,,engsoccerdata,,,,
esd-3710,2013-05-18,2013,regular,Houston Dynamo,New England Revolution,0,2,,,engsoccerdata,,,,
esd-3711,2013-05-19,2013,regular,Seattle Sounders,FC Dallas,4,2,,,engsoccerdata,,,,
esd-3712,2013-05-19,2013,regular,San Jose Earthquakes,Colorado Rapids,1,1,,,engsoccerdata,,,,
esd-3713,2013-05-19,2013,regular,New York Red Bulls,LA Galaxy,1,0,,,engsoccerdata,,,,
esd-3714,2013-05-19,2013,regular,DC United,Sporting Kansas City,1,1,,,engsoccerdata,,,,
esd-3715,2013-05-20,2013,regular,CD Chivas USA,Real Salt Lake,1,4,,,engsoccerdata,,,,
esd-3716,2013-05-25,2013,regular,Montreal Impact,Philadelphia Union,5,3,,,engsoccerdata,,,,
esd-3717,2013-05-25,2013,regular,DC United,Portland Timbers,0,2,,,engsoccerdata,,,,
esd-3718,2013-05-25,2013,regular,New England Revolution,Toronto FC,2,0,,,engsoccerdata,,,,
esd-3719,2013-05-25,2013,regular,FC Dallas,San Jose Earthquakes,1,0,,,engsoccerdata,,,,
esd-3720,2013-05-25,2013,regular,Real Salt Lake,Chicago Fire,1,1,,,engsoccerdata,,,,
esd-3721,2013-05-25,2013,regular,Colorado Rapids,CD Chivas USA,2,0,,,engsoccerdata,,,,
esd-3722,2013-05-26,2013,regular,Sporting Kansas City,Houston Dynamo,1,1,,,engsoccerdata,,,,
esd-3723,2013-05-26,2013,regular,New York Red Bulls,Columbus Crew,2,2,,,engsoccerdata,,,,
esd-3724,2013-05-27,2013,regular,LA Galaxy,Seattle Sounders,4,0,,,engsoccerdata,,,,
esd-3725,2013-06-01,2013,regular,Toronto FC,Philadelphia Union,1,1,,,engsoccerdata,,,,
esd-3726,2013-06-01,2013,regular,New York Red Bulls,Vancouver Whitecaps,1,2,,,engsoccerdata,,,,
esd-3727,2013-06-01,2013,regular,Columbus Crew,Houston Dynamo,1,1,,,engsoccerdata,,,,
esd-3728,2013-06-01,2013,regular,Sporting Kansas City,Montreal Impact,1,2,,,engsoccerdata,,,,
esd-3729,2013-06-01,2013,regular,Colorado Rapids,FC Dallas,2,2,,,engsoccerdata,,,,
esd-3730,2013-06-01,2013,regular,Real Salt Lake,San Jose Earthquakes,3,0,,,engsoccerdata,,,,
esd-3731,2013-06-02,2013,regular,CD Chivas USA,Seattle Sounders,0,2,,,engsoccerdata,,,,
esd-3732,2013-06-02,2013,regular,New England Revolution,LA Galaxy,5,0,,,engsoccerdata,,,,
esd-3733,2013-06-02,2013,regular,Chicago Fire,DC United,2,0,,,engsoccerdata,,,,
esd-3734,2013-06-05,2013,regular,Philadelphia Union,Columbus Crew,3,0,,,engsoccerdata,,,,
esd-3735,2013-06-08,2013,regular,New England Revolution,DC United,0,0,,,engsoccerdata,,,,
esd-3736,2013-06-08,2013,regular,Chicago Fire,Portland Timbers,2,2,,,engsoccerdata,,,,
esd-3737,2013-06-08,2013,regular,Real Salt Lake,LA Galaxy,3,1,,,engsoccerdata,,,,
esd-3738,2013-06-09,2013,regular,Seattle Sounders,Vancouver Whitecaps,3,2,,,engsoccerdata,,,,
esd-3739,2013-06-15,2013,regular,Portland Timbers,FC Dallas,1,0,,,engsoccerdata,,,,
esd-3740,2013-06-15,2013,regular,DC United,Toronto FC,1,2,,,engsoccerdata,,,,
esd-3741,2013-06-15,2013,regular,Columbus Crew,Montreal Impact,2,0,,,engsoccerdata,,,,
esd-3742,2013-06-15,2013,regular,Colorado Rapids,San Jose Earthquakes,1,2,,,engsoccerdata,,,,
esd-3743,2013-06-16,2013,regular,Vancouver Whitecaps,New England Revolution,4,3,,,engsoccerdata,,,,
esd-3744,2013-06-19,2013,regular,Montreal Impact,Houston Dynamo,2,0,,,engsoccerdata,,,,
esd-3745,2013-06-19,2013,regular,Chicago Fire,Colorado Rapids,2,1,,,engsoccerdata,,,,
esd-3746,2013-06-20,2013,regular,Vancouver Whitecaps,CD Chivas USA,3,1,,,engsoccerdata,,,,
esd-3747,2013-06-20,2013,regular,LA Galaxy,Portland Timbers,0,0,,,engsoccerdata,,,,
esd-3748,2013-06-22,2013,regular,DC United,San Jose Earthquakes,1,0,,,engsoccerdata,,,,
esd-3749,2013-06-22,2013,regular,Columbus Crew,Chicago Fire,1,2,,,engsoccerdata,,,,
esd-3750,2013-06-22,2013,regular,FC Dallas,Sporting Kansas City,2,2,,,engsoccerdata,,,,
esd-3751,2013-06-22,2013,regular,Houston Dynamo,Toronto FC,0,0,,,engsoccerdata,,,,
esd-3752,2013-06-22,2013,regular,Real Salt Lake,Seattle Sounders,2,0,,,engsoccerdata,,,,
esd-3753,2013-06-23,2013,regular,Philadelphia Union,New York Red Bulls,3,0,,,engsoccerdata,,,,
esd-3754,2013-06-23,2013,regular,Portland Timbers,Colorado Rapids,3,0,,,engsoccerdata,,,,
esd-3755,2013-06-24,2013,regular,CD Chivas USA,LA Galaxy,0,1,,,engsoccerdata,,,,
esd-3756,2013-06-29,2013,regular,Toronto FC,Real Salt Lake,0,1,,,engsoccerdata,,,,
esd-3757,2013-06-29,2013,regular,Philadelphia Union,FC Dallas,2,2,,,engsoccerdata,,,,
esd-3758,2013-06-29,2013,regular,Montreal Impact,Colorado Rapids,3,4,,,engsoccerdata,,,,
esd-3759,2013-06-29,2013,regular,DC United,Vancouver Whitecaps,0,1,,,engsoccerdata,,,,
esd-3760,2013-06-29,2013,regular,Sporting Kansas City,Columbus Crew,3,2,,,engsoccerdata,,,,
esd-3761,2013-06-30,2013,regular,San Jose Earthquakes,LA Galaxy,3,2,,,engsoccerdata,,,,
esd-3762,2013-06-30,2013,regular,CD Chivas USA,New England Revolution,1,1,,,engsoccerdata,,,,
esd-3763,2013-06-30,2013,regular,New York Red Bulls,Houston Dynamo,2,0,,,engsoccerdata,,,,
esd-3764,2013-07-03,2013,regular,Toronto FC,Montreal Impact,3,3,,,engsoccerdata,,,,
esd-3765,2013-07-03,2013,regular,Chicago Fire,San Jose Earthquakes,3,2,,,engsoccerdata,,,,
esd-3766,2013-07-03,2013,regular,Sporting Kansas City,Vancouver Whitecaps,1,1,,,engsoccerdata,,,,
esd-3767,2013-07-04,2013,regular,Real Salt Lake,Philadelphia Union,2,2,,,engsoccerdata,,,,
esd-3768,2013-07-04,2013,regular,Seattle Sounders,DC United,2,0,,,engsoccerdata,,,,
esd-3769,2013-07-04,2013,regular,FC Dallas,CD Chivas USA,0,0,,,engsoccerdata,,,,
esd-3770,2013-07-04,2013,regular,Colorado Rapids,New York Red Bulls,2,0,,,engsoccerdata,,,,
esd-3771,2013-07-05,2013,regular,LA Galaxy,Columbus Crew,2,1,,,engsoccerdata,,,,
esd-3772,2013-07-06,2013,regular,New England Revolution,San Jose Earthquakes,2,0,,,engsoccerdata,,,,
esd-3773,2013-07-06,2013,regular,Houston Dynamo,Philadelphia Union,1,0,,,engsoccerdata,,,,
esd-3774,2013-07-07,2013,regular,Vancouver Whitecaps,Seattle Sounders,2,0,,,engsoccerdata,,,,
esd-3775,2013-07-07,2013,regular,Chicago Fire,Sporting Kansas City,1,2,,,engsoccerdata,,,,
esd-3776,2013-07-07,2013,regular,Columbus Crew,Portland Timbers,1,0,,,engsoccerdata,,,,
esd-3777,2013-07-07,2013,regular,Montreal Impact,CD Chivas USA,1,1,,,engsoccerdata,,,,
esd-3778,2013-07-07,2013,regular,Colorado Rapids,DC United,0,0,,,engsoccerdata,,,,
esd-3779,2013-07-08,2013,regular,LA Galaxy,FC Dallas,2,0,,,engsoccerdata,,,,
esd-3780,2013-07-12,2013,regular,Philadelphia Union,CD Chivas USA,3,1,,,engsoccerdata,,,,
esd-3781,2013-07-13,2013,regular,New York Red Bulls,Montreal Impact,4,0,,,engsoccerdata,,,,
esd-3782,2013-07-13,2013,regular,New England Revolution,Houston Dynamo,1,2,,,engsoccerdata,,,,
esd-3783,2013-07-13,2013,regular,Sporting Kansas City,Toronto FC,3,0,,,engsoccerdata,,,,
esd-3784,2013-07-13,2013,regular,FC Dallas,Real Salt Lake,0,3,,,engsoccerdata,,,,
esd-3785,2013-07-14,2013,regular,San Jose Earthquakes,Seattle Sounders,1,0,,,engsoccerdata,,,,
esd-3786,2013-07-14,2013,regular,Portland Timbers,LA Galaxy,2,1,,,engsoccerdata,,,,
esd-3787,2013-07-14,2013,regular,Vancouver Whitecaps,Chicago Fire,3,1,,,engsoccerdata,,,,
esd-3788,2013-07-17,2013,regular,Colorado Rapids,New England Revolution,2,1,,,engsoccerdata,,,,
esd-3789,2013-07-18,2013,regular,CD Chivas USA,Toronto FC,1,0,,,engsoccerdata,,,,
esd-3790,2013-07-20,2013,regular,Toronto FC,New York Red Bulls,0,0,,,engsoccerdata,,,,
esd-3791,2013-07-20,2013,regular,Seattle Sounders,Colorado Rapids,1,1,,,engsoccerdata,,,,
esd-3792,2013-07-20,2013,regular,Montreal Impact,FC Dallas,0,0,,,engsoccerdata,,,,
esd-3793,2013-07-20,2013,regular,Philadelphia Union,Portland Timbers,0,0,,,engsoccerdata,,,,
esd-3794,2013-07-20,2013,regular,Columbus Crew,New England Revolution,0,2,,,engsoccerdata,,,,
esd-3795,2013-07-20,2013,regular,Chicago Fire,DC United,4,1,,,engsoccerdata,,,,
esd-3796,2013-07-21,2013,regular,Real Salt Lake,Sporting Kansas City,1,2,,,engsoccerdata,,,,
esd-3797,2013-07-21,2013,regular,LA Galaxy,Vancouver Whitecaps,2,1,,,engsoccerdata,,,,
esd-3798,2013-07-27,2013,regular,Toronto FC,Columbus Crew,2,1,,,engsoccerdata,,,,
esd-3799,2013-07-27,2013,regular,Montreal Impact,Sporting Kansas City,1,0,,,engsoccerdata,,,,
esd-3800,2013-07-27,2013,regular,Vancouver Whitecaps,Philadelphia Union,0,1,,,engsoccerdata,,,,
esd-3801,2013-07-27,2013,regular,New York Red Bulls,Real Salt Lake,4,3,,,engsoccerdata,,,,
esd-3802,2013-07-27,2013,regular,DC United,New England Revolution,1,2,,,engsoccerdata,,,,
esd-3803,2013-07-27,2013,regular,Colorado Rapids,LA Galaxy,2,0,,,engsoccerdata,,,,
esd-3804,2013-07-27,2013,regular,Houston Dynamo,Chicago Fire,1,1,,,engsoccerdata,,,,
esd-3805,2013-07-28,2013,regular,San Jose Earthquakes,Portland Timbers,2,1,,,engsoccerdata,,,,
esd-3806,2013-07-29,2013,regular,Seattle Sounders,CD Chivas USA,2,1,,,engsoccerdata,,,,
esd-3807,2013-08-03,2013,regular,Sporting Kansas City,New York Red Bulls,2,3,,,engsoccerdata,,,,
esd-3808,2013-08-03,2013,regular,DC United,Montreal Impact,3,1,,,engsoccerdata,,,,
esd-3809,2013-08-03,2013,regular,Philadelphia Union,Chicago Fire,1,2,,,engsoccerdata,,,,
esd-3810,2013-08-03,2013,regular,Colorado Rapids,Real Salt Lake,2,2,,,engsoccerdata,,,,
esd-3811,2013-08-03,2013,regular,Houston Dynamo,Columbus Crew,3,1,,,engsoccerdata,,,,
esd-3812,2013-08-04,2013,regular,San Jose Earthquakes,CD Chivas USA,2,0,,,engsoccerdata,,,,
esd-3813,2013-08-04,2013,regular,Seattle Sounders,FC Dallas,3,0,,,engsoccerdata,,,,
esd-3814,2013-08-04,2013,regular,Portland Timbers,Vancouver Whitecaps,1,1,,,engsoccerdata,,,,
esd-3815,2013-08-04,2013,regular,New England Revolution,Toronto FC,0,1,,,engsoccerdata,,,,
esd-3816,2013-08-10,2013,regular,Toronto FC,Seattle Sounders,1,2,,,engsoccerdata,,,,
esd-3817,2013-08-10,2013,regular,Vancouver Whitecaps,San Jose Earthquakes,2,0,,,engsoccerdata,,,,
esd-3818,2013-08-10,2013,regular,Columbus Crew,New York Red Bulls,2,0,,,engsoccerdata,,,,
esd-3819,2013-08-10,2013,regular,Philadelphia Union,DC United,2,0,,,engsoccerdata,,,,
esd-3820,2013-08-10,2013,regular,Sporting Kansas City,New England Revolution,3,0,,,engsoccerdata,,,,
esd-3821,2013-08-10,2013,regular,Chicago Fire,Montreal Impact,2,1,,,engsoccerdata,,,,
esd-3822,2013-08-10,2013,regular,Real Salt Lake,Houston Dynamo,1,0,,,engsoccerdata,,,,
esd-3823,2013-08-11,2013,regular,FC Dallas,LA Galaxy,3,3,,,engsoccerdata,,,,
esd-3824,2013-08-12,2013,regular,CD Chivas USA,Colorado Rapids,1,1,,,engsoccerdata,,,,
esd-3825,2013-08-17,2013,regular,Montreal Impact,DC United,2,1,,,engsoccerdata,,,,
esd-3826,2013-08-17,2013,regular,New England Revolution,Chicago Fire,2,0,,,engsoccerdata,,,,
esd-3827,2013-08-17,2013,regular,Columbus Crew,Toronto FC,2,0,,,engsoccerdata,,,,
esd-3828,2013-08-17,2013,regular,New York Red Bulls,Philadelphia Union,0,0,,,engsoccerdata,,,,
esd-3829,2013-08-17,2013,regular,Houston Dynamo,Seattle Sounders,3,1,,,engsoccerdata,,,,
esd-3830,2013-08-17,2013,regular,Colorado Rapids,Vancouver Whitecaps,2,0,,,engsoccerdata,,,,
esd-3831,2013-08-18,2013,regular,LA Galaxy,Real Salt Lake,4,2,,,engsoccerdata,,,,
esd-3832,2013-08-18,2013,regular,Portland Timbers,FC Dallas,2,1,,,engsoccerdata,,,,
esd-3833,2013-08-19,2013,regular,San Jose Earthquakes,Sporting Kansas City,1,0,,,engsoccerdata,,,,
esd-3834,2013-08-22,2013,regular,CD Chivas USA,FC Dallas,1,3,,,engsoccerdata,,,,
esd-3835,2013-08-22,2013,regular,Portland Timbers,Real Salt Lake,3,3,,,engsoccerdata,,,,
esd-3836,2013-08-23,2013,regular,Chicago Fire,Sporting Kansas City,1,0,,,engsoccerdata,,,,
esd-3837,2013-08-24,2013,regular,Montreal Impact,Houston Dynamo,5,0,,,engsoccerdata,,,,
esd-3838,2013-08-24,2013,regular,DC United,Toronto FC,1,1,,,engsoccerdata,,,,
esd-3839,2013-08-24,2013,regular,Vancouver Whitecaps,LA Galaxy,0,1,,,engsoccerdata,,,,
esd-3840,2013-08-24,2013,regular,FC Dallas,San Jose Earthquakes,2,2,,,engsoccerdata,,,,
esd-3841,2013-08-24,2013,regular,Real Salt Lake,Columbus Crew,4,0,,,engsoccerdata,,,,
esd-3842,2013-08-25,2013,regular,CD Chivas USA,New York Red Bulls,3,2,,,engsoccerdata,,,,
esd-3843,2013-08-25,2013,regular,New England Revolution,Philadelphia Union,5,1,,,engsoccerdata,,,,
esd-3844,2013-08-26,2013,regular,Seattle Sounders,Portland Timbers,1,0,,,engsoccerdata,,,,
esd-3845,2013-08-30,2013,regular,Toronto FC,New England Revolution,1,1,,,engsoccerdata,,,,
esd-3846,2013-08-31,2013,regular,Real Salt Lake,Portland Timbers,4,2,,,engsoccerdata,,,,
esd-3847,2013-08-31,2013,regular,Philadelphia Union,Montreal Impact,0,0,,,engsoccerdata,,,,
esd-3848,2013-08-31,2013,regular,New York Red Bulls,DC United,2,1,,,engsoccerdata,,,,
esd-3849,2013-08-31,2013,regular,Sporting Kansas City,Colorado Rapids,2,1,,,engsoccerdata,,,,
esd-3850,2013-08-31,2013,regular,Columbus Crew,Seattle Sounders,0,1,,,engsoccerdata,,,,
esd-3851,2013-09-01,2013,regular,LA Galaxy,San Jose Earthquakes,3,0,,,engsoccerdata,,,,
esd-3852,2013-09-01,2013,regular,Chicago Fire,Houston Dynamo,1,1,,,engsoccerdata,,,,
esd-3853,2013-09-01,2013,regular,Vancouver Whitecaps,CD Chivas USA,2,2,,,engsoccerdata,,,,
esd-3854,2013-09-04,2013,regular,Columbus Crew,Houston Dynamo,2,0,,,engsoccerdata,,,,
esd-3855,2013-09-05,2013,regular,Seattle Sounders,CD Chivas USA,1,0,,,engsoccerdata,,,,
esd-3856,2013-09-07,2013,regular,FC Dallas,Vancouver Whitecaps,3,1,,,engsoccerdata,,,,
esd-3857,2013-09-07,2013,regular,Sporting Kansas City,Columbus Crew,3,0,,,engsoccerdata,,,,
esd-3858,2013-09-08,2013,regular,Seattle Sounders,Chicago Fire,2,1,,,engsoccerdata,,,,
esd-3859,2013-09-08,2013,regular,LA Galaxy,Colorado Rapids,0,1,,,engsoccerdata,,,,
esd-3860,2013-09-08,2013,regular,Portland Timbers,Toronto FC,4,0,,,engsoccerdata,,,,
esd-3861,2013-09-08,2013,regular,Houston Dynamo,New York Red Bulls,1,4,,,engsoccerdata,,,,
esd-3862,2013-09-08,2013,regular,New England Revolution,Montreal Impact,2,4,,,engsoccerdata,,,,
esd-3863,2013-09-08,2013,regular,CD Chivas USA,DC United,1,0,,,engsoccerdata,,,,
esd-3864,2013-09-09,2013,regular,San Jose Earthquakes,Philadelphia Union,1,0,,,engsoccerdata,,,,
esd-3865,2013-09-11,2013,regular,Toronto FC,Chicago Fire,1,1,,,engsoccerdata,,,,
esd-3866,2013-09-14,2013,regular,Seattle Sounders,Real Salt Lake,2,0,,,engsoccerdata,,,,
esd-3867,2013-09-14,2013,regular,Montreal Impact,Columbus Crew,1,2,,,engsoccerdata,,,,
esd-3868,2013-09-14,2013,regular,DC United,LA Galaxy,2,2,,,engsoccerdata,,,,
esd-3869,2013-09-14,2013,regular,New York Red Bulls,Toronto FC,2,0,,,engsoccerdata,,,,
esd-3870,2013-09-14,2013,regular,Philadelphia Union,Houston Dynamo,0,1,,,engsoccerdata,,,,
esd-3871,2013-09-14,2013,regular,Chicago Fire,New England Revolution,3,2,,,engsoccerdata,,,,
esd-3872,2013-09-14,2013,regular,Colorado Rapids,FC Dallas,2,1,,,engsoccerdata,,,,
esd-3873,2013-09-15,2013,regular,CD Chivas USA,Portland Timbers,1,1,,,engsoccerdata,,,,
esd-3874,2013-09-15,2013,regular,San Jose Earthquakes,Vancouver Whitecaps,0,0,,,engsoccerdata,,,,
esd-3875,2013-09-21,2013,regular,Portland Timbers,Colorado Rapids,1,0,,,engsoccerdata,,,,
esd-3876,2013-09-21,2013,regular,Montreal Impact,Vancouver Whitecaps,0,3,,,engsoccerdata,,,,
esd-3877,2013-09-21,2013,regular,Toronto FC,Sporting Kansas City,1,2,,,engsoccerdata,,,,
esd-3878,2013-09-21,2013,regular,New England Revolution,DC United,2,1,,,engsoccerdata,,,,
esd-3879,2013-09-21,2013,regular,Columbus Crew,Chicago Fire,3,0,,,engsoccerdata,,,,
esd-3880,2013-09-21,2013,regular,Houston Dynamo,CD Chivas USA,5,1,,,engsoccerdata,,,,
esd-3881,2013-09-21,2013,regular,Real Salt Lake,San Jose Earthquakes,1,2,,,engsoccerdata,,,,
esd-3882,2013-09-22,2013,regular,LA Galaxy,Seattle Sounders,1,1,,,engsoccerdata,,,,
esd-3883,2013-09-22,2013,regular,New York Red Bulls,FC Dallas,1,0,,,engsoccerdata,,,,
esd-3884,2013-09-27,2013,regular,Sporting Kansas City,Philadelphia Union,0,1,,,engsoccerdata,,,,
esd-3885,2013-09-28,2013,regular,Toronto FC,DC United,4,1,,,engsoccerdata,,,,
esd-3886,2013-09-28,2013,regular,Vancouver Whitecaps,Real Salt Lake,0,1,,,engsoccerdata,,,,
esd-3887,2013-09-28,2013,regular,New England Revolution,Houston Dynamo,1,1,,,engsoccerdata,,,,
esd-3888,2013-09-28,2013,regular,Chicago Fire,Montreal Impact,2,2,,,engsoccerdata,,,,
esd-3889,2013-09-29,2013,regular,Portland Timbers,LA Galaxy,1,0,,,engsoccerdata,,,,
esd-3890,2013-09-29,2013,regular,FC Dallas,Columbus Crew,2,4,,,engsoccerdata,,,,
esd-3891,2013-09-29,2013,regular,Seattle Sounders,New York Red Bulls,1,1,,,engsoccerdata,,,,
esd-3892,2013-09-30,2013,regular,CD Chivas USA,San Jose Earthquakes,0,1,,,engsoccerdata,,,,
esd-3893,2013-10-04,2013,regular,DC United,Chicago Fire,0,3,,,engsoccerdata,,,,
esd-3894,2013-10-04,2013,regular,Houston Dynamo,Montreal Impact,1,0,,,engsoccerdata,,,,
esd-3895,2013-10-05,2013,regular,New York Red Bulls,New England Revolution,2,2,,,engsoccerdata,,,,
esd-3896,2013-10-05,2013,regular,Columbus Crew,Sporting Kansas City,0,1,,,engsoccerdata,,,,
esd-3897,2013-10-05,2013,regular,Philadelphia Union,Toronto FC,1,0,,,engsoccerdata,,,,
esd-3898,2013-10-05,2013,regular,Real Salt Lake,FC Dallas,1,1,,,engsoccerdata,,,,
esd-3899,2013-10-06,2013,regular,Colorado Rapids,Seattle Sounders,5,1,,,engsoccerdata,,,,
esd-3900,2013-10-06,2013,regular,LA Galaxy,CD Chivas USA,5,0,,,engsoccerdata,,,,
esd-3901,2013-10-06,2013,regular,Vancouver Whitecaps,Portland Timbers,2,2,,,engsoccerdata,,,,
esd-3902,2013-10-09,2013,regular,Houston Dynamo,Sporting Kansas City,0,0,,,engsoccerdata,,,,
esd-3903,2013-10-10,2013,regular,Seattle Sounders,Vancouver Whitecaps,1,4,,,engsoccerdata,,,,
esd-3904,2013-10-10,2013,regular,San Jose Earthquakes,Colorado Rapids,1,0,,,engsoccerdata,,,,
esd-3905,2013-10-12,2013,regular,Montreal Impact,New England Revolution,0,1,,,engsoccerdata,,,,
esd-3906,2013-10-12,2013,regular,DC United,Philadelphia Union,1,1,,,engsoccerdata,,,,
esd-3907,2013-10-12,2013,regular,FC Dallas,Chicago Fire,2,3,,,engsoccerdata,,,,
esd-3908,2013-10-13,2013,regular,Portland Timbers,Seattle Sounders,1,0,,,engsoccerdata,,,,
esd-3909,2013-10-17,2013,regular,LA Galaxy,Montreal Impact,1,0,,,engsoccerdata,,,,
esd-3910,2013-10-18,2013,regular,Sporting Kansas City,DC United,1,0,,,engsoccerdata,,,,
esd-3911,2013-10-19,2013,regular,Montreal Impact,Philadelphia Union,2,1,,,engsoccerdata,,,,
esd-3912,2013-10-19,2013,regular,FC Dallas,Seattle Sounders,2,0,,,engsoccerdata,,,,
esd-3913,2013-10-19,2013,regular,Colorado Rapids,Vancouver Whitecaps,3,2,,,engsoccerdata,,,,
esd-3914,2013-10-19,2013,regular,New England Revolution,Columbus Crew,3,2,,,engsoccerdata,,,,
esd-3915,2013-10-19,2013,regular,Chicago Fire,Toronto FC,1,0,,,engsoccerdata,,,,
esd-3916,2013-10-20,2013,regular,Portland Timbers,Real Salt Lake,0,0,,,engsoccerdata,,,,
esd-3917,2013-10-20,2013,regular,Houston Dynamo,New York Red Bulls,0,3,,,engsoccerdata,,,,
esd-3918,2013-10-20,2013,regular,LA Galaxy,San Jose Earthquakes,0,0,,,engsoccerdata,,,,
esd-3919,2013-10-23,2013,regular,Real Salt Lake,CD Chivas USA,2,1,,,engsoccerdata,,,,
esd-3920,2013-10-26,2013,regular,Philadelphia Union,Sporting Kansas City,1,2,,,engsoccerdata,,,,
esd-3921,2013-10-26,2013,regular,Toronto FC,Montreal Impact,1,0,,,engsoccerdata,,,,
esd-3922,2013-10-26,2013,regular,San Jose Earthquakes,FC Dallas,2,1,,,engsoccerdata,,,,
esd-3923,2013-10-27,2013,regular,CD Chivas USA,Portland Timbers,0,5,,,engsoccerdata,,,,
esd-3924,2013-10-27,2013,regular,DC United,Houston Dynamo,1,2,,,engsoccerdata,,,,
esd-3925,2013-10-27,2013,regular,Columbus Crew,New England Revolution,0,1,,,engsoccerdata,,,,
esd-3926,2013-10-27,2013,regular,New York Red Bulls,Chicago Fire,5,2,,,engsoccerdata,,,,
esd-3927,2013-10-27,2013,regular,Vancouver Whitecaps,Colorado Rapids,3,0,,,engsoccerdata,,,,
esd-3928,2013-10-27,2013,regular,Seattle Sounders,LA Galaxy,1,1,,,engsoccerdata,,,,
esd-3929,2013-10-31,2013,postseason,Seattle Sounders,Colorado Rapids,2,0,,,engsoccerdata,,,,
esd-3930,2013-10-31,2013,postseason,Houston Dynamo,Montreal Impact,3,0,,,engsoccerdata,,,,
esd-3931,2013-11-02,2013,postseason,New England Revolution,Sporting Kansas City,2,1,,,engsoccerdata,,,,
esd-3932,2013-11-03,2013,postseason,Seattle Sounders,Portland Timbers,1,2,,,engsoccerdata,,,,
esd-3933,2013-11-03,2013,postseason,Houston Dynamo,New York Red Bulls,2,2,,,engsoccerdata,,,,
esd-3934,2013-11-03,2013,postseason,LA Galaxy,Real Salt Lake,1,0,,,engsoccerdata,,,,
esd-3935,2013-11-06,2013,postseason,New York Red Bulls,Houston Dynamo,1,2,,AET,engsoccerdata,,,,
esd-3936,2013-11-06,2013,postseason,Sporting Kansas City,New England Revolution,3,1,,AET,engsoccerdata,,,,
esd-3937,2013-11-07,2013,postseason,Real Salt Lake,LA Galaxy,2,0,,AET,engsoccerdata,,,,
esd-3938,2013-11-08,2013,postseason,Portland Timbers,Seattle Sounders,3,2,,,engsoccerdata,,,,
esd-3939,2013-11-09,2013,postseason,Houston Dynamo,Sporting Kansas City,0,0,,,engsoccerdata,,,,
esd-3940,2013-11-10,2013,postseason,Real Salt Lake,Portland Timbers,4,2,,,engsoccerdata,,,,
esd-3941,2013-11-23,2013,postseason,Sporting Kansas City,Houston Dynamo,2,1,,,engsoccerdata,,,,
esd-3942,2013-11-24,2013,postseason,Portland Timbers,Real Salt Lake,0,1,,,engsoccerdata,,,,
esd-3943,2013-12-07,2013,postseason,Sporting Kansas City,Real Salt Lake,2,1,1,pens,engsoccerdata,,,,
esd-3944,2014-03-08,2014,regular,Seattle Sounders,Sporting Kansas City,1,0,,,engsoccerdata,,,,
esd-3945,2014-03-08,2014,regular,DC United,Columbus Crew,0,3,,,engsoccerdata,,,,
esd-3946,2014-03-08,2014,regular,Vancouver Whitecaps,New York Red Bulls,4,1,,,engsoccerdata,,,,
esd-3947,2014-03-08,2014,regular,Houston Dynamo,New England Revolution,4,0,,,engsoccerdata,,,,
esd-3948,2014-03-08,2014,regular,FC Dallas,Montreal Impact,3,2,,,engsoccerdata,,,,
esd-3949,2014-03-09,2014,regular,LA Galaxy,Real Salt Lake,0,1,,,engsoccerdata,,,,
esd-3950,2014-03-09,2014,regular,Portland Timbers,Philadelphia Union,1,1,,,engsoccerdata,,,,
esd-3951,2014-03-09,2014,regular,CD Chivas USA,Chicago Fire,3,2,,,engsoccerdata,,,,
esd-3952,2014-03-15,2014,regular,New York Red Bulls,Colorado Rapids,1,1,,,engsoccerdata,,,,
esd-3953,2014-03-15,2014,regular,Philadelphia Union,New England Revolution,1,0,,,engsoccerdata,,,,
esd-3954,2014-03-15,2014,regular,Seattle Sounders,Toronto FC,1,2,,,engsoccerdata,,,,
esd-3955,2014-03-15,2014,regular,Sporting Kansas City,FC Dallas,1,1,,,engsoccerdata,,,,
esd-3956,2014-03-15,2014,regular,Houston Dynamo,Montreal Impact,1,0,,,engsoccerdata,,,,
esd-3957,2014-03-16,2014,regular,San Jose Earthquakes,Real Salt Lake,3,3,,,engsoccerdata,,,,
esd-3958,2014-03-16,2014,regular,Portland Timbers,Chicago Fire,1,1,,,engsoccerdata,,,,
esd-3959,2014-03-16,2014,regular,CD Chivas USA,Vancouver Whitecaps,1,1,,,engsoccerdata,,,,
esd-3960,2014-03-22,2014,regular,New England Revolution,Vancouver Whitecaps,0,0,,,engsoccerdata,,,,
esd-3961,2014-03-22,2014,regular,Real Salt Lake,LA Galaxy,1,1,,,engsoccerdata,,,,
esd-3962,2014-03-22,2014,regular,Toronto FC,DC United,1,0,,,engsoccerdata,,,,
esd-3963,2014-03-22,2014,regular,Colorado Rapids,Portland Timbers,2,0,,,engsoccerdata,,,,
esd-3964,2014-03-22,2014,regular,Columbus Crew,Philadelphia Union,2,1,,,engsoccerdata,,,,
esd-3965,2014-03-22,2014,regular,Sporting Kansas City,San Jose Earthquakes,1,0,,,engsoccerdata,,,,
esd-3966,2014-03-22,2014,regular,FC Dallas,CD Chivas USA,3,1,,,engsoccerdata,,,,
esd-3967,2014-03-23,2014,regular,Chicago Fire,New York Red Bulls,1,1,,,engsoccerdata,,,,
esd-3968,2014-03-23,2014,regular,Montreal Impact,Seattle Sounders,0,2,,,engsoccerdata,,,,
esd-3969,2014-03-29,2014,regular,Philadelphia Union,Montreal Impact,1,1,,,engsoccerdata,,,,
esd-3970,2014-03-29,2014,regular,DC United,Chicago Fire,2,2,,,engsoccerdata,,,,
esd-3971,2014-03-29,2014,regular,Colorado Rapids,Sporting Kansas City,2,3,,,engsoccerdata,,,,
esd-3972,2014-03-29,2014,regular,Vancouver Whitecaps,Houston Dynamo,2,1,,,engsoccerdata,,,,
esd-3973,2014-03-29,2014,regular,FC Dallas,Portland Timbers,2,1,,,engsoccerdata,,,,
esd-3974,2014-03-29,2014,regular,Real Salt Lake,Toronto FC,3,0,,,engsoccerdata,,,,
esd-3975,2014-03-30,2014,regular,Seattle Sounders,Columbus Crew,1,2,,,engsoccerdata,,,,
esd-3976,2014-03-30,2014,regular,San Jose Earthquakes,New England Revolution,1,2,,,engsoccerdata,,,,
esd-3977,2014-03-30,2014,regular,New York Red Bulls,CD Chivas USA,1,1,,,engsoccerdata,,,,
esd-3978,2014-04-05,2014,regular,Portland Timbers,Seattle Sounders,4,4,,,engsoccerdata,,,,
esd-3979,2014-04-05,2014,regular,Montreal Impact,New York Red Bulls,2,2,,,engsoccerdata,,,,
esd-3980,2014-04-05,2014,regular,Chicago Fire,Philadelphia Union,2,2,,,engsoccerdata,,,,
esd-3981,2014-04-05,2014,regular,Columbus Crew,Toronto FC,0,2,,,engsoccerdata,,,,
esd-3982,2014-04-05,2014,regular,Vancouver Whitecaps,Colorado Rapids,1,2,,,engsoccerdata,,,,
esd-3983,2014-04-05,2014,regular,DC United,New England Revolution,2,0,,,engsoccerdata,,,,
esd-3984,2014-04-05,2014,regular,Houston Dynamo,FC Dallas,1,4,,,engsoccerdata,,,,
esd-3985,2014-04-05,2014,regular,Sporting Kansas City,Real Salt Lake,0,0,,,engsoccerdata,,,,
esd-3986,2014-04-06,2014,regular,CD Chivas USA,LA Galaxy,0,3,,,engsoccerdata,,,,
esd-3987,2014-04-12,2014,regular,Philadelphia Union,Real Salt Lake,2,2,,,engsoccerdata,,,,
esd-3988,2014-04-12,2014,regular,Montreal Impact,Chicago Fire,1,1,,,engsoccerdata,,,,
esd-3989,2014-04-12,2014,regular,Toronto FC,Colorado Rapids,0,1,,,engsoccerdata,,,,
esd-3990,2014-04-12,2014,regular,New England Revolution,Houston Dynamo,2,0,,,engsoccerdata,,,,
esd-3991,2014-04-12,2014,regular,DC United,New York Red Bulls,1,0,,,engsoccerdata,,,,
esd-3992,2014-04-12,2014,regular,FC Dallas,Seattle Sounders,2,3,,,engsoccerdata,,,,
esd-3993,2014-04-13,2014,regular,Portland Timbers,CD Chivas USA,1,1,,,engsoccerdata,,,,
esd-3994,2014-04-13,2014,regular,LA Galaxy,Vancouver Whitecaps,1,0,,,engsoccerdata,,,,
esd-3995,2014-04-13,2014,regular,San Jose Earthquakes,Columbus Crew,1,1,,,engsoccerdata,,,,
esd-3996,2014-04-16,2014,regular,New York Red Bulls,Philadelphia Union,2,1,,,engsoccerdata,,,,
esd-3997,2014-04-19,2014,regular,Philadelphia Union,Houston Dynamo,0,0,,,engsoccerdata,,,,
esd-3998,2014-04-19,2014,regular,Chicago Fire,New England Revolution,1,1,,,engsoccerdata,,,,
esd-3999,2014-04-19,2014,regular,Colorado Rapids,San Jose Earthquakes,0,0,,,engsoccerdata,,,,
esd-4000,2014-04-19,2014,regular,Vancouver Whitecaps,LA Galaxy,2,2,,,engsoccerdata,,,,
esd-4001,2014-04-19,2014,regular,Columbus Crew,DC United,1,1,,,engsoccerdata,,,,
esd-4002,2014-04-19,2014,regular,FC Dallas,Toronto FC,2,1,,,engsoccerdata,,,,
esd-4003,2014-04-19,2014,regular,Sporting Kansas City,Montreal Impact,4,0,,,engsoccerdata,,,,
esd-4004,2014-04-19,2014,regular,Real Salt Lake,Portland Timbers,1,0,,,engsoccerdata,,,,
esd-4005,2014-04-20,2014,regular,CD Chivas USA,Seattle Sounders,1,2,,,engsoccerdata,,,,
esd-4006,2014-04-23,2014,regular,New York Red Bulls,Houston Dynamo,4,0,,,engsoccerdata,,,,
esd-4007,2014-04-26,2014,regular,Montreal Impact,Philadelphia Union,1,0,,,engsoccerdata,,,,
esd-4008,2014-04-26,2014,regular,Seattle Sounders,Colorado Rapids,4,1,,,engsoccerdata,,,,
esd-4009,2014-04-26,2014,regular,DC United,FC Dallas,4,1,,,engsoccerdata,,,,
esd-4010,2014-04-26,2014,regular,New England Revolution,Sporting Kansas City,2,0,,,engsoccerdata,,,,
esd-4011,2014-04-26,2014,regular,Columbus Crew,New York Red Bulls,1,1,,,engsoccerdata,,,,
esd-4012,2014-04-26,2014,regular,Real Salt Lake,Vancouver Whitecaps,2,2,,,engsoccerdata,,,,
esd-4013,2014-04-27,2014,regular,San Jose Earthquakes,CD Chivas USA,1,0,,,engsoccerdata,,,,
esd-4014,2014-04-27,2014,regular,Houston Dynamo,Portland Timbers,1,1,,,engsoccerdata,,,,
esd-4015,2014-05-03,2014,regular,Toronto FC,New England Revolution,1,2,,,engsoccerdata,,,,
esd-4016,2014-05-03,2014,regular,Vancouver Whitecaps,San Jose Earthquakes,3,2,,,engsoccerdata,,,,
esd-4017,2014-05-03,2014,regular,Chicago Fire,Real Salt Lake,2,3,,,engsoccerdata,,,,
esd-4018,2014-05-03,2014,regular,Colorado Rapids,LA Galaxy,1,0,,,engsoccerdata,,,,
esd-4019,2014-05-04,2014,regular,Seattle Sounders,Philadelphia Union,2,1,,,engsoccerdata,,,,
esd-4020,2014-05-04,2014,regular,CD Chivas USA,Houston Dynamo,1,4,,,engsoccerdata,,,,
esd-4021,2014-05-04,2014,regular,Portland Timbers,DC United,3,2,,,engsoccerdata,,,,
esd-4022,2014-05-04,2014,regular,FC Dallas,New York Red Bulls,0,1,,,engsoccerdata,,,,
esd-4023,2014-05-04,2014,regular,Sporting Kansas City,Columbus Crew,2,0,,,engsoccerdata,,,,
esd-4024,2014-05-07,2014,regular,Houston Dynamo,Columbus Crew,1,0,,,engsoccerdata,,,,
esd-4025,2014-05-08,2014,regular,Seattle Sounders,FC Dallas,2,1,,,engsoccerdata,,,,
esd-4026,2014-05-08,2014,regular,San Jose Earthquakes,Colorado Rapids,0,0,,,engsoccerdata,,,,
esd-4027,2014-05-10,2014,regular,Philadelphia Union,DC United,0,1,,,engsoccerdata,,,,
esd-4028,2014-05-10,2014,regular,Montreal Impact,Sporting Kansas City,0,3,,,engsoccerdata,,,,
esd-4029,2014-05-10,2014,regular,New York Red Bulls,Chicago Fire,4,5,,,engsoccerdata,,,,
esd-4030,2014-05-10,2014,regular,Columbus Crew,Vancouver Whitecaps,0,1,,,engsoccerdata,,,,
esd-4031,2014-05-11,2014,regular,San Jose Earthquakes,FC Dallas,2,1,,,engsoccerdata,,,,
esd-4032,2014-05-11,2014,regular,Portland Timbers,LA Galaxy,1,1,,,engsoccerdata,,,,
esd-4033,2014-05-11,2014,regular,Colorado Rapids,CD Chivas USA,1,3,,,engsoccerdata,,,,
esd-4034,2014-05-11,2014,regular,New England Revolution,Seattle Sounders,5,0,,,engsoccerdata,,,,
esd-4035,2014-05-11,2014,regular,Houston Dynamo,Real Salt Lake,2,5,,,engsoccerdata,,,,
esd-4036,2014-05-14,2014,regular,Sporting Kansas City,Philadelphia Union,1,2,,,engsoccerdata,,,,
esd-4037,2014-05-17,2014,regular,Toronto FC,New York Red Bulls,2,0,,,engsoccerdata,,,,
esd-4038,2014-05-17,2014,regular,Philadelphia Union,New England Revolution,3,5,,,engsoccerdata,,,,
esd-4039,2014-05-17,2014,regular,DC United,Montreal Impact,1,1,,,engsoccerdata,,,,
esd-4040,2014-05-17,2014,regular,Houston Dynamo,LA Galaxy,1,0,,,engsoccerdata,,,,
esd-4041,2014-05-17,2014,regular,FC Dallas,CD Chivas USA,1,1,,,engsoccerdata,,,,
esd-4042,2014-05-17,2014,regular,Real Salt Lake,Colorado Rapids,2,1,,,engsoccerdata,,,,
esd-4043,2014-05-18,2014,regular,Seattle Sounders,San Jose Earthquakes,1,0,,,engsoccerdata,,,,
esd-4044,2014-05-18,2014,regular,Portland Timbers,Columbus Crew,3,3,,,engsoccerdata,,,,
esd-4045,2014-05-18,2014,regular,Chicago Fire,Sporting Kansas City,2,1,,,engsoccerdata,,,,
esd-4046,2014-05-21,2014,regular,DC United,Houston Dynamo,2,0,,,engsoccerdata,,,,
esd-4047,2014-05-22,2014,regular,LA Galaxy,FC Dallas,2,1,,,engsoccerdata,,,,
esd-4048,2014-05-23,2014,regular,Sporting Kansas City,Toronto FC,2,2,,,engsoccerdata,,,,
esd-4049,2014-05-24,2014,regular,Vancouver Whitecaps,Seattle Sounders,2,2,,,engsoccerdata,,,,
esd-4050,2014-05-24,2014,regular,New York Red Bulls,Portland Timbers,1,2,,,engsoccerdata,,,,
esd-4051,2014-05-24,2014,regular,Columbus Crew,Chicago Fire,2,0,,,engsoccerdata,,,,
esd-4052,2014-05-24,2014,regular,New England Revolution,DC United,2,1,,,engsoccerdata,,,,
esd-4053,2014-05-24,2014,regular,Colorado Rapids,Montreal Impact,4,1,,,engsoccerdata,,,,
esd-4054,2014-05-24,2014,regular,Real Salt Lake,FC Dallas,0,0,,,engsoccerdata,,,,
esd-4055,2014-05-25,2014,regular,LA Galaxy,Philadelphia Union,4,1,,,engsoccerdata,,,,
esd-4056,2014-05-26,2014,regular,San Jose Earthquakes,Houston Dynamo,3,0,,,engsoccerdata,,,,
esd-4057,2014-05-27,2014,regular,Sporting Kansas City,New York Red Bulls,1,1,,,engsoccerdata,,,,
esd-4058,2014-05-29,2014,regular,CD Chivas USA,Portland Timbers,0,2,,,engsoccerdata,,,,
esd-4059,2014-05-31,2014,regular,Seattle Sounders,Real Salt Lake,4,0,,,engsoccerdata,,,,
esd-4060,2014-05-31,2014,regular,Toronto FC,Columbus Crew,3,2,,,engsoccerdata,,,,
esd-4061,2014-05-31,2014,regular,Montreal Impact,New England Revolution,2,0,,,engsoccerdata,,,,
esd-4062,2014-05-31,2014,regular,DC United,Sporting Kansas City,1,0,,,engsoccerdata,,,,
esd-4063,2014-05-31,2014,regular,FC Dallas,San Jose Earthquakes,1,2,,,engsoccerdata,,,,
esd-4064,2014-06-01,2014,regular,CD Chivas USA,Philadelphia Union,0,3,,,engsoccerdata,,,,
esd-4065,2014-06-01,2014,regular,Chicago Fire,LA Galaxy,1,1,,,engsoccerdata,,,,
esd-4066,2014-06-01,2014,regular,Colorado Rapids,Houston Dynamo,3,0,,,engsoccerdata,,,,
esd-4067,2014-06-01,2014,regular,Portland Timbers,Vancouver Whitecaps,3,4,,,engsoccerdata,,,,
esd-4068,2014-06-04,2014,regular,Columbus Crew,Real Salt Lake,1,1,,,engsoccerdata,,,,
esd-4069,2014-06-04,2014,regular,Colorado Rapids,Chicago Fire,0,0,,,engsoccerdata,,,,
esd-4070,2014-06-06,2014,regular,Houston Dynamo,Sporting Kansas City,0,2,,,engsoccerdata,,,,
esd-4071,2014-06-07,2014,regular,Toronto FC,San Jose Earthquakes,1,0,,,engsoccerdata,,,,
esd-4072,2014-06-07,2014,regular,DC United,Columbus Crew,0,0,,,engsoccerdata,,,,
esd-4073,2014-06-07,2014,regular,Philadelphia Union,Vancouver Whitecaps,3,3,,,engsoccerdata,,,,
esd-4074,2014-06-07,2014,regular,Chicago Fire,Seattle Sounders,2,3,,,engsoccerdata,,,,
esd-4075,2014-06-07,2014,regular,FC Dallas,Colorado Rapids,3,2,,,engsoccerdata,,,,
esd-4076,2014-06-08,2014,regular,Real Salt Lake,Portland Timbers,1,3,,,engsoccerdata,,,,
esd-4077,2014-06-08,2014,regular,New England Revolution,New York Red Bulls,0,2,,,engsoccerdata,,,,
esd-4078,2014-06-08,2014,regular,LA Galaxy,CD Chivas USA,1,1,,,engsoccerdata,,,,
esd-4079,2014-06-11,2014,regular,Montreal Impact,DC United,2,4,,,engsoccerdata,,,,
esd-4080,2014-06-12,2014,regular,Portland Timbers,FC Dallas,2,2,,,engsoccerdata,,,,
esd-4081,2014-06-26,2014,regular,Vancouver Whitecaps,Montreal Impact,0,0,,,engsoccerdata,,,,
esd-4082,2014-06-27,2014,regular,New York Red Bulls,Toronto FC,2,2,,,engsoccerdata,,,,
esd-4083,2014-06-28,2014,regular,Portland Timbers,Sporting Kansas City,0,1,,,engsoccerdata,,,,
esd-4084,2014-06-28,2014,regular,DC United,Seattle Sounders,0,1,,,engsoccerdata,,,,
esd-4085,2014-06-28,2014,regular,New England Revolution,Philadelphia Union,1,3,,,engsoccerdata,,,,
esd-4086,2014-06-28,2014,regular,Colorado Rapids,Vancouver Whitecaps,2,0,,,engsoccerdata,,,,
esd-4087,2014-06-29,2014,regular,CD Chivas USA,Real Salt Lake,1,0,,,engsoccerdata,,,,
esd-4088,2014-06-29,2014,regular,San Jose Earthquakes,LA Galaxy,0,1,,,engsoccerdata,,,,
esd-4089,2014-06-29,2014,regular,Columbus Crew,FC Dallas,0,0,,,engsoccerdata,,,,
esd-4090,2014-06-29,2014,regular,Montreal Impact,Houston Dynamo,3,0,,,engsoccerdata,,,,
esd-4091,2014-07-02,2014,regular,Chicago Fire,Toronto FC,1,1,,,engsoccerdata,,,,
esd-4092,2014-07-03,2014,regular,San Jose Earthquakes,CD Chivas USA,0,1,,,engsoccerdata,,,,
esd-4093,2014-07-04,2014,regular,Houston Dynamo,New York Red Bulls,2,2,,,engsoccerdata,,,,
esd-4094,2014-07-04,2014,regular,FC Dallas,Philadelphia Union,2,1,,,engsoccerdata,,,,
esd-4095,2014-07-04,2014,regular,Colorado Rapids,Columbus Crew,1,1,,,engsoccerdata,,,,
esd-4096,2014-07-05,2014,regular,Real Salt Lake,New England Revolution,2,1,,,engsoccerdata,,,,
esd-4097,2014-07-05,2014,regular,LA Galaxy,Portland Timbers,2,2,,,engsoccerdata,,,,
esd-4098,2014-07-05,2014,regular,Toronto FC,DC United,1,2,,,engsoccerdata,,,,
esd-4099,2014-07-06,2014,regular,Vancouver Whitecaps,Seattle Sounders,1,0,,,engsoccerdata,,,,
esd-4100,2014-07-06,2014,regular,CD Chivas USA,Montreal Impact,1,0,,,engsoccerdata,,,,
esd-4101,2014-07-06,2014,regular,Sporting Kansas City,Chicago Fire,1,1,,,engsoccerdata,,,,
esd-4102,2014-07-12,2014,regular,San Jose Earthquakes,DC United,1,2,,,engsoccerdata,,,,
esd-4103,2014-07-12,2014,regular,Toronto FC,Houston Dynamo,4,2,,,engsoccerdata,,,,
esd-4104,2014-07-12,2014,regular,New York Red Bulls,Columbus Crew,4,1,,,engsoccerdata,,,,
esd-4105,2014-07-12,2014,regular,Philadelphia Union,Colorado Rapids,3,3,,,engsoccerdata,,,,
esd-4106,2014-07-12,2014,regular,Montreal Impact,Sporting Kansas City,1,2,,,engsoccerdata,,,,
esd-4107,2014-07-12,2014,regular,New England Revolution,Chicago Fire,0,1,,,engsoccerdata,,,,
esd-4108,2014-07-13,2014,regular,Vancouver Whitecaps,CD Chivas USA,1,3,,,engsoccerdata,,,,
esd-4109,2014-07-13,2014,regular,LA Galaxy,Real Salt Lake,1,0,,,engsoccerdata,,,,
esd-4110,2014-07-14,2014,regular,Seattle Sounders,Portland Timbers,2,0,,,engsoccerdata,,,,
esd-4111,2014-07-16,2014,regular,Philadelphia Union,New York Red Bulls,3,1,,,engsoccerdata,,,,
esd-4112,2014-07-16,2014,regular,Columbus Crew,Sporting Kansas City,1,2,,,engsoccerdata,,,,
esd-4113,2014-07-16,2014,regular,Toronto FC,Vancouver Whitecaps,1,1,,,engsoccerdata,,,,
esd-4114,2014-07-17,2014,regular,LA Galaxy,New England Revolution,5,1,,,engsoccerdata,,,,
esd-4115,2014-07-19,2014,regular,Portland Timbers,Colorado Rapids,2,1,,,engsoccerdata,,,,
esd-4116,2014-07-19,2014,regular,Sporting Kansas City,LA Galaxy,2,1,,,engsoccerdata,,,,
esd-4117,2014-07-19,2014,regular,New York Red Bulls,San Jose Earthquakes,1,1,,,engsoccerdata,,,,
esd-4118,2014-07-19,2014,regular,Columbus Crew,Montreal Impact,2,1,,,engsoccerdata,,,,
esd-4119,2014-07-19,2014,regular,Chicago Fire,Philadelphia Union,1,1,,,engsoccerdata,,,,
esd-4120,2014-07-19,2014,regular,Houston Dynamo,Toronto FC,2,2,,,engsoccerdata,,,,
esd-4121,2014-07-19,2014,regular,FC Dallas,New England Revolution,2,0,,,engsoccerdata,,,,
esd-4122,2014-07-20,2014,regular,Real Salt Lake,Vancouver Whitecaps,1,1,,,engsoccerdata,,,,
esd-4123,2014-07-20,2014,regular,DC United,CD Chivas USA,3,1,,,engsoccerdata,,,,
esd-4124,2014-07-24,2014,regular,San Jose Earthquakes,Chicago Fire,5,1,,,engsoccerdata,,,,
esd-4125,2014-07-25,2014,regular,Real Salt Lake,Montreal Impact,3,1,,,engsoccerdata,,,,
esd-4126,2014-07-25,2014,regular,Colorado Rapids,CD Chivas USA,3,0,,,engsoccerdata,,,,
esd-4127,2014-07-26,2014,regular,Toronto FC,Sporting Kansas City,1,2,,,engsoccerdata,,,,
esd-4128,2014-07-26,2014,regular,New England Revolution,Columbus Crew,1,2,,,engsoccerdata,,,,
esd-4129,2014-07-27,2014,regular,Vancouver Whitecaps,FC Dallas,2,2,,,engsoccerdata,,,,
esd-4130,2014-07-27,2014,regular,Montreal Impact,Portland Timbers,2,3,,,engsoccerdata,,,,
esd-4131,2014-07-29,2014,regular,Seattle Sounders,LA Galaxy,0,3,,,engsoccerdata,,,,
esd-4132,2014-07-30,2014,regular,DC United,Toronto FC,3,0,,,engsoccerdata,,,,
esd-4133,2014-07-30,2014,regular,New England Revolution,Colorado Rapids,3,0,,,engsoccerdata,,,,
esd-4134,2014-07-30,2014,regular,Chicago Fire,Vancouver Whitecaps,0,0,,,engsoccerdata,,,,
esd-4135,2014-07-30,2014,regular,Real Salt Lake,New York Red Bulls,1,1,,,engsoccerdata,,,,
esd-4136,2014-08-01,2014,regular,Sporting Kansas City,Philadelphia Union,1,1,,,engsoccerdata,,,,
esd-4137,2014-08-02,2014,regular,LA Galaxy,Portland Timbers,3,1,,,engsoccerdata,,,,
esd-4138,2014-08-02,2014,regular,Montreal Impact,Toronto FC,0,2,,,engsoccerdata,,,,
esd-4139,2014-08-02,2014,regular,New York Red Bulls,New England Revolution,2,1,,,engsoccerdata,,,,
esd-4140,2014-08-02,2014,regular,Chicago Fire,Columbus Crew,1,1,,,engsoccerdata,,,,
esd-4141,2014-08-02,2014,regular,Colorado Rapids,Real Salt Lake,0,1,,,engsoccerdata,,,,
esd-4142,2014-08-03,2014,regular,San Jose Earthquakes,Seattle Sounders,1,0,,,engsoccerdata,,,,
esd-4143,2014-08-03,2014,regular,Houston Dynamo,DC United,1,0,,,engsoccerdata,,,,
esd-4144,2014-08-04,2014,regular,CD Chivas USA,FC Dallas,0,1,,,engsoccerdata,,,,
esd-4145,2014-08-09,2014,regular,LA Galaxy,San Jose Earthquakes,2,2,,,engsoccerdata,,,,
esd-4146,2014-08-09,2014,regular,Philadelphia Union,Montreal Impact,2,1,,,engsoccerdata,,,,
esd-4147,2014-08-09,2014,regular,Columbus Crew,Toronto FC,2,3,,,engsoccerdata,,,,
esd-4148,2014-08-09,2014,regular,FC Dallas,Colorado Rapids,3,1,,,engsoccerdata,,,,
esd-4149,2014-08-10,2014,regular,Real Salt Lake,DC United,3,0,,,engsoccerdata,,,,
esd-4150,2014-08-10,2014,regular,Portland Timbers,CD Chivas USA,2,0,,,engsoccerdata,,,,
esd-4151,2014-08-10,2014,regular,Chicago Fire,New York Red Bulls,1,0,,,engsoccerdata,,,,
esd-4152,2014-08-10,2014,regular,Vancouver Whitecaps,Sporting Kansas City,2,0,,,engsoccerdata,,,,
esd-4153,2014-08-11,2014,regular,Seattle Sounders,Houston Dynamo,2,0,,,engsoccerdata,,,,
esd-4154,2014-08-15,2014,regular,Houston Dynamo,Philadelphia Union,2,0,,,engsoccerdata,,,,
esd-4155,2014-08-16,2014,regular,Real Salt Lake,Seattle Sounders,2,1,,,engsoccerdata,,,,
esd-4156,2014-08-16,2014,regular,Montreal Impact,Chicago Fire,1,0,,,engsoccerdata,,,,
esd-4157,2014-08-16,2014,regular,Columbus Crew,LA Galaxy,4,1,,,engsoccerdata,,,,
esd-4158,2014-08-16,2014,regular,New England Revolution,Portland Timbers,1,1,,,engsoccerdata,,,,
esd-4159,2014-08-16,2014,regular,Sporting Kansas City,Toronto FC,4,1,,,engsoccerdata,,,,
esd-4160,2014-08-17,2014,regular,CD Chivas USA,Vancouver Whitecaps,0,0,,,engsoccerdata,,,,
esd-4161,2014-08-17,2014,regular,San Jose Earthquakes,FC Dallas,0,5,,,engsoccerdata,,,,
esd-4162,2014-08-17,2014,regular,DC United,Colorado Rapids,4,2,,,engsoccerdata,,,,
esd-4163,2014-08-20,2014,regular,Colorado Rapids,LA Galaxy,3,4,,,engsoccerdata,,,,
esd-4164,2014-08-21,2014,regular,Seattle Sounders,San Jose Earthquakes,1,1,,,engsoccerdata,,,,
esd-4165,2014-08-22,2014,regular,FC Dallas,Real Salt Lake,2,1,,,engsoccerdata,,,,
esd-4166,2014-08-23,2014,regular,Toronto FC,Chicago Fire,2,2,,,engsoccerdata,,,,
esd-4167,2014-08-23,2014,regular,New York Red Bulls,Montreal Impact,4,2,,,engsoccerdata,,,,
esd-4168,2014-08-23,2014,regular,New England Revolution,CD Chivas USA,1,0,,,engsoccerdata,,,,
esd-4169,2014-08-23,2014,regular,Columbus Crew,Houston Dynamo,3,0,,,engsoccerdata,,,,
esd-4170,2014-08-23,2014,regular,Sporting Kansas City,DC United,0,3,,,engsoccerdata,,,,
esd-4171,2014-08-24,2014,regular,LA Galaxy,Vancouver Whitecaps,2,0,,,engsoccerdata,,,,
esd-4172,2014-08-24,2014,regular,Portland Timbers,Seattle Sounders,2,4,,,engsoccerdata,,,,
esd-4173,2014-08-24,2014,regular,Philadelphia Union,San Jose Earthquakes,4,2,,,engsoccerdata,,,,
esd-4174,2014-08-28,2014,regular,LA Galaxy,DC United,4,1,,,engsoccerdata,,,,
esd-4175,2014-08-29,2014,regular,Sporting Kansas City,Houston Dynamo,1,3,,,engsoccerdata,,,,
esd-4176,2014-08-30,2014,regular,Seattle Sounders,Colorado Rapids,1,0,,,engsoccerdata,,,,
esd-4177,2014-08-30,2014,regular,Toronto FC,New England Revolution,0,3,,,engsoccerdata,,,,
esd-4178,2014-08-30,2014,regular,Montreal Impact,Columbus Crew,2,0,,,engsoccerdata,,,,
esd-4179,2014-08-30,2014,regular,Chicago Fire,FC Dallas,1,0,,,engsoccerdata,,,,
esd-4180,2014-08-31,2014,regular,Vancouver Whitecaps,Portland Timbers,0,3,,,engsoccerdata,,,,
esd-4181,2014-08-31,2014,regular,San Jose Earthquakes,Real Salt Lake,1,1,,,engsoccerdata,,,,
esd-4182,2014-08-31,2014,regular,DC United,New York Red Bulls,2,0,,,engsoccerdata,,,,
esd-4183,2014-08-31,2014,regular,CD Chivas USA,LA Galaxy,0,3,,,engsoccerdata,,,,
esd-4184,2014-09-03,2014,regular,Philadelphia Union,Toronto FC,1,0,,,engsoccerdata,,,,
esd-4185,2014-09-03,2014,regular,New England Revolution,Sporting Kansas City,3,1,,,engsoccerdata,,,,
esd-4186,2014-09-04,2014,regular,CD Chivas USA,Seattle Sounders,2,4,,,engsoccerdata,,,,
esd-4187,2014-09-06,2014,regular,LA Galaxy,Colorado Rapids,6,0,,,engsoccerdata,,,,
esd-4188,2014-09-06,2014,regular,Toronto FC,Philadelphia Union,0,2,,,engsoccerdata,,,,
esd-4189,2014-09-06,2014,regular,New York Red Bulls,Sporting Kansas City,2,1,,,engsoccerdata,,,,
esd-4190,2014-09-06,2014,regular,Houston Dynamo,Montreal Impact,3,2,,,engsoccerdata,,,,
esd-4191,2014-09-07,2014,regular,Real Salt Lake,FC Dallas,2,1,,,engsoccerdata,,,,
esd-4192,2014-09-07,2014,regular,Vancouver Whitecaps,DC United,0,0,,,engsoccerdata,,,,
esd-4193,2014-09-07,2014,regular,Columbus Crew,CD Chivas USA,3,0,,,engsoccerdata,,,,
esd-4194,2014-09-07,2014,regular,Portland Timbers,San Jose Earthquakes,3,3,,,engsoccerdata,,,,
esd-4195,2014-09-07,2014,regular,New England Revolution,Chicago Fire,2,1,,,engsoccerdata,,,,
esd-4196,2014-09-10,2014,regular,Montreal Impact,LA Galaxy,2,2,,,engsoccerdata,,,,
esd-4197,2014-09-10,2014,regular,New York Red Bulls,DC United,1,0,,,engsoccerdata,,,,
esd-4198,2014-09-11,2014,regular,Vancouver Whitecaps,San Jose Earthquakes,2,0,,,engsoccerdata,,,,
esd-4199,2014-09-13,2014,regular,CD Chivas USA,Sporting Kansas City,0,4,,,engsoccerdata,,,,
esd-4200,2014-09-13,2014,regular,Seattle Sounders,Real Salt Lake,3,2,,,engsoccerdata,,,,
esd-4201,2014-09-13,2014,regular,Philadelphia Union,New York Red Bulls,2,2,,,engsoccerdata,,,,
esd-4202,2014-09-13,2014,regular,New England Revolution,Montreal Impact,2,1,,,engsoccerdata,,,,
esd-4203,2014-09-13,2014,regular,Houston Dynamo,Columbus Crew,2,2,,,engsoccerdata,,,,
esd-4204,2014-09-13,2014,regular,FC Dallas,Vancouver Whitecaps,2,1,,,engsoccerdata,,,,
esd-4205,2014-09-13,2014,regular,Chicago Fire,Toronto FC,1,1,,,engsoccerdata,,,,
esd-4206,2014-09-13,2014,regular,Colorado Rapids,Portland Timbers,2,2,,,engsoccerdata,,,,
esd-4207,2014-09-14,2014,regular,San Jose Earthquakes,LA Galaxy,1,1,,,engsoccerdata,,,,
esd-4208,2014-09-20,2014,regular,Real Salt Lake,Colorado Rapids,5,1,,,engsoccerdata,,,,
esd-4209,2014-09-20,2014,regular,Portland Timbers,Vancouver Whitecaps,3,0,,,engsoccerdata,,,,
esd-4210,2014-09-20,2014,regular,Philadelphia Union,Houston Dynamo,0,0,,,engsoccerdata,,,,
esd-4211,2014-09-20,2014,regular,Columbus Crew,New England Revolution,1,0,,,engsoccerdata,,,,
esd-4212,2014-09-20,2014,regular,Montreal Impact,San Jose Earthquakes,2,0,,,engsoccerdata,,,,
esd-4213,2014-09-20,2014,regular,New York Red Bulls,Seattle Sounders,4,1,,,engsoccerdata,,,,
esd-4214,2014-09-20,2014,regular,Chicago Fire,DC United,3,3,,,engsoccerdata,,,,
esd-4215,2014-09-21,2014,regular,LA Galaxy,FC Dallas,2,1,,,engsoccerdata,,,,
esd-4216,2014-09-21,2014,regular,Toronto FC,CD Chivas USA,3,0,,,engsoccerdata,,,,
esd-4217,2014-09-24,2014,regular,FC Dallas,Seattle Sounders,3,1,,,engsoccerdata,,,,
esd-4218,2014-09-26,2014,regular,Sporting Kansas City,New England Revolution,2,3,,,engsoccerdata,,,,
esd-4219,2014-09-27,2014,regular,Vancouver Whitecaps,Real Salt Lake,2,1,,,engsoccerdata,,,,
esd-4220,2014-09-27,2014,regular,Toronto FC,Portland Timbers,3,2,,,engsoccerdata,,,,
esd-4221,2014-09-27,2014,regular,Seattle Sounders,CD Chivas USA,4,2,,,engsoccerdata,,,,
esd-4222,2014-09-27,2014,regular,DC United,Philadelphia Union,1,0,,,engsoccerdata,,,,
esd-4223,2014-09-27,2014,regular,Columbus Crew,Montreal Impact,2,0,,,engsoccerdata,,,,
esd-4224,2014-09-27,2014,regular,Colorado Rapids,San Jose Earthquakes,1,1,,,engsoccerdata,,,,
esd-4225,2014-09-28,2014,regular,Houston Dynamo,Chicago Fire,2,0,,,engsoccerdata,,,,
esd-4226,2014-09-28,2014,regular,LA Galaxy,New York Red Bulls,4,0,,,engsoccerdata,,,,
esd-4227,2014-10-02,2014,regular,Philadelphia Union,Chicago Fire,1,1,,,engsoccerdata,,,,
esd-4228,2014-10-03,2014,regular,DC United,Sporting Kansas City,0,0,,,engsoccerdata,,,,
esd-4229,2014-10-04,2014,regular,Vancouver Whitecaps,FC Dallas,2,0,,,engsoccerdata,,,,
esd-4230,2014-10-04,2014,regular,New England Revolution,Columbus Crew,2,1,,,engsoccerdata,,,,
esd-4231,2014-10-04,2014,regular,New York Red Bulls,Houston Dynamo,1,0,,,engsoccerdata,,,,
esd-4232,2014-10-05,2014,regular,LA Galaxy,Toronto FC,3,0,,,engsoccerdata,,,,
esd-4233,2014-10-05,2014,regular,San Jose Earthquakes,Portland Timbers,1,2,,,engsoccerdata,,,,
esd-4234,2014-10-05,2014,regular,Colorado Rapids,Seattle Sounders,1,4,,,engsoccerdata,,,,
esd-4235,2014-10-05,2014,regular,Chicago Fire,Montreal Impact,0,0,,,engsoccerdata,,,,
esd-4236,2014-10-05,2014,regular,CD Chivas USA,Real Salt Lake,1,0,,,engsoccerdata,,,,
esd-4237,2014-10-08,2014,regular,Toronto FC,Houston Dynamo,0,1,,,engsoccerdata,,,,
esd-4238,2014-10-09,2014,regular,Portland Timbers,San Jose Earthquakes,3,0,,,engsoccerdata,,,,
esd-4239,2014-10-10,2014,regular,Sporting Kansas City,Chicago Fire,2,0,,,engsoccerdata,,,,
esd-4240,2014-10-11,2014,regular,Seattle Sounders,Vancouver Whitecaps,0,1,,,engsoccerdata,,,,
esd-4241,2014-10-11,2014,regular,Philadelphia Union,Columbus Crew,2,3,,,engsoccerdata,,,,
esd-4242,2014-10-11,2014,regular,New York Red Bulls,Toronto FC,3,1,,,engsoccerdata,,,,
esd-4243,2014-10-11,2014,regular,Real Salt Lake,San Jose Earthquakes,2,0,,,engsoccerdata,,,,
esd-4244,2014-10-12,2014,regular,CD Chivas USA,Colorado Rapids,2,0,,,engsoccerdata,,,,
esd-4245,2014-10-12,2014,regular,Montreal Impact,New England Revolution,2,2,,,engsoccerdata,,,,
esd-4246,2014-10-12,2014,regular,Houston Dynamo,DC United,1,3,,,engsoccerdata,,,,
esd-4247,2014-10-12,2014,regular,FC Dallas,LA Galaxy,2,1,,,engsoccerdata,,,,
esd-4248,2014-10-16,2014,regular,Houston Dynamo,New England Revolution,1,2,,,engsoccerdata,,,,
esd-4249,2014-10-18,2014,regular,Portland Timbers,Real Salt Lake,0,0,,,engsoccerdata,,,,
esd-4250,2014-10-18,2014,regular,Toronto FC,Montreal Impact,1,1,,,engsoccerdata,,,,
esd-4251,2014-10-18,2014,regular,Colorado Rapids,FC Dallas,0,1,,,engsoccerdata,,,,
esd-4252,2014-10-18,2014,regular,DC United,Chicago Fire,2,1,,,engsoccerdata,,,,
esd-4253,2014-10-18,2014,regular,Philadelphia Union,Sporting Kansas City,2,1,,,engsoccerdata,,,,
esd-4254,2014-10-18,2014,regular,New York Red Bulls,Columbus Crew,1,3,,,engsoccerdata,,,,
esd-4255,2014-10-19,2014,regular,LA Galaxy,Seattle Sounders,2,2,,,engsoccerdata,,,,
esd-4256,2014-10-22,2014,regular,Real Salt Lake,CD Chivas USA,2,0,,,engsoccerdata,,,,
esd-4257,2014-10-24,2014,regular,Chicago Fire,Houston Dynamo,2,1,,,engsoccerdata,,,,
esd-4258,2014-10-25,2014,regular,Seattle Sounders,LA Galaxy,2,0,,,engsoccerdata,,,,
esd-4259,2014-10-25,2014,regular,Montreal Impact,DC United,1,1,,,engsoccerdata,,,,
esd-4260,2014-10-25,2014,regular,Vancouver Whitecaps,Colorado Rapids,1,0,,,engsoccerdata,,,,
esd-4261,2014-10-25,2014,regular,New England Revolution,Toronto FC,1,0,,,engsoccerdata,,,,
esd-4262,2014-10-25,2014,regular,FC Dallas,Portland Timbers,0,2,,,engsoccerdata,,,,
esd-4263,2014-10-26,2014,regular,CD Chivas USA,San Jose Earthquakes,1,0,,,engsoccerdata,,,,
esd-4264,2014-10-26,2014,regular,Columbus Crew,Philadelphia Union,2,1,,,engsoccerdata,,,,
esd-4265,2014-10-26,2014,regular,Sporting Kansas City,New York Red Bulls,0,2,,,engsoccerdata,,,,
esd-4266,2014-10-29,2014,postseason,FC Dallas,Vancouver Whitecaps,2,1,,,engsoccerdata,,,,
esd-4267,2014-10-30,2014,postseason,New York Red Bulls,Sporting Kansas City,2,1,,,engsoccerdata,,,,
esd-4268,2014-11-01,2014,postseason,Columbus Crew,New England Revolution,2,4,,,engsoccerdata,,,,
esd-4269,2014-11-01,2014,postseason,Real Salt Lake,LA Galaxy,0,0,,,engsoccerdata,,,,
esd-4270,2014-11-02,2014,postseason,New York Red Bulls,DC United,2,0,,,engsoccerdata,,,,
esd-4271,2014-11-02,2014,postseason,FC Dallas,Seattle Sounders,1,1,,,engsoccerdata,,,,
esd-4272,2014-11-08,2014,postseason,DC United,New York Red Bulls,2,1,,,engsoccerdata,,,,
esd-4273,2014-11-09,2014,postseason,New England Revolution,Columbus Crew,3,1,,,engsoccerdata,,,,
esd-4274,2014-11-09,2014,postseason,LA Galaxy,Real Salt Lake,5,0,,,engsoccerdata,,,,
esd-4275,2014-11-10,2014,postseason,Seattle Sounders,FC Dallas,0,0,,,engsoccerdata,,,,
esd-4276,2014-11-23,2014,postseason,New York Red Bulls,New England Revolution,1,2,,,engsoccerdata,,,,
esd-4277,2014-11-23,2014,postseason,LA Galaxy,Seattle Sounders,1,0,,,engsoccerdata,,,,
esd-4278,2014-11-29,2014,postseason,New England Revolution,New York Red Bulls,2,2,,,engsoccerdata,,,,
esd-4279,2014-11-30,2014,postseason,Seattle Sounders,LA Galaxy,2,1,,,engsoccerdata,,,,
esd-4280,2014-12-07,2014,postseason,LA Galaxy,New England Revolution,2,1,1,AET,engsoccerdata,,,,
esd-4281,2015-03-06,2015,regular,LA Galaxy,Chicago Fire,2,0,,,engsoccerdata,,,,
esd-4282,2015-03-07,2015,regular,DC United,Montreal Impact,1,0,,,engsoccerdata,,,,
esd-4283,2015-03-07,2015,regular,Philadelphia Union,Colorado Rapids,0,0,,,engsoccerdata,,,,
esd-4284,2015-03-07,2015,regular,Vancouver Whitecaps,Toronto FC,1,3,,,engsoccerdata,,,,
esd-4285,2015-03-07,2015,regular,FC Dallas,San Jose Earthquakes,1,0,,,engsoccerdata,,,,
esd-4286,2015-03-07,2015,regular,Houston Dynamo,Columbus Crew,1,0,,,engsoccerdata,,,,
esd-4287,2015-03-07,2015,regular,Portland Timbers,Real Salt Lake,0,0,,,engsoccerdata,,,,
esd-4288,2015-03-08,2015,regular,Orlando City,New York City FC,1,1,,,engsoccerdata,,,,
esd-4289,2015-03-08,2015,regular,Sporting Kansas City,New York Red Bulls,1,1,,,engsoccerdata,,,,
esd-4290,2015-03-08,2015,regular,Seattle Sounders,New England Revolution,3,0,,,engsoccerdata,,,,
esd-4291,2015-03-13,2015,regular,Houston Dynamo,Orlando City,0,1,,,engsoccerdata,,,,
esd-4292,2015-03-14,2015,regular,Chicago Fire,Vancouver Whitecaps,0,1,,,engsoccerdata,,,,
esd-4293,2015-03-14,2015,regular,Columbus Crew,Toronto FC,2,0,,,engsoccerdata,,,,
esd-4294,2015-03-14,2015,regular,FC Dallas,Sporting Kansas City,3,1,,,engsoccerdata,,,,
esd-4295,2015-03-14,2015,regular,Real Salt Lake,Philadelphia Union,3,3,,,engsoccerdata,,,,
esd-4296,2015-03-14,2015,regular,Seattle Sounders,San Jose Earthquakes,2,3,,,engsoccerdata,,,,
esd-4297,2015-03-15,2015,regular,New York City FC,New England Revolution,2,0,,,engsoccerdata,,,,
esd-4298,2015-03-15,2015,regular,Portland Timbers,LA Galaxy,2,2,,,engsoccerdata,,,,
esd-4299,2015-03-21,2015,regular,New England Revolution,Montreal Impact,0,0,,,engsoccerdata,,,,
esd-4300,2015-03-21,2015,regular,Colorado Rapids,New York City FC,0,0,,,engsoccerdata,,,,
esd-4301,2015-03-21,2015,regular,Philadelphia Union,FC Dallas,0,2,,,engsoccerdata,,,,
esd-4302,2015-03-21,2015,regular,Orlando City,Vancouver Whitecaps,0,1,,,engsoccerdata,,,,
esd-4303,2015-03-21,2015,regular,Sporting Kansas City,Portland Timbers,0,0,,,engsoccerdata,,,,
esd-4304,2015-03-21,2015,regular,LA Galaxy,Houston Dynamo,1,1,,,engsoccerdata,,,,
esd-4305,2015-03-22,2015,regular,New York Red Bulls,DC United,2,0,,,engsoccerdata,,,,
esd-4306,2015-03-22,2015,regular,San Jose Earthquakes,Chicago Fire,2,1,,,engsoccerdata,,,,
esd-4307,2015-03-28,2015,regular,New England Revolution,San Jose Earthquakes,2,1,,,engsoccerdata,,,,
esd-4308,2015-03-28,2015,regular,Montreal Impact,Orlando City,2,2,,,engsoccerdata,,,,
esd-4309,2015-03-28,2015,regular,New York City FC,Sporting Kansas City,0,1,,,engsoccerdata,,,,
esd-4310,2015-03-28,2015,regular,DC United,LA Galaxy,1,0,,,engsoccerdata,,,,
esd-4311,2015-03-28,2015,regular,Columbus Crew,New York Red Bulls,1,2,,,engsoccerdata,,,,
esd-4312,2015-03-28,2015,regular,Vancouver Whitecaps,Portland Timbers,2,1,,,engsoccerdata,,,,
esd-4313,2015-03-28,2015,regular,FC Dallas,Seattle Sounders,0,0,,,engsoccerdata,,,,
esd-4314,2015-03-28,2015,regular,Houston Dynamo,Colorado Rapids,0,0,,,engsoccerdata,,,,
esd-4315,2015-03-29,2015,regular,Chicago Fire,Philadelphia Union,1,0,,,engsoccerdata,,,,
esd-4316,2015-03-29,2015,regular,Real Salt Lake,Toronto FC,2,1,,,engsoccerdata,,,,
esd-4317,2015-04-03,2015,regular,Orlando City,DC United,0,1,,,engsoccerdata,,,,
esd-4318,2015-04-04,2015,regular,Chicago Fire,Toronto FC,3,2,,,engsoccerdata,,,,
esd-4319,2015-04-04,2015,regular,Colorado Rapids,New England Revolution,0,2,,,engsoccerdata,,,,
esd-4320,2015-04-04,2015,regular,Vancouver Whitecaps,LA Galaxy,2,0,,,engsoccerdata,,,,
esd-4321,2015-04-04,2015,regular,Seattle Sounders,Houston Dynamo,1,0,,,engsoccerdata,,,,
esd-4322,2015-04-04,2015,regular,Portland Timbers,FC Dallas,3,1,,,engsoccerdata,,,,
esd-4323,2015-04-05,2015,regular,San Jose Earthquakes,Real Salt Lake,0,1,,,engsoccerdata,,,,
esd-4324,2015-04-05,2015,regular,Sporting Kansas City,Philadelphia Union,3,2,,,engsoccerdata,,,,
esd-4325,2015-04-08,2015,regular,Vancouver Whitecaps,Columbus Crew,2,2,,,engsoccerdata,,,,
esd-4326,2015-04-10,2015,regular,FC Dallas,Colorado Rapids,0,4,,,engsoccerdata,,,,
esd-4327,2015-04-11,2015,regular,New England Revolution,Columbus Crew,0,0,,,engsoccerdata,,,,
esd-4328,2015-04-11,2015,regular,Philadelphia Union,New York City FC,2,1,,,engsoccerdata,,,,
esd-4329,2015-04-11,2015,regular,DC United,New York Red Bulls,2,2,,,engsoccerdata,,,,
esd-4330,2015-04-11,2015,regular,Sporting Kansas City,Real Salt Lake,0,0,,,engsoccerdata,,,,
esd-4331,2015-04-11,2015,regular,Houston Dynamo,Montreal Impact,3,0,,,engsoccerdata,,,,
esd-4332,2015-04-11,2015,regular,San Jose Earthquakes,Vancouver Whitecaps,1,0,,,engsoccerdata,,,,
esd-4333,2015-04-12,2015,regular,Portland Timbers,Orlando City,0,2,,,engsoccerdata,,,,
esd-4334,2015-04-12,2015,regular,LA Galaxy,Seattle Sounders,1,0,,,engsoccerdata,,,,
esd-4335,2015-04-16,2015,regular,New York City FC,Philadelphia Union,1,1,,,engsoccerdata,,,,
esd-4336,2015-04-17,2015,regular,New York Red Bulls,San Jose Earthquakes,2,0,,,engsoccerdata,,,,
esd-4337,2015-04-18,2015,regular,DC United,Houston Dynamo,1,1,,,engsoccerdata,,,,
esd-4338,2015-04-18,2015,regular,Columbus Crew,Orlando City,3,0,,,engsoccerdata,,,,
esd-4339,2015-04-18,2015,regular,FC Dallas,Toronto FC,3,2,,,engsoccerdata,,,,
esd-4340,2015-04-18,2015,regular,Colorado Rapids,Seattle Sounders,1,3,,,engsoccerdata,,,,
esd-4341,2015-04-18,2015,regular,Real Salt Lake,Vancouver Whitecaps,0,1,,,engsoccerdata,,,,
esd-4342,2015-04-18,2015,regular,LA Galaxy,Sporting Kansas City,2,1,,,engsoccerdata,,,,
esd-4343,2015-04-19,2015,regular,Philadelphia Union,New England Revolution,1,2,,,engsoccerdata,,,,
esd-4344,2015-04-19,2015,regular,New York City FC,Portland Timbers,0,1,,,engsoccerdata,,,,
esd-4345,2015-04-24,2015,regular,Chicago Fire,New York City FC,1,0,,,engsoccerdata,,,,
esd-4346,2015-04-24,2015,regular,Colorado Rapids,FC Dallas,1,1,,,engsoccerdata,,,,
esd-4347,2015-04-25,2015,regular,Columbus Crew,Philadelphia Union,4,1,,,engsoccerdata,,,,
esd-4348,2015-04-25,2015,regular,New England Revolution,Real Salt Lake,4,0,,,engsoccerdata,,,,
esd-4349,2015-04-25,2015,regular,Houston Dynamo,Sporting Kansas City,4,4,,,engsoccerdata,,,,
esd-4350,2015-04-25,2015,regular,Vancouver Whitecaps,DC United,1,2,,,engsoccerdata,,,,
esd-4351,2015-04-26,2015,regular,New York Red Bulls,LA Galaxy,1,1,,,engsoccerdata,,,,
esd-4352,2015-04-26,2015,regular,Orlando City,Toronto FC,0,2,,,engsoccerdata,,,,
esd-4353,2015-04-26,2015,regular,Seattle Sounders,Portland Timbers,1,0,,,engsoccerdata,,,,
esd-4354,2015-04-29,2015,regular,New York Red Bulls,Colorado Rapids,1,1,,,engsoccerdata,,,,
esd-4355,2015-05-01,2015,regular,Houston Dynamo,FC Dallas,1,4,,,engsoccerdata,,,,
esd-4356,2015-05-01,2015,regular,Real Salt Lake,San Jose Earthquakes,1,1,,,engsoccerdata,,,,
esd-4357,2015-05-02,2015,regular,Philadelphia Union,Toronto FC,0,1,,,engsoccerdata,,,,
esd-4358,2015-05-02,2015,regular,DC United,Columbus Crew,2,0,,,engsoccerdata,,,,
esd-4359,2015-05-02,2015,regular,New England Revolution,New York Red Bulls,2,1,,,engsoccerdata,,,,
esd-4360,2015-05-02,2015,regular,Portland Timbers,Vancouver Whitecaps,0,0,,,engsoccerdata,,,,
esd-4361,2015-05-02,2015,regular,LA Galaxy,Colorado Rapids,1,1,,,engsoccerdata,,,,
esd-4362,2015-05-03,2015,regular,Sporting Kansas City,Chicago Fire,1,0,,,engsoccerdata,,,,
esd-4363,2015-05-03,2015,regular,New York City FC,Seattle Sounders,1,3,,,engsoccerdata,,,,
esd-4364,2015-05-05,2015,regular,Houston Dynamo,San Jose Earthquakes,0,1,,,engsoccerdata,,,,
esd-4365,2015-05-06,2015,regular,Real Salt Lake,LA Galaxy,0,0,,,engsoccerdata,,,,
esd-4366,2015-05-08,2015,regular,Orlando City,New England Revolution,2,2,,,engsoccerdata,,,,
esd-4367,2015-05-08,2015,regular,Colorado Rapids,San Jose Earthquakes,1,1,,,engsoccerdata,,,,
esd-4368,2015-05-09,2015,regular,Chicago Fire,Real Salt Lake,1,2,,,engsoccerdata,,,,
esd-4369,2015-05-09,2015,regular,Montreal Impact,Portland Timbers,1,2,,,engsoccerdata,,,,
esd-4370,2015-05-09,2015,regular,DC United,Sporting Kansas City,1,1,,,engsoccerdata,,,,
esd-4371,2015-05-09,2015,regular,Vancouver Whitecaps,Philadelphia Union,3,0,,,engsoccerdata,,,,
esd-4372,2015-05-09,2015,regular,Columbus Crew,Seattle Sounders,3,2,,,engsoccerdata,,,,
esd-4373,2015-05-09,2015,regular,FC Dallas,LA Galaxy,2,1,,,engsoccerdata,,,,
esd-4374,2015-05-10,2015,regular,Toronto FC,Houston Dynamo,1,2,,,engsoccerdata,,,,
esd-4375,2015-05-10,2015,regular,New York Red Bulls,New York City FC,2,1,,,engsoccerdata,,,,
esd-4376,2015-05-13,2015,regular,DC United,Orlando City,2,1,,,engsoccerdata,,,,
esd-4377,2015-05-15,2015,regular,New York City FC,Chicago Fire,2,2,,,engsoccerdata,,,,
esd-4378,2015-05-15,2015,regular,FC Dallas,New York Red Bulls,0,0,,,engsoccerdata,,,,
esd-4379,2015-05-16,2015,regular,Montreal Impact,Real Salt Lake,4,1,,,engsoccerdata,,,,
esd-4380,2015-05-16,2015,regular,Vancouver Whitecaps,Seattle Sounders,0,2,,,engsoccerdata,,,,
esd-4381,2015-05-16,2015,regular,New England Revolution,Toronto FC,1,1,,,engsoccerdata,,,,
esd-4382,2015-05-16,2015,regular,Houston Dynamo,Portland Timbers,3,1,,,engsoccerdata,,,,
esd-4383,2015-05-16,2015,regular,San Jose Earthquakes,Columbus Crew,2,0,,,engsoccerdata,,,,
esd-4384,2015-05-17,2015,regular,Orlando City,LA Galaxy,4,0,,,engsoccerdata,,,,
esd-4385,2015-05-17,2015,regular,Philadelphia Union,DC United,1,0,,,engsoccerdata,,,,
esd-4386,2015-05-20,2015,regular,Sporting Kansas City,New England Revolution,4,2,,,engsoccerdata,,,,
esd-4387,2015-05-22,2015,regular,Columbus Crew,Chicago Fire,2,2,,,engsoccerdata,,,,
esd-4388,2015-05-22,2015,regular,LA Galaxy,Houston Dynamo,1,0,,,engsoccerdata,,,,
esd-4389,2015-05-23,2015,regular,Toronto FC,Portland Timbers,1,0,,,engsoccerdata,,,,
esd-4390,2015-05-23,2015,regular,New England Revolution,DC United,1,1,,,engsoccerdata,,,,
esd-4391,2015-05-23,2015,regular,Montreal Impact,FC Dallas,2,1,,,engsoccerdata,,,,
esd-4392,2015-05-23,2015,regular,Colorado Rapids,Vancouver Whitecaps,1,0,,,engsoccerdata,,,,
esd-4393,2015-05-23,2015,regular,Real Salt Lake,New York City FC,2,0,,,engsoccerdata,,,,
esd-4394,2015-05-23,2015,regular,Seattle Sounders,Sporting Kansas City,0,0,,,engsoccerdata,,,,
esd-4395,2015-05-24,2015,regular,New York Red Bulls,Philadelphia Union,0,2,,,engsoccerdata,,,,
esd-4396,2015-05-24,2015,regular,San Jose Earthquakes,Orlando City,1,1,,,engsoccerdata,,,,
esd-4397,2015-05-27,2015,regular,Seattle Sounders,Colorado Rapids,1,0,,,engsoccerdata,,,,
esd-4398,2015-05-27,2015,regular,LA Galaxy,Real Salt Lake,1,0,,,engsoccerdata,,,,
esd-4399,2015-05-27,2015,regular,Portland Timbers,DC United,1,0,,,engsoccerdata,,,,
esd-4400,2015-05-29,2015,regular,Sporting Kansas City,FC Dallas,4,0,,,engsoccerdata,,,,
esd-4401,2015-05-30,2015,regular,Toronto FC,San Jose Earthquakes,3,1,,,engsoccerdata,,,,
esd-4402,2015-05-30,2015,regular,Vancouver Whitecaps,Real Salt Lake,2,1,,,engsoccerdata,,,,
esd-4403,2015-05-30,2015,regular,DC United,Philadelphia Union,2,1,,,engsoccerdata,,,,
esd-4404,2015-05-30,2015,regular,New York City FC,Houston Dynamo,1,1,,,engsoccerdata,,,,
esd-4405,2015-05-30,2015,regular,Orlando City,Columbus Crew,2,2,,,engsoccerdata,,,,
esd-4406,2015-05-30,2015,regular,Chicago Fire,Montreal Impact,3,0,,,engsoccerdata,,,,
esd-4407,2015-05-30,2015,regular,Colorado Rapids,Portland Timbers,1,2,,,engsoccerdata,,,,
esd-4408,2015-05-31,2015,regular,Seattle Sounders,New York Red Bulls,2,1,,,engsoccerdata,,,,
esd-4409,2015-05-31,2015,regular,New England Revolution,LA Galaxy,2,2,,,engsoccerdata,,,,
esd-4410,2015-06-03,2015,regular,Philadelphia Union,Columbus Crew,3,0,,,engsoccerdata,,,,
esd-4411,2015-06-03,2015,regular,DC United,Chicago Fire,3,1,,,engsoccerdata,,,,
esd-4412,2015-06-03,2015,regular,Montreal Impact,Vancouver Whitecaps,2,1,,,engsoccerdata,,,,
esd-4413,2015-06-05,2015,regular,Houston Dynamo,New York Red Bulls,4,2,,,engsoccerdata,,,,
esd-4414,2015-06-06,2015,regular,DC United,Toronto FC,1,2,,,engsoccerdata,,,,
esd-4415,2015-06-06,2015,regular,Philadelphia Union,New York City FC,1,2,,,engsoccerdata,,,,
esd-4416,2015-06-06,2015,regular,Columbus Crew,Montreal Impact,1,2,,,engsoccerdata,,,,
esd-4417,2015-06-06,2015,regular,Chicago Fire,Orlando City,2,3,,,engsoccerdata,,,,
esd-4418,2015-06-06,2015,regular,Sporting Kansas City,Seattle Sounders,1,0,,,engsoccerdata,,,,
esd-4419,2015-06-06,2015,regular,Portland Timbers,New England Revolution,2,0,,,engsoccerdata,,,,
esd-4420,2015-06-06,2015,regular,LA Galaxy,Vancouver Whitecaps,0,1,,,engsoccerdata,,,,
esd-4421,2015-06-07,2015,regular,Real Salt Lake,Colorado Rapids,0,0,,,engsoccerdata,,,,
esd-4422,2015-06-07,2015,regular,San Jose Earthquakes,FC Dallas,0,0,,,engsoccerdata,,,,
esd-4423,2015-06-13,2015,regular,New York City FC,Montreal Impact,3,1,,,engsoccerdata,,,,
esd-4424,2015-06-13,2015,regular,Columbus Crew,LA Galaxy,1,1,,,engsoccerdata,,,,
esd-4425,2015-06-13,2015,regular,New England Revolution,Chicago Fire,2,0,,,engsoccerdata,,,,
esd-4426,2015-06-13,2015,regular,Seattle Sounders,FC Dallas,3,0,,,engsoccerdata,,,,
esd-4427,2015-06-14,2015,regular,Orlando City,DC United,1,0,,,engsoccerdata,,,,
esd-4428,2015-06-19,2015,regular,Colorado Rapids,FC Dallas,1,1,,,engsoccerdata,,,,
esd-4429,2015-06-20,2015,regular,Seattle Sounders,San Jose Earthquakes,0,2,,,engsoccerdata,,,,
esd-4430,2015-06-20,2015,regular,New York Red Bulls,Vancouver Whitecaps,1,2,,,engsoccerdata,,,,
esd-4431,2015-06-20,2015,regular,Toronto FC,New York City FC,0,2,,,engsoccerdata,,,,
esd-4432,2015-06-20,2015,regular,Montreal Impact,Orlando City,2,0,,,engsoccerdata,,,,
esd-4433,2015-06-20,2015,regular,Portland Timbers,Houston Dynamo,2,0,,,engsoccerdata,,,,
esd-4434,2015-06-20,2015,regular,LA Galaxy,Philadelphia Union,5,1,,,engsoccerdata,,,,
esd-4435,2015-06-21,2015,regular,DC United,New England Revolution,2,1,,,engsoccerdata,,,,
esd-4436,2015-06-21,2015,regular,Real Salt Lake,Sporting Kansas City,2,1,,,engsoccerdata,,,,
esd-4437,2015-06-24,2015,regular,Philadelphia Union,Seattle Sounders,1,0,,,engsoccerdata,,,,
esd-4438,2015-06-24,2015,regular,Orlando City,Colorado Rapids,2,0,,,engsoccerdata,,,,
esd-4439,2015-06-24,2015,regular,Columbus Crew,New England Revolution,2,1,,,engsoccerdata,,,,
esd-4440,2015-06-24,2015,regular,New York Red Bulls,Real Salt Lake,1,0,,,engsoccerdata,,,,
esd-4441,2015-06-24,2015,regular,Toronto FC,Montreal Impact,3,1,,,engsoccerdata,,,,
esd-4442,2015-06-24,2015,regular,Chicago Fire,DC United,0,1,,,engsoccerdata,,,,
esd-4443,2015-06-24,2015,regular,LA Galaxy,Portland Timbers,5,0,,,engsoccerdata,,,,
esd-4444,2015-06-26,2015,regular,FC Dallas,Houston Dynamo,2,0,,,engsoccerdata,,,,
esd-4445,2015-06-27,2015,regular,Toronto FC,DC United,0,0,,,engsoccerdata,,,,
esd-4446,2015-06-27,2015,regular,Philadelphia Union,Montreal Impact,2,2,,,engsoccerdata,,,,
esd-4447,2015-06-27,2015,regular,New England Revolution,Vancouver Whitecaps,1,2,,,engsoccerdata,,,,
esd-4448,2015-06-27,2015,regular,Sporting Kansas City,Colorado Rapids,2,0,,,engsoccerdata,,,,
esd-4449,2015-06-27,2015,regular,Real Salt Lake,Columbus Crew,2,2,,,engsoccerdata,,,,
esd-4450,2015-06-27,2015,regular,San Jose Earthquakes,LA Galaxy,3,1,,,engsoccerdata,,,,
esd-4451,2015-06-28,2015,regular,New York City FC,New York Red Bulls,1,3,,,engsoccerdata,,,,
esd-4452,2015-06-28,2015,regular,Portland Timbers,Seattle Sounders,4,1,,,engsoccerdata,,,,
esd-4453,2015-07-03,2015,regular,Houston Dynamo,Chicago Fire,1,1,,,engsoccerdata,,,,
esd-4454,2015-07-03,2015,regular,Seattle Sounders,DC United,1,0,,,engsoccerdata,,,,
esd-4455,2015-07-04,2015,regular,Columbus Crew,New York Red Bulls,2,1,,,engsoccerdata,,,,
esd-4456,2015-07-04,2015,regular,Montreal Impact,New York City FC,1,2,,,engsoccerdata,,,,
esd-4457,2015-07-04,2015,regular,FC Dallas,New England Revolution,3,0,,,engsoccerdata,,,,
esd-4458,2015-07-04,2015,regular,Colorado Rapids,Vancouver Whitecaps,2,1,,,engsoccerdata,,,,
esd-4459,2015-07-04,2015,regular,Real Salt Lake,Orlando City,1,1,,,engsoccerdata,,,,
esd-4460,2015-07-04,2015,regular,LA Galaxy,Toronto FC,4,0,,,engsoccerdata,,,,
esd-4461,2015-07-05,2015,regular,Portland Timbers,San Jose Earthquakes,1,0,,,engsoccerdata,,,,
esd-4462,2015-07-10,2015,regular,San Jose Earthquakes,Houston Dynamo,0,2,,,engsoccerdata,,,,
esd-4463,2015-07-11,2015,regular,New York Red Bulls,New England Revolution,4,1,,,engsoccerdata,,,,
esd-4464,2015-07-11,2015,regular,Philadelphia Union,Portland Timbers,3,0,,,engsoccerdata,,,,
esd-4465,2015-07-11,2015,regular,Orlando City,FC Dallas,0,2,,,engsoccerdata,,,,
esd-4466,2015-07-11,2015,regular,Montreal Impact,Columbus Crew,3,0,,,engsoccerdata,,,,
esd-4467,2015-07-11,2015,regular,Chicago Fire,Seattle Sounders,1,0,,,engsoccerdata,,,,
esd-4468,2015-07-11,2015,regular,Colorado Rapids,Real Salt Lake,3,1,,,engsoccerdata,,,,
esd-4469,2015-07-12,2015,regular,New York City FC,Toronto FC,4,4,,,engsoccerdata,,,,
esd-4470,2015-07-12,2015,regular,Vancouver Whitecaps,Sporting Kansas City,0,1,,,engsoccerdata,,,,
esd-4471,2015-07-15,2015,regular,Chicago Fire,Columbus Crew,0,1,,,engsoccerdata,,,,
esd-4472,2015-07-17,2015,regular,LA Galaxy,San Jose Earthquakes,5,2,,,engsoccerdata,,,,
esd-4473,2015-07-18,2015,regular,Toronto FC,Philadelphia Union,2,1,,,engsoccerdata,,,,
esd-4474,2015-07-18,2015,regular,Orlando City,New York Red Bulls,0,2,,,engsoccerdata,,,,
esd-4475,2015-07-18,2015,regular,New England Revolution,New York City FC,1,0,,,engsoccerdata,,,,
esd-4476,2015-07-18,2015,regular,Sporting Kansas City,Montreal Impact,2,1,,,engsoccerdata,,,,
esd-4477,2015-07-18,2015,regular,FC Dallas,DC United,2,1,,,engsoccerdata,,,,
esd-4478,2015-07-18,2015,regular,Seattle Sounders,Colorado Rapids,0,1,,,engsoccerdata,,,,
esd-4479,2015-07-18,2015,regular,Real Salt Lake,Houston Dynamo,2,0,,,engsoccerdata,,,,
esd-4480,2015-07-18,2015,regular,Portland Timbers,Vancouver Whitecaps,1,1,,,engsoccerdata,,,,
esd-4481,2015-07-19,2015,regular,Columbus Crew,Chicago Fire,3,1,,,engsoccerdata,,,,
esd-4482,2015-07-24,2015,regular,Real Salt Lake,Sporting Kansas City,2,1,,,engsoccerdata,,,,
esd-4483,2015-07-25,2015,regular,Columbus Crew,Toronto FC,3,3,,,engsoccerdata,,,,
esd-4484,2015-07-25,2015,regular,Montreal Impact,Seattle Sounders,1,0,,,engsoccerdata,,,,
esd-4485,2015-07-25,2015,regular,Chicago Fire,New England Revolution,2,2,,,engsoccerdata,,,,
esd-4486,2015-07-25,2015,regular,Houston Dynamo,LA Galaxy,3,0,,,engsoccerdata,,,,
esd-4487,2015-07-25,2015,regular,FC Dallas,Portland Timbers,4,1,,,engsoccerdata,,,,
esd-4488,2015-07-26,2015,regular,New York City FC,Orlando City,5,3,,,engsoccerdata,,,,
esd-4489,2015-07-26,2015,regular,DC United,Philadelphia Union,3,2,,,engsoccerdata,,,,
esd-4490,2015-07-26,2015,regular,Vancouver Whitecaps,San Jose Earthquakes,3,1,,,engsoccerdata,,,,
esd-4491,2015-08-01,2015,regular,New York City FC,Montreal Impact,2,3,,,engsoccerdata,,,,
esd-4492,2015-08-01,2015,regular,Philadelphia Union,New York Red Bulls,1,3,,,engsoccerdata,,,,
esd-4493,2015-08-01,2015,regular,DC United,Real Salt Lake,6,4,,,engsoccerdata,,,,
esd-4494,2015-08-01,2015,regular,Orlando City,Columbus Crew,5,2,,,engsoccerdata,,,,
esd-4495,2015-08-01,2015,regular,New England Revolution,Toronto FC,3,1,,,engsoccerdata,,,,
esd-4496,2015-08-01,2015,regular,Sporting Kansas City,Houston Dynamo,1,1,,,engsoccerdata,,,,
esd-4497,2015-08-01,2015,regular,Colorado Rapids,LA Galaxy,1,3,,,engsoccerdata,,,,
esd-4498,2015-08-01,2015,regular,Seattle Sounders,Vancouver Whitecaps,0,3,,,engsoccerdata,,,,
esd-4499,2015-08-02,2015,regular,San Jose Earthquakes,Portland Timbers,0,0,,,engsoccerdata,,,,
esd-4500,2015-08-02,2015,regular,Chicago Fire,FC Dallas,2,0,,,engsoccerdata,,,,
esd-4501,2015-08-05,2015,regular,Montreal Impact,New York Red Bulls,1,1,,,engsoccerdata,,,,
esd-4502,2015-08-05,2015,regular,Toronto FC,Orlando City,4,1,,,engsoccerdata,,,,
esd-4503,2015-08-07,2015,regular,Portland Timbers,Chicago Fire,1,0,,,engsoccerdata,,,,
esd-4504,2015-08-08,2015,regular,Toronto FC,Sporting Kansas City,1,3,,,engsoccerdata,,,,
esd-4505,2015-08-08,2015,regular,Orlando City,Philadelphia Union,0,0,,,engsoccerdata,,,,
esd-4506,2015-08-08,2015,regular,Montreal Impact,DC United,0,1,,,engsoccerdata,,,,
esd-4507,2015-08-08,2015,regular,Colorado Rapids,Columbus Crew,1,2,,,engsoccerdata,,,,
esd-4508,2015-08-08,2015,regular,Houston Dynamo,San Jose Earthquakes,2,1,,,engsoccerdata,,,,
esd-4509,2015-08-08,2015,regular,Vancouver Whitecaps,Real Salt Lake,4,0,,,engsoccerdata,,,,
esd-4510,2015-08-09,2015,regular,LA Galaxy,Seattle Sounders,3,1,,,engsoccerdata,,,,
esd-4511,2015-08-09,2015,regular,New York Red Bulls,New York City FC,2,0,,,engsoccerdata,,,,
esd-4512,2015-08-13,2015,regular,New York City FC,DC United,3,1,,,engsoccerdata,,,,
esd-4513,2015-08-14,2015,regular,San Jose Earthquakes,Colorado Rapids,1,0,,,engsoccerdata,,,,
esd-4514,2015-08-15,2015,regular,New York Red Bulls,Toronto FC,3,0,,,engsoccerdata,,,,
esd-4515,2015-08-15,2015,regular,New England Revolution,Houston Dynamo,2,0,,,engsoccerdata,,,,
esd-4516,2015-08-15,2015,regular,FC Dallas,LA Galaxy,1,2,,,engsoccerdata,,,,
esd-4517,2015-08-15,2015,regular,Sporting Kansas City,Vancouver Whitecaps,4,3,,,engsoccerdata,,,,
esd-4518,2015-08-15,2015,regular,Real Salt Lake,Portland Timbers,0,1,,,engsoccerdata,,,,
esd-4519,2015-08-16,2015,regular,Seattle Sounders,Orlando City,4,0,,,engsoccerdata,,,,
esd-4520,2015-08-16,2015,regular,Philadelphia Union,Chicago Fire,3,3,,,engsoccerdata,,,,
esd-4521,2015-08-19,2015,regular,Columbus Crew,New York City FC,2,2,,,engsoccerdata,,,,
esd-4522,2015-08-19,2015,regular,Sporting Kansas City,San Jose Earthquakes,0,5,,,engsoccerdata,,,,
esd-4523,2015-08-21,2015,regular,Portland Timbers,Houston Dynamo,2,2,,,engsoccerdata,,,,
esd-4524,2015-08-22,2015,regular,Toronto FC,Orlando City,5,0,,,engsoccerdata,,,,
esd-4525,2015-08-22,2015,regular,DC United,San Jose Earthquakes,0,2,,,engsoccerdata,,,,
esd-4526,2015-08-22,2015,regular,Columbus Crew,Sporting Kansas City,3,2,,,engsoccerdata,,,,
esd-4527,2015-08-22,2015,regular,Montreal Impact,Philadelphia Union,0,1,,,engsoccerdata,,,,
esd-4528,2015-08-22,2015,regular,Chicago Fire,Colorado Rapids,0,1,,,engsoccerdata,,,,
esd-4529,2015-08-22,2015,regular,Real Salt Lake,Seattle Sounders,2,0,,,engsoccerdata,,,,
esd-4530,2015-08-22,2015,regular,Vancouver Whitecaps,FC Dallas,1,0,,,engsoccerdata,,,,
esd-4531,2015-08-23,2015,regular,LA Galaxy,New York City FC,5,1,,,engsoccerdata,,,,
esd-4532,2015-08-26,2015,regular,Chicago Fire,New York Red Bulls,3,2,,,engsoccerdata,,,,
esd-4533,2015-08-26,2015,regular,Colorado Rapids,Houston Dynamo,2,1,,,engsoccerdata,,,,
esd-4534,2015-08-28,2015,regular,San Jose Earthquakes,LA Galaxy,1,0,,,engsoccerdata,,,,
esd-4535,2015-08-29,2015,regular,New York City FC,Columbus Crew,1,2,,,engsoccerdata,,,,
esd-4536,2015-08-29,2015,regular,Toronto FC,Montreal Impact,2,1,,,engsoccerdata,,,,
esd-4537,2015-08-29,2015,regular,Philadelphia Union,New England Revolution,0,1,,,engsoccerdata,,,,
esd-4538,2015-08-29,2015,regular,Colorado Rapids,Sporting Kansas City,2,1,,,engsoccerdata,,,,
esd-4539,2015-08-29,2015,regular,Houston Dynamo,Vancouver Whitecaps,2,0,,,engsoccerdata,,,,
esd-4540,2015-08-29,2015,regular,FC Dallas,Real Salt Lake,2,0,,,engsoccerdata,,,,
esd-4541,2015-08-29,2015,regular,Orlando City,Chicago Fire,1,1,,,engsoccerdata,,,,
esd-4542,2015-08-30,2015,regular,Seattle Sounders,Portland Timbers,2,1,,,engsoccerdata,,,,
esd-4543,2015-08-30,2015,regular,New York Red Bulls,DC United,3,0,,,engsoccerdata,,,,
esd-4544,2015-09-05,2015,regular,New England Revolution,Orlando City,3,0,,,engsoccerdata,,,,
esd-4545,2015-09-05,2015,regular,Montreal Impact,Chicago Fire,4,3,,,engsoccerdata,,,,
esd-4546,2015-09-05,2015,regular,Seattle Sounders,Toronto FC,2,1,,,engsoccerdata,,,,
esd-4547,2015-09-05,2015,regular,San Jose Earthquakes,Philadelphia Union,1,2,,,engsoccerdata,,,,
esd-4548,2015-09-06,2015,regular,Columbus Crew,FC Dallas,0,3,,,engsoccerdata,,,,
esd-4549,2015-09-09,2015,regular,Vancouver Whitecaps,Colorado Rapids,2,0,,,engsoccerdata,,,,
esd-4550,2015-09-09,2015,regular,Portland Timbers,Sporting Kansas City,0,0,,,engsoccerdata,,,,
esd-4551,2015-09-11,2015,regular,New York Red Bulls,Chicago Fire,3,2,,,engsoccerdata,,,,
esd-4552,2015-09-12,2015,regular,Philadelphia Union,Columbus Crew,1,2,,,engsoccerdata,,,,
esd-4553,2015-09-12,2015,regular,Houston Dynamo,Real Salt Lake,1,3,,,engsoccerdata,,,,
esd-4554,2015-09-12,2015,regular,FC Dallas,New York City FC,2,1,,,engsoccerdata,,,,
esd-4555,2015-09-12,2015,regular,Colorado Rapids,DC United,1,0,,,engsoccerdata,,,,
esd-4556,2015-09-12,2015,regular,LA Galaxy,Montreal Impact,0,0,,,engsoccerdata,,,,
esd-4557,2015-09-12,2015,regular,San Jose Earthquakes,Seattle Sounders,1,1,,,engsoccerdata,,,,
esd-4558,2015-09-13,2015,regular,Toronto FC,New England Revolution,1,3,,,engsoccerdata,,,,
esd-4559,2015-09-13,2015,regular,Orlando City,Sporting Kansas City,3,1,,,engsoccerdata,,,,
esd-4560,2015-09-16,2015,regular,New York City FC,Toronto FC,2,0,,,engsoccerdata,,,,
esd-4561,2015-09-16,2015,regular,New England Revolution,New York Red Bulls,2,1,,,engsoccerdata,,,,
esd-4562,2015-09-16,2015,regular,San Jose Earthquakes,Montreal Impact,1,1,,,engsoccerdata,,,,
esd-4563,2015-09-18,2015,regular,Sporting Kansas City,FC Dallas,3,1,,,engsoccerdata,,,,
esd-4564,2015-09-19,2015,regular,Toronto FC,Colorado Rapids,3,1,,,engsoccerdata,,,,
esd-4565,2015-09-19,2015,regular,New York City FC,San Jose Earthquakes,3,0,,,engsoccerdata,,,,
esd-4566,2015-09-19,2015,regular,Vancouver Whitecaps,Seattle Sounders,0,3,,,engsoccerdata,,,,
esd-4567,2015-09-19,2015,regular,DC United,Columbus Crew,1,2,,,engsoccerdata,,,,
esd-4568,2015-09-19,2015,regular,Montreal Impact,New England Revolution,3,0,,,engsoccerdata,,,,
esd-4569,2015-09-19,2015,regular,Chicago Fire,Orlando City,0,1,,,engsoccerdata,,,,
esd-4570,2015-09-19,2015,regular,Real Salt Lake,LA Galaxy,3,0,,,engsoccerdata,,,,
esd-4571,2015-09-20,2015,regular,Portland Timbers,New York Red Bulls,0,2,,,engsoccerdata,,,,
esd-4572,2015-09-20,2015,regular,Philadelphia Union,Houston Dynamo,2,0,,,engsoccerdata,,,,
esd-4573,2015-09-23,2015,regular,Montreal Impact,Chicago Fire,2,1,,,engsoccerdata,,,,
esd-4574,2015-09-23,2015,regular,Houston Dynamo,Sporting Kansas City,1,0,,,engsoccerdata,,,,
esd-4575,2015-09-25,2015,regular,New York Red Bulls,Orlando City,2,5,,,engsoccerdata,,,,
esd-4576,2015-09-26,2015,regular,Toronto FC,Chicago Fire,3,2,,,engsoccerdata,,,,
esd-4577,2015-09-26,2015,regular,Montreal Impact,DC United,2,0,,,engsoccerdata,,,,
esd-4578,2015-09-26,2015,regular,New England Revolution,Philadelphia Union,1,1,,,engsoccerdata,,,,
esd-4579,2015-09-26,2015,regular,Columbus Crew,Portland Timbers,1,2,,,engsoccerdata,,,,
esd-4580,2015-09-26,2015,regular,Houston Dynamo,Colorado Rapids,3,2,,,engsoccerdata,,,,
esd-4581,2015-09-26,2015,regular,Vancouver Whitecaps,New York City FC,1,2,,,engsoccerdata,,,,
esd-4582,2015-09-27,2015,regular,San Jose Earthquakes,Real Salt Lake,1,0,,,engsoccerdata,,,,
esd-4583,2015-09-27,2015,regular,LA Galaxy,FC Dallas,3,2,,,engsoccerdata,,,,
esd-4584,2015-09-27,2015,regular,Sporting Kansas City,Seattle Sounders,1,1,,,engsoccerdata,,,,
esd-4585,2015-10-02,2015,regular,DC United,New York City FC,2,1,,,engsoccerdata,,,,
esd-4586,2015-10-03,2015,regular,Toronto FC,Philadelphia Union,3,1,,,engsoccerdata,,,,
esd-4587,2015-10-03,2015,regular,New York Red Bulls,Columbus Crew,2,1,,,engsoccerdata,,,,
esd-4588,2015-10-03,2015,regular,Orlando City,Montreal Impact,2,1,,,engsoccerdata,,,,
esd-4589,2015-10-03,2015,regular,Chicago Fire,New England Revolution,3,1,,,engsoccerdata,,,,
esd-4590,2015-10-03,2015,regular,Portland Timbers,Sporting Kansas City,0,1,,,engsoccerdata,,,,
esd-4591,2015-10-03,2015,regular,San Jose Earthquakes,Vancouver Whitecaps,1,1,,,engsoccerdata,,,,
esd-4592,2015-10-04,2015,regular,Colorado Rapids,Real Salt Lake,1,2,,,engsoccerdata,,,,
esd-4593,2015-10-04,2015,regular,FC Dallas,Houston Dynamo,4,1,,,engsoccerdata,,,,
esd-4594,2015-10-04,2015,regular,Seattle Sounders,LA Galaxy,1,1,,,engsoccerdata,,,,
esd-4595,2015-10-07,2015,regular,New York Red Bulls,Montreal Impact,2,1,,,engsoccerdata,,,,
esd-4596,2015-10-07,2015,regular,Vancouver Whitecaps,FC Dallas,0,0,,,engsoccerdata,,,,
esd-4597,2015-10-10,2015,regular,Colorado Rapids,Montreal Impact,0,1,,,engsoccerdata,,,,
esd-4598,2015-10-14,2015,regular,Toronto FC,New York Red Bulls,2,1,,,engsoccerdata,,,,
esd-4599,2015-10-14,2015,regular,FC Dallas,Vancouver Whitecaps,2,0,,,engsoccerdata,,,,
esd-4600,2015-10-14,2015,regular,Real Salt Lake,Portland Timbers,0,1,,,engsoccerdata,,,,
esd-4601,2015-10-16,2015,regular,Orlando City,New York City FC,2,1,,,engsoccerdata,,,,
esd-4602,2015-10-16,2015,regular,San Jose Earthquakes,Sporting Kansas City,1,0,,,engsoccerdata,,,,
esd-4603,2015-10-17,2015,regular,Real Salt Lake,FC Dallas,0,1,,,engsoccerdata,,,,
esd-4604,2015-10-17,2015,regular,Toronto FC,Columbus Crew,0,2,,,engsoccerdata,,,,
esd-4605,2015-10-17,2015,regular,New England Revolution,Montreal Impact,0,1,,,engsoccerdata,,,,
esd-4606,2015-10-18,2015,regular,LA Galaxy,Portland Timbers,2,5,,,engsoccerdata,,,,
esd-4607,2015-10-18,2015,regular,New York Red Bulls,Philadelphia Union,4,1,,,engsoccerdata,,,,
esd-4608,2015-10-18,2015,regular,DC United,Chicago Fire,4,0,,,engsoccerdata,,,,
esd-4609,2015-10-18,2015,regular,Houston Dynamo,Seattle Sounders,1,1,,,engsoccerdata,,,,
esd-4610,2015-10-21,2015,regular,Sporting Kansas City,Colorado Rapids,0,2,,,engsoccerdata,,,,
esd-4611,2015-10-25,2015,regular,Philadelphia Union,Orlando City,1,0,,,engsoccerdata,,,,
esd-4612,2015-10-25,2015,regular,Montreal Impact,Toronto FC,2,1,,,engsoccerdata,,,,
esd-4613,2015-10-25,2015,regular,Columbus Crew,DC United,5,0,,,engsoccerdata,,,,
esd-4614,2015-10-25,2015,regular,Chicago Fire,New York Red Bulls,1,2,,,engsoccerdata,,,,
esd-4615,2015-10-25,2015,regular,New York City FC,New England Revolution,1,3,,,engsoccerdata,,,,
esd-4616,2015-10-25,2015,regular,Portland Timbers,Colorado Rapids,4,1,,,engsoccerdata,,,,
esd-4617,2015-10-25,2015,regular,FC Dallas,San Jose Earthquakes,2,1,,,engsoccerdata,,,,
esd-4618,2015-10-25,2015,regular,Vancouver Whitecaps,Houston Dynamo,3,0,,,engsoccerdata,,,,
esd-4619,2015-10-25,2015,regular,Seattle Sounders,Real Salt Lake,3,1,,,engsoccerdata,,,,
esd-4620,2015-10-25,2015,regular,Sporting Kansas City,LA Galaxy,2,1,,,engsoccerdata,,,,
esd-4621,2015-10-28,2015,postseason,DC United,New England Revolution,2,1,,,engsoccerdata,,,,
esd-4622,2015-10-28,2015,postseason,Seattle Sounders,LA Galaxy,3,2,,,engsoccerdata,,,,
esd-4623,2015-10-29,2015,postseason,Montreal Impact,Toronto FC,3,0,,,engsoccerdata,,,,
esd-4624,2015-10-29,2015,postseason,Portland Timbers,Sporting Kansas City,3,2,,pens,engsoccerdata,,,,
esd-4625,2015-11-01,2015,postseason,DC United,New York Red Bulls,0,1,,,engsoccerdata,,,,
esd-4626,2015-11-01,2015,postseason,Montreal Impact,Columbus Crew,2,1,,,engsoccerdata,,,,
esd-4627,2015-11-01,2015,postseason,Portland Timbers,Vancouver Whitecaps,0,0,,,engsoccerdata,,,,
esd-4628,2015-11-01,2015,postseason,Seattle Sounders,FC Dallas,2,1,,,engsoccerdata,,,,
esd-4629,2015-11-08,2015,postseason,New York Red Bulls,DC United,1,0,,,engsoccerdata,,,,
esd-4630,2015-11-08,2015,postseason,Columbus Crew,Montreal Impact,3,1,,AET,engsoccerdata,,,,
esd-4631,2015-11-08,2015,postseason,Vancouver Whitecaps,Portland Timbers,0,2,,,engsoccerdata,,,,
esd-4632,2015-11-08,2015,postseason,FC Dallas,Seattle Sounders,2,1,,AET,engsoccerdata,,,,
esd-4633,2015-11-22,2015,postseason,Columbus Crew,New York Red Bulls,2,0,,,engsoccerdata,,,,
esd-4634,2015-11-22,2015,postseason,Portland Timbers,FC Dallas,3,1,,,engsoccerdata,,,,
esd-4635,2015-11-29,2015,postseason,New York Red Bulls,Columbus Crew,1,0,,,engsoccerdata,,,,
esd-4636,2015-11-29,2015,postseason,FC Dallas,Portland Timbers,2,2,,,engsoccerdata,,,,
esd-4637,2015-12-06,2015,postseason,Columbus Crew,Portland Timbers,1,2,1,,engsoccerdata,,,,
esd-4638,2016-03-06,2016,regular,New York Red Bulls,Toronto FC,0,2,,,engsoccerdata,,,,
esd-4639,2016-03-06,2016,regular,Orlando City,Real Salt Lake,2,2,,,engsoccerdata,,,,
esd-4640,2016-03-06,2016,regular,Chicago Fire,New York City FC,3,4,,,engsoccerdata,,,,
esd-4641,2016-03-06,2016,regular,San Jose Earthquakes,Colorado Rapids,1,0,,,engsoccerdata,,,,
esd-4642,2016-03-06,2016,regular,Houston Dynamo,New England Revolution,3,3,,,engsoccerdata,,,,
esd-4643,2016-03-06,2016,regular,FC Dallas,Philadelphia Union,2,0,,,engsoccerdata,,,,
esd-4644,2016-03-06,2016,regular,Portland Timbers,Columbus Crew,2,1,,,engsoccerdata,,,,
esd-4645,2016-03-06,2016,regular,Vancouver Whitecaps,Montreal Impact,2,3,,,engsoccerdata,,,,
esd-4646,2016-03-06,2016,regular,Seattle Sounders,Sporting Kansas City,0,1,,,engsoccerdata,,,,
esd-4647,2016-03-06,2016,regular,LA Galaxy,DC United,4,1,,,engsoccerdata,,,,
esd-4648,2016-03-11,2016,regular,Orlando City,Chicago Fire,1,1,,,engsoccerdata,,,,
esd-4649,2016-03-12,2016,regular,New England Revolution,DC United,0,0,,,engsoccerdata,,,,
esd-4650,2016-03-12,2016,regular,Real Salt Lake,Seattle Sounders,2,1,,,engsoccerdata,,,,
esd-4651,2016-03-12,2016,regular,Montreal Impact,New York Red Bulls,3,0,,,engsoccerdata,,,,
esd-4652,2016-03-12,2016,regular,Colorado Rapids,LA Galaxy,1,0,,,engsoccerdata,,,,
esd-4653,2016-03-12,2016,regular,Columbus Crew,Philadelphia Union,1,2,,,engsoccerdata,,,,
esd-4654,2016-03-12,2016,regular,Sporting Kansas City,Vancouver Whitecaps,2,1,,,engsoccerdata,,,,
esd-4655,2016-03-12,2016,regular,Houston Dynamo,FC Dallas,5,0,,,engsoccerdata,,,,
esd-4656,2016-03-13,2016,regular,New York City FC,Toronto FC,2,2,,,engsoccerdata,,,,
esd-4657,2016-03-13,2016,regular,San Jose Earthquakes,Portland Timbers,2,1,,,engsoccerdata,,,,
esd-4658,2016-03-18,2016,regular,New York City FC,Orlando City,0,1,,,engsoccerdata,,,,
esd-4659,2016-03-19,2016,regular,Chicago Fire,Columbus Crew,0,0,,,engsoccerdata,,,,
esd-4660,2016-03-19,2016,regular,New York Red Bulls,Houston Dynamo,4,3,,,engsoccerdata,,,,
esd-4661,2016-03-19,2016,regular,FC Dallas,Montreal Impact,2,0,,,engsoccerdata,,,,
esd-4662,2016-03-19,2016,regular,Seattle Sounders,Vancouver Whitecaps,1,2,,,engsoccerdata,,,,
esd-4663,2016-03-19,2016,regular,Portland Timbers,Real Salt Lake,2,2,,,engsoccerdata,,,,
esd-4664,2016-03-19,2016,regular,LA Galaxy,San Jose Earthquakes,3,1,,,engsoccerdata,,,,
esd-4665,2016-03-20,2016,regular,Philadelphia Union,New England Revolution,3,0,,,engsoccerdata,,,,
esd-4666,2016-03-20,2016,regular,DC United,Colorado Rapids,1,1,,,engsoccerdata,,,,
esd-4667,2016-03-20,2016,regular,Sporting Kansas City,Toronto FC,1,0,,,engsoccerdata,,,,
esd-4668,2016-03-26,2016,regular,New York City FC,New England Revolution,1,1,,,engsoccerdata,,,,
esd-4669,2016-03-26,2016,regular,DC United,FC Dallas,0,3,,,engsoccerdata,,,,
esd-4670,2016-03-26,2016,regular,Vancouver Whitecaps,Houston Dynamo,1,0,,,engsoccerdata,,,,
esd-4671,2016-04-01,2016,regular,New England Revolution,New York Red Bulls,1,0,,,engsoccerdata,,,,
esd-4672,2016-04-02,2016,regular,Chicago Fire,Philadelphia Union,1,0,,,engsoccerdata,,,,
esd-4673,2016-04-02,2016,regular,Colorado Rapids,Toronto FC,1,0,,,engsoccerdata,,,,
esd-4674,2016-04-02,2016,regular,Sporting Kansas City,Real Salt Lake,1,2,,,engsoccerdata,,,,
esd-4675,2016-04-02,2016,regular,FC Dallas,Columbus Crew,1,1,,,engsoccerdata,,,,
esd-4676,2016-04-02,2016,regular,Vancouver Whitecaps,LA Galaxy,0,0,,,engsoccerdata,,,,
esd-4677,2016-04-02,2016,regular,Seattle Sounders,Montreal Impact,1,0,,,engsoccerdata,,,,
esd-4678,2016-04-02,2016,regular,San Jose Earthquakes,DC United,1,1,,,engsoccerdata,,,,
esd-4679,2016-04-03,2016,regular,Orlando City,Portland Timbers,4,1,,,engsoccerdata,,,,
esd-4680,2016-04-08,2016,regular,Philadelphia Union,Orlando City,2,1,,,engsoccerdata,,,,
esd-4681,2016-04-09,2016,regular,New England Revolution,Toronto FC,1,1,,,engsoccerdata,,,,
esd-4682,2016-04-09,2016,regular,Montreal Impact,Columbus Crew,2,0,,,engsoccerdata,,,,
esd-4683,2016-04-09,2016,regular,DC United,Vancouver Whitecaps,4,0,,,engsoccerdata,,,,
esd-4684,2016-04-09,2016,regular,New York Red Bulls,Sporting Kansas City,0,2,,,engsoccerdata,,,,
esd-4685,2016-04-09,2016,regular,FC Dallas,San Jose Earthquakes,2,2,,,engsoccerdata,,,,
esd-4686,2016-04-09,2016,regular,Real Salt Lake,Colorado Rapids,1,0,,,engsoccerdata,,,,
esd-4687,2016-04-10,2016,regular,Houston Dynamo,Seattle Sounders,1,1,,,engsoccerdata,,,,
esd-4688,2016-04-10,2016,regular,New York City FC,Chicago Fire,0,0,,,engsoccerdata,,,,
esd-4689,2016-04-10,2016,regular,LA Galaxy,Portland Timbers,1,1,,,engsoccerdata,,,,
esd-4690,2016-04-13,2016,regular,Sporting Kansas City,Colorado Rapids,1,2,,,engsoccerdata,,,,
esd-4691,2016-04-13,2016,regular,San Jose Earthquakes,New York Red Bulls,2,0,,,engsoccerdata,,,,
esd-4692,2016-04-13,2016,regular,Portland Timbers,FC Dallas,1,3,,,engsoccerdata,,,,
esd-4693,2016-04-15,2016,regular,Houston Dynamo,LA Galaxy,1,4,,,engsoccerdata,,,,
esd-4694,2016-04-16,2016,regular,DC United,Toronto FC,0,1,,,engsoccerdata,,,,
esd-4695,2016-04-16,2016,regular,Chicago Fire,Montreal Impact,1,2,,,engsoccerdata,,,,
esd-4696,2016-04-16,2016,regular,Columbus Crew,New York City FC,3,2,,,engsoccerdata,,,,
esd-4697,2016-04-16,2016,regular,Colorado Rapids,New York Red Bulls,2,1,,,engsoccerdata,,,,
esd-4698,2016-04-16,2016,regular,Seattle Sounders,Philadelphia Union,2,1,,,engsoccerdata,,,,
esd-4699,2016-04-16,2016,regular,Real Salt Lake,Vancouver Whitecaps,1,0,,,engsoccerdata,,,,
esd-4700,2016-04-16,2016,regular,Portland Timbers,San Jose Earthquakes,3,1,,,engsoccerdata,,,,
esd-4701,2016-04-17,2016,regular,Orlando City,New England Revolution,2,2,,,engsoccerdata,,,,
esd-4702,2016-04-17,2016,regular,FC Dallas,Sporting Kansas City,2,1,,,engsoccerdata,,,,
esd-4703,2016-04-23,2016,regular,Philadelphia Union,New York City FC,2,0,,,engsoccerdata,,,,
esd-4704,2016-04-23,2016,regular,Montreal Impact,Toronto FC,0,2,,,engsoccerdata,,,,
esd-4705,2016-04-23,2016,regular,DC United,New England Revolution,3,0,,,engsoccerdata,,,,
esd-4706,2016-04-23,2016,regular,Columbus Crew,Houston Dynamo,1,0,,,engsoccerdata,,,,
esd-4707,2016-04-23,2016,regular,Colorado Rapids,Seattle Sounders,3,1,,,engsoccerdata,,,,
esd-4708,2016-04-23,2016,regular,Vancouver Whitecaps,FC Dallas,3,0,,,engsoccerdata,,,,
esd-4709,2016-04-23,2016,regular,LA Galaxy,Real Salt Lake,5,2,,,engsoccerdata,,,,
esd-4710,2016-04-24,2016,regular,San Jose Earthquakes,Sporting Kansas City,1,0,,,engsoccerdata,,,,
esd-4711,2016-04-24,2016,regular,New York Red Bulls,Orlando City,3,2,,,engsoccerdata,,,,
esd-4712,2016-04-27,2016,regular,New York City FC,Montreal Impact,1,1,,,engsoccerdata,,,,
esd-4713,2016-04-27,2016,regular,New England Revolution,Portland Timbers,1,1,,,engsoccerdata,,,,
esd-4714,2016-04-27,2016,regular,Vancouver Whitecaps,Sporting Kansas City,1,1,,,engsoccerdata,,,,
esd-4715,2016-04-29,2016,regular,New York Red Bulls,FC Dallas,4,0,,,engsoccerdata,,,,
esd-4716,2016-04-30,2016,regular,Seattle Sounders,Columbus Crew,1,0,,,engsoccerdata,,,,
esd-4717,2016-04-30,2016,regular,Philadelphia Union,San Jose Earthquakes,1,1,,,engsoccerdata,,,,
esd-4718,2016-04-30,2016,regular,New York City FC,Vancouver Whitecaps,3,2,,,engsoccerdata,,,,
esd-4719,2016-04-30,2016,regular,Montreal Impact,Colorado Rapids,2,2,,,engsoccerdata,,,,
esd-4720,2016-04-30,2016,regular,Chicago Fire,DC United,1,1,,,engsoccerdata,,,,
esd-4721,2016-04-30,2016,regular,New England Revolution,Orlando City,2,2,,,engsoccerdata,,,,
esd-4722,2016-04-30,2016,regular,Real Salt Lake,Houston Dynamo,2,1,,,engsoccerdata,,,,
esd-4723,2016-05-01,2016,regular,Portland Timbers,Toronto FC,2,1,,,engsoccerdata,,,,
esd-4724,2016-05-01,2016,regular,Sporting Kansas City,LA Galaxy,1,1,,,engsoccerdata,,,,
esd-4725,2016-05-06,2016,regular,Orlando City,New York Red Bulls,1,1,,,engsoccerdata,,,,
esd-4726,2016-05-07,2016,regular,Vancouver Whitecaps,Portland Timbers,2,1,,,engsoccerdata,,,,
esd-4727,2016-05-07,2016,regular,Toronto FC,FC Dallas,1,0,,,engsoccerdata,,,,
esd-4728,2016-05-07,2016,regular,Columbus Crew,Montreal Impact,4,4,,,engsoccerdata,,,,
esd-4729,2016-05-07,2016,regular,Houston Dynamo,Sporting Kansas City,2,0,,,engsoccerdata,,,,
esd-4730,2016-05-07,2016,regular,Colorado Rapids,Real Salt Lake,1,0,,,engsoccerdata,,,,
esd-4731,2016-05-07,2016,regular,Seattle Sounders,San Jose Earthquakes,2,0,,,engsoccerdata,,,,
esd-4732,2016-05-08,2016,regular,LA Galaxy,New England Revolution,4,2,,,engsoccerdata,,,,
esd-4733,2016-05-08,2016,regular,DC United,New York City FC,0,2,,,engsoccerdata,,,,
esd-4734,2016-05-11,2016,regular,Philadelphia Union,LA Galaxy,2,2,,,engsoccerdata,,,,
esd-4735,2016-05-11,2016,regular,FC Dallas,Portland Timbers,2,1,,,engsoccerdata,,,,
esd-4736,2016-05-11,2016,regular,Colorado Rapids,Sporting Kansas City,1,0,,,engsoccerdata,,,,
esd-4737,2016-05-11,2016,regular,Vancouver Whitecaps,Chicago Fire,2,1,,,engsoccerdata,,,,
esd-4738,2016-05-11,2016,regular,San Jose Earthquakes,Houston Dynamo,3,1,,,engsoccerdata,,,,
esd-4739,2016-05-13,2016,regular,DC United,New York Red Bulls,2,0,,,engsoccerdata,,,,
esd-4740,2016-05-14,2016,regular,Montreal Impact,Philadelphia Union,1,1,,,engsoccerdata,,,,
esd-4741,2016-05-14,2016,regular,Toronto FC,Vancouver Whitecaps,3,4,,,engsoccerdata,,,,
esd-4742,2016-05-14,2016,regular,New England Revolution,Chicago Fire,2,0,,,engsoccerdata,,,,
esd-4743,2016-05-14,2016,regular,Columbus Crew,Colorado Rapids,1,1,,,engsoccerdata,,,,
esd-4744,2016-05-14,2016,regular,FC Dallas,Seattle Sounders,2,0,,,engsoccerdata,,,,
esd-4745,2016-05-15,2016,regular,Houston Dynamo,Real Salt Lake,1,0,,,engsoccerdata,,,,
esd-4746,2016-05-15,2016,regular,Sporting Kansas City,Orlando City,2,1,,,engsoccerdata,,,,
esd-4747,2016-05-15,2016,regular,Portland Timbers,New York City FC,1,2,,,engsoccerdata,,,,
esd-4748,2016-05-18,2016,regular,Toronto FC,New York City FC,1,1,,,engsoccerdata,,,,
esd-4749,2016-05-18,2016,regular,New York Red Bulls,Chicago Fire,1,0,,,engsoccerdata,,,,
esd-4750,2016-05-20,2016,regular,Philadelphia Union,DC United,1,0,,,engsoccerdata,,,,
esd-4751,2016-05-21,2016,regular,New York City FC,New York Red Bulls,0,7,,,engsoccerdata,,,,
esd-4752,2016-05-21,2016,regular,Toronto FC,Columbus Crew,0,0,,,engsoccerdata,,,,
esd-4753,2016-05-21,2016,regular,Chicago Fire,Houston Dynamo,1,0,,,engsoccerdata,,,,
esd-4754,2016-05-21,2016,regular,Orlando City,Montreal Impact,2,1,,,engsoccerdata,,,,
esd-4755,2016-05-21,2016,regular,New England Revolution,FC Dallas,2,4,,,engsoccerdata,,,,
esd-4756,2016-05-21,2016,regular,Sporting Kansas City,Real Salt Lake,1,3,,,engsoccerdata,,,,
esd-4757,2016-05-21,2016,regular,Seattle Sounders,Colorado Rapids,0,1,,,engsoccerdata,,,,
esd-4758,2016-05-22,2016,regular,Portland Timbers,Vancouver Whitecaps,4,2,,,engsoccerdata,,,,
esd-4759,2016-05-22,2016,regular,LA Galaxy,San Jose Earthquakes,1,1,,,engsoccerdata,,,,
esd-4760,2016-05-25,2016,regular,Orlando City,Philadelphia Union,2,2,,,engsoccerdata,,,,
esd-4761,2016-05-27,2016,regular,Sporting Kansas City,DC United,0,1,,,engsoccerdata,,,,
esd-4762,2016-05-28,2016,regular,Vancouver Whitecaps,Houston Dynamo,1,1,,,engsoccerdata,,,,
esd-4763,2016-05-28,2016,regular,New York Red Bulls,Toronto FC,3,0,,,engsoccerdata,,,,
esd-4764,2016-05-28,2016,regular,New England Revolution,Seattle Sounders,2,1,,,engsoccerdata,,,,
esd-4765,2016-05-28,2016,regular,Columbus Crew,Real Salt Lake,4,3,,,engsoccerdata,,,,
esd-4766,2016-05-28,2016,regular,Montreal Impact,LA Galaxy,3,2,,,engsoccerdata,,,,
esd-4767,2016-05-28,2016,regular,Chicago Fire,Portland Timbers,1,1,,,engsoccerdata,,,,
esd-4768,2016-05-28,2016,regular,Colorado Rapids,Philadelphia Union,1,1,,,engsoccerdata,,,,
esd-4769,2016-05-28,2016,regular,San Jose Earthquakes,FC Dallas,0,0,,,engsoccerdata,,,,
esd-4770,2016-05-29,2016,regular,New York City FC,Orlando City,2,2,,,engsoccerdata,,,,
esd-4771,2016-06-01,2016,regular,Philadelphia Union,Columbus Crew,3,2,,,engsoccerdata,,,,
esd-4772,2016-06-01,2016,regular,DC United,Seattle Sounders,0,2,,,engsoccerdata,,,,
esd-4773,2016-06-01,2016,regular,Portland Timbers,San Jose Earthquakes,1,0,,,engsoccerdata,,,,
esd-4774,2016-06-02,2016,regular,New York City FC,Real Salt Lake,2,3,,,engsoccerdata,,,,
esd-4775,2016-06-02,2016,regular,FC Dallas,Houston Dynamo,1,1,,,engsoccerdata,,,,
esd-4776,2016-06-02,2016,regular,LA Galaxy,Sporting Kansas City,0,0,,,engsoccerdata,,,,
esd-4777,2016-06-18,2016,regular,New York City FC,Philadelphia Union,3,2,,,engsoccerdata,,,,
esd-4778,2016-06-18,2016,regular,Vancouver Whitecaps,New England Revolution,1,2,,,engsoccerdata,,,,
esd-4779,2016-06-18,2016,regular,Toronto FC,LA Galaxy,1,0,,,engsoccerdata,,,,
esd-4780,2016-06-18,2016,regular,Orlando City,San Jose Earthquakes,2,2,,,engsoccerdata,,,,
esd-4781,2016-06-18,2016,regular,Columbus Crew,Montreal Impact,0,0,,,engsoccerdata,,,,
esd-4782,2016-06-18,2016,regular,Houston Dynamo,DC United,0,0,,,engsoccerdata,,,,
esd-4783,2016-06-18,2016,regular,Colorado Rapids,Chicago Fire,2,1,,,engsoccerdata,,,,
esd-4784,2016-06-18,2016,regular,Real Salt Lake,Portland Timbers,2,2,,,engsoccerdata,,,,
esd-4785,2016-06-19,2016,regular,Sporting Kansas City,FC Dallas,2,0,,,engsoccerdata,,,,
esd-4786,2016-06-19,2016,regular,New York Red Bulls,Seattle Sounders,2,0,,,engsoccerdata,,,,
esd-4787,2016-06-22,2016,regular,Philadelphia Union,Chicago Fire,4,3,,,engsoccerdata,,,,
esd-4788,2016-06-22,2016,regular,Real Salt Lake,New York Red Bulls,2,1,,,engsoccerdata,,,,
esd-4789,2016-06-22,2016,regular,LA Galaxy,Colorado Rapids,0,0,,,engsoccerdata,,,,
esd-4790,2016-06-25,2016,regular,Seattle Sounders,New York City FC,0,2,,,engsoccerdata,,,,
esd-4791,2016-06-25,2016,regular,Philadelphia Union,Vancouver Whitecaps,2,3,,,engsoccerdata,,,,
esd-4792,2016-06-25,2016,regular,DC United,New England Revolution,2,0,,,engsoccerdata,,,,
esd-4793,2016-06-25,2016,regular,Orlando City,Toronto FC,3,2,,,engsoccerdata,,,,
esd-4794,2016-06-25,2016,regular,Montreal Impact,Sporting Kansas City,2,2,,,engsoccerdata,,,,
esd-4795,2016-06-25,2016,regular,Columbus Crew,New York Red Bulls,1,1,,,engsoccerdata,,,,
esd-4796,2016-06-25,2016,regular,FC Dallas,Real Salt Lake,2,0,,,engsoccerdata,,,,
esd-4797,2016-06-25,2016,regular,San Jose Earthquakes,LA Galaxy,1,1,,,engsoccerdata,,,,
esd-4798,2016-06-26,2016,regular,Portland Timbers,Houston Dynamo,3,2,,,engsoccerdata,,,,
esd-4799,2016-07-01,2016,regular,Chicago Fire,San Jose Earthquakes,1,0,,,engsoccerdata,,,,
esd-4800,2016-07-01,2016,regular,Real Salt Lake,DC United,1,1,,,engsoccerdata,,,,
esd-4801,2016-07-02,2016,regular,Montreal Impact,New England Revolution,3,2,,,engsoccerdata,,,,
esd-4802,2016-07-02,2016,regular,Toronto FC,Seattle Sounders,1,1,,,engsoccerdata,,,,
esd-4803,2016-07-02,2016,regular,Houston Dynamo,Philadelphia Union,1,0,,,engsoccerdata,,,,
esd-4804,2016-07-03,2016,regular,New York City FC,New York Red Bulls,2,0,,,engsoccerdata,,,,
esd-4805,2016-07-03,2016,regular,Sporting Kansas City,Columbus Crew,3,2,,,engsoccerdata,,,,
esd-4806,2016-07-04,2016,regular,FC Dallas,Orlando City,4,0,,,engsoccerdata,,,,
esd-4807,2016-07-04,2016,regular,Colorado Rapids,Portland Timbers,0,0,,,engsoccerdata,,,,
esd-4808,2016-07-04,2016,regular,LA Galaxy,Vancouver Whitecaps,2,0,,,engsoccerdata,,,,
esd-4809,2016-07-06,2016,regular,New England Revolution,New York City FC,0,1,,,engsoccerdata,,,,
esd-4810,2016-07-08,2016,regular,Orlando City,Houston Dynamo,0,0,,,engsoccerdata,,,,
esd-4811,2016-07-08,2016,regular,San Jose Earthquakes,FC Dallas,0,1,,,engsoccerdata,,,,
esd-4812,2016-07-09,2016,regular,Seattle Sounders,LA Galaxy,0,1,,,engsoccerdata,,,,
esd-4813,2016-07-09,2016,regular,Philadelphia Union,DC United,3,0,,,engsoccerdata,,,,
esd-4814,2016-07-09,2016,regular,Toronto FC,Chicago Fire,1,0,,,engsoccerdata,,,,
esd-4815,2016-07-09,2016,regular,New England Revolution,Columbus Crew,3,1,,,engsoccerdata,,,,
esd-4816,2016-07-09,2016,regular,Vancouver Whitecaps,Colorado Rapids,2,2,,,engsoccerdata,,,,
esd-4817,2016-07-09,2016,regular,Real Salt Lake,Montreal Impact,1,1,,,engsoccerdata,,,,
esd-4818,2016-07-10,2016,regular,New York Red Bulls,Portland Timbers,0,0,,,engsoccerdata,,,,
esd-4819,2016-07-10,2016,regular,Sporting Kansas City,New York City FC,3,1,,,engsoccerdata,,,,
esd-4820,2016-07-13,2016,regular,Columbus Crew,Toronto FC,1,1,,,engsoccerdata,,,,
esd-4821,2016-07-13,2016,regular,New York Red Bulls,Orlando City,2,0,,,engsoccerdata,,,,
esd-4822,2016-07-13,2016,regular,Chicago Fire,Sporting Kansas City,1,0,,,engsoccerdata,,,,
esd-4823,2016-07-13,2016,regular,Vancouver Whitecaps,Real Salt Lake,2,0,,,engsoccerdata,,,,
esd-4824,2016-07-13,2016,regular,Seattle Sounders,FC Dallas,5,0,,,engsoccerdata,,,,
esd-4825,2016-07-13,2016,regular,Portland Timbers,Montreal Impact,1,1,,,engsoccerdata,,,,
esd-4826,2016-07-15,2016,regular,LA Galaxy,Houston Dynamo,1,0,,,engsoccerdata,,,,
esd-4827,2016-07-16,2016,regular,Columbus Crew,DC United,1,1,,,engsoccerdata,,,,
esd-4828,2016-07-16,2016,regular,FC Dallas,Chicago Fire,3,1,,,engsoccerdata,,,,
esd-4829,2016-07-16,2016,regular,Colorado Rapids,Sporting Kansas City,1,0,,,engsoccerdata,,,,
esd-4830,2016-07-16,2016,regular,Vancouver Whitecaps,Orlando City,2,2,,,engsoccerdata,,,,
esd-4831,2016-07-16,2016,regular,Real Salt Lake,New England Revolution,0,0,,,engsoccerdata,,,,
esd-4832,2016-07-16,2016,regular,San Jose Earthquakes,Toronto FC,2,1,,,engsoccerdata,,,,
esd-4833,2016-07-17,2016,regular,Portland Timbers,Seattle Sounders,3,1,,,engsoccerdata,,,,
esd-4834,2016-07-17,2016,regular,Montreal Impact,New York City FC,1,3,,,engsoccerdata,,,,
esd-4835,2016-07-17,2016,regular,Philadelphia Union,New York Red Bulls,2,2,,,engsoccerdata,,,,
esd-4836,2016-07-22,2016,regular,Real Salt Lake,San Jose Earthquakes,1,1,,,engsoccerdata,,,,
esd-4837,2016-07-23,2016,regular,Portland Timbers,LA Galaxy,1,2,,,engsoccerdata,,,,
esd-4838,2016-07-23,2016,regular,Toronto FC,DC United,4,1,,,engsoccerdata,,,,
esd-4839,2016-07-23,2016,regular,New England Revolution,Chicago Fire,1,0,,,engsoccerdata,,,,
esd-4840,2016-07-23,2016,regular,Montreal Impact,Philadelphia Union,5,1,,,engsoccerdata,,,,
esd-4841,2016-07-23,2016,regular,Columbus Crew,Orlando City,2,2,,,engsoccerdata,,,,
esd-4842,2016-07-23,2016,regular,Colorado Rapids,FC Dallas,1,1,,,engsoccerdata,,,,
esd-4843,2016-07-23,2016,regular,Houston Dynamo,Vancouver Whitecaps,0,0,,,engsoccerdata,,,,
esd-4844,2016-07-24,2016,regular,New York Red Bulls,New York City FC,4,1,,,engsoccerdata,,,,
esd-4845,2016-07-24,2016,regular,Sporting Kansas City,Seattle Sounders,3,0,,,engsoccerdata,,,,
esd-4846,2016-07-30,2016,regular,New York City FC,Colorado Rapids,5,1,,,engsoccerdata,,,,
esd-4847,2016-07-31,2016,regular,Sporting Kansas City,Portland Timbers,1,0,,,engsoccerdata,,,,
esd-4848,2016-07-31,2016,regular,Seattle Sounders,LA Galaxy,1,1,,,engsoccerdata,,,,
esd-4849,2016-07-31,2016,regular,FC Dallas,Vancouver Whitecaps,2,0,,,engsoccerdata,,,,
esd-4850,2016-07-31,2016,regular,DC United,Montreal Impact,1,1,,,engsoccerdata,,,,
esd-4851,2016-07-31,2016,regular,Philadelphia Union,Real Salt Lake,1,2,,,engsoccerdata,,,,
esd-4852,2016-07-31,2016,regular,Chicago Fire,New York Red Bulls,2,2,,,engsoccerdata,,,,
esd-4853,2016-07-31,2016,regular,Toronto FC,Columbus Crew,3,0,,,engsoccerdata,,,,
esd-4854,2016-07-31,2016,regular,Orlando City,New England Revolution,3,1,,,engsoccerdata,,,,
esd-4855,2016-07-31,2016,regular,Houston Dynamo,San Jose Earthquakes,1,1,,,engsoccerdata,,,,
esd-4856,2016-08-03,2016,regular,Toronto FC,Real Salt Lake,1,0,,,engsoccerdata,,,,
esd-4857,2016-08-05,2016,regular,San Jose Earthquakes,New York City FC,0,0,,,engsoccerdata,,,,
esd-4858,2016-08-06,2016,regular,DC United,Philadelphia Union,2,2,,,engsoccerdata,,,,
esd-4859,2016-08-06,2016,regular,Toronto FC,New England Revolution,4,1,,,engsoccerdata,,,,
esd-4860,2016-08-06,2016,regular,Montreal Impact,Houston Dynamo,1,0,,,engsoccerdata,,,,
esd-4861,2016-08-06,2016,regular,Colorado Rapids,Vancouver Whitecaps,2,0,,,engsoccerdata,,,,
esd-4862,2016-08-06,2016,regular,Real Salt Lake,Chicago Fire,3,1,,,engsoccerdata,,,,
esd-4863,2016-08-07,2016,regular,Portland Timbers,Sporting Kansas City,3,0,,,engsoccerdata,,,,
esd-4864,2016-08-07,2016,regular,Orlando City,Seattle Sounders,1,3,,,engsoccerdata,,,,
esd-4865,2016-08-07,2016,regular,LA Galaxy,New York Red Bulls,2,2,,,engsoccerdata,,,,
esd-4866,2016-08-12,2016,regular,Vancouver Whitecaps,San Jose Earthquakes,1,2,,,engsoccerdata,,,,
esd-4867,2016-08-13,2016,regular,New York Red Bulls,Montreal Impact,3,1,,,engsoccerdata,,,,
esd-4868,2016-08-13,2016,regular,New England Revolution,Philadelphia Union,0,4,,,engsoccerdata,,,,
esd-4869,2016-08-13,2016,regular,Columbus Crew,New York City FC,3,3,,,engsoccerdata,,,,
esd-4870,2016-08-13,2016,regular,DC United,Portland Timbers,2,0,,,engsoccerdata,,,,
esd-4871,2016-08-13,2016,regular,FC Dallas,Sporting Kansas City,2,2,,,engsoccerdata,,,,
esd-4872,2016-08-13,2016,regular,LA Galaxy,Colorado Rapids,1,1,,,engsoccerdata,,,,
esd-4873,2016-08-14,2016,regular,Chicago Fire,Orlando City,2,2,,,engsoccerdata,,,,
esd-4874,2016-08-14,2016,regular,Seattle Sounders,Real Salt Lake,2,1,,,engsoccerdata,,,,
esd-4875,2016-08-14,2016,regular,Houston Dynamo,Toronto FC,1,1,,,engsoccerdata,,,,
esd-4876,2016-08-19,2016,regular,San Jose Earthquakes,Houston Dynamo,1,2,,,engsoccerdata,,,,
esd-4877,2016-08-20,2016,regular,New York City FC,LA Galaxy,1,0,,,engsoccerdata,,,,
esd-4878,2016-08-20,2016,regular,Philadelphia Union,Toronto FC,1,3,,,engsoccerdata,,,,
esd-4879,2016-08-20,2016,regular,New England Revolution,Columbus Crew,0,2,,,engsoccerdata,,,,
esd-4880,2016-08-20,2016,regular,Montreal Impact,Chicago Fire,0,3,,,engsoccerdata,,,,
esd-4881,2016-08-20,2016,regular,Colorado Rapids,Orlando City,0,0,,,engsoccerdata,,,,
esd-4882,2016-08-20,2016,regular,Sporting Kansas City,Vancouver Whitecaps,2,0,,,engsoccerdata,,,,
esd-4883,2016-08-20,2016,regular,Real Salt Lake,FC Dallas,1,0,,,engsoccerdata,,,,
esd-4884,2016-08-21,2016,regular,DC United,New York Red Bulls,2,2,,,engsoccerdata,,,,
esd-4885,2016-08-21,2016,regular,Seattle Sounders,Portland Timbers,3,1,,,engsoccerdata,,,,
esd-4886,2016-08-24,2016,regular,Orlando City,Toronto FC,1,2,,,engsoccerdata,,,,
esd-4887,2016-08-24,2016,regular,Montreal Impact,DC United,1,1,,,engsoccerdata,,,,
esd-4888,2016-08-24,2016,regular,Columbus Crew,Philadelphia Union,1,2,,,engsoccerdata,,,,
esd-4889,2016-08-24,2016,regular,Chicago Fire,LA Galaxy,2,2,,,engsoccerdata,,,,
esd-4890,2016-08-24,2016,regular,Houston Dynamo,Seattle Sounders,1,1,,,engsoccerdata,,,,
esd-4891,2016-08-24,2016,regular,San Jose Earthquakes,New England Revolution,0,0,,,engsoccerdata,,,,
esd-4892,2016-08-26,2016,regular,Real Salt Lake,Colorado Rapids,2,1,,,engsoccerdata,,,,
esd-4893,2016-08-27,2016,regular,Philadelphia Union,Sporting Kansas City,2,0,,,engsoccerdata,,,,
esd-4894,2016-08-27,2016,regular,DC United,Chicago Fire,6,2,,,engsoccerdata,,,,
esd-4895,2016-08-27,2016,regular,Toronto FC,Montreal Impact,0,1,,,engsoccerdata,,,,
esd-4896,2016-08-27,2016,regular,Columbus Crew,San Jose Earthquakes,2,0,,,engsoccerdata,,,,
esd-4897,2016-08-27,2016,regular,Houston Dynamo,FC Dallas,1,3,,,engsoccerdata,,,,
esd-4898,2016-08-27,2016,regular,LA Galaxy,Vancouver Whitecaps,0,0,,,engsoccerdata,,,,
esd-4899,2016-08-28,2016,regular,New York Red Bulls,New England Revolution,1,0,,,engsoccerdata,,,,
esd-4900,2016-08-28,2016,regular,Portland Timbers,Seattle Sounders,4,2,,,engsoccerdata,,,,
esd-4901,2016-08-28,2016,regular,Orlando City,New York City FC,2,1,,,engsoccerdata,,,,
esd-4902,2016-09-01,2016,regular,New York City FC,DC United,3,2,,,engsoccerdata,,,,
esd-4903,2016-09-03,2016,regular,Vancouver Whitecaps,New York Red Bulls,0,1,,,engsoccerdata,,,,
esd-4904,2016-09-03,2016,regular,New England Revolution,Colorado Rapids,2,0,,,engsoccerdata,,,,
esd-4905,2016-09-03,2016,regular,Chicago Fire,Philadelphia Union,3,0,,,engsoccerdata,,,,
esd-4906,2016-09-03,2016,regular,FC Dallas,Portland Timbers,3,1,,,engsoccerdata,,,,
esd-4907,2016-09-03,2016,regular,LA Galaxy,Columbus Crew,2,1,,,engsoccerdata,,,,
esd-4908,2016-09-07,2016,regular,Montreal Impact,Orlando City,1,4,,,engsoccerdata,,,,
esd-4909,2016-09-07,2016,regular,Real Salt Lake,LA Galaxy,3,3,,,engsoccerdata,,,,
esd-4910,2016-09-09,2016,regular,Sporting Kansas City,Houston Dynamo,3,3,,,engsoccerdata,,,,
esd-4911,2016-09-10,2016,regular,Columbus Crew,Vancouver Whitecaps,1,3,,,engsoccerdata,,,,
esd-4912,2016-09-10,2016,regular,Philadelphia Union,Montreal Impact,1,1,,,engsoccerdata,,,,
esd-4913,2016-09-10,2016,regular,New England Revolution,New York City FC,3,1,,,engsoccerdata,,,,
esd-4914,2016-09-10,2016,regular,Chicago Fire,Toronto FC,1,2,,,engsoccerdata,,,,
esd-4915,2016-09-10,2016,regular,FC Dallas,Colorado Rapids,0,1,,,engsoccerdata,,,,
esd-4916,2016-09-10,2016,regular,San Jose Earthquakes,Seattle Sounders,1,1,,,engsoccerdata,,,,
esd-4917,2016-09-10,2016,regular,Portland Timbers,Real Salt Lake,1,0,,,engsoccerdata,,,,
esd-4918,2016-09-11,2016,regular,New York Red Bulls,DC United,2,2,,,engsoccerdata,,,,
esd-4919,2016-09-11,2016,regular,LA Galaxy,Orlando City,4,2,,,engsoccerdata,,,,
esd-4920,2016-09-16,2016,regular,Chicago Fire,DC United,2,2,,,engsoccerdata,,,,
esd-4921,2016-09-17,2016,regular,Seattle Sounders,Vancouver Whitecaps,1,0,,,engsoccerdata,,,,
esd-4922,2016-09-17,2016,regular,Portland Timbers,Philadelphia Union,2,1,,,engsoccerdata,,,,
esd-4923,2016-09-17,2016,regular,New York City FC,FC Dallas,2,2,,,engsoccerdata,,,,
esd-4924,2016-09-17,2016,regular,Orlando City,Columbus Crew,1,4,,,engsoccerdata,,,,
esd-4925,2016-09-17,2016,regular,Montreal Impact,New England Revolution,1,3,,,engsoccerdata,,,,
esd-4926,2016-09-17,2016,regular,Colorado Rapids,San Jose Earthquakes,0,0,,,engsoccerdata,,,,
esd-4927,2016-09-17,2016,regular,Real Salt Lake,Houston Dynamo,0,1,,,engsoccerdata,,,,
esd-4928,2016-09-18,2016,regular,Sporting Kansas City,LA Galaxy,2,2,,,engsoccerdata,,,,
esd-4929,2016-09-18,2016,regular,Toronto FC,New York Red Bulls,3,3,,,engsoccerdata,,,,
esd-4930,2016-09-23,2016,regular,New York City FC,Chicago Fire,4,1,,,engsoccerdata,,,,
esd-4931,2016-09-24,2016,regular,Toronto FC,Philadelphia Union,1,1,,,engsoccerdata,,,,
esd-4932,2016-09-24,2016,regular,Vancouver Whitecaps,Colorado Rapids,3,3,,,engsoccerdata,,,,
esd-4933,2016-09-24,2016,regular,New York Red Bulls,Montreal Impact,1,0,,,engsoccerdata,,,,
esd-4934,2016-09-24,2016,regular,DC United,Orlando City,4,1,,,engsoccerdata,,,,
esd-4935,2016-09-24,2016,regular,Houston Dynamo,Portland Timbers,3,1,,,engsoccerdata,,,,
esd-4936,2016-09-24,2016,regular,Real Salt Lake,FC Dallas,0,0,,,engsoccerdata,,,,
esd-4937,2016-09-24,2016,regular,San Jose Earthquakes,Sporting Kansas City,1,2,,,engsoccerdata,,,,
esd-4938,2016-09-25,2016,regular,LA Galaxy,Seattle Sounders,2,4,,,engsoccerdata,,,,
esd-4939,2016-09-25,2016,regular,Columbus Crew,New England Revolution,2,0,,,engsoccerdata,,,,
esd-4940,2016-09-28,2016,regular,Toronto FC,Orlando City,0,0,,,engsoccerdata,,,,
esd-4941,2016-09-28,2016,regular,Montreal Impact,San Jose Earthquakes,3,1,,,engsoccerdata,,,,
esd-4942,2016-09-28,2016,regular,DC United,Columbus Crew,3,0,,,engsoccerdata,,,,
esd-4943,2016-09-28,2016,regular,Seattle Sounders,Chicago Fire,1,0,,,engsoccerdata,,,,
esd-4944,2016-09-30,2016,regular,Houston Dynamo,New York City FC,0,2,,,engsoccerdata,,,,
esd-4945,2016-10-01,2016,regular,New York Red Bulls,Philadelphia Union,3,2,,,engsoccerdata,,,,
esd-4946,2016-10-01,2016,regular,Toronto FC,DC United,1,2,,,engsoccerdata,,,,
esd-4947,2016-10-01,2016,regular,New England Revolution,Sporting Kansas City,3,1,,,engsoccerdata,,,,
esd-4948,2016-10-01,2016,regular,Columbus Crew,Chicago Fire,3,0,,,engsoccerdata,,,,
esd-4949,2016-10-01,2016,regular,FC Dallas,LA Galaxy,1,0,,,engsoccerdata,,,,
esd-4950,2016-10-01,2016,regular,Colorado Rapids,Portland Timbers,1,0,,,engsoccerdata,,,,
esd-4951,2016-10-01,2016,regular,San Jose Earthquakes,Real Salt Lake,2,1,,,engsoccerdata,,,,
esd-4952,2016-10-02,2016,regular,Orlando City,Montreal Impact,0,1,,,engsoccerdata,,,,
esd-4953,2016-10-02,2016,regular,Vancouver Whitecaps,Seattle Sounders,1,2,,,engsoccerdata,,,,
esd-4954,2016-10-08,2016,regular,Houston Dynamo,Colorado Rapids,2,3,,,engsoccerdata,,,,
esd-4955,2016-10-12,2016,regular,Seattle Sounders,Houston Dynamo,0,0,,,engsoccerdata,,,,
esd-4956,2016-10-13,2016,regular,Chicago Fire,Columbus Crew,2,2,,,engsoccerdata,,,,
esd-4957,2016-10-13,2016,regular,Colorado Rapids,San Jose Earthquakes,2,1,,,engsoccerdata,,,,
esd-4958,2016-10-16,2016,regular,Philadelphia Union,Orlando City,0,2,,,engsoccerdata,,,,
esd-4959,2016-10-16,2016,regular,New York Red Bulls,Columbus Crew,3,2,,,engsoccerdata,,,,
esd-4960,2016-10-16,2016,regular,Montreal Impact,Toronto FC,2,2,,,engsoccerdata,,,,
esd-4961,2016-10-16,2016,regular,DC United,New York City FC,3,1,,,engsoccerdata,,,,
esd-4962,2016-10-16,2016,regular,Chicago Fire,New England Revolution,2,1,,,engsoccerdata,,,,
esd-4963,2016-10-16,2016,regular,San Jose Earthquakes,Vancouver Whitecaps,0,0,,,engsoccerdata,,,,
esd-4964,2016-10-16,2016,regular,Real Salt Lake,Sporting Kansas City,0,0,,,engsoccerdata,,,,
esd-4965,2016-10-16,2016,regular,Portland Timbers,Colorado Rapids,1,0,,,engsoccerdata,,,,
esd-4966,2016-10-16,2016,regular,Houston Dynamo,LA Galaxy,0,1,,,engsoccerdata,,,,
esd-4967,2016-10-16,2016,regular,FC Dallas,Seattle Sounders,2,1,,,engsoccerdata,,,,
esd-4968,2016-10-23,2016,regular,Vancouver Whitecaps,Portland Timbers,4,1,,,engsoccerdata,,,,
esd-4969,2016-10-23,2016,regular,Toronto FC,Chicago Fire,3,2,,,engsoccerdata,,,,
esd-4970,2016-10-23,2016,regular,Sporting Kansas City,San Jose Earthquakes,2,0,,,engsoccerdata,,,,
esd-4971,2016-10-23,2016,regular,Seattle Sounders,Real Salt Lake,2,1,,,engsoccerdata,,,,
esd-4972,2016-10-23,2016,regular,Philadelphia Union,New York Red Bulls,0,2,,,engsoccerdata,,,,
esd-4973,2016-10-23,2016,regular,Orlando City,DC United,4,2,,,engsoccerdata,,,,
esd-4974,2016-10-23,2016,regular,New York City FC,Columbus Crew,4,1,,,engsoccerdata,,,,
esd-4975,2016-10-23,2016,regular,New England Revolution,Montreal Impact,3,0,,,engsoccerdata,,,,
esd-4976,2016-10-23,2016,regular,LA Galaxy,FC Dallas,0,0,,,engsoccerdata,,,,
esd-4977,2016-10-23,2016,regular,Colorado Rapids,Houston Dynamo,1,1,,,engsoccerdata,,,,
esd-4978,2016-10-26,2016,postseason,Toronto FC,Philadelphia Union,3,1,,,engsoccerdata,,,,
esd-4979,2016-10-26,2016,postseason,LA Galaxy,Real Salt Lake,3,1,,,engsoccerdata,,,,
esd-4980,2016-10-27,2016,postseason,DC United,Montreal Impact,2,4,,,engsoccerdata,,,,
esd-4981,2016-10-27,2016,postseason,Seattle Sounders,Sporting Kansas City,1,0,,,engsoccerdata,,,,
esd-4982,2016-10-30,2016,postseason,Toronto FC,New York City FC,2,0,,,engsoccerdata,,,,
esd-4983,2016-10-30,2016,postseason,Montreal Impact,New York Red Bulls,1,0,,,engsoccerdata,,,,
esd-4984,2016-10-30,2016,postseason,LA Galaxy,Colorado Rapids,1,0,,,engsoccerdata,,,,
esd-4985,2016-10-30,2016,postseason,Seattle Sounders,FC Dallas,3,0,,,engsoccerdata,,,,
esd-4986,2016-11-06,2016,postseason,New York City FC,Toronto FC,0,5,,,engsoccerdata,,,,
esd-4987,2016-11-06,2016,postseason,New York Red Bulls,Montreal Impact,1,2,,,engsoccerdata,,,,
esd-4988,2016-11-06,2016,postseason,Colorado Rapids,LA Galaxy,1,0,,AET,engsoccerdata,,,,
esd-4989,2016-11-06,2016,postseason,FC Dallas,Seattle Sounders,2,1,,,engsoccerdata,,,,
esd-4990,2016-11-22,2016,postseason,Montreal Impact,Toronto FC,3,2,,,engsoccerdata,,,,
esd-4991,2016-11-22,2016,postseason,Seattle Sounders,Colorado Rapids,2,1,,,engsoccerdata,,,,
esd-4992,2016-11-27,2016,postseason,Colorado Rapids,Seattle Sounders,0,1,,,engsoccerdata,,,,
esd-4993,2016-11-30,2016,postseason,Toronto FC,Montreal Impact,5,2,,AET,engsoccerdata,,,,
esd-4994,2016-12-10,2016,postseason,Toronto FC,Seattle Sounders,0,1,1,pens,engsoccerdata,,,,
asa-9vQ2X8J75K,2017-03-03,2017,regular,Portland Timbers FC,Minnesota United FC,5,1,,,asa,,,,
asa-4JMAOVPYqK,2017-03-04,2017,regular,Houston Dynamo FC,Seattle Sounders FC,2,1,,,asa,,,,
asa-4wM4Xw3AMj,2017-03-04,2017,regular,San Jose Earthquakes,CF Montréal,1,0,,,asa,,,,
asa-KPqjxAZ8M6,2017-03-04,2017,regular,Real Salt Lake,Toronto FC,0,0,,,asa,,,,
asa-NPqxPXp8q9,2017-03-04,2017,regular,Columbus Crew,Chicago Fire FC,1,1,,,asa,,,,
asa-aDQ0Erp2ME,2017-03-04,2017,regular,LA Galaxy,FC Dallas,1,2,,,asa,,,,
asa-kRQap1DYqK,2017-03-04,2017,regular,D.C. United,Sporting Kansas City,0,0,,,asa,,,,
asa-xW5pLXZK5g,2017-03-04,2017,regular,Colorado Rapids,New England Revolution,1,0,,,asa,,,,
asa-BLMvLXZXqx,2017-03-05,2017,regular,Atlanta United FC,New York Red Bulls,1,2,,,asa,,,,
asa-XVqKO8DBq0,2017-03-05,2017,regular,Vancouver Whitecaps FC,Philadelphia Union,0,0,,,asa,,,,
asa-zeQZBVbgQK,2017-03-05,2017,regular,Orlando City SC,New York City FC,1,0,,,asa,,,,
asa-N6MmLXZgQE,2017-03-11,2017,regular,Philadelphia Union,Toronto FC,2,2,,,asa,,,,
asa-NPqxPXzZq9,2017-03-11,2017,regular,Houston Dynamo FC,Columbus Crew,3,1,,,asa,,,,
asa-Xj5Y3kblQb,2017-03-11,2017,regular,CF Montréal,Seattle Sounders FC,2,2,,,asa,,,,
asa-aDQ0ErRRME,2017-03-11,2017,regular,San Jose Earthquakes,Vancouver Whitecaps FC,3,2,,,asa,,,,
asa-e7MzRXDjMr,2017-03-11,2017,regular,New York Red Bulls,Colorado Rapids,1,0,,,asa,,,,
asa-jYQJ6lNGQG,2017-03-11,2017,regular,Sporting Kansas City,FC Dallas,0,0,,,asa,,,,
asa-p6qbxrApM0,2017-03-11,2017,regular,Chicago Fire FC,Real Salt Lake,2,0,,,asa,,,,
asa-KPqjxAXEM6,2017-03-12,2017,regular,LA Galaxy,Portland Timbers FC,0,1,,,asa,,,,
asa-Oa5wxXZgq1,2017-03-12,2017,regular,New York City FC,D.C. United,4,0,,,asa,,,,
asa-eVq3XJwGQW,2017-03-12,2017,regular,Minnesota United FC,Atlanta United FC,1,6,,,asa,,,,
asa-4JMAOVw9qK,2017-03-18,2017,regular,D.C. United,Columbus Crew,0,2,,,asa,,,,
asa-4wM4XwylMj,2017-03-18,2017,regular,Sporting Kansas City,San Jose Earthquakes,2,1,,,asa,,,,
asa-BLMvLX17qx,2017-03-18,2017,regular,Orlando City SC,Philadelphia Union,2,1,,,asa,,,,
asa-KAqBnPdWqb,2017-03-18,2017,regular,FC Dallas,New England Revolution,2,1,,,asa,,,,
asa-XVqKO812q0,2017-03-18,2017,regular,Portland Timbers FC,Houston Dynamo FC,4,2,,,asa,,,,
asa-kRQap1rbqK,2017-03-18,2017,regular,Colorado Rapids,Minnesota United FC,2,2,,,asa,,,,
asa-ljqE3ynNMx,2017-03-18,2017,regular,Vancouver Whitecaps FC,Toronto FC,0,2,,,asa,,,,
asa-p6qbxr83M0,2017-03-18,2017,regular,Real Salt Lake,LA Galaxy,1,2,,,asa,,,,
asa-xW5pLXn65g,2017-03-18,2017,regular,Atlanta United FC,Chicago Fire FC,4,0,,,asa,,,,
asa-zeQZBVOjQK,2017-03-18,2017,regular,New York City FC,CF Montréal,1,1,,,asa,,,,
asa-NWMWJRbNQl,2017-03-19,2017,regular,Seattle Sounders FC,New York Red Bulls,3,1,,,asa,,,,
asa-N6MmLXBLQE,2017-03-25,2017,regular,New England Revolution,Minnesota United FC,5,2,,,asa,,,,
asa-Xj5Y3kGEQb,2017-03-25,2017,regular,New York Red Bulls,Real Salt Lake,0,0,,,asa,,,,
asa-e7MzRXx7Mr,2017-03-25,2017,regular,Columbus Crew,Portland Timbers FC,3,2,,,asa,,,,
asa-0x5g0X1mq7,2017-03-31,2017,regular,Toronto FC,Sporting Kansas City,0,0,,,asa,,,,
asa-jYQJ6l7dQG,2017-03-31,2017,regular,Seattle Sounders FC,Atlanta United FC,0,0,,,asa,,,,
asa-0Oq64BrzM6,2017-04-01,2017,regular,New York City FC,San Jose Earthquakes,2,1,,,asa,,,,
asa-0x5g0XARq7,2017-04-01,2017,regular,Houston Dynamo FC,New York Red Bulls,4,1,,,asa,,,,
asa-7VqGWDkYqv,2017-04-01,2017,regular,Minnesota United FC,Real Salt Lake,4,2,,,asa,,,,
asa-KAqBnPBZqb,2017-04-01,2017,regular,Columbus Crew,Orlando City SC,2,0,,,asa,,,,
asa-NWMWJR3ZQl,2017-04-01,2017,regular,D.C. United,Philadelphia Union,2,1,,,asa,,,,
asa-Oa5wxXlWq1,2017-04-01,2017,regular,Chicago Fire FC,CF Montréal,2,2,,,asa,,,,
asa-gpMO3Bx7Mz,2017-04-01,2017,regular,Vancouver Whitecaps FC,LA Galaxy,4,2,,,asa,,,,
asa-gOMnyXgBQw,2017-04-02,2017,regular,Portland Timbers FC,New England Revolution,1,1,,,asa,,,,
asa-vzqoL26BQa,2017-04-07,2017,regular,LA Galaxy,CF Montréal,2,0,,,asa,,,,
asa-2lqRgG4xQr,2017-04-08,2017,regular,Chicago Fire FC,Columbus Crew,1,0,,,asa,,,,
asa-315VnoJV59,2017-04-08,2017,regular,New England Revolution,Houston Dynamo FC,2,0,,,asa,,,,
asa-9z5kAKmKQA,2017-04-08,2017,regular,D.C. United,New York City FC,2,1,,,asa,,,,
asa-EGMPBWj0qa,2017-04-08,2017,regular,Philadelphia Union,Portland Timbers FC,1,3,,,asa,,,,
asa-Pk5LnJlDQO,2017-04-08,2017,regular,Real Salt Lake,Vancouver Whitecaps FC,3,0,,,asa,,,,
asa-gjMNw3Xp5K,2017-04-08,2017,regular,San Jose Earthquakes,Seattle Sounders FC,1,1,,,asa,,,,
asa-raMyRYXN5d,2017-04-08,2017,regular,Toronto FC,Atlanta United FC,2,2,,,asa,,,,
asa-wvq9JG2mQW,2017-04-08,2017,regular,FC Dallas,Minnesota United FC,2,0,,,asa,,,,
asa-7vQ74W8DMD,2017-04-09,2017,regular,Sporting Kansas City,Colorado Rapids,3,1,,,asa,,,,
asa-eV5DwN6JMK,2017-04-09,2017,regular,Orlando City SC,New York Red Bulls,1,0,,,asa,,,,
asa-2vQ1Xl9wqr,2017-04-14,2017,regular,Philadelphia Union,New York City FC,0,2,,,asa,,,,
asa-OlMlKawRQL,2017-04-14,2017,regular,Vancouver Whitecaps FC,Seattle Sounders FC,2,1,,,asa,,,,
asa-a35reXkwML,2017-04-14,2017,regular,San Jose Earthquakes,FC Dallas,1,1,,,asa,,,,
asa-9Yqdx82mqv,2017-04-15,2017,regular,Colorado Rapids,Real Salt Lake,1,2,,,asa,,,,
asa-9vQ2X8Vx5K,2017-04-15,2017,regular,CF Montréal,Atlanta United FC,2,1,,,asa,,,,
asa-KPqjxAEEM6,2017-04-15,2017,regular,Portland Timbers FC,Sporting Kansas City,0,1,,,asa,,,,
asa-KXMexY01Q6,2017-04-15,2017,regular,Columbus Crew,Toronto FC,2,1,,,asa,,,,
asa-NPqxPXdZq9,2017-04-15,2017,regular,New York Red Bulls,D.C. United,2,0,,,asa,,,,
asa-Vj58Xger58,2017-04-15,2017,regular,Chicago Fire FC,New England Revolution,3,0,,,asa,,,,
asa-aDQ0EroRME,2017-04-15,2017,regular,Orlando City SC,LA Galaxy,2,1,,,asa,,,,
asa-odMXw9WoQY,2017-04-15,2017,regular,Houston Dynamo FC,Minnesota United FC,2,2,,,asa,,,,
asa-xW5pLV665g,2017-04-19,2017,regular,New England Revolution,San Jose Earthquakes,0,0,,,asa,,,,
asa-kRQapd6bqK,2017-04-21,2017,regular,Toronto FC,Chicago Fire FC,3,1,,,asa,,,,
asa-4JMAO7v9qK,2017-04-22,2017,regular,FC Dallas,Sporting Kansas City,1,0,,,asa,,,,
asa-4wM4XGxlMj,2017-04-22,2017,regular,Houston Dynamo FC,San Jose Earthquakes,2,0,,,asa,,,,
asa-BLMvLD07qx,2017-04-22,2017,regular,New York Red Bulls,Columbus Crew,2,0,,,asa,,,,
asa-XVqKOBj2q0,2017-04-22,2017,regular,Philadelphia Union,CF Montréal,3,3,,,asa,,,,
asa-ljqE3lANMx,2017-04-22,2017,regular,Real Salt Lake,Atlanta United FC,1,3,,,asa,,,,
asa-p6qbxJL3M0,2017-04-22,2017,regular,Portland Timbers FC,Vancouver Whitecaps FC,2,1,,,asa,,,,
asa-zeQZByYjQK,2017-04-22,2017,regular,New England Revolution,D.C. United,2,2,,,asa,,,,
asa-N6MmLRrLQE,2017-04-23,2017,regular,LA Galaxy,Seattle Sounders FC,0,3,,,asa,,,,
asa-Xj5Y3NZEQb,2017-04-23,2017,regular,New York City FC,Orlando City SC,1,2,,,asa,,,,
asa-e7MzR8p7Mr,2017-04-23,2017,regular,Minnesota United FC,Colorado Rapids,1,0,,,asa,,,,
asa-jYQJ63DdQG,2017-04-28,2017,regular,Toronto FC,Houston Dynamo FC,2,0,,,asa,,,,
asa-0Oq64O8zM6,2017-04-29,2017,regular,New York Red Bulls,Chicago Fire FC,2,1,,,asa,,,,
asa-0x5g0geRq7,2017-04-29,2017,regular,Minnesota United FC,San Jose Earthquakes,0,1,,,asa,,,,
asa-7VqGWdVYqv,2017-04-29,2017,regular,CF Montréal,Vancouver Whitecaps FC,1,2,,,asa,,,,
asa-KAqBnDLZqb,2017-04-29,2017,regular,Sporting Kansas City,Real Salt Lake,3,0,,,asa,,,,
asa-NWMWJPEZQl,2017-04-29,2017,regular,LA Galaxy,Philadelphia Union,0,0,,,asa,,,,
asa-Oa5wx1LWq1,2017-04-29,2017,regular,Columbus Crew,New York City FC,2,3,,,asa,,,,
asa-eVq3XgkwQW,2017-04-29,2017,regular,FC Dallas,Portland Timbers FC,2,2,,,asa,,,,
asa-gOMny9rBQw,2017-04-29,2017,regular,Seattle Sounders FC,New England Revolution,3,3,,,asa,,,,
asa-gpMO36O7Mz,2017-04-29,2017,regular,Orlando City SC,Colorado Rapids,2,0,,,asa,,,,
asa-vzqoLk9BQa,2017-04-30,2017,regular,Atlanta United FC,D.C. United,1,3,,,asa,,,,
asa-2lqRgoZxQr,2017-05-03,2017,regular,Sporting Kansas City,New York Red Bulls,2,0,,,asa,,,,
asa-jYQJ63DEQG,2017-05-03,2017,regular,Toronto FC,Orlando City SC,2,1,,,asa,,,,
asa-Oa5wx1LXq1,2017-05-05,2017,regular,Colorado Rapids,Vancouver Whitecaps FC,0,1,,,asa,,,,
asa-0Oq64O87M6,2017-05-06,2017,regular,Real Salt Lake,FC Dallas,0,3,,,asa,,,,
asa-0x5g0gejq7,2017-05-06,2017,regular,LA Galaxy,Chicago Fire FC,2,2,,,asa,,,,
asa-7VqGWdVXqv,2017-05-06,2017,regular,Philadelphia Union,New York Red Bulls,3,0,,,asa,,,,
asa-KAqBnDL7qb,2017-05-06,2017,regular,D.C. United,CF Montréal,0,1,,,asa,,,,
asa-NWMWJPEzQl,2017-05-06,2017,regular,Houston Dynamo FC,Orlando City SC,4,0,,,asa,,,,
asa-eVq3XgkgQW,2017-05-06,2017,regular,Columbus Crew,New England Revolution,2,0,,,asa,,,,
asa-gOMny9rxQw,2017-05-06,2017,regular,Seattle Sounders FC,Toronto FC,0,1,,,asa,,,,
asa-gpMO36ORMz,2017-05-06,2017,regular,San Jose Earthquakes,Portland Timbers FC,3,0,,,asa,,,,
asa-2lqRgoZDQr,2017-05-07,2017,regular,New York City FC,Atlanta United FC,3,1,,,asa,,,,
asa-vzqoLk9vQa,2017-05-07,2017,regular,Minnesota United FC,Sporting Kansas City,2,0,,,asa,,,,
asa-wvq9JRalQW,2017-05-10,2017,regular,Columbus Crew,Toronto FC,1,2,,,asa,,,,
asa-9z5kAn9YQA,2017-05-12,2017,regular,Houston Dynamo FC,Vancouver Whitecaps FC,2,1,,,asa,,,,
asa-315VnVZG59,2017-05-13,2017,regular,Chicago Fire FC,Seattle Sounders FC,4,1,,,asa,,,,
asa-7vQ74na8MD,2017-05-13,2017,regular,Orlando City SC,Sporting Kansas City,2,2,,,asa,,,,
asa-EGMPBOe3qa,2017-05-13,2017,regular,Colorado Rapids,San Jose Earthquakes,3,0,,,asa,,,,
asa-Pk5LnWmPQO,2017-05-13,2017,regular,D.C. United,Philadelphia Union,0,4,,,asa,,,,
asa-eV5Dwr0mMK,2017-05-13,2017,regular,Toronto FC,Minnesota United FC,3,2,,,asa,,,,
asa-gjMNwGn45K,2017-05-13,2017,regular,CF Montréal,Columbus Crew,2,3,,,asa,,,,
asa-raMyRlLJ5d,2017-05-13,2017,regular,New England Revolution,Real Salt Lake,4,0,,,asa,,,,
asa-2vQ1XBLLqr,2017-05-14,2017,regular,FC Dallas,New York City FC,1,1,,,asa,,,,
asa-OlMlKorAQL,2017-05-14,2017,regular,Portland Timbers FC,Atlanta United FC,1,1,,,asa,,,,
asa-a35reLlKML,2017-05-14,2017,regular,New York Red Bulls,LA Galaxy,1,3,,,asa,,,,
asa-9Yqdx3koqv,2017-05-17,2017,regular,Sporting Kansas City,Seattle Sounders FC,3,0,,,asa,,,,
asa-9vQ2XWde5K,2017-05-17,2017,regular,San Jose Earthquakes,Orlando City SC,1,1,,,asa,,,,
asa-KXMexBO3Q6,2017-05-17,2017,regular,Real Salt Lake,New York City FC,2,1,,,asa,,,,
asa-Vj58XoYw58,2017-05-17,2017,regular,Chicago Fire FC,Colorado Rapids,3,0,,,asa,,,,
asa-odMXwL8GQY,2017-05-17,2017,regular,Philadelphia Union,Houston Dynamo FC,2,0,,,asa,,,,
asa-NPqxPrmYq9,2017-05-19,2017,regular,New York Red Bulls,Toronto FC,1,1,,,asa,,,,
asa-4JMAO7aPqK,2017-05-20,2017,regular,Philadelphia Union,Colorado Rapids,2,1,,,asa,,,,
asa-4wM4XG2BMj,2017-05-20,2017,regular,Seattle Sounders FC,Real Salt Lake,1,0,,,asa,,,,
asa-KPqjxOoNM6,2017-05-20,2017,regular,FC Dallas,San Jose Earthquakes,0,1,,,asa,,,,
asa-aDQ0E3aEME,2017-05-20,2017,regular,Atlanta United FC,Houston Dynamo FC,4,1,,,asa,,,,
asa-kRQapdbOqK,2017-05-20,2017,regular,CF Montréal,Portland Timbers FC,4,1,,,asa,,,,
asa-xW5pLVx05g,2017-05-20,2017,regular,D.C. United,Chicago Fire FC,0,1,,,asa,,,,
asa-zeQZByJNQK,2017-05-20,2017,regular,Vancouver Whitecaps FC,Sporting Kansas City,2,0,,,asa,,,,
asa-BLMvLDl8qx,2017-05-21,2017,regular,New England Revolution,Columbus Crew,2,1,,,asa,,,,
asa-XVqKOBYNq0,2017-05-21,2017,regular,Minnesota United FC,LA Galaxy,1,2,,,asa,,,,
asa-p6qbxJeaM0,2017-05-21,2017,regular,Orlando City SC,New York City FC,0,3,,,asa,,,,
asa-0Oq64Ol7M6,2017-05-25,2017,regular,Chicago Fire FC,FC Dallas,2,1,,,asa,,,,
asa-ljqE3ljYMx,2017-05-26,2017,regular,Toronto FC,Columbus Crew,5,0,,,asa,,,,
asa-KAqBnDj7qb,2017-05-27,2017,regular,San Jose Earthquakes,LA Galaxy,2,4,,,asa,,,,
asa-N6MmLR7wQE,2017-05-27,2017,regular,Minnesota United FC,Orlando City SC,1,0,,,asa,,,,
asa-NWMWJPXzQl,2017-05-27,2017,regular,Seattle Sounders FC,Portland Timbers FC,1,0,,,asa,,,,
asa-Oa5wx1YXq1,2017-05-27,2017,regular,New York Red Bulls,New England Revolution,2,1,,,asa,,,,
asa-Xj5Y3N8xQb,2017-05-27,2017,regular,Vancouver Whitecaps FC,D.C. United,0,1,,,asa,,,,
asa-e7MzR89PMr,2017-05-27,2017,regular,Colorado Rapids,Sporting Kansas City,1,0,,,asa,,,,
asa-eVq3XgagQW,2017-05-27,2017,regular,Real Salt Lake,Philadelphia Union,1,0,,,asa,,,,
asa-0x5g0gPjq7,2017-05-28,2017,regular,Atlanta United FC,New York City FC,3,1,,,asa,,,,
asa-7VqGWdmXqv,2017-05-28,2017,regular,FC Dallas,Houston Dynamo FC,0,0,,,asa,,,,
asa-2lqRgoRDQr,2017-05-31,2017,regular,New York City FC,New England Revolution,2,2,,,asa,,,,
asa-gOMny96xQw,2017-05-31,2017,regular,Houston Dynamo FC,Real Salt Lake,5,1,,,asa,,,,
asa-gpMO36zRMz,2017-05-31,2017,regular,Columbus Crew,Seattle Sounders FC,3,0,,,asa,,,,
asa-wvq9JRplQW,2017-05-31,2017,regular,Orlando City SC,D.C. United,2,0,,,asa,,,,
asa-9z5kAnaYQA,2017-06-02,2017,regular,Portland Timbers FC,San Jose Earthquakes,2,0,,,asa,,,,
asa-315VnVeG59,2017-06-03,2017,regular,New England Revolution,Toronto FC,3,0,,,asa,,,,
asa-7vQ74n38MD,2017-06-03,2017,regular,CF Montréal,New York Red Bulls,1,0,,,asa,,,,
asa-EGMPBOl3qa,2017-06-03,2017,regular,Colorado Rapids,Columbus Crew,2,1,,,asa,,,,
asa-Pk5LnW1PQO,2017-06-03,2017,regular,FC Dallas,Real Salt Lake,6,2,,,asa,,,,
asa-a35reLKKML,2017-06-03,2017,regular,Vancouver Whitecaps FC,Atlanta United FC,3,1,,,asa,,,,
asa-eV5DwrLmMK,2017-06-03,2017,regular,New York City FC,Philadelphia Union,2,1,,,asa,,,,
asa-gjMNwGv45K,2017-06-03,2017,regular,D.C. United,LA Galaxy,0,0,,,asa,,,,
asa-raMyRlZJ5d,2017-06-03,2017,regular,Sporting Kansas City,Minnesota United FC,3,0,,,asa,,,,
asa-2vQ1XBNLqr,2017-06-04,2017,regular,Seattle Sounders FC,Houston Dynamo FC,1,0,,,asa,,,,
asa-OlMlKo9AQL,2017-06-04,2017,regular,Orlando City SC,Chicago Fire FC,0,0,,,asa,,,,
asa-9Yqdx36oqv,2017-06-10,2017,regular,Sporting Kansas City,CF Montréal,1,1,,,asa,,,,
asa-KXMexBk3Q6,2017-06-10,2017,regular,Portland Timbers FC,FC Dallas,2,0,,,asa,,,,
asa-Vj58XoBw58,2017-06-10,2017,regular,Chicago Fire FC,Atlanta United FC,2,0,,,asa,,,,
asa-4JMAO79PqK,2017-06-17,2017,regular,Toronto FC,D.C. United,2,0,,,asa,,,,
asa-4wM4XGaBMj,2017-06-17,2017,regular,Vancouver Whitecaps FC,FC Dallas,1,1,,,asa,,,,
asa-9vQ2XW2e5K,2017-06-17,2017,regular,LA Galaxy,Houston Dynamo FC,2,2,,,asa,,,,
asa-KPqjxO7NM6,2017-06-17,2017,regular,Orlando City SC,CF Montréal,3,3,,,asa,,,,
asa-NPqxPreYq9,2017-06-17,2017,regular,New England Revolution,Chicago Fire FC,1,2,,,asa,,,,
asa-aDQ0E3PEME,2017-06-17,2017,regular,New York City FC,Seattle Sounders FC,2,1,,,asa,,,,
asa-kRQapd2OqK,2017-06-17,2017,regular,San Jose Earthquakes,Sporting Kansas City,0,0,,,asa,,,,
asa-odMXwLRGQY,2017-06-17,2017,regular,Atlanta United FC,Columbus Crew,3,1,,,asa,,,,
asa-xW5pLVr05g,2017-06-17,2017,regular,Real Salt Lake,Minnesota United FC,1,0,,,asa,,,,
asa-zeQZBy7NQK,2017-06-17,2017,regular,Colorado Rapids,Portland Timbers FC,2,1,,,asa,,,,
asa-BLMvLDz8qx,2017-06-18,2017,regular,Philadelphia Union,New York Red Bulls,0,2,,,asa,,,,
asa-XVqKOBWNq0,2017-06-21,2017,regular,Colorado Rapids,LA Galaxy,1,3,,,asa,,,,
asa-e7MzR8lPMr,2017-06-21,2017,regular,Seattle Sounders FC,Orlando City SC,1,1,,,asa,,,,
asa-ljqE3l2YMx,2017-06-21,2017,regular,Minnesota United FC,Portland Timbers FC,3,2,,,asa,,,,
asa-p6qbxJOaM0,2017-06-21,2017,regular,D.C. United,Atlanta United FC,2,1,,,asa,,,,
asa-N6MmLRewQE,2017-06-23,2017,regular,Houston Dynamo FC,FC Dallas,1,1,,,asa,,,,
asa-Xj5Y3N6xQb,2017-06-23,2017,regular,Toronto FC,New England Revolution,2,0,,,asa,,,,
asa-0Oq64Ow7M6,2017-06-24,2017,regular,San Jose Earthquakes,Real Salt Lake,2,1,,,asa,,,,
asa-0x5g0g2jq7,2017-06-24,2017,regular,New York Red Bulls,New York City FC,0,2,,,asa,,,,
asa-7VqGWdjXqv,2017-06-24,2017,regular,Philadelphia Union,D.C. United,1,0,,,asa,,,,
asa-KAqBnD97qb,2017-06-24,2017,regular,LA Galaxy,Sporting Kansas City,1,2,,,asa,,,,
asa-NWMWJPVzQl,2017-06-24,2017,regular,Minnesota United FC,Vancouver Whitecaps FC,2,2,,,asa,,,,
asa-Oa5wx1VXq1,2017-06-24,2017,regular,Chicago Fire FC,Orlando City SC,4,0,,,asa,,,,
asa-eVq3XgjgQW,2017-06-24,2017,regular,Columbus Crew,CF Montréal,4,1,,,asa,,,,
asa-jYQJ63zEQG,2017-06-24,2017,regular,Atlanta United FC,Colorado Rapids,1,0,,,asa,,,,
asa-gpMO36aRMz,2017-06-25,2017,regular,Portland Timbers FC,Seattle Sounders FC,2,2,,,asa,,,,
asa-gOMny9RxQw,2017-06-29,2017,regular,New York City FC,Minnesota United FC,3,1,,,asa,,,,
asa-vzqoLk7vQa,2017-06-30,2017,regular,Real Salt Lake,Orlando City SC,0,1,,,asa,,,,
asa-0x5g0g27q7,2017-07-01,2017,regular,San Jose Earthquakes,LA Galaxy,2,1,,,asa,,,,
asa-2lqRgokDQr,2017-07-01,2017,regular,Chicago Fire FC,Vancouver Whitecaps FC,4,0,,,asa,,,,
asa-KAqBnD9Xqb,2017-07-01,2017,regular,Sporting Kansas City,Portland Timbers FC,1,1,,,asa,,,,
asa-NWMWJPVeQl,2017-07-01,2017,regular,CF Montréal,D.C. United,2,0,,,asa,,,,
asa-Oa5wx1VBq1,2017-07-01,2017,regular,Columbus Crew,Atlanta United FC,0,2,,,asa,,,,
asa-eVq3XgjnQW,2017-07-01,2017,regular,FC Dallas,Toronto FC,3,1,,,asa,,,,
asa-jYQJ63zWQG,2017-07-01,2017,regular,Colorado Rapids,Houston Dynamo FC,3,1,,,asa,,,,
asa-7VqGWdjAqv,2017-07-02,2017,regular,Philadelphia Union,New England Revolution,3,0,,,asa,,,,
asa-0Oq64OwrM6,2017-07-04,2017,regular,Atlanta United FC,San Jose Earthquakes,4,2,,,asa,,,,
asa-2lqRgo22Qr,2017-07-04,2017,regular,Minnesota United FC,Columbus Crew,0,1,,,asa,,,,
asa-gOMny9P6Qw,2017-07-04,2017,regular,FC Dallas,D.C. United,4,2,,,asa,,,,
asa-gpMO369OMz,2017-07-04,2017,regular,Colorado Rapids,Seattle Sounders FC,1,3,,,asa,,,,
asa-vzqoLkP7Qa,2017-07-04,2017,regular,LA Galaxy,Real Salt Lake,2,6,,,asa,,,,
asa-315VnV4759,2017-07-05,2017,regular,New England Revolution,New York Red Bulls,2,3,,,asa,,,,
asa-9z5kAnRbQA,2017-07-05,2017,regular,Houston Dynamo FC,CF Montréal,3,1,,,asa,,,,
asa-EGMPBOkrqa,2017-07-05,2017,regular,Orlando City SC,Toronto FC,1,3,,,asa,,,,
asa-Pk5LnWkZQO,2017-07-05,2017,regular,Vancouver Whitecaps FC,New York City FC,3,2,,,asa,,,,
asa-wvq9JRW3QW,2017-07-05,2017,regular,Portland Timbers FC,Chicago Fire FC,2,2,,,asa,,,,
asa-gjMNwG1Y5K,2017-07-06,2017,regular,Sporting Kansas City,Philadelphia Union,1,1,,,asa,,,,
asa-2vQ1XBZ8qr,2017-07-19,2017,regular,New York Red Bulls,San Jose Earthquakes,5,1,,,asa,,,,
asa-7vQ74nYdMD,2017-07-19,2017,regular,Minnesota United FC,Houston Dynamo FC,0,0,,,asa,,,,
asa-OlMlKoAyQL,2017-07-19,2017,regular,Portland Timbers FC,Real Salt Lake,1,4,,,asa,,,,
asa-Vj58Xoy858,2017-07-19,2017,regular,Seattle Sounders FC,D.C. United,4,3,,,asa,,,,
asa-a35reLPbML,2017-07-19,2017,regular,New York City FC,Toronto FC,2,2,,,asa,,,,
asa-eV5DwrVZMK,2017-07-19,2017,regular,CF Montréal,Philadelphia Union,2,1,,,asa,,,,
asa-raMyRlmR5d,2017-07-19,2017,regular,LA Galaxy,Vancouver Whitecaps FC,0,1,,,asa,,,,
asa-9Yqdx3aOqv,2017-07-21,2017,regular,Orlando City SC,Atlanta United FC,0,1,,,asa,,,,
asa-4JMAO7d7qK,2017-07-22,2017,regular,Toronto FC,Colorado Rapids,1,1,,,asa,,,,
asa-9vQ2XWjo5K,2017-07-22,2017,regular,Minnesota United FC,New York Red Bulls,0,3,,,asa,,,,
asa-KPqjxORPM6,2017-07-22,2017,regular,New York City FC,Chicago Fire FC,2,1,,,asa,,,,
asa-KXMexB76Q6,2017-07-22,2017,regular,Columbus Crew,Philadelphia Union,1,0,,,asa,,,,
asa-NPqxPrykq9,2017-07-22,2017,regular,CF Montréal,FC Dallas,1,2,,,asa,,,,
asa-aDQ0E3jvME,2017-07-22,2017,regular,New England Revolution,LA Galaxy,4,3,,,asa,,,,
asa-odMXwLJaQY,2017-07-22,2017,regular,D.C. United,Houston Dynamo FC,1,3,,,asa,,,,
asa-xW5pLVkB5g,2017-07-22,2017,regular,Real Salt Lake,Sporting Kansas City,1,1,,,asa,,,,
asa-4wM4XGlgMj,2017-07-23,2017,regular,Vancouver Whitecaps FC,Portland Timbers FC,1,2,,,asa,,,,
asa-kRQapdn1qK,2017-07-23,2017,regular,Seattle Sounders FC,San Jose Earthquakes,3,0,,,asa,,,,
asa-zeQZBy3zQK,2017-07-26,2017,regular,Philadelphia Union,Columbus Crew,3,0,,,asa,,,,
asa-BLMvLDPjqx,2017-07-29,2017,regular,FC Dallas,Vancouver Whitecaps FC,0,4,,,asa,,,,
asa-N6MmLRlvQE,2017-07-29,2017,regular,New England Revolution,Philadelphia Union,3,0,,,asa,,,,
asa-Oa5wx1OBq1,2017-07-29,2017,regular,San Jose Earthquakes,Colorado Rapids,1,0,,,asa,,,,
asa-XVqKOBdwq0,2017-07-29,2017,regular,Houston Dynamo FC,Portland Timbers FC,2,2,,,asa,,,,
asa-Xj5Y3NwXQb,2017-07-29,2017,regular,New York Red Bulls,CF Montréal,4,0,,,asa,,,,
asa-e7MzR8mOMr,2017-07-29,2017,regular,Minnesota United FC,D.C. United,4,0,,,asa,,,,
asa-eVq3XgpnQW,2017-07-29,2017,regular,Atlanta United FC,Orlando City SC,1,1,,,asa,,,,
asa-jYQJ638WQG,2017-07-29,2017,regular,Real Salt Lake,Columbus Crew,2,2,,,asa,,,,
asa-ljqE3lDwMx,2017-07-29,2017,regular,LA Galaxy,Seattle Sounders FC,0,0,,,asa,,,,
asa-p6qbxJX4M0,2017-07-29,2017,regular,Sporting Kansas City,Chicago Fire FC,3,2,,,asa,,,,
asa-KAqBnDVXqb,2017-07-30,2017,regular,Toronto FC,New York City FC,4,0,,,asa,,,,
asa-0Oq64OxrM6,2017-08-05,2017,regular,Minnesota United FC,Seattle Sounders FC,0,4,,,asa,,,,
asa-0x5g0go7q7,2017-08-05,2017,regular,Colorado Rapids,Vancouver Whitecaps FC,2,2,,,asa,,,,
asa-2lqRgoP2Qr,2017-08-05,2017,regular,San Jose Earthquakes,Columbus Crew,2,1,,,asa,,,,
asa-7VqGWdNAqv,2017-08-05,2017,regular,D.C. United,Toronto FC,1,1,,,asa,,,,
asa-NWMWJP8eQl,2017-08-05,2017,regular,Chicago Fire FC,New England Revolution,4,1,,,asa,,,,
asa-gOMny926Qw,2017-08-05,2017,regular,Philadelphia Union,FC Dallas,3,1,,,asa,,,,
asa-gpMO36rOMz,2017-08-05,2017,regular,CF Montréal,Orlando City SC,2,1,,,asa,,,,
asa-vzqoLkG7Qa,2017-08-05,2017,regular,Real Salt Lake,Houston Dynamo FC,0,0,,,asa,,,,
asa-315VnVk759,2017-08-06,2017,regular,Portland Timbers FC,LA Galaxy,3,1,,,asa,,,,
asa-9z5kAnObQA,2017-08-06,2017,regular,New York City FC,New York Red Bulls,3,2,,,asa,,,,
asa-wvq9JR33QW,2017-08-06,2017,regular,Sporting Kansas City,Atlanta United FC,1,1,,,asa,,,,
asa-2vQ1XBj8qr,2017-08-12,2017,regular,Philadelphia Union,CF Montréal,0,3,,,asa,,,,
asa-7vQ74nJdMD,2017-08-12,2017,regular,New England Revolution,Vancouver Whitecaps FC,1,0,,,asa,,,,
asa-9Yqdx3YOqv,2017-08-12,2017,regular,LA Galaxy,New York City FC,0,2,,,asa,,,,
asa-EGMPBO1rqa,2017-08-12,2017,regular,Columbus Crew,Chicago Fire FC,3,1,,,asa,,,,
asa-OlMlKonyQL,2017-08-12,2017,regular,Toronto FC,Portland Timbers FC,4,1,,,asa,,,,
asa-Pk5LnW7ZQO,2017-08-12,2017,regular,FC Dallas,Colorado Rapids,0,0,,,asa,,,,
asa-a35reLrbML,2017-08-12,2017,regular,Seattle Sounders FC,Sporting Kansas City,1,0,,,asa,,,,
asa-eV5DwraZMK,2017-08-12,2017,regular,New York Red Bulls,Orlando City SC,3,1,,,asa,,,,
asa-raMyRlyR5d,2017-08-12,2017,regular,Houston Dynamo FC,San Jose Earthquakes,3,0,,,asa,,,,
asa-gjMNwGeY5K,2017-08-13,2017,regular,D.C. United,Real Salt Lake,0,1,,,asa,,,,
asa-jYQJ631EQG,2017-08-16,2017,regular,CF Montréal,Chicago Fire FC,3,0,,,asa,,,,
asa-4wM4XGZgMj,2017-08-18,2017,regular,Portland Timbers FC,New York Red Bulls,2,0,,,asa,,,,
asa-4JMAO7L7qK,2017-08-19,2017,regular,Vancouver Whitecaps FC,Houston Dynamo FC,2,1,,,asa,,,,
asa-9vQ2XW9o5K,2017-08-19,2017,regular,Colorado Rapids,D.C. United,0,1,,,asa,,,,
asa-NPqxPrnkq9,2017-08-19,2017,regular,Sporting Kansas City,FC Dallas,2,0,,,asa,,,,
asa-aDQ0E3LvME,2017-08-19,2017,regular,CF Montréal,Real Salt Lake,3,1,,,asa,,,,
asa-kRQapde1qK,2017-08-19,2017,regular,San Jose Earthquakes,Philadelphia Union,2,2,,,asa,,,,
asa-odMXwLPaQY,2017-08-19,2017,regular,Chicago Fire FC,Toronto FC,1,3,,,asa,,,,
asa-xW5pLVdB5g,2017-08-19,2017,regular,Orlando City SC,Columbus Crew,1,1,,,asa,,,,
asa-KPqjxO6PM6,2017-08-20,2017,regular,New York City FC,New England Revolution,2,1,,,asa,,,,
asa-zeQZByjzQK,2017-08-20,2017,regular,Seattle Sounders FC,Minnesota United FC,2,1,,,asa,,,,
asa-BLMvLDkjqx,2017-08-23,2017,regular,Columbus Crew,LA Galaxy,2,0,,,asa,,,,
asa-N6MmLRKvQE,2017-08-23,2017,regular,Toronto FC,Philadelphia Union,3,0,,,asa,,,,
asa-XVqKOBGwq0,2017-08-23,2017,regular,FC Dallas,Houston Dynamo FC,3,3,,,asa,,,,
asa-Xj5Y3NLXQb,2017-08-23,2017,regular,Vancouver Whitecaps FC,Seattle Sounders FC,1,1,,,asa,,,,
asa-e7MzR8AOMr,2017-08-23,2017,regular,Real Salt Lake,San Jose Earthquakes,4,0,,,asa,,,,
asa-ljqE3lVwMx,2017-08-23,2017,regular,Portland Timbers FC,Colorado Rapids,2,1,,,asa,,,,
asa-p6qbxJR4M0,2017-08-23,2017,regular,D.C. United,Atlanta United FC,1,0,,,asa,,,,
asa-jYQJ63BWQG,2017-08-25,2017,regular,New York Red Bulls,New York City FC,1,1,,,asa,,,,
asa-0Oq64OErM6,2017-08-26,2017,regular,Real Salt Lake,Colorado Rapids,4,1,,,asa,,,,
asa-0x5g0g67q7,2017-08-26,2017,regular,Orlando City SC,Vancouver Whitecaps FC,1,2,,,asa,,,,
asa-7VqGWdJAqv,2017-08-26,2017,regular,Philadelphia Union,Atlanta United FC,2,2,,,asa,,,,
asa-KAqBnDeXqb,2017-08-26,2017,regular,D.C. United,New England Revolution,1,0,,,asa,,,,
asa-Oa5wx1nBq1,2017-08-26,2017,regular,Chicago Fire FC,Minnesota United FC,1,2,,,asa,,,,
asa-eVq3Xg2nQW,2017-08-26,2017,regular,Columbus Crew,FC Dallas,2,1,,,asa,,,,
asa-gOMny9l6Qw,2017-08-27,2017,regular,LA Galaxy,San Jose Earthquakes,0,3,,,asa,,,,
asa-gpMO36oOMz,2017-08-27,2017,regular,CF Montréal,Toronto FC,1,3,,,asa,,,,
asa-vzqoLkd7Qa,2017-08-27,2017,regular,Seattle Sounders FC,Portland Timbers FC,1,1,,,asa,,,,
asa-2lqRgoj2Qr,2017-09-02,2017,regular,FC Dallas,New York Red Bulls,2,2,,,asa,,,,
asa-jYQJ63aBQG,2017-09-02,2017,regular,CF Montréal,Chicago Fire FC,0,1,,,asa,,,,
asa-ljqE3yPkMx,2017-09-02,2017,regular,New England Revolution,Orlando City SC,4,0,,,asa,,,,
asa-vzqoLkrvQa,2017-09-02,2017,regular,LA Galaxy,Colorado Rapids,3,0,,,asa,,,,
asa-Oa5wx1AAq1,2017-09-06,2017,regular,New York City FC,Sporting Kansas City,1,0,,,asa,,,,
asa-0Oq64O3dM6,2017-09-09,2017,regular,New England Revolution,CF Montréal,1,0,,,asa,,,,
asa-0x5g0gLbq7,2017-09-09,2017,regular,Houston Dynamo FC,Colorado Rapids,0,1,,,asa,,,,
asa-7VqGWd0Wqv,2017-09-09,2017,regular,Minnesota United FC,Philadelphia Union,1,1,,,asa,,,,
asa-KAqBnDNvqb,2017-09-09,2017,regular,Chicago Fire FC,New York Red Bulls,1,1,,,asa,,,,
asa-NWMWJPljQl,2017-09-09,2017,regular,D.C. United,Orlando City SC,1,2,,,asa,,,,
asa-gOMny9lOQw,2017-09-09,2017,regular,Toronto FC,San Jose Earthquakes,4,0,,,asa,,,,
asa-gpMO36o2Mz,2017-09-09,2017,regular,New York City FC,Portland Timbers FC,0,1,,,asa,,,,
asa-vzqoLkdZQa,2017-09-09,2017,regular,Vancouver Whitecaps FC,Real Salt Lake,3,2,,,asa,,,,
asa-2lqRgojAQr,2017-09-10,2017,regular,Columbus Crew,Sporting Kansas City,1,1,,,asa,,,,
asa-eVq3XgxyQW,2017-09-10,2017,regular,Atlanta United FC,FC Dallas,3,0,,,asa,,,,
asa-wvq9JRe7QW,2017-09-10,2017,regular,Seattle Sounders FC,LA Galaxy,1,1,,,asa,,,,
asa-315VnVPE59,2017-09-13,2017,regular,Vancouver Whitecaps FC,Minnesota United FC,3,0,,,asa,,,,
asa-9z5kAnbPQA,2017-09-13,2017,regular,Atlanta United FC,New England Revolution,7,0,,,asa,,,,
asa-2vQ1XB4lqr,2017-09-16,2017,regular,CF Montréal,Minnesota United FC,2,3,,,asa,,,,
asa-7vQ74nBEMD,2017-09-16,2017,regular,Sporting Kansas City,New England Revolution,3,1,,,asa,,,,
asa-EGMPBOZ4qa,2017-09-16,2017,regular,Atlanta United FC,Orlando City SC,3,3,,,asa,,,,
asa-OlMlKoeEQL,2017-09-16,2017,regular,San Jose Earthquakes,Houston Dynamo FC,1,0,,,asa,,,,
asa-Pk5LnWeLQO,2017-09-16,2017,regular,Chicago Fire FC,D.C. United,3,0,,,asa,,,,
asa-Vj58XoWJ58,2017-09-16,2017,regular,Vancouver Whitecaps FC,Columbus Crew,2,2,,,asa,,,,
asa-a35reLyLML,2017-09-16,2017,regular,Real Salt Lake,Portland Timbers FC,2,1,,,asa,,,,
asa-eV5DwrzEMK,2017-09-16,2017,regular,LA Galaxy,Toronto FC,0,4,,,asa,,,,
asa-gjMNwGjk5K,2017-09-16,2017,regular,Colorado Rapids,New York City FC,1,1,,,asa,,,,
asa-raMyRlrk5d,2017-09-16,2017,regular,FC Dallas,Seattle Sounders FC,0,0,,,asa,,,,
asa-9Yqdx3ojqv,2017-09-17,2017,regular,New York Red Bulls,Philadelphia Union,0,0,,,asa,,,,
asa-KXMexB8XQ6,2017-09-20,2017,regular,Toronto FC,CF Montréal,3,5,,,asa,,,,
asa-KXMexBR6Q6,2017-09-20,2017,regular,Atlanta United FC,LA Galaxy,4,0,,,asa,,,,
asa-4JMAO7olqK,2017-09-23,2017,regular,Real Salt Lake,Seattle Sounders FC,2,0,,,asa,,,,
asa-4wM4XGJkMj,2017-09-23,2017,regular,Vancouver Whitecaps FC,Colorado Rapids,2,1,,,asa,,,,
asa-9vQ2XWZY5K,2017-09-23,2017,regular,Columbus Crew,New York Red Bulls,3,2,,,asa,,,,
asa-KPqjxOKnM6,2017-09-23,2017,regular,New England Revolution,Toronto FC,2,1,,,asa,,,,
asa-NPqxPrxGq9,2017-09-23,2017,regular,D.C. United,San Jose Earthquakes,4,0,,,asa,,,,
asa-aDQ0E3NBME,2017-09-23,2017,regular,Minnesota United FC,FC Dallas,4,1,,,asa,,,,
asa-kRQapdomqK,2017-09-23,2017,regular,Philadelphia Union,Chicago Fire FC,3,1,,,asa,,,,
asa-xW5pLVyG5g,2017-09-23,2017,regular,New York City FC,Houston Dynamo FC,1,1,,,asa,,,,
asa-BLMvLD7Aqx,2017-09-24,2017,regular,Portland Timbers FC,Orlando City SC,3,0,,,asa,,,,
asa-odMXwL7rQY,2017-09-24,2017,regular,Atlanta United FC,CF Montréal,2,0,,,asa,,,,
asa-zeQZByXxQK,2017-09-24,2017,regular,Sporting Kansas City,LA Galaxy,2,1,,,asa,,,,
asa-N6MmLRWeQE,2017-09-27,2017,regular,New York Red Bulls,D.C. United,3,3,,,asa,,,,
asa-Oa5wx1dAq1,2017-09-27,2017,regular,Seattle Sounders FC,Vancouver Whitecaps FC,3,0,,,asa,,,,
asa-XVqKOBeKq0,2017-09-27,2017,regular,CF Montréal,New York City FC,0,1,,,asa,,,,
asa-Xj5Y3N4wQb,2017-09-27,2017,regular,Orlando City SC,New England Revolution,6,1,,,asa,,,,
asa-e7MzR8Z9Mr,2017-09-27,2017,regular,Houston Dynamo FC,LA Galaxy,3,3,,,asa,,,,
asa-jYQJ63gBQG,2017-09-27,2017,regular,San Jose Earthquakes,Chicago Fire FC,1,4,,,asa,,,,
asa-ljqE3lJAMx,2017-09-27,2017,regular,FC Dallas,Colorado Rapids,2,0,,,asa,,,,
asa-p6qbxJo8M0,2017-09-27,2017,regular,Atlanta United FC,Philadelphia Union,3,0,,,asa,,,,
asa-0Oq64OLdM6,2017-09-30,2017,regular,LA Galaxy,Real Salt Lake,1,1,,,asa,,,,
asa-0x5g0gWbq7,2017-09-30,2017,regular,Houston Dynamo FC,Minnesota United FC,2,1,,,asa,,,,
asa-2lqRgo7AQr,2017-09-30,2017,regular,Toronto FC,New York Red Bulls,4,2,,,asa,,,,
asa-7VqGWd3Wqv,2017-09-30,2017,regular,Sporting Kansas City,Vancouver Whitecaps FC,0,1,,,asa,,,,
asa-KAqBnDkvqb,2017-09-30,2017,regular,Colorado Rapids,CF Montréal,2,1,,,asa,,,,
asa-NWMWJPojQl,2017-09-30,2017,regular,Columbus Crew,D.C. United,2,0,,,asa,,,,
asa-eVq3XgyyQW,2017-09-30,2017,regular,Chicago Fire FC,New York City FC,1,1,,,asa,,,,
asa-gOMny9YOQw,2017-09-30,2017,regular,Orlando City SC,FC Dallas,0,0,,,asa,,,,
asa-gpMO36e2Mz,2017-09-30,2017,regular,New England Revolution,Atlanta United FC,0,0,,,asa,,,,
asa-vzqoLkJZQa,2017-09-30,2017,regular,San Jose Earthquakes,Portland Timbers FC,2,1,,,asa,,,,
asa-wvq9JRX7QW,2017-10-01,2017,regular,Philadelphia Union,Seattle Sounders FC,2,0,,,asa,,,,
asa-Vj58Xow858,2017-10-03,2017,regular,Atlanta United FC,Minnesota United FC,2,3,,,asa,,,,
asa-315VnV7E59,2017-10-07,2017,regular,New York Red Bulls,Vancouver Whitecaps FC,3,0,,,asa,,,,
asa-9z5kAn3PQA,2017-10-07,2017,regular,Minnesota United FC,Sporting Kansas City,1,1,,,asa,,,,
asa-eVq3XJLwQW,2017-10-07,2017,regular,Colorado Rapids,FC Dallas,1,1,,,asa,,,,
asa-NWMWJPLeQl,2017-10-11,2017,regular,Houston Dynamo FC,Sporting Kansas City,2,1,,,asa,,,,
asa-2vQ1XBdlqr,2017-10-15,2017,regular,Sporting Kansas City,Houston Dynamo FC,0,0,,,asa,,,,
asa-7vQ74nxEMD,2017-10-15,2017,regular,Toronto FC,CF Montréal,1,0,,,asa,,,,
asa-9Yqdx3wjqv,2017-10-15,2017,regular,Portland Timbers FC,D.C. United,4,0,,,asa,,,,
asa-EGMPBOR4qa,2017-10-15,2017,regular,Chicago Fire FC,Philadelphia Union,3,2,,,asa,,,,
asa-OlMlKoBEQL,2017-10-15,2017,regular,Seattle Sounders FC,FC Dallas,4,0,,,asa,,,,
asa-Pk5LnW6LQO,2017-10-15,2017,regular,New England Revolution,New York City FC,2,1,,,asa,,,,
asa-Vj58XolJ58,2017-10-15,2017,regular,Vancouver Whitecaps FC,San Jose Earthquakes,1,1,,,asa,,,,
asa-a35reLBLML,2017-10-15,2017,regular,LA Galaxy,Minnesota United FC,3,0,,,asa,,,,
asa-eV5DwrkEMK,2017-10-15,2017,regular,Colorado Rapids,Real Salt Lake,1,0,,,asa,,,,
asa-gjMNwG6k5K,2017-10-15,2017,regular,New York Red Bulls,Atlanta United FC,0,0,,,asa,,,,
asa-raMyRlek5d,2017-10-15,2017,regular,Orlando City SC,Columbus Crew,0,1,,,asa,,,,
asa-4JMAO7klqK,2017-10-22,2017,regular,San Jose Earthquakes,Minnesota United FC,3,2,,,asa,,,,
asa-4wM4XGEkMj,2017-10-22,2017,regular,Seattle Sounders FC,Colorado Rapids,3,0,,,asa,,,,
asa-9vQ2XW4Y5K,2017-10-22,2017,regular,CF Montréal,New England Revolution,2,3,,,asa,,,,
asa-KPqjxOwnM6,2017-10-22,2017,regular,FC Dallas,LA Galaxy,5,1,,,asa,,,,
asa-KXMexB3XQ6,2017-10-22,2017,regular,Atlanta United FC,Toronto FC,2,2,,,asa,,,,
asa-NPqxPrAGq9,2017-10-22,2017,regular,New York City FC,Columbus Crew,2,2,,,asa,,,,
asa-aDQ0E3lBME,2017-10-22,2017,regular,Philadelphia Union,Orlando City SC,6,1,,,asa,,,,
asa-kRQapdWmqK,2017-10-22,2017,regular,Portland Timbers FC,Vancouver Whitecaps FC,2,1,,,asa,,,,
asa-odMXwLErQY,2017-10-22,2017,regular,D.C. United,New York Red Bulls,1,2,,,asa,,,,
asa-xW5pLVwG5g,2017-10-22,2017,regular,Real Salt Lake,Sporting Kansas City,2,1,,,asa,,,,
asa-zeQZByexQK,2017-10-22,2017,regular,Houston Dynamo FC,Chicago Fire FC,3,0,,,asa,,,,
asa-e7MzbR96Mr,2017-10-25,2017,postseason,Chicago Fire FC,New York Red Bulls,0,4,,,asa,,,,
asa-ljqE73jzMx,2017-10-25,2017,postseason,Vancouver Whitecaps FC,San Jose Earthquakes,5,0,,,asa,,,,
asa-N6MmVL7Z5E,2017-10-26,2017,postseason,Atlanta United FC,Columbus Crew,0,1,,pens,asa,,,,
asa-p6qbBxeBq0,2017-10-26,2017,postseason,Houston Dynamo FC,Sporting Kansas City,1,0,,AET,asa,,,,
asa-KAqBmnj45b,2017-10-29,2017,postseason,Vancouver Whitecaps FC,Seattle Sounders FC,0,0,,,asa,,,,
asa-Xj5YE38A5b,2017-10-30,2017,postseason,New York Red Bulls,Toronto FC,1,2,,,asa,,,,
asa-jYQJw61PMG,2017-10-30,2017,postseason,Houston Dynamo FC,Portland Timbers FC,0,0,,,asa,,,,
asa-NWMW2JXKQl,2017-10-31,2017,postseason,Columbus Crew,New York City FC,4,1,,,asa,,,,
asa-Oa5wbxY8M1,2017-11-02,2017,postseason,Seattle Sounders FC,Vancouver Whitecaps FC,2,0,,,asa,,,,
asa-0x5gO0PZ57,2017-11-05,2017,postseason,Portland Timbers FC,Houston Dynamo FC,1,2,,,asa,,,,
asa-7VqG7Wm6qv,2017-11-05,2017,postseason,Toronto FC,New York Red Bulls,0,1,,,asa,,,,
asa-eVq3dXaDQW,2017-11-05,2017,postseason,New York City FC,Columbus Crew,2,0,,,asa,,,,
asa-0Oq6d4lAM6,2017-11-21,2017,postseason,Columbus Crew,Toronto FC,0,0,,,asa,,,,
asa-gpMOG3zEMz,2017-11-21,2017,postseason,Houston Dynamo FC,Seattle Sounders FC,0,2,,,asa,,,,
asa-gOMnVy6XMw,2017-11-29,2017,postseason,Toronto FC,Columbus Crew,1,0,,,asa,,,,
asa-2vQ1yXmlQr,2017-11-30,2017,postseason,Seattle Sounders FC,Houston Dynamo FC,3,0,,,asa,,,,
asa-a35r7egLqL,2017-12-09,2017,postseason,Toronto FC,Seattle Sounders FC,2,0,,,asa,,,,
asa-2lqRnzOJqr,2018-03-03,2018,regular,Houston Dynamo FC,Atlanta United FC,4,0,,,asa,,,,
asa-315V2b9n59,2018-03-03,2018,regular,FC Dallas,Real Salt Lake,1,1,,,asa,,,,
asa-9z5kVZBdMA,2018-03-03,2018,regular,Orlando City SC,D.C. United,1,1,,,asa,,,,
asa-Pk5LB83YQO,2018-03-03,2018,regular,San Jose Earthquakes,Minnesota United FC,3,2,,,asa,,,,
asa-vzqoxZYJQa,2018-03-03,2018,regular,Toronto FC,Columbus Crew,0,2,,,asa,,,,
asa-wvq9d6kB5W,2018-03-03,2018,regular,Philadelphia Union,New England Revolution,2,0,,,asa,,,,
asa-7vQ7dgRGMD,2018-03-04,2018,regular,Sporting Kansas City,New York City FC,0,2,,,asa,,,,
asa-eV5D7P8nMK,2018-03-04,2018,regular,LA Galaxy,Portland Timbers FC,2,1,,,asa,,,,
asa-gjMNgbWD5K,2018-03-04,2018,regular,Seattle Sounders FC,Los Angeles FC,0,1,,,asa,,,,
asa-raMybdNd5d,2018-03-04,2018,regular,Vancouver Whitecaps FC,CF Montréal,2,1,,,asa,,,,
asa-2vQ1ypgOQr,2018-03-10,2018,regular,Columbus Crew,CF Montréal,3,2,,,asa,,,,
asa-9YqdgNeE5v,2018-03-10,2018,regular,Real Salt Lake,Los Angeles FC,1,5,,,asa,,,,
asa-KXMeGb33q6,2018-03-10,2018,regular,Houston Dynamo FC,Vancouver Whitecaps FC,1,2,,,asa,,,,
asa-OlMlPZWDML,2018-03-10,2018,regular,New England Revolution,Colorado Rapids,2,1,,,asa,,,,
asa-Vj58dG9L58,2018-03-10,2018,regular,New York Red Bulls,Portland Timbers FC,4,0,,,asa,,,,
asa-odMX2NEGqY,2018-03-10,2018,regular,Orlando City SC,Minnesota United FC,1,2,,,asa,,,,
asa-odMX2bVxqY,2018-03-10,2018,regular,Chicago Fire FC,Sporting Kansas City,3,4,,,asa,,,,
asa-KXMeG2XPq6,2018-03-11,2018,regular,New York City FC,LA Galaxy,2,1,,,asa,,,,
asa-a35r7bo2qL,2018-03-11,2018,regular,Atlanta United FC,D.C. United,3,1,,,asa,,,,
asa-4JMApGkPQK,2018-03-17,2018,regular,Real Salt Lake,New York Red Bulls,1,0,,,asa,,,,
asa-9vQ2yJGmqK,2018-03-17,2018,regular,CF Montréal,Toronto FC,1,0,,,asa,,,,
asa-KPqjNlwNq6,2018-03-17,2018,regular,Sporting Kansas City,San Jose Earthquakes,3,2,,,asa,,,,
asa-NPqxbpLXM9,2018-03-17,2018,regular,D.C. United,Houston Dynamo FC,2,2,,,asa,,,,
asa-aDQ0y7lEME,2018-03-17,2018,regular,Atlanta United FC,Vancouver Whitecaps FC,4,1,,,asa,,,,
asa-aDQ0ypW3ME,2018-03-17,2018,regular,Minnesota United FC,Chicago Fire FC,2,1,,,asa,,,,
asa-kRQa3EWO5K,2018-03-17,2018,regular,Philadelphia Union,Columbus Crew,0,0,,,asa,,,,
asa-xW5pelw0qg,2018-03-17,2018,regular,New York City FC,Orlando City SC,2,0,,,asa,,,,
asa-4wM447EBMj,2018-03-18,2018,regular,FC Dallas,Seattle Sounders FC,3,0,,,asa,,,,
asa-BLMvmx68Qx,2018-03-24,2018,regular,Columbus Crew,D.C. United,3,1,,,asa,,,,
asa-XVqK3y2Nq0,2018-03-24,2018,regular,FC Dallas,Portland Timbers FC,1,1,,,asa,,,,
asa-e7MzbYZPMr,2018-03-24,2018,regular,Vancouver Whitecaps FC,LA Galaxy,0,0,,,asa,,,,
asa-ljqE7oJYMx,2018-03-24,2018,regular,New York Red Bulls,Minnesota United FC,3,0,,,asa,,,,
asa-p6qbBlgaq0,2018-03-24,2018,regular,New England Revolution,New York City FC,2,2,,,asa,,,,
asa-zeQZ4NeN5K,2018-03-24,2018,regular,Colorado Rapids,Sporting Kansas City,2,2,,,asa,,,,
asa-N6MmV1Ww5E,2018-03-30,2018,regular,Toronto FC,Real Salt Lake,3,1,,,asa,,,,
asa-0Oq6djL7M6,2018-03-31,2018,regular,Minnesota United FC,Atlanta United FC,0,1,,,asa,,,,
asa-0x5gOKWj57,2018-03-31,2018,regular,Orlando City SC,New York Red Bulls,4,3,,,asa,,,,
asa-7VqG793Xqv,2018-03-31,2018,regular,Seattle Sounders FC,CF Montréal,0,1,,,asa,,,,
asa-KAqBm6k75b,2018-03-31,2018,regular,Sporting Kansas City,D.C. United,1,0,,,asa,,,,
asa-NWMW2ZozQl,2018-03-31,2018,regular,LA Galaxy,Los Angeles FC,4,3,,,asa,,,,
asa-Oa5wbedXM1,2018-03-31,2018,regular,Columbus Crew,Vancouver Whitecaps FC,1,2,,,asa,,,,
asa-Xj5YEe4x5b,2018-03-31,2018,regular,Chicago Fire FC,Portland Timbers FC,2,2,,,asa,,,,
asa-eVq3d7ygQW,2018-03-31,2018,regular,Houston Dynamo FC,New England Revolution,0,2,,,asa,,,,
asa-gpMOGDeRMz,2018-03-31,2018,regular,San Jose Earthquakes,New York City FC,1,2,,,asa,,,,
asa-jYQJwPgEMG,2018-03-31,2018,regular,Colorado Rapids,Philadelphia Union,3,0,,,asa,,,,
asa-gOMnV1YxMw,2018-04-06,2018,regular,New England Revolution,CF Montréal,4,0,,,asa,,,,
asa-2lqRn87Dqr,2018-04-07,2018,regular,Chicago Fire FC,Columbus Crew,1,0,,,asa,,,,
asa-KAqBm6kX5b,2018-04-07,2018,regular,Real Salt Lake,Vancouver Whitecaps FC,2,1,,,asa,,,,
asa-Oa5wbedBM1,2018-04-07,2018,regular,Philadelphia Union,San Jose Earthquakes,1,1,,,asa,,,,
asa-jYQJwPgWMG,2018-04-07,2018,regular,FC Dallas,Colorado Rapids,1,1,,,asa,,,,
asa-vzqox1JvQa,2018-04-07,2018,regular,Atlanta United FC,Los Angeles FC,5,0,,,asa,,,,
asa-0x5gOKW757,2018-04-08,2018,regular,LA Galaxy,Sporting Kansas City,0,2,,,asa,,,,
asa-7VqG793Aqv,2018-04-08,2018,regular,Orlando City SC,Portland Timbers FC,3,2,,,asa,,,,
asa-0Oq6djLrM6,2018-04-11,2018,regular,New York City FC,Real Salt Lake,4,0,,,asa,,,,
asa-gOMnV1a6Mw,2018-04-13,2018,regular,Vancouver Whitecaps FC,Los Angeles FC,0,2,,,asa,,,,
asa-gpMOGDLOMz,2018-04-13,2018,regular,Philadelphia Union,Orlando City SC,0,2,,,asa,,,,
asa-2lqRn8J2qr,2018-04-14,2018,regular,Colorado Rapids,Toronto FC,2,0,,,asa,,,,
asa-315V2NW759,2018-04-14,2018,regular,New York Red Bulls,CF Montréal,3,1,,,asa,,,,
asa-9z5kV8WbMA,2018-04-14,2018,regular,New England Revolution,FC Dallas,0,1,,,asa,,,,
asa-EGMP6Nrrqa,2018-04-14,2018,regular,San Jose Earthquakes,Houston Dynamo FC,2,2,,,asa,,,,
asa-KPqjNZ3Yq6,2018-04-14,2018,regular,Portland Timbers FC,Minnesota United FC,3,2,,,asa,,,,
asa-vzqox1O7Qa,2018-04-14,2018,regular,Chicago Fire FC,LA Galaxy,0,1,,,asa,,,,
asa-wvq9d7j35W,2018-04-14,2018,regular,D.C. United,Columbus Crew,1,0,,,asa,,,,
asa-Pk5LBNzZQO,2018-04-15,2018,regular,Atlanta United FC,New York City FC,2,2,,,asa,,,,
asa-gjMNg87Y5K,2018-04-15,2018,regular,Sporting Kansas City,Seattle Sounders FC,2,2,,,asa,,,,
asa-raMybpoR5d,2018-04-20,2018,regular,Sporting Kansas City,Vancouver Whitecaps FC,6,0,,,asa,,,,
asa-2vQ1y7R8Qr,2018-04-21,2018,regular,Houston Dynamo FC,Toronto FC,5,1,,,asa,,,,
asa-7vQ7dpedMD,2018-04-21,2018,regular,Columbus Crew,New England Revolution,2,2,,,asa,,,,
asa-9YqdglWO5v,2018-04-21,2018,regular,New York Red Bulls,Chicago Fire FC,1,2,,,asa,,,,
asa-KXMeGbg6q6,2018-04-21,2018,regular,Real Salt Lake,Colorado Rapids,3,0,,,asa,,,,
asa-OlMlP1gyML,2018-04-21,2018,regular,CF Montréal,Los Angeles FC,3,5,,,asa,,,,
asa-Vj58d8a858,2018-04-21,2018,regular,Orlando City SC,San Jose Earthquakes,3,2,,,asa,,,,
asa-a35r71RbqL,2018-04-21,2018,regular,LA Galaxy,Atlanta United FC,0,2,,,asa,,,,
asa-eV5D7n2ZMK,2018-04-21,2018,regular,FC Dallas,Philadelphia Union,2,0,,,asa,,,,
asa-9vQ2y7NoqK,2018-04-22,2018,regular,Seattle Sounders FC,Minnesota United FC,3,1,,,asa,,,,
asa-odMX2NGaqY,2018-04-22,2018,regular,Portland Timbers FC,New York City FC,3,0,,,asa,,,,
asa-NPqxb1okM9,2018-04-27,2018,regular,Vancouver Whitecaps FC,Real Salt Lake,2,0,,,asa,,,,
asa-4JMApG87QK,2018-04-28,2018,regular,New England Revolution,Sporting Kansas City,1,0,,,asa,,,,
asa-4wM447pgMj,2018-04-28,2018,regular,Philadelphia Union,D.C. United,3,2,,,asa,,,,
asa-KPqjNlBPq6,2018-04-28,2018,regular,Columbus Crew,San Jose Earthquakes,2,1,,,asa,,,,
asa-aDQ0y7xvME,2018-04-28,2018,regular,Atlanta United FC,CF Montréal,4,1,,,asa,,,,
asa-kRQa3Ew15K,2018-04-28,2018,regular,Minnesota United FC,Houston Dynamo FC,2,1,,,asa,,,,
asa-xW5pel7Bqg,2018-04-28,2018,regular,LA Galaxy,New York Red Bulls,2,3,,,asa,,,,
asa-zeQZ4Nkz5K,2018-04-28,2018,regular,Toronto FC,Chicago Fire FC,2,2,,,asa,,,,
asa-BLMvmxrjQx,2018-04-29,2018,regular,Colorado Rapids,Orlando City SC,1,2,,,asa,,,,
asa-XVqK3yLwq0,2018-04-29,2018,regular,New York City FC,FC Dallas,3,1,,,asa,,,,
asa-xW5peZOJqg,2018-04-29,2018,regular,Los Angeles FC,Seattle Sounders FC,1,0,,,asa,,,,
asa-p6qbBl34q0,2018-05-04,2018,regular,Toronto FC,Philadelphia Union,3,0,,,asa,,,,
asa-KAqBm6vX5b,2018-05-05,2018,regular,San Jose Earthquakes,Portland Timbers FC,0,1,,,asa,,,,
asa-N6MmV1Gv5E,2018-05-05,2018,regular,Sporting Kansas City,Colorado Rapids,1,0,,,asa,,,,
asa-NWMW2ZgeQl,2018-05-05,2018,regular,Seattle Sounders FC,Columbus Crew,0,0,,,asa,,,,
asa-Oa5wbe0BM1,2018-05-05,2018,regular,CF Montréal,New England Revolution,4,2,,,asa,,,,
asa-Xj5YEeyX5b,2018-05-05,2018,regular,Los Angeles FC,FC Dallas,1,1,,,asa,,,,
asa-e7MzbY0OMr,2018-05-05,2018,regular,Houston Dynamo FC,LA Galaxy,3,2,,,asa,,,,
asa-eVq3d7rnQW,2018-05-05,2018,regular,New York Red Bulls,New York City FC,4,0,,,asa,,,,
asa-jYQJwPYWMG,2018-05-05,2018,regular,Minnesota United FC,Vancouver Whitecaps FC,1,0,,,asa,,,,
asa-ljqE7o9wMx,2018-05-05,2018,regular,Chicago Fire FC,Atlanta United FC,1,2,,,asa,,,,
asa-0x5gOKJ757,2018-05-06,2018,regular,Orlando City SC,Real Salt Lake,3,1,,,asa,,,,
asa-0Oq6dj2rM6,2018-05-09,2018,regular,Chicago Fire FC,CF Montréal,1,0,,,asa,,,,
asa-7VqG79LAqv,2018-05-09,2018,regular,Atlanta United FC,Sporting Kansas City,0,2,,,asa,,,,
asa-gOMnV1d6Mw,2018-05-09,2018,regular,Los Angeles FC,Minnesota United FC,2,0,,,asa,,,,
asa-gpMOGD1OMz,2018-05-09,2018,regular,Columbus Crew,Philadelphia Union,1,0,,,asa,,,,
asa-vzqox1e7Qa,2018-05-09,2018,regular,Toronto FC,Seattle Sounders FC,1,2,,,asa,,,,
asa-2lqRn8l2qr,2018-05-11,2018,regular,Vancouver Whitecaps FC,Houston Dynamo FC,2,2,,,asa,,,,
asa-315V2N1759,2018-05-12,2018,regular,FC Dallas,LA Galaxy,3,2,,,asa,,,,
asa-9z5kV8NbMA,2018-05-12,2018,regular,Columbus Crew,Chicago Fire FC,3,0,,,asa,,,,
asa-EGMP6NYrqa,2018-05-12,2018,regular,Minnesota United FC,San Jose Earthquakes,1,3,,,asa,,,,
asa-Pk5LBNZZQO,2018-05-12,2018,regular,CF Montréal,Philadelphia Union,0,2,,,asa,,,,
asa-gjMNg8PY5K,2018-05-12,2018,regular,New England Revolution,Toronto FC,3,2,,,asa,,,,
asa-raMybpKR5d,2018-05-12,2018,regular,Real Salt Lake,D.C. United,3,2,,,asa,,,,
asa-wvq9d7B35W,2018-05-12,2018,regular,Colorado Rapids,New York Red Bulls,1,2,,,asa,,,,
asa-2vQ1y7e8Qr,2018-05-13,2018,regular,Portland Timbers FC,Seattle Sounders FC,1,0,,,asa,,,,
asa-7vQ7dpwdMD,2018-05-13,2018,regular,Los Angeles FC,New York City FC,2,2,,,asa,,,,
asa-eV5D7nRZMK,2018-05-13,2018,regular,Orlando City SC,Atlanta United FC,1,2,,,asa,,,,
asa-a35r71nbqL,2018-05-16,2018,regular,Vancouver Whitecaps FC,San Jose Earthquakes,2,2,,,asa,,,,
asa-OlMlP1kyML,2018-05-18,2018,regular,Toronto FC,Orlando City SC,2,1,,,asa,,,,
asa-9YqdgldO5v,2018-05-19,2018,regular,New England Revolution,Columbus Crew,0,1,,,asa,,,,
asa-9vQ2y7eoqK,2018-05-19,2018,regular,Portland Timbers FC,Los Angeles FC,2,1,,,asa,,,,
asa-KXMeGbK6q6,2018-05-19,2018,regular,New York City FC,Colorado Rapids,4,0,,,asa,,,,
asa-NPqxb1KkM9,2018-05-19,2018,regular,San Jose Earthquakes,D.C. United,1,3,,,asa,,,,
asa-Vj58d83858,2018-05-19,2018,regular,FC Dallas,Vancouver Whitecaps FC,2,2,,,asa,,,,
asa-odMX2N1aqY,2018-05-19,2018,regular,Philadelphia Union,Real Salt Lake,4,1,,,asa,,,,
asa-KPqjNlkPq6,2018-05-20,2018,regular,Chicago Fire FC,Houston Dynamo FC,2,3,,,asa,,,,
asa-aDQ0y7evME,2018-05-20,2018,regular,Atlanta United FC,New York Red Bulls,1,3,,,asa,,,,
asa-xW5pelYBqg,2018-05-20,2018,regular,Minnesota United FC,Sporting Kansas City,1,1,,,asa,,,,
asa-kRQa3EP15K,2018-05-21,2018,regular,CF Montréal,LA Galaxy,0,1,,,asa,,,,
asa-4JMApGR7QK,2018-05-25,2018,regular,Houston Dynamo FC,New York City FC,3,1,,,asa,,,,
asa-4wM447egMj,2018-05-25,2018,regular,LA Galaxy,San Jose Earthquakes,1,0,,,asa,,,,
asa-zeQZ4N1z5K,2018-05-25,2018,regular,Toronto FC,FC Dallas,0,1,,,asa,,,,
asa-BLMvmxKjQx,2018-05-26,2018,regular,Colorado Rapids,Portland Timbers FC,2,3,,,asa,,,,
asa-N6MmV1kv5E,2018-05-26,2018,regular,Vancouver Whitecaps FC,New England Revolution,3,3,,,asa,,,,
asa-XVqK3ybwq0,2018-05-26,2018,regular,Minnesota United FC,CF Montréal,2,0,,,asa,,,,
asa-e7MzbYzOMr,2018-05-26,2018,regular,Seattle Sounders FC,Real Salt Lake,0,1,,,asa,,,,
asa-jYQJwPZWMG,2018-05-26,2018,regular,Los Angeles FC,D.C. United,1,1,,,asa,,,,
asa-ljqE7oNwMx,2018-05-26,2018,regular,New York Red Bulls,Philadelphia Union,0,0,,,asa,,,,
asa-p6qbBlP4q0,2018-05-26,2018,regular,Orlando City SC,Chicago Fire FC,1,2,,,asa,,,,
asa-Xj5YEejX5b,2018-05-27,2018,regular,Sporting Kansas City,Columbus Crew,0,0,,,asa,,,,
asa-KAqBm6RX5b,2018-05-30,2018,regular,Philadelphia Union,Chicago Fire FC,3,1,,,asa,,,,
asa-NWMW2ZjeQl,2018-05-30,2018,regular,Real Salt Lake,Houston Dynamo FC,2,1,,,asa,,,,
asa-Oa5wbeKBM1,2018-05-30,2018,regular,LA Galaxy,FC Dallas,2,3,,,asa,,,,
asa-eVq3d7enQW,2018-05-30,2018,regular,New England Revolution,Atlanta United FC,1,1,,,asa,,,,
asa-0x5gOKk757,2018-06-01,2018,regular,Colorado Rapids,Vancouver Whitecaps FC,1,2,,,asa,,,,
asa-0Oq6djJrM6,2018-06-02,2018,regular,Chicago Fire FC,San Jose Earthquakes,2,1,,,asa,,,,
asa-2lqRn8X2qr,2018-06-02,2018,regular,New England Revolution,New York Red Bulls,2,1,,,asa,,,,
asa-7VqG79ZAqv,2018-06-02,2018,regular,Atlanta United FC,Philadelphia Union,3,1,,,asa,,,,
asa-Oa5wbeDAM1,2018-06-02,2018,regular,Portland Timbers FC,LA Galaxy,1,1,,,asa,,,,
asa-eVq3d7ZyQW,2018-06-02,2018,regular,Real Salt Lake,Seattle Sounders FC,2,0,,,asa,,,,
asa-gOMnV1J6Mw,2018-06-02,2018,regular,FC Dallas,Los Angeles FC,2,1,,,asa,,,,
asa-gpMOGDXOMz,2018-06-02,2018,regular,Columbus Crew,Toronto FC,3,3,,,asa,,,,
asa-jYQJwPXBMG,2018-06-02,2018,regular,New York City FC,Orlando City SC,3,0,,,asa,,,,
asa-vzqox1w7Qa,2018-06-02,2018,regular,CF Montréal,Houston Dynamo FC,1,0,,,asa,,,,
asa-KAqBm6zv5b,2018-06-03,2018,regular,Sporting Kansas City,Minnesota United FC,4,1,,,asa,,,,
asa-NWMW2ZWjQl,2018-06-08,2018,regular,Philadelphia Union,Toronto FC,0,2,,,asa,,,,
asa-0Oq6djYdM6,2018-06-09,2018,regular,FC Dallas,CF Montréal,2,0,,,asa,,,,
asa-0x5gOKbb57,2018-06-09,2018,regular,Chicago Fire FC,New England Revolution,1,1,,,asa,,,,
asa-2lqRn8XAqr,2018-06-09,2018,regular,Portland Timbers FC,Sporting Kansas City,0,0,,,asa,,,,
asa-315V2NBE59,2018-06-09,2018,regular,Vancouver Whitecaps FC,Orlando City SC,5,2,,,asa,,,,
asa-7VqG791Wqv,2018-06-09,2018,regular,Columbus Crew,New York Red Bulls,1,1,,,asa,,,,
asa-9z5kV8dPMA,2018-06-09,2018,regular,Seattle Sounders FC,D.C. United,2,1,,,asa,,,,
asa-gOMnV1JOMw,2018-06-09,2018,regular,LA Galaxy,Real Salt Lake,3,0,,,asa,,,,
asa-gpMOGDX2Mz,2018-06-09,2018,regular,Houston Dynamo FC,Colorado Rapids,2,0,,,asa,,,,
asa-vzqox1wZQa,2018-06-09,2018,regular,New York City FC,Atlanta United FC,1,1,,,asa,,,,
asa-wvq9d7E75W,2018-06-09,2018,regular,San Jose Earthquakes,Los Angeles FC,3,4,,,asa,,,,
asa-EGMP6NX4qa,2018-06-13,2018,regular,CF Montréal,Orlando City SC,3,0,,,asa,,,,
asa-EGMP6bG6qa,2018-06-13,2018,regular,Colorado Rapids,Chicago Fire FC,2,2,,,asa,,,,
asa-NWMW2ZoeQl,2018-06-13,2018,regular,Toronto FC,D.C. United,4,4,,,asa,,,,
asa-Pk5LBNXLQO,2018-06-13,2018,regular,New York Red Bulls,Seattle Sounders FC,2,1,,,asa,,,,
asa-gjMNg8Yk5K,2018-06-13,2018,regular,San Jose Earthquakes,New England Revolution,2,2,,,asa,,,,
asa-zeQZ4NBx5K,2018-06-13,2018,regular,Columbus Crew,Atlanta United FC,0,2,,,asa,,,,
asa-2vQ1y7xlQr,2018-06-23,2018,regular,Philadelphia Union,Vancouver Whitecaps FC,4,0,,,asa,,,,
asa-7vQ7dplEMD,2018-06-23,2018,regular,Sporting Kansas City,Houston Dynamo FC,3,2,,,asa,,,,
asa-KXMeGbdXq6,2018-06-23,2018,regular,Los Angeles FC,Columbus Crew,2,0,,,asa,,,,
asa-OlMlP1dEML,2018-06-23,2018,regular,Real Salt Lake,San Jose Earthquakes,1,1,,,asa,,,,
asa-Vj58d8jJ58,2018-06-23,2018,regular,Seattle Sounders FC,Chicago Fire FC,1,1,,,asa,,,,
asa-a35r71WLqL,2018-06-23,2018,regular,New York Red Bulls,FC Dallas,3,0,,,asa,,,,
asa-eV5D7nXEMK,2018-06-23,2018,regular,Orlando City SC,CF Montréal,0,2,,,asa,,,,
asa-raMybp7k5d,2018-06-23,2018,regular,Colorado Rapids,Minnesota United FC,3,2,,,asa,,,,
asa-9Yqdgl9j5v,2018-06-24,2018,regular,Atlanta United FC,Portland Timbers FC,1,1,,,asa,,,,
asa-odMX2NgrqY,2018-06-24,2018,regular,New York City FC,Toronto FC,2,1,,,asa,,,,
asa-9vQ2y7EYqK,2018-06-29,2018,regular,Minnesota United FC,FC Dallas,0,1,,,asa,,,,
asa-4JMApGZlQK,2018-06-30,2018,regular,New England Revolution,D.C. United,3,2,,,asa,,,,
asa-4wM447rkMj,2018-06-30,2018,regular,San Jose Earthquakes,LA Galaxy,3,3,,,asa,,,,
asa-KPqjNlanq6,2018-06-30,2018,regular,Columbus Crew,Real Salt Lake,2,1,,,asa,,,,
asa-NPqxb1YGM9,2018-06-30,2018,regular,Atlanta United FC,Orlando City SC,4,0,,,asa,,,,
asa-aDQ0y7YBME,2018-06-30,2018,regular,Chicago Fire FC,New York City FC,3,2,,,asa,,,,
asa-kRQa3E8m5K,2018-06-30,2018,regular,CF Montréal,Sporting Kansas City,2,0,,,asa,,,,
asa-xW5pel3Gqg,2018-06-30,2018,regular,Los Angeles FC,Philadelphia Union,4,1,,,asa,,,,
asa-zeQZ4N6x5K,2018-06-30,2018,regular,Seattle Sounders FC,Portland Timbers FC,2,3,,,asa,,,,
asa-BLMvmxOAQx,2018-07-01,2018,regular,Toronto FC,New York Red Bulls,0,1,,,asa,,,,
asa-XVqK3yvKq0,2018-07-01,2018,regular,Vancouver Whitecaps FC,Colorado Rapids,0,1,,,asa,,,,
asa-e7MzbYR9Mr,2018-07-03,2018,regular,Houston Dynamo FC,Los Angeles FC,2,2,,,asa,,,,
asa-N6MmV1Le5E,2018-07-04,2018,regular,LA Galaxy,D.C. United,2,2,,,asa,,,,
asa-Xj5YEe3w5b,2018-07-04,2018,regular,Minnesota United FC,Toronto FC,4,3,,,asa,,,,
asa-jYQJwP6BMG,2018-07-04,2018,regular,Real Salt Lake,Sporting Kansas City,4,2,,,asa,,,,
asa-ljqE7o3AMx,2018-07-04,2018,regular,FC Dallas,Atlanta United FC,3,2,,,asa,,,,
asa-p6qbBl18q0,2018-07-04,2018,regular,Colorado Rapids,Seattle Sounders FC,1,2,,,asa,,,,
asa-0Oq6dj4dM6,2018-07-07,2018,regular,Portland Timbers FC,San Jose Earthquakes,2,1,,,asa,,,,
asa-0x5gOK0b57,2018-07-07,2018,regular,New England Revolution,Seattle Sounders FC,0,0,,,asa,,,,
asa-7VqG79WWqv,2018-07-07,2018,regular,Philadelphia Union,Atlanta United FC,0,2,,,asa,,,,
asa-KAqBm6nv5b,2018-07-07,2018,regular,Los Angeles FC,Orlando City SC,4,1,,,asa,,,,
asa-NWMW2ZJjQl,2018-07-07,2018,regular,CF Montréal,Colorado Rapids,2,1,,,asa,,,,
asa-Oa5wbexAM1,2018-07-07,2018,regular,Houston Dynamo FC,Minnesota United FC,3,0,,,asa,,,,
asa-eVq3d7XyQW,2018-07-07,2018,regular,Sporting Kansas City,Toronto FC,2,2,,,asa,,,,
asa-gOMnV1yOMw,2018-07-07,2018,regular,Vancouver Whitecaps FC,Chicago Fire FC,3,2,,,asa,,,,
asa-gpMOGD32Mz,2018-07-07,2018,regular,Real Salt Lake,FC Dallas,2,0,,,asa,,,,
asa-vzqox1LZQa,2018-07-07,2018,regular,LA Galaxy,Columbus Crew,4,0,,,asa,,,,
asa-2lqRn8gAqr,2018-07-08,2018,regular,New York City FC,New York Red Bulls,1,0,,,asa,,,,
asa-9z5kV8APMA,2018-07-11,2018,regular,New York City FC,CF Montréal,3,0,,,asa,,,,
asa-wvq9d7J75W,2018-07-11,2018,regular,Chicago Fire FC,Philadelphia Union,3,4,,,asa,,,,
asa-2vQ1y7XlQr,2018-07-14,2018,regular,New York Red Bulls,Sporting Kansas City,3,2,,,asa,,,,
asa-315V2NnE59,2018-07-14,2018,regular,Colorado Rapids,Houston Dynamo FC,0,0,,,asa,,,,
asa-7vQ7dp4EMD,2018-07-14,2018,regular,New England Revolution,LA Galaxy,2,3,,,asa,,,,
asa-EGMP6NB4qa,2018-07-14,2018,regular,FC Dallas,Chicago Fire FC,3,1,,,asa,,,,
asa-Pk5LBNnLQO,2018-07-14,2018,regular,D.C. United,Vancouver Whitecaps FC,3,1,,,asa,,,,
asa-a35r71eLqL,2018-07-14,2018,regular,New York City FC,Columbus Crew,2,0,,,asa,,,,
asa-eV5D7nwEMK,2018-07-14,2018,regular,Orlando City SC,Toronto FC,2,1,,,asa,,,,
asa-gjMNg8wk5K,2018-07-14,2018,regular,Minnesota United FC,Real Salt Lake,3,2,,,asa,,,,
asa-raMybpRk5d,2018-07-14,2018,regular,CF Montréal,San Jose Earthquakes,2,0,,,asa,,,,
asa-OlMlP1KEML,2018-07-15,2018,regular,Atlanta United FC,Seattle Sounders FC,1,1,,,asa,,,,
asa-Vj58d8XJ58,2018-07-15,2018,regular,Los Angeles FC,Portland Timbers FC,0,0,,,asa,,,,
asa-9Yqdglxj5v,2018-07-18,2018,regular,Minnesota United FC,New England Revolution,2,1,,,asa,,,,
asa-4JMApGOlQK,2018-07-21,2018,regular,Seattle Sounders FC,Vancouver Whitecaps FC,2,0,,,asa,,,,
asa-9vQ2y7XYqK,2018-07-21,2018,regular,Columbus Crew,Orlando City SC,3,2,,,asa,,,,
asa-KPqjNlxnq6,2018-07-21,2018,regular,Portland Timbers FC,CF Montréal,2,2,,,asa,,,,
asa-KXMeGbxXq6,2018-07-21,2018,regular,Atlanta United FC,D.C. United,3,1,,,asa,,,,
asa-NPqxb1PGM9,2018-07-21,2018,regular,Houston Dynamo FC,FC Dallas,1,1,,,asa,,,,
asa-aDQ0y7EBME,2018-07-21,2018,regular,Philadelphia Union,LA Galaxy,1,3,,,asa,,,,
asa-kRQa3Epm5K,2018-07-21,2018,regular,Real Salt Lake,Colorado Rapids,2,2,,,asa,,,,
asa-odMX2NwrqY,2018-07-21,2018,regular,Chicago Fire FC,Toronto FC,1,2,,,asa,,,,
asa-xW5pelLGqg,2018-07-21,2018,regular,New York Red Bulls,New England Revolution,2,0,,,asa,,,,
asa-4wM447XkMj,2018-07-22,2018,regular,Minnesota United FC,Los Angeles FC,5,1,,,asa,,,,
asa-BLMvmxLAQx,2018-07-25,2018,regular,D.C. United,New York Red Bulls,0,1,,,asa,,,,
asa-XVqK3yOKq0,2018-07-25,2018,regular,Houston Dynamo FC,Philadelphia Union,1,3,,,asa,,,,
asa-p6qbBlx8q0,2018-07-25,2018,regular,San Jose Earthquakes,Seattle Sounders FC,0,1,,,asa,,,,
asa-e7MzbYb9Mr,2018-07-26,2018,regular,Orlando City SC,New York City FC,0,2,,,asa,,,,
asa-ljqE7o7AMx,2018-07-26,2018,regular,Los Angeles FC,LA Galaxy,2,2,,,asa,,,,
asa-0x5gOKOb57,2018-07-28,2018,regular,Vancouver Whitecaps FC,Minnesota United FC,4,2,,,asa,,,,
asa-KAqBm6mv5b,2018-07-28,2018,regular,San Jose Earthquakes,Real Salt Lake,0,0,,,asa,,,,
asa-N6MmV1Ve5E,2018-07-28,2018,regular,D.C. United,Colorado Rapids,2,1,,,asa,,,,
asa-NWMW2Z2jQl,2018-07-28,2018,regular,Toronto FC,Chicago Fire FC,3,0,,,asa,,,,
asa-Oa5wbebAM1,2018-07-28,2018,regular,Portland Timbers FC,Houston Dynamo FC,2,1,,,asa,,,,
asa-Xj5YEeEw5b,2018-07-28,2018,regular,Sporting Kansas City,FC Dallas,2,3,,,asa,,,,
asa-eVq3d7dyQW,2018-07-28,2018,regular,New York Red Bulls,Columbus Crew,2,3,,,asa,,,,
asa-jYQJwPwBMG,2018-07-28,2018,regular,CF Montréal,Atlanta United FC,1,2,,,asa,,,,
asa-0Oq6djddM6,2018-07-29,2018,regular,Seattle Sounders FC,New York City FC,3,1,,,asa,,,,
asa-7VqG797Wqv,2018-07-29,2018,regular,LA Galaxy,Orlando City SC,4,3,,,asa,,,,
asa-0x5gOKOZ57,2018-08-04,2018,regular,Real Salt Lake,Chicago Fire FC,2,1,,,asa,,,,
asa-2lqRn8nAqr,2018-08-04,2018,regular,Houston Dynamo FC,Sporting Kansas City,0,1,,,asa,,,,
asa-KAqBm6m45b,2018-08-04,2018,regular,Orlando City SC,New England Revolution,3,3,,,asa,,,,
asa-NWMW2Z2KQl,2018-08-04,2018,regular,Portland Timbers FC,Philadelphia Union,3,0,,,asa,,,,
asa-Oa5wbeb8M1,2018-08-04,2018,regular,CF Montréal,D.C. United,1,1,,,asa,,,,
asa-eVq3d7dDQW,2018-08-04,2018,regular,New York City FC,Vancouver Whitecaps FC,2,2,,,asa,,,,
asa-gOMnV1VOMw,2018-08-04,2018,regular,Colorado Rapids,LA Galaxy,2,1,,,asa,,,,
asa-gpMOGDG2Mz,2018-08-04,2018,regular,Atlanta United FC,Toronto FC,2,2,,,asa,,,,
asa-jYQJwPwPMG,2018-08-04,2018,regular,Minnesota United FC,Seattle Sounders FC,1,2,,,asa,,,,
asa-vzqox1xZQa,2018-08-04,2018,regular,FC Dallas,San Jose Earthquakes,1,3,,,asa,,,,
asa-7VqG7976qv,2018-08-05,2018,regular,New York Red Bulls,Los Angeles FC,2,1,,,asa,,,,
asa-0Oq6djdAM6,2018-08-11,2018,regular,Chicago Fire FC,New York Red Bulls,0,1,,,asa,,,,
asa-2lqRn8n0qr,2018-08-11,2018,regular,LA Galaxy,Minnesota United FC,2,2,,,asa,,,,
asa-315V2N2959,2018-08-11,2018,regular,Real Salt Lake,CF Montréal,1,1,,,asa,,,,
asa-9z5kV8VjMA,2018-08-11,2018,regular,Portland Timbers FC,Vancouver Whitecaps FC,1,2,,,asa,,,,
asa-gOMnV1VXMw,2018-08-11,2018,regular,Columbus Crew,Houston Dynamo FC,1,0,,,asa,,,,
asa-gpMOGDGEMz,2018-08-11,2018,regular,Colorado Rapids,San Jose Earthquakes,2,1,,,asa,,,,
asa-vzqox1xkQa,2018-08-11,2018,regular,Los Angeles FC,Sporting Kansas City,0,2,,,asa,,,,
asa-wvq9d7dw5W,2018-08-11,2018,regular,New England Revolution,Philadelphia Union,2,3,,,asa,,,,
asa-EGMP6N6Vqa,2018-08-12,2018,regular,D.C. United,Orlando City SC,3,2,,,asa,,,,
asa-Pk5LBNBOQO,2018-08-12,2018,regular,Seattle Sounders FC,FC Dallas,2,1,,,asa,,,,
asa-gjMNg8g05K,2018-08-12,2018,regular,Toronto FC,New York City FC,2,3,,,asa,,,,
asa-jYQJwPdPMG,2018-08-14,2018,regular,LA Galaxy,Colorado Rapids,2,2,,,asa,,,,
asa-7vQ7dpd2MD,2018-08-15,2018,regular,Los Angeles FC,Real Salt Lake,2,0,,,asa,,,,
asa-raMybpbO5d,2018-08-15,2018,regular,D.C. United,Portland Timbers FC,4,1,,,asa,,,,
asa-2vQ1y7yKQr,2018-08-18,2018,regular,Houston Dynamo FC,Real Salt Lake,1,2,,,asa,,,,
asa-9YqdglgL5v,2018-08-18,2018,regular,Philadelphia Union,New York City FC,2,0,,,asa,,,,
asa-9vQ2y71aqK,2018-08-18,2018,regular,Vancouver Whitecaps FC,New York Red Bulls,2,2,,,asa,,,,
asa-KXMeGbGrq6,2018-08-18,2018,regular,San Jose Earthquakes,Toronto FC,1,1,,,asa,,,,
asa-Vj58d8d458,2018-08-18,2018,regular,CF Montréal,Chicago Fire FC,2,1,,,asa,,,,
asa-a35r717AqL,2018-08-18,2018,regular,Sporting Kansas City,Portland Timbers FC,3,0,,,asa,,,,
asa-eV5D7n7AMK,2018-08-18,2018,regular,FC Dallas,Minnesota United FC,2,0,,,asa,,,,
asa-odMX2N2WqY,2018-08-18,2018,regular,Seattle Sounders FC,LA Galaxy,5,0,,,asa,,,,
asa-NPqxb1vmM9,2018-08-19,2018,regular,Atlanta United FC,Columbus Crew,3,1,,,asa,,,,
asa-OlMlP1P0ML,2018-08-19,2018,regular,Los Angeles FC,Colorado Rapids,2,0,,,asa,,,,
asa-aDQ0y74PME,2018-08-19,2018,regular,D.C. United,New England Revolution,2,0,,,asa,,,,
asa-KPqjNl0Rq6,2018-08-22,2018,regular,New York City FC,New York Red Bulls,1,1,,,asa,,,,
asa-4wM4471pMj,2018-08-23,2018,regular,Chicago Fire FC,Columbus Crew,1,1,,,asa,,,,
asa-xW5pel0dqg,2018-08-23,2018,regular,Houston Dynamo FC,FC Dallas,1,1,,,asa,,,,
asa-4JMApGmkQK,2018-08-24,2018,regular,Orlando City SC,Atlanta United FC,1,2,,,asa,,,,
asa-kRQa3EVo5K,2018-08-24,2018,regular,LA Galaxy,Los Angeles FC,1,1,,,asa,,,,
asa-BLMvmxvOQx,2018-08-25,2018,regular,Sporting Kansas City,Minnesota United FC,2,0,,,asa,,,,
asa-XVqK3ylOq0,2018-08-25,2018,regular,Philadelphia Union,New England Revolution,1,0,,,asa,,,,
asa-ljqE7ozzMx,2018-08-25,2018,regular,Toronto FC,CF Montréal,3,1,,,asa,,,,
asa-p6qbBlZBq0,2018-08-25,2018,regular,San Jose Earthquakes,Vancouver Whitecaps FC,2,3,,,asa,,,,
asa-zeQZ4NZ15K,2018-08-25,2018,regular,Colorado Rapids,Real Salt Lake,0,6,,,asa,,,,
asa-N6MmV1AZ5E,2018-08-26,2018,regular,New York Red Bulls,D.C. United,1,0,,,asa,,,,
asa-e7MzbYv6Mr,2018-08-26,2018,regular,Portland Timbers FC,Seattle Sounders FC,0,1,,,asa,,,,
asa-9vQ2y74eqK,2018-08-29,2018,regular,San Jose Earthquakes,FC Dallas,4,3,,,asa,,,,
asa-Oa5wbev8M1,2018-08-29,2018,regular,Portland Timbers FC,Toronto FC,2,0,,,asa,,,,
asa-Xj5YEeDA5b,2018-08-29,2018,regular,D.C. United,Philadelphia Union,0,2,,,asa,,,,
asa-eVq3d7ynQW,2018-08-29,2018,regular,New York Red Bulls,Houston Dynamo FC,1,0,,,asa,,,,
asa-0Oq6dj1AM6,2018-09-01,2018,regular,Real Salt Lake,LA Galaxy,6,2,,,asa,,,,
asa-0x5gOKVZ57,2018-09-01,2018,regular,New England Revolution,Portland Timbers FC,1,1,,,asa,,,,
asa-7VqG79a6qv,2018-09-01,2018,regular,Orlando City SC,Philadelphia Union,2,2,,,asa,,,,
asa-KAqBm6245b,2018-09-01,2018,regular,FC Dallas,Houston Dynamo FC,4,2,,,asa,,,,
asa-NWMW2ZDKQl,2018-09-01,2018,regular,CF Montréal,New York Red Bulls,3,0,,,asa,,,,
asa-eVq3d71DQW,2018-09-01,2018,regular,Columbus Crew,New York City FC,2,1,,,asa,,,,
asa-gOMnV1KXMw,2018-09-01,2018,regular,Toronto FC,Los Angeles FC,2,4,,,asa,,,,
asa-gpMOGD2EMz,2018-09-01,2018,regular,Seattle Sounders FC,Sporting Kansas City,3,1,,,asa,,,,
asa-vzqox1bkQa,2018-09-01,2018,regular,Vancouver Whitecaps FC,San Jose Earthquakes,2,1,,,asa,,,,
asa-2lqRn8Y0qr,2018-09-02,2018,regular,D.C. United,Atlanta United FC,3,1,,,asa,,,,
asa-wvq9d7Yw5W,2018-09-05,2018,regular,New York City FC,New England Revolution,0,1,,,asa,,,,
asa-315V2Nj959,2018-09-08,2018,regular,New York City FC,D.C. United,1,1,,,asa,,,,
asa-9z5kV80jMA,2018-09-08,2018,regular,Sporting Kansas City,Orlando City SC,1,0,,,asa,,,,
asa-EGMP6NDVqa,2018-09-08,2018,regular,Portland Timbers FC,Colorado Rapids,2,0,,,asa,,,,
asa-Pk5LBNYOQO,2018-09-12,2018,regular,D.C. United,Minnesota United FC,2,1,,,asa,,,,
asa-2vQ1y7EKQr,2018-09-15,2018,regular,Philadelphia Union,CF Montréal,1,4,,,asa,,,,
asa-7vQ7dpZ2MD,2018-09-15,2018,regular,Houston Dynamo FC,Portland Timbers FC,4,1,,,asa,,,,
asa-9YqdglAL5v,2018-09-15,2018,regular,Vancouver Whitecaps FC,Seattle Sounders FC,1,2,,,asa,,,,
asa-OlMlP1b0ML,2018-09-15,2018,regular,San Jose Earthquakes,Sporting Kansas City,1,5,,,asa,,,,
asa-Vj58d82458,2018-09-15,2018,regular,Toronto FC,LA Galaxy,5,3,,,asa,,,,
asa-a35r71zAqL,2018-09-15,2018,regular,Real Salt Lake,Minnesota United FC,1,1,,,asa,,,,
asa-eV5D7nZAMK,2018-09-15,2018,regular,Los Angeles FC,New England Revolution,1,1,,,asa,,,,
asa-gjMNg8l05K,2018-09-15,2018,regular,Colorado Rapids,Atlanta United FC,0,3,,,asa,,,,
asa-raMybpzO5d,2018-09-15,2018,regular,FC Dallas,Columbus Crew,0,0,,,asa,,,,
asa-KXMeGbVrq6,2018-09-16,2018,regular,Chicago Fire FC,Orlando City SC,4,0,,,asa,,,,
asa-odMX2NlWqY,2018-09-16,2018,regular,D.C. United,New York Red Bulls,3,3,,,asa,,,,
asa-9vQ2y7paqK,2018-09-19,2018,regular,Portland Timbers FC,Columbus Crew,3,2,,,asa,,,,
asa-NPqxb1AYM9,2018-09-19,2018,regular,Seattle Sounders FC,Philadelphia Union,0,1,,,asa,,,,
asa-NPqxb1gmM9,2018-09-19,2018,regular,San Jose Earthquakes,Atlanta United FC,3,4,,,asa,,,,
asa-4JMApG3kQK,2018-09-22,2018,regular,CF Montréal,New York City FC,1,1,,,asa,,,,
asa-4wM447VpMj,2018-09-22,2018,regular,New England Revolution,Chicago Fire FC,2,2,,,asa,,,,
asa-BLMvmxBOQx,2018-09-22,2018,regular,New York Red Bulls,Toronto FC,2,0,,,asa,,,,
asa-KPqjNlWRq6,2018-09-22,2018,regular,Columbus Crew,Colorado Rapids,2,1,,,asa,,,,
asa-aDQ0y78PME,2018-09-22,2018,regular,Atlanta United FC,Real Salt Lake,2,0,,,asa,,,,
asa-kRQa3EOo5K,2018-09-22,2018,regular,Minnesota United FC,Portland Timbers FC,3,2,,,asa,,,,
asa-xW5pelodqg,2018-09-22,2018,regular,Los Angeles FC,San Jose Earthquakes,2,0,,,asa,,,,
asa-zeQZ4Nw15K,2018-09-22,2018,regular,Orlando City SC,Houston Dynamo FC,0,0,,,asa,,,,
asa-XVqK3y9Oq0,2018-09-23,2018,regular,LA Galaxy,Seattle Sounders FC,3,0,,,asa,,,,
asa-ljqE7oGzMx,2018-09-23,2018,regular,Vancouver Whitecaps FC,FC Dallas,1,2,,,asa,,,,
asa-p6qbBlnBq0,2018-09-23,2018,regular,Philadelphia Union,Sporting Kansas City,2,0,,,asa,,,,
asa-e7MzbY66Mr,2018-09-26,2018,regular,New York City FC,Chicago Fire FC,2,0,,,asa,,,,
asa-0x5gOKwZ57,2018-09-29,2018,regular,Seattle Sounders FC,Colorado Rapids,4,0,,,asa,,,,
asa-7VqG79O6qv,2018-09-29,2018,regular,Toronto FC,New England Revolution,4,1,,,asa,,,,
asa-KAqBm6Y45b,2018-09-29,2018,regular,Minnesota United FC,New York City FC,2,1,,,asa,,,,
asa-N6MmV16Z5E,2018-09-29,2018,regular,Chicago Fire FC,Los Angeles FC,3,1,,,asa,,,,
asa-NWMW2ZyKQl,2018-09-29,2018,regular,Portland Timbers FC,FC Dallas,0,0,,,asa,,,,
asa-Oa5wbeW8M1,2018-09-29,2018,regular,Houston Dynamo FC,San Jose Earthquakes,3,2,,,asa,,,,
asa-Xj5YEeJA5b,2018-09-29,2018,regular,Columbus Crew,Philadelphia Union,0,0,,,asa,,,,
asa-eVq3d74DQW,2018-09-29,2018,regular,LA Galaxy,Vancouver Whitecaps FC,3,0,,,asa,,,,
asa-jYQJwPRPMG,2018-09-29,2018,regular,D.C. United,CF Montréal,5,0,,,asa,,,,
asa-0Oq6djpAM6,2018-09-30,2018,regular,Sporting Kansas City,Real Salt Lake,1,1,,,asa,,,,
asa-gpMOGD8EMz,2018-09-30,2018,regular,New York Red Bulls,Atlanta United FC,2,0,,,asa,,,,
asa-2lqRn8r0qr,2018-10-06,2018,regular,FC Dallas,Orlando City SC,2,0,,,asa,,,,
asa-7VqG79Oeqv,2018-10-06,2018,regular,Toronto FC,Vancouver Whitecaps FC,1,2,,,asa,,,,
asa-KAqBm6YJ5b,2018-10-06,2018,regular,Real Salt Lake,Portland Timbers FC,1,4,,,asa,,,,
asa-NWMW2Zy7Ql,2018-10-06,2018,regular,San Jose Earthquakes,New York Red Bulls,1,3,,,asa,,,,
asa-Oa5wbeWjM1,2018-10-06,2018,regular,CF Montréal,Columbus Crew,3,0,,,asa,,,,
asa-eVq3d746QW,2018-10-06,2018,regular,Philadelphia Union,Minnesota United FC,5,1,,,asa,,,,
asa-gOMnV1OXMw,2018-10-06,2018,regular,Atlanta United FC,New England Revolution,2,1,,,asa,,,,
asa-jYQJwPRyMG,2018-10-06,2018,regular,Sporting Kansas City,LA Galaxy,1,1,,,asa,,,,
asa-vzqox1nkQa,2018-10-06,2018,regular,Colorado Rapids,Los Angeles FC,0,3,,,asa,,,,
asa-0Oq6djpXM6,2018-10-07,2018,regular,D.C. United,Chicago Fire FC,2,1,,,asa,,,,
asa-0x5gOKwr57,2018-10-08,2018,regular,Seattle Sounders FC,Houston Dynamo FC,4,1,,,asa,,,,
asa-315V2Nl659,2018-10-12,2018,regular,Los Angeles FC,Houston Dynamo FC,4,2,,,asa,,,,
asa-gOMnV1OmMw,2018-10-13,2018,regular,Minnesota United FC,Colorado Rapids,0,2,,,asa,,,,
asa-gpMOGD8nMz,2018-10-13,2018,regular,D.C. United,FC Dallas,1,0,,,asa,,,,
asa-vzqox1njQa,2018-10-13,2018,regular,New England Revolution,Orlando City SC,2,0,,,asa,,,,
asa-2lqRn8rWqr,2018-10-17,2018,regular,Vancouver Whitecaps FC,Sporting Kansas City,1,4,,,asa,,,,
asa-9z5kV8glMA,2018-10-17,2018,regular,D.C. United,Toronto FC,1,0,,,asa,,,,
asa-wvq9d7xZ5W,2018-10-17,2018,regular,Orlando City SC,Seattle Sounders FC,1,2,,,asa,,,,
asa-KXMeGb2xq6,2018-10-18,2018,regular,Real Salt Lake,New England Revolution,4,1,,,asa,,,,
asa-2vQ1y7p4Qr,2018-10-21,2018,regular,CF Montréal,Toronto FC,2,0,,,asa,,,,
asa-7vQ7dpgYMD,2018-10-21,2018,regular,Los Angeles FC,Vancouver Whitecaps FC,2,2,,,asa,,,,
asa-9YqdglN95v,2018-10-21,2018,regular,San Jose Earthquakes,Colorado Rapids,0,0,,,asa,,,,
asa-EGMP6N2jqa,2018-10-21,2018,regular,Atlanta United FC,Chicago Fire FC,2,1,,,asa,,,,
asa-OlMlP1ZgML,2018-10-21,2018,regular,Philadelphia Union,New York Red Bulls,0,1,,,asa,,,,
asa-Pk5LBN8mQO,2018-10-21,2018,regular,FC Dallas,Sporting Kansas City,0,3,,,asa,,,,
asa-Vj58d8G358,2018-10-21,2018,regular,Portland Timbers FC,Real Salt Lake,3,0,,,asa,,,,
asa-a35r71bBqL,2018-10-21,2018,regular,Orlando City SC,Columbus Crew,2,1,,,asa,,,,
asa-eV5D7nPaMK,2018-10-21,2018,regular,Minnesota United FC,LA Galaxy,1,3,,,asa,,,,
asa-gjMNg8bv5K,2018-10-21,2018,regular,D.C. United,New York City FC,3,1,,,asa,,,,
asa-raMybpdA5d,2018-10-21,2018,regular,Houston Dynamo FC,Seattle Sounders FC,2,3,,,asa,,,,
asa-4JMApGP6QK,2018-10-28,2018,regular,New York Red Bulls,Orlando City SC,1,0,,,asa,,,,
asa-4wM4473zMj,2018-10-28,2018,regular,Seattle Sounders FC,San Jose Earthquakes,2,1,,,asa,,,,
asa-9vQ2y7J1qK,2018-10-28,2018,regular,Colorado Rapids,FC Dallas,2,1,,,asa,,,,
asa-BLMvmxZRQx,2018-10-28,2018,regular,Vancouver Whitecaps FC,Portland Timbers FC,2,1,,,asa,,,,
asa-KPqjNlZyq6,2018-10-28,2018,regular,LA Galaxy,Houston Dynamo FC,2,3,,,asa,,,,
asa-NPqxb1pgM9,2018-10-28,2018,regular,Columbus Crew,Minnesota United FC,3,2,,,asa,,,,
asa-aDQ0y7ppME,2018-10-28,2018,regular,Sporting Kansas City,Los Angeles FC,2,1,,,asa,,,,
asa-kRQa3EDg5K,2018-10-28,2018,regular,New York City FC,Philadelphia Union,3,1,,,asa,,,,
asa-odMX2Nb2qY,2018-10-28,2018,regular,Chicago Fire FC,D.C. United,0,0,,,asa,,,,
asa-xW5pelZlqg,2018-10-28,2018,regular,New England Revolution,CF Montréal,1,0,,,asa,,,,
asa-zeQZ4NbK5K,2018-10-28,2018,regular,Toronto FC,Atlanta United FC,4,1,,,asa,,,,
asa-315VjZvn59,2018-10-31,2018,postseason,New York City FC,Philadelphia Union,3,1,,,asa,,,,
asa-9z5k09vdqA,2018-10-31,2018,postseason,FC Dallas,Portland Timbers FC,1,2,,,asa,,,,
asa-EGMPDez6Ma,2018-11-01,2018,postseason,D.C. United,Columbus Crew,2,3,,pens,asa,,,,
asa-wvq9Ya9BqW,2018-11-01,2018,postseason,Los Angeles FC,Real Salt Lake,2,3,,,asa,,,,
asa-7vQ7ZaoGqD,2018-11-04,2018,postseason,New York City FC,Atlanta United FC,0,1,,,asa,,,,
asa-Pk5LYmjYqO,2018-11-04,2018,postseason,Real Salt Lake,Sporting Kansas City,1,1,,,asa,,,,
asa-gjMNlnaDqK,2018-11-04,2018,postseason,Portland Timbers FC,Seattle Sounders FC,2,1,,,asa,,,,
asa-raMyzLOd5d,2018-11-04,2018,postseason,Columbus Crew,New York Red Bulls,1,0,,,asa,,,,
asa-2vQ1EaWOQr,2018-11-08,2018,postseason,Seattle Sounders FC,Portland Timbers FC,3,2,,pens,asa,,,,
asa-OlMlb7vDqL,2018-11-11,2018,postseason,Atlanta United FC,New York City FC,3,1,,,asa,,,,
asa-a35rzdw25L,2018-11-11,2018,postseason,New York Red Bulls,Columbus Crew,3,0,,,asa,,,,
asa-eV5DZmlnQK,2018-11-11,2018,postseason,Sporting Kansas City,Real Salt Lake,4,2,,,asa,,,,
asa-9YqdAXvEQv,2018-11-25,2018,postseason,Atlanta United FC,New York Red Bulls,3,0,,,asa,,,,
asa-Vj582ERLQ8,2018-11-25,2018,postseason,Portland Timbers FC,Sporting Kansas City,0,0,,,asa,,,,
asa-KXMeVevP56,2018-11-29,2018,postseason,Sporting Kansas City,Portland Timbers FC,2,3,,,asa,,,,
asa-odMXl4vxMY,2018-11-29,2018,postseason,New York Red Bulls,Atlanta United FC,1,0,,,asa,,,,
asa-9vQ21agmqK,2018-12-08,2018,postseason,Atlanta United FC,Portland Timbers FC,2,0,,,asa,,,,
asa-4JMAm8rPMK,2019-03-02,2019,regular,Houston Dynamo FC,Real Salt Lake,1,1,,,asa,,,,
asa-KPqj0BrNM6,2019-03-02,2019,regular,Philadelphia Union,Toronto FC,1,3,,,asa,,,,
asa-Oa5wv04XM1,2019-03-02,2019,regular,Orlando City SC,New York City FC,2,2,,,asa,,,,
asa-XVqKlLpNQ0,2019-03-02,2019,regular,Colorado Rapids,Portland Timbers FC,3,3,,,asa,,,,
asa-Xj5YDygxMb,2019-03-02,2019,regular,Seattle Sounders FC,FC Cincinnati,4,1,,,asa,,,,
asa-e7Mzv0KPMr,2019-03-02,2019,regular,LA Galaxy,Chicago Fire FC,2,1,,,asa,,,,
asa-jYQJdYjE5G,2019-03-02,2019,regular,San Jose Earthquakes,CF Montréal,1,2,,,asa,,,,
asa-kRQaVwkOMK,2019-03-02,2019,regular,Columbus Crew,New York Red Bulls,1,1,,,asa,,,,
asa-p6qbZ3Vaq0,2019-03-02,2019,regular,Vancouver Whitecaps FC,Minnesota United FC,2,3,,,asa,,,,
asa-zeQZZkGNQK,2019-03-02,2019,regular,FC Dallas,New England Revolution,1,1,,,asa,,,,
asa-KAqB2vl7qb,2019-03-03,2019,regular,Los Angeles FC,Sporting Kansas City,2,1,,,asa,,,,
asa-eVq31rOgMW,2019-03-03,2019,regular,D.C. United,Atlanta United FC,2,0,,,asa,,,,
asa-0Oq612R756,2019-03-09,2019,regular,New England Revolution,Columbus Crew,0,2,,,asa,,,,
asa-0x5gVJ7jM7,2019-03-09,2019,regular,Chicago Fire FC,Orlando City SC,1,1,,,asa,,,,
asa-9YqdA9oOQv,2019-03-09,2019,regular,Houston Dynamo FC,CF Montréal,2,1,,,asa,,,,
asa-KXMeVd8656,2019-03-09,2019,regular,San Jose Earthquakes,Minnesota United FC,0,3,,,asa,,,,
asa-Vj582jW8Q8,2019-03-09,2019,regular,FC Dallas,LA Galaxy,2,0,,,asa,,,,
asa-aDQ04ee3QE,2019-03-09,2019,regular,Real Salt Lake,Vancouver Whitecaps FC,1,0,,,asa,,,,
asa-odMXlg7aMY,2019-03-09,2019,regular,Seattle Sounders FC,Colorado Rapids,2,0,,,asa,,,,
asa-7VqGaL2XMv,2019-03-10,2019,regular,Sporting Kansas City,Philadelphia Union,2,0,,,asa,,,,
asa-9vQ21EZoqK,2019-03-10,2019,regular,Los Angeles FC,Portland Timbers FC,4,1,,,asa,,,,
asa-NWMWDgBz5l,2019-03-10,2019,regular,Atlanta United FC,FC Cincinnati,1,1,,,asa,,,,
asa-gpMO2LZRQz,2019-03-10,2019,regular,New York City FC,D.C. United,0,0,,,asa,,,,
asa-4JMAmZo7MK,2019-03-16,2019,regular,Orlando City SC,CF Montréal,1,3,,,asa,,,,
asa-KPqj0aKPM6,2019-03-16,2019,regular,D.C. United,Real Salt Lake,5,0,,,asa,,,,
asa-N6MmAGdwME,2019-03-16,2019,regular,New York Red Bulls,San Jose Earthquakes,4,1,,,asa,,,,
asa-NPqxvYxkM9,2019-03-16,2019,regular,Chicago Fire FC,Seattle Sounders FC,2,4,,,asa,,,,
asa-aDQ04YNvQE,2019-03-16,2019,regular,Columbus Crew,FC Dallas,1,0,,,asa,,,,
asa-kRQaV8o1MK,2019-03-16,2019,regular,LA Galaxy,Minnesota United FC,3,2,,,asa,,,,
asa-xW5p03yB5g,2019-03-16,2019,regular,Houston Dynamo FC,Vancouver Whitecaps FC,3,2,,,asa,,,,
asa-4wM41rJg5j,2019-03-17,2019,regular,Atlanta United FC,Philadelphia Union,1,1,,,asa,,,,
asa-BLMvvO7jMx,2019-03-17,2019,regular,New York City FC,Los Angeles FC,2,2,,,asa,,,,
asa-BLMvvrA8Mx,2019-03-17,2019,regular,FC Cincinnati,Portland Timbers FC,3,0,,,asa,,,,
asa-ljqEz9eYQx,2019-03-17,2019,regular,Toronto FC,New England Revolution,3,2,,,asa,,,,
asa-zeQZZ6XzQK,2019-03-17,2019,regular,Colorado Rapids,Sporting Kansas City,1,1,,,asa,,,,
asa-N6MmAaovME,2019-03-23,2019,regular,Philadelphia Union,Columbus Crew,3,0,,,asa,,,,
asa-XVqKlvewQ0,2019-03-23,2019,regular,FC Dallas,Colorado Rapids,2,1,,,asa,,,,
asa-e7Mzv7JOMr,2019-03-23,2019,regular,New York Red Bulls,Orlando City SC,0,1,,,asa,,,,
asa-p6qbZ1o4q0,2019-03-23,2019,regular,Los Angeles FC,Real Salt Lake,2,1,,,asa,,,,
asa-ljqEzaLwQx,2019-03-24,2019,regular,New England Revolution,FC Cincinnati,0,2,,,asa,,,,
asa-Xj5YDY9XMb,2019-03-29,2019,regular,Toronto FC,New York City FC,4,0,,,asa,,,,
asa-0Oq61Y3r56,2019-03-30,2019,regular,San Jose Earthquakes,Los Angeles FC,0,5,,,asa,,,,
asa-0x5gVbL7M7,2019-03-30,2019,regular,New England Revolution,Minnesota United FC,2,1,,,asa,,,,
asa-7VqGa10AMv,2019-03-30,2019,regular,Real Salt Lake,FC Dallas,2,4,,,asa,,,,
asa-KAqB2zNXqb,2019-03-30,2019,regular,Columbus Crew,Atlanta United FC,2,0,,,asa,,,,
asa-NWMWDWle5l,2019-03-30,2019,regular,Sporting Kansas City,CF Montréal,7,1,,,asa,,,,
asa-Oa5wvDABM1,2019-03-30,2019,regular,FC Cincinnati,Philadelphia Union,0,2,,,asa,,,,
asa-eVq31ZxnMW,2019-03-30,2019,regular,Colorado Rapids,Houston Dynamo FC,1,4,,,asa,,,,
asa-gpMO2XeOQz,2019-03-30,2019,regular,Vancouver Whitecaps FC,Seattle Sounders FC,0,0,,,asa,,,,
asa-jYQJdXaW5G,2019-03-30,2019,regular,Chicago Fire FC,New York Red Bulls,1,0,,,asa,,,,
asa-Pk5LYXBmqO,2019-03-31,2019,regular,LA Galaxy,Portland Timbers FC,2,1,,,asa,,,,
asa-gjMNlYgvqK,2019-03-31,2019,regular,Orlando City SC,D.C. United,1,2,,,asa,,,,
asa-raMyz7bA5d,2019-04-05,2019,regular,Vancouver Whitecaps FC,LA Galaxy,0,2,,,asa,,,,
asa-2vQ1Exy4Qr,2019-04-06,2019,regular,New York City FC,CF Montréal,0,0,,,asa,,,,
asa-7vQ7ZldYqD,2019-04-06,2019,regular,Columbus Crew,New England Revolution,1,0,,,asa,,,,
asa-9YqdA9g9Qv,2019-04-06,2019,regular,San Jose Earthquakes,Portland Timbers FC,3,0,,,asa,,,,
asa-KXMeVdGx56,2019-04-06,2019,regular,Seattle Sounders FC,Real Salt Lake,1,0,,,asa,,,,
asa-OlMlbdPgqL,2019-04-06,2019,regular,Orlando City SC,Colorado Rapids,4,3,,,asa,,,,
asa-Vj582jd3Q8,2019-04-06,2019,regular,Philadelphia Union,FC Dallas,2,1,,,asa,,,,
asa-a35rzW7B5L,2019-04-06,2019,regular,New York Red Bulls,Minnesota United FC,1,2,,,asa,,,,
asa-eV5DZX7aQK,2019-04-06,2019,regular,D.C. United,Los Angeles FC,0,4,,,asa,,,,
asa-odMXlg22MY,2019-04-06,2019,regular,Toronto FC,Chicago Fire FC,2,2,,,asa,,,,
asa-9vQ21Ey1qK,2019-04-07,2019,regular,FC Cincinnati,Sporting Kansas City,1,1,,,asa,,,,
asa-NPqxvYbgM9,2019-04-09,2019,regular,D.C. United,CF Montréal,0,0,,,asa,,,,
asa-KPqj0aNyM6,2019-04-12,2019,regular,Chicago Fire FC,Vancouver Whitecaps FC,1,1,,,asa,,,,
asa-2lqRYX725r,2019-04-13,2019,regular,Seattle Sounders FC,Toronto FC,3,2,,,asa,,,,
asa-4wM41pnB5j,2019-04-13,2019,regular,CF Montréal,Columbus Crew,1,0,,,asa,,,,
asa-4wM41r4z5j,2019-04-13,2019,regular,FC Dallas,Portland Timbers FC,2,1,,,asa,,,,
asa-BLMvvOmRMx,2019-04-13,2019,regular,Houston Dynamo FC,San Jose Earthquakes,2,1,,,asa,,,,
asa-XVqKlv3RQ0,2019-04-13,2019,regular,LA Galaxy,Philadelphia Union,2,0,,,asa,,,,
asa-gOMnKJY65w,2019-04-13,2019,regular,New England Revolution,Atlanta United FC,0,2,,,asa,,,,
asa-kRQaV83gMK,2019-04-13,2019,regular,Colorado Rapids,D.C. United,2,3,,,asa,,,,
asa-p6qbZ1B6q0,2019-04-13,2019,regular,Los Angeles FC,FC Cincinnati,2,0,,,asa,,,,
asa-vzqobwJ75a,2019-04-13,2019,regular,Real Salt Lake,Orlando City SC,2,1,,,asa,,,,
asa-xW5p07205g,2019-04-13,2019,regular,Minnesota United FC,New York City FC,3,3,,,asa,,,,
asa-jYQJdXgB5G,2019-04-14,2019,regular,Sporting Kansas City,New York Red Bulls,2,2,,,asa,,,,
asa-Oa5wvDdAM1,2019-04-17,2019,regular,Vancouver Whitecaps FC,Los Angeles FC,1,0,,,asa,,,,
asa-KAqB2zkvqb,2019-04-19,2019,regular,LA Galaxy,Houston Dynamo FC,2,1,,,asa,,,,
asa-NWMWDWoj5l,2019-04-19,2019,regular,Toronto FC,Minnesota United FC,4,3,,,asa,,,,
asa-eVq31ZyyMW,2019-04-19,2019,regular,FC Cincinnati,Real Salt Lake,0,3,,,asa,,,,
asa-0Oq61YLd56,2019-04-20,2019,regular,Columbus Crew,Portland Timbers FC,1,3,,,asa,,,,
asa-0x5gVbWbM7,2019-04-20,2019,regular,Atlanta United FC,FC Dallas,1,2,,,asa,,,,
asa-7VqGa13WMv,2019-04-20,2019,regular,Chicago Fire FC,Colorado Rapids,4,1,,,asa,,,,
asa-gOMnKJYO5w,2019-04-20,2019,regular,Orlando City SC,Vancouver Whitecaps FC,1,0,,,asa,,,,
asa-gpMO2Xe2Qz,2019-04-20,2019,regular,New England Revolution,New York Red Bulls,1,0,,,asa,,,,
asa-vzqobwJZ5a,2019-04-20,2019,regular,Philadelphia Union,CF Montréal,3,0,,,asa,,,,
asa-wvq9YEX7qW,2019-04-20,2019,regular,San Jose Earthquakes,Sporting Kansas City,4,1,,,asa,,,,
asa-315VjB7E59,2019-04-21,2019,regular,Los Angeles FC,Seattle Sounders FC,4,1,,,asa,,,,
asa-9z5k0d3PqA,2019-04-21,2019,regular,D.C. United,New York City FC,0,2,,,asa,,,,
asa-7vQ7ZlxEqD,2019-04-24,2019,regular,New England Revolution,CF Montréal,0,3,,,asa,,,,
asa-9vQ21E4YqK,2019-04-24,2019,regular,Seattle Sounders FC,San Jose Earthquakes,2,2,,,asa,,,,
asa-Pk5LYX6LqO,2019-04-24,2019,regular,Columbus Crew,D.C. United,0,1,,,asa,,,,
asa-odMXlgErMY,2019-04-24,2019,regular,New York City FC,Chicago Fire FC,1,0,,,asa,,,,
asa-raMyz7ek5d,2019-04-24,2019,regular,Minnesota United FC,LA Galaxy,0,0,,,asa,,,,
asa-9z5k0dWPqA,2019-04-27,2019,regular,New York City FC,Orlando City SC,1,1,,,asa,,,,
asa-BLMvvO6AMx,2019-04-27,2019,regular,Houston Dynamo FC,Columbus Crew,2,0,,,asa,,,,
asa-KAqB2zvvqb,2019-04-27,2019,regular,Vancouver Whitecaps FC,Philadelphia Union,1,1,,,asa,,,,
asa-N6MmAaGeME,2019-04-27,2019,regular,New York Red Bulls,FC Cincinnati,1,0,,,asa,,,,
asa-NPqxvYAGM9,2019-04-27,2019,regular,Atlanta United FC,Colorado Rapids,1,0,,,asa,,,,
asa-XVqKlv2KQ0,2019-04-27,2019,regular,Sporting Kansas City,New England Revolution,4,4,,,asa,,,,
asa-eVq31ZryMW,2019-04-27,2019,regular,Toronto FC,Portland Timbers FC,1,2,,,asa,,,,
asa-zeQZZ6exQK,2019-04-27,2019,regular,FC Dallas,San Jose Earthquakes,0,0,,,asa,,,,
asa-0x5gVbJbM7,2019-04-28,2019,regular,Minnesota United FC,D.C. United,1,0,,,asa,,,,
asa-315VjBWE59,2019-04-28,2019,regular,Seattle Sounders FC,Los Angeles FC,1,1,,,asa,,,,
asa-NWMWDWgj5l,2019-04-28,2019,regular,LA Galaxy,Real Salt Lake,2,1,,,asa,,,,
asa-p6qbZ1g8q0,2019-04-28,2019,regular,CF Montréal,Chicago Fire FC,1,0,,,asa,,,,
asa-EGMPDXr4Ma,2019-05-01,2019,regular,Philadelphia Union,FC Cincinnati,2,0,,,asa,,,,
asa-Pk5LYXzLqO,2019-05-03,2019,regular,Colorado Rapids,Vancouver Whitecaps FC,2,3,,,asa,,,,
asa-9YqdA9WjQv,2019-05-04,2019,regular,CF Montréal,New York City FC,0,2,,,asa,,,,
asa-9vQ21ENYqK,2019-05-04,2019,regular,Philadelphia Union,New England Revolution,6,1,,,asa,,,,
asa-KXMeVdgX56,2019-05-04,2019,regular,New York Red Bulls,LA Galaxy,3,2,,,asa,,,,
asa-NPqxvYoGM9,2019-05-04,2019,regular,Real Salt Lake,Portland Timbers FC,1,2,,,asa,,,,
asa-OlMlbdgEqL,2019-05-04,2019,regular,Los Angeles FC,Chicago Fire FC,0,0,,,asa,,,,
asa-Vj582jaJQ8,2019-05-04,2019,regular,Minnesota United FC,Seattle Sounders FC,1,1,,,asa,,,,
asa-aDQ04YxBQE,2019-05-04,2019,regular,San Jose Earthquakes,FC Cincinnati,1,0,,,asa,,,,
asa-eV5DZX2EQK,2019-05-04,2019,regular,Houston Dynamo FC,FC Dallas,2,1,,,asa,,,,
asa-odMXlgGrMY,2019-05-04,2019,regular,Orlando City SC,Toronto FC,0,2,,,asa,,,,
asa-raMyz7ok5d,2019-05-04,2019,regular,D.C. United,Columbus Crew,3,1,,,asa,,,,
asa-KPqj0aBnM6,2019-05-05,2019,regular,Sporting Kansas City,Atlanta United FC,0,3,,,asa,,,,
asa-4JMAmZ8lMK,2019-05-08,2019,regular,Columbus Crew,LA Galaxy,3,1,,,asa,,,,
asa-4wM41rpk5j,2019-05-08,2019,regular,New York Red Bulls,CF Montréal,1,2,,,asa,,,,
asa-kRQaV8wmMK,2019-05-08,2019,regular,Chicago Fire FC,New England Revolution,5,0,,,asa,,,,
asa-xW5p037G5g,2019-05-08,2019,regular,Atlanta United FC,Toronto FC,2,0,,,asa,,,,
asa-eVq31ZeyMW,2019-05-10,2019,regular,Vancouver Whitecaps FC,Portland Timbers FC,1,0,,,asa,,,,
asa-0Oq61YJd56,2019-05-11,2019,regular,Colorado Rapids,Real Salt Lake,2,3,,,asa,,,,
asa-0x5gVbkbM7,2019-05-11,2019,regular,FC Cincinnati,CF Montréal,2,1,,,asa,,,,
asa-NWMWDWjK5l,2019-05-11,2019,regular,Toronto FC,Philadelphia Union,1,2,,,asa,,,,
asa-NWMWDWjj5l,2019-05-11,2019,regular,Chicago Fire FC,Minnesota United FC,2,0,,,asa,,,,
asa-Oa5wvDK8M1,2019-05-11,2019,regular,New England Revolution,San Jose Earthquakes,3,1,,,asa,,,,
asa-eVq31ZeDMW,2019-05-11,2019,regular,Seattle Sounders FC,Houston Dynamo FC,1,0,,,asa,,,,
asa-gOMnKJdO5w,2019-05-11,2019,regular,Columbus Crew,Los Angeles FC,0,3,,,asa,,,,
asa-jYQJdXZP5G,2019-05-11,2019,regular,LA Galaxy,New York City FC,0,2,,,asa,,,,
asa-vzqobweZ5a,2019-05-11,2019,regular,FC Dallas,New York Red Bulls,1,3,,,asa,,,,
asa-0x5gVbkZM7,2019-05-12,2019,regular,Atlanta United FC,Orlando City SC,1,0,,,asa,,,,
asa-7VqGa1Z6Mv,2019-05-12,2019,regular,D.C. United,Sporting Kansas City,1,0,,,asa,,,,
asa-0Oq61YJA56,2019-05-15,2019,regular,Houston Dynamo FC,Portland Timbers FC,1,1,,,asa,,,,
asa-gOMnKJdX5w,2019-05-15,2019,regular,Seattle Sounders FC,Orlando City SC,2,1,,,asa,,,,
asa-vzqobwek5a,2019-05-15,2019,regular,Toronto FC,D.C. United,0,0,,,asa,,,,
asa-wvq9YEBwqW,2019-05-15,2019,regular,Vancouver Whitecaps FC,Atlanta United FC,0,1,,,asa,,,,
asa-315VjB1959,2019-05-16,2019,regular,Los Angeles FC,FC Dallas,2,0,,,asa,,,,
asa-7vQ7Zlw2qD,2019-05-18,2019,regular,Sporting Kansas City,Vancouver Whitecaps FC,1,1,,,asa,,,,
asa-BLMvvOOOMx,2019-05-18,2019,regular,Houston Dynamo FC,D.C. United,2,1,,,asa,,,,
asa-EGMPDXYVMa,2019-05-18,2019,regular,CF Montréal,New England Revolution,0,0,,,asa,,,,
asa-KPqj0aaRM6,2019-05-18,2019,regular,San Jose Earthquakes,Chicago Fire FC,4,1,,,asa,,,,
asa-KXMeVdKr56,2019-05-18,2019,regular,Minnesota United FC,Columbus Crew,1,0,,,asa,,,,
asa-NPqxvYYmM9,2019-05-18,2019,regular,Real Salt Lake,Toronto FC,3,0,,,asa,,,,
asa-odMXlg1WMY,2019-05-18,2019,regular,Philadelphia Union,Seattle Sounders FC,0,0,,,asa,,,,
asa-N6MmAaaZME,2019-05-19,2019,regular,Orlando City SC,FC Cincinnati,5,1,,,asa,,,,
asa-XVqKlvvOQ0,2019-05-19,2019,regular,LA Galaxy,Colorado Rapids,0,1,,,asa,,,,
asa-kRQaV88oMK,2019-05-19,2019,regular,FC Dallas,Los Angeles FC,1,1,,,asa,,,,
asa-p6qbZ11Bq0,2019-05-19,2019,regular,New York Red Bulls,Atlanta United FC,1,0,,,asa,,,,
asa-XVqKlvOOQ0,2019-05-22,2019,regular,New York Red Bulls,Vancouver Whitecaps FC,2,2,,,asa,,,,
asa-N6MmAaLZME,2019-05-24,2019,regular,Orlando City SC,LA Galaxy,0,1,,,asa,,,,
asa-Xj5YDY3AMb,2019-05-24,2019,regular,Real Salt Lake,Atlanta United FC,2,1,,,asa,,,,
asa-p6qbZ1xBq0,2019-05-24,2019,regular,Los Angeles FC,CF Montréal,4,2,,,asa,,,,
asa-0Oq61Y4A56,2019-05-25,2019,regular,Philadelphia Union,Portland Timbers FC,1,3,,,asa,,,,
asa-0x5gVb0ZM7,2019-05-25,2019,regular,Minnesota United FC,Houston Dynamo FC,1,0,,,asa,,,,
asa-7VqGa1W6Mv,2019-05-25,2019,regular,New England Revolution,D.C. United,1,1,,,asa,,,,
asa-KAqB2zn4qb,2019-05-25,2019,regular,Chicago Fire FC,New York City FC,1,1,,,asa,,,,
asa-NWMWDWJK5l,2019-05-25,2019,regular,Colorado Rapids,Columbus Crew,3,2,,,asa,,,,
asa-gOMnKJyX5w,2019-05-25,2019,regular,FC Cincinnati,New York Red Bulls,0,2,,,asa,,,,
asa-gpMO2X3EQz,2019-05-25,2019,regular,Vancouver Whitecaps FC,FC Dallas,2,1,,,asa,,,,
asa-2lqRYXg05r,2019-05-26,2019,regular,Toronto FC,San Jose Earthquakes,1,2,,,asa,,,,
asa-vzqobwLk5a,2019-05-26,2019,regular,Sporting Kansas City,Seattle Sounders FC,3,2,,,asa,,,,
asa-KAqB2znJqb,2019-05-29,2019,regular,CF Montréal,Real Salt Lake,2,1,,,asa,,,,
asa-NWMWDWJ75l,2019-05-29,2019,regular,Philadelphia Union,Colorado Rapids,1,1,,,asa,,,,
asa-Oa5wvDxjM1,2019-05-29,2019,regular,D.C. United,Chicago Fire FC,3,3,,,asa,,,,
asa-eVq31ZX6MW,2019-05-29,2019,regular,Sporting Kansas City,LA Galaxy,0,2,,,asa,,,,
asa-jYQJdX6y5G,2019-05-29,2019,regular,Atlanta United FC,Minnesota United FC,3,0,,,asa,,,,
asa-0x5gVb0rM7,2019-05-31,2019,regular,Vancouver Whitecaps FC,Toronto FC,1,1,,,asa,,,,
asa-0Oq61Y4X56,2019-06-01,2019,regular,Colorado Rapids,FC Cincinnati,3,1,,,asa,,,,
asa-315VjBn659,2019-06-01,2019,regular,D.C. United,San Jose Earthquakes,1,1,,,asa,,,,
asa-7VqGa1WeMv,2019-06-01,2019,regular,Atlanta United FC,Chicago Fire FC,2,0,,,asa,,,,
asa-9z5k0dAlqA,2019-06-01,2019,regular,New York Red Bulls,Real Salt Lake,4,0,,,asa,,,,
asa-EGMPDXBjMa,2019-06-01,2019,regular,Houston Dynamo FC,Sporting Kansas City,1,1,,,asa,,,,
asa-gOMnKJym5w,2019-06-01,2019,regular,FC Dallas,Seattle Sounders FC,2,1,,,asa,,,,
asa-gOMnKaex5w,2019-06-01,2019,regular,Portland Timbers FC,Los Angeles FC,2,3,,,asa,,,,
asa-gpMO2X3nQz,2019-06-01,2019,regular,Columbus Crew,New York City FC,2,2,,,asa,,,,
asa-wvq9YEJZqW,2019-06-01,2019,regular,CF Montréal,Orlando City SC,0,3,,,asa,,,,
asa-2lqRYXgW5r,2019-06-02,2019,regular,Minnesota United FC,Philadelphia Union,2,3,,,asa,,,,
asa-vzqobwLj5a,2019-06-02,2019,regular,LA Galaxy,New England Revolution,1,2,,,asa,,,,
asa-Xj5YDYYAMb,2019-06-05,2019,regular,CF Montréal,Seattle Sounders FC,2,1,,,asa,,,,
asa-2lqRYX7A5r,2019-06-06,2019,regular,New York City FC,FC Cincinnati,5,2,,,asa,,,,
asa-EGMPDXR4Ma,2019-06-07,2019,regular,Toronto FC,Sporting Kansas City,2,2,,,asa,,,,
asa-e7Mzv776Mr,2019-06-08,2019,regular,Colorado Rapids,Minnesota United FC,1,0,,,asa,,,,
asa-eV5DZXkEQK,2019-06-08,2019,regular,San Jose Earthquakes,FC Dallas,2,2,,,asa,,,,
asa-gjMNlY6kqK,2019-06-08,2019,regular,Philadelphia Union,New York Red Bulls,3,2,,,asa,,,,
asa-2vQ1ExdlQr,2019-06-22,2019,regular,FC Dallas,Toronto FC,3,0,,,asa,,,,
asa-9YqdA9wjQv,2019-06-22,2019,regular,FC Cincinnati,LA Galaxy,0,2,,,asa,,,,
asa-KXMeVd3X56,2019-06-22,2019,regular,Chicago Fire FC,Real Salt Lake,1,1,,,asa,,,,
asa-OlMlbdBEqL,2019-06-22,2019,regular,Vancouver Whitecaps FC,Colorado Rapids,2,2,,,asa,,,,
asa-a35rzWBL5L,2019-06-22,2019,regular,Portland Timbers FC,Houston Dynamo FC,4,0,,,asa,,,,
asa-Vj582jlJQ8,2019-06-23,2019,regular,Columbus Crew,Sporting Kansas City,0,1,,,asa,,,,
asa-4JMAmZklMK,2019-06-26,2019,regular,New England Revolution,Philadelphia Union,1,1,,,asa,,,,
asa-4wM41rEk5j,2019-06-26,2019,regular,Toronto FC,Atlanta United FC,3,2,,,asa,,,,
asa-KPqj0awnM6,2019-06-26,2019,regular,FC Dallas,Vancouver Whitecaps FC,2,2,,,asa,,,,
asa-aDQ04YlBQE,2019-06-26,2019,regular,San Jose Earthquakes,Houston Dynamo FC,2,0,,,asa,,,,
asa-kRQaV8WmMK,2019-06-26,2019,regular,CF Montréal,Portland Timbers FC,2,1,,,asa,,,,
asa-xW5p03wG5g,2019-06-26,2019,regular,D.C. United,Orlando City SC,1,0,,,asa,,,,
asa-e7Mzv709Mr,2019-06-28,2019,regular,New York Red Bulls,Chicago Fire FC,3,1,,,asa,,,,
asa-ljqEza9AQx,2019-06-28,2019,regular,Colorado Rapids,Los Angeles FC,1,0,,,asa,,,,
asa-0Oq61Y2d56,2019-06-29,2019,regular,New England Revolution,Houston Dynamo FC,2,1,,,asa,,,,
asa-2lqRYXJA5r,2019-06-29,2019,regular,Seattle Sounders FC,Vancouver Whitecaps FC,1,0,,,asa,,,,
asa-7VqGa1LWMv,2019-06-29,2019,regular,Minnesota United FC,FC Cincinnati,7,1,,,asa,,,,
asa-Oa5wvD0AM1,2019-06-29,2019,regular,D.C. United,Toronto FC,1,1,,,asa,,,,
asa-Xj5YDYywMb,2019-06-29,2019,regular,Atlanta United FC,CF Montréal,2,1,,,asa,,,,
asa-gOMnKJaO5w,2019-06-29,2019,regular,Real Salt Lake,Sporting Kansas City,2,0,,,asa,,,,
asa-gpMO2XL2Qz,2019-06-29,2019,regular,New York City FC,Philadelphia Union,4,2,,,asa,,,,
asa-jYQJdXYB5G,2019-06-29,2019,regular,Columbus Crew,Orlando City SC,0,2,,,asa,,,,
asa-vzqobwOZ5a,2019-06-29,2019,regular,San Jose Earthquakes,LA Galaxy,3,0,,,asa,,,,
asa-wvq9YEj7qW,2019-06-30,2019,regular,Portland Timbers FC,FC Dallas,1,0,,,asa,,,,
asa-2vQ1ExRlQr,2019-07-03,2019,regular,Houston Dynamo FC,New York Red Bulls,4,0,,,asa,,,,
asa-7vQ7ZleEqD,2019-07-03,2019,regular,Chicago Fire FC,Atlanta United FC,5,1,,,asa,,,,
asa-BLMvvOrAMx,2019-07-03,2019,regular,New York City FC,Seattle Sounders FC,3,0,,,asa,,,,
asa-XVqKlvLKQ0,2019-07-03,2019,regular,Real Salt Lake,Columbus Crew,1,0,,,asa,,,,
asa-a35rzWRL5L,2019-07-03,2019,regular,Sporting Kansas City,Los Angeles FC,1,5,,,asa,,,,
asa-gjMNlY7kqK,2019-07-03,2019,regular,Orlando City SC,Philadelphia Union,1,3,,,asa,,,,
asa-zeQZZ6kxQK,2019-07-03,2019,regular,Minnesota United FC,San Jose Earthquakes,3,1,,,asa,,,,
asa-e7Mzv7z9Mr,2019-07-04,2019,regular,LA Galaxy,Toronto FC,2,0,,,asa,,,,
asa-ljqEzaNAQx,2019-07-04,2019,regular,FC Dallas,D.C. United,2,0,,,asa,,,,
asa-p6qbZ138q0,2019-07-04,2019,regular,Colorado Rapids,New England Revolution,1,2,,,asa,,,,
asa-KAqB2zRvqb,2019-07-06,2019,regular,CF Montréal,Minnesota United FC,2,3,,,asa,,,,
asa-N6MmAakeME,2019-07-06,2019,regular,FC Cincinnati,Houston Dynamo FC,3,2,,,asa,,,,
asa-Oa5wvDKAM1,2019-07-06,2019,regular,Los Angeles FC,Vancouver Whitecaps FC,6,1,,,asa,,,,
asa-Xj5YDYjwMb,2019-07-06,2019,regular,Columbus Crew,Seattle Sounders FC,1,2,,,asa,,,,
asa-gpMO2X12Qz,2019-07-06,2019,regular,San Jose Earthquakes,Real Salt Lake,1,0,,,asa,,,,
asa-jYQJdXZB5G,2019-07-06,2019,regular,Sporting Kansas City,Chicago Fire FC,1,0,,,asa,,,,
asa-2lqRYXlA5r,2019-07-07,2019,regular,Atlanta United FC,New York Red Bulls,3,3,,,asa,,,,
asa-7VqGa1ZWMv,2019-07-07,2019,regular,Philadelphia Union,Orlando City SC,2,2,,,asa,,,,
asa-KAqB2zR4qb,2019-07-07,2019,regular,New York City FC,Portland Timbers FC,0,1,,,asa,,,,
asa-2lqRYXl05r,2019-07-12,2019,regular,Houston Dynamo FC,Los Angeles FC,1,3,,,asa,,,,
asa-9z5k0dNjqA,2019-07-12,2019,regular,LA Galaxy,San Jose Earthquakes,1,3,,,asa,,,,
asa-gpMO2X1EQz,2019-07-12,2019,regular,D.C. United,New England Revolution,2,2,,,asa,,,,
asa-2vQ1ExeKQr,2019-07-13,2019,regular,Orlando City SC,Columbus Crew,1,0,,,asa,,,,
asa-9YqdA9dLQv,2019-07-13,2019,regular,Vancouver Whitecaps FC,Sporting Kansas City,0,3,,,asa,,,,
asa-OlMlbdk0qL,2019-07-13,2019,regular,Real Salt Lake,Philadelphia Union,4,0,,,asa,,,,
asa-a35rzWnA5L,2019-07-13,2019,regular,Portland Timbers FC,Colorado Rapids,2,2,,,asa,,,,
asa-eV5DZXRAQK,2019-07-13,2019,regular,CF Montréal,Toronto FC,0,2,,,asa,,,,
asa-gjMNlYP0qK,2019-07-13,2019,regular,Chicago Fire FC,FC Cincinnati,1,2,,,asa,,,,
asa-raMyz7KO5d,2019-07-13,2019,regular,Minnesota United FC,FC Dallas,1,0,,,asa,,,,
asa-9vQ21EEaqK,2019-07-14,2019,regular,New York Red Bulls,New York City FC,2,1,,,asa,,,,
asa-xW5p033d5g,2019-07-14,2019,regular,Seattle Sounders FC,Atlanta United FC,2,1,,,asa,,,,
asa-4wM41rrp5j,2019-07-17,2019,regular,Atlanta United FC,Houston Dynamo FC,5,0,,,asa,,,,
asa-Oa5wvDD8M1,2019-07-17,2019,regular,Toronto FC,New York Red Bulls,3,1,,,asa,,,,
asa-jYQJdXXP5G,2019-07-17,2019,regular,New England Revolution,Vancouver Whitecaps FC,4,0,,,asa,,,,
asa-zeQZZ661QK,2019-07-17,2019,regular,Chicago Fire FC,Columbus Crew,2,2,,,asa,,,,
asa-0x5gVbbZM7,2019-07-18,2019,regular,Portland Timbers FC,Orlando City SC,1,1,,,asa,,,,
asa-NWMWDWWK5l,2019-07-18,2019,regular,FC Cincinnati,D.C. United,1,4,,,asa,,,,
asa-0Oq61YYA56,2019-07-19,2019,regular,LA Galaxy,Los Angeles FC,3,2,,,asa,,,,
asa-2lqRYXX05r,2019-07-20,2019,regular,Philadelphia Union,Chicago Fire FC,2,0,,,asa,,,,
asa-315VjBB959,2019-07-20,2019,regular,Vancouver Whitecaps FC,San Jose Earthquakes,1,3,,,asa,,,,
asa-9z5k0ddjqA,2019-07-20,2019,regular,Toronto FC,Houston Dynamo FC,1,3,,,asa,,,,
asa-gOMnKJJX5w,2019-07-20,2019,regular,Columbus Crew,CF Montréal,2,1,,,asa,,,,
asa-gpMO2XXEQz,2019-07-20,2019,regular,Colorado Rapids,New York City FC,1,2,,,asa,,,,
asa-vzqobwwk5a,2019-07-20,2019,regular,Sporting Kansas City,FC Dallas,0,2,,,asa,,,,
asa-wvq9YEEwqW,2019-07-20,2019,regular,Real Salt Lake,Minnesota United FC,1,1,,,asa,,,,
asa-EGMPDXXVMa,2019-07-21,2019,regular,Atlanta United FC,D.C. United,2,0,,,asa,,,,
asa-Pk5LYXXOqO,2019-07-21,2019,regular,FC Cincinnati,New England Revolution,0,2,,,asa,,,,
asa-gjMNlYY0qK,2019-07-21,2019,regular,Orlando City SC,New York Red Bulls,0,1,,,asa,,,,
asa-raMyz77O5d,2019-07-21,2019,regular,Seattle Sounders FC,Portland Timbers FC,1,2,,,asa,,,,
asa-7vQ7Zll2qD,2019-07-26,2019,regular,New York City FC,Sporting Kansas City,3,1,,,asa,,,,
asa-OlMlbdd0qL,2019-07-26,2019,regular,Los Angeles FC,Atlanta United FC,4,3,,,asa,,,,
asa-2vQ1ExxKQr,2019-07-27,2019,regular,FC Dallas,Real Salt Lake,0,0,,,asa,,,,
asa-9YqdA99LQv,2019-07-27,2019,regular,CF Montréal,Philadelphia Union,4,0,,,asa,,,,
asa-9vQ21EXaqK,2019-07-27,2019,regular,Toronto FC,FC Cincinnati,2,1,,,asa,,,,
asa-KXMeVddr56,2019-07-27,2019,regular,New England Revolution,Orlando City SC,4,1,,,asa,,,,
asa-NPqxvYPmM9,2019-07-27,2019,regular,Portland Timbers FC,LA Galaxy,4,0,,,asa,,,,
asa-Vj582jj4Q8,2019-07-27,2019,regular,Minnesota United FC,Vancouver Whitecaps FC,0,0,,,asa,,,,
asa-a35rzWWA5L,2019-07-27,2019,regular,Houston Dynamo FC,Seattle Sounders FC,0,1,,,asa,,,,
asa-aDQ04YEPQE,2019-07-27,2019,regular,San Jose Earthquakes,Colorado Rapids,3,1,,,asa,,,,
asa-eV5DZXXAQK,2019-07-27,2019,regular,Chicago Fire FC,D.C. United,0,0,,,asa,,,,
asa-odMXlggWMY,2019-07-27,2019,regular,New York Red Bulls,Columbus Crew,2,3,,,asa,,,,
asa-4JMAmZOkMK,2019-08-03,2019,regular,Houston Dynamo FC,Chicago Fire FC,0,1,,,asa,,,,
asa-4wM41rXp5j,2019-08-03,2019,regular,New England Revolution,Los Angeles FC,0,2,,,asa,,,,
asa-BLMvvOLOMx,2019-08-03,2019,regular,Orlando City SC,FC Dallas,2,0,,,asa,,,,
asa-KPqj0axRM6,2019-08-03,2019,regular,Atlanta United FC,LA Galaxy,3,0,,,asa,,,,
asa-e7Mzv7R6Mr,2019-08-03,2019,regular,San Jose Earthquakes,Columbus Crew,1,1,,,asa,,,,
asa-kRQaV8poMK,2019-08-03,2019,regular,Colorado Rapids,CF Montréal,6,3,,,asa,,,,
asa-ljqEza3zQx,2019-08-03,2019,regular,Real Salt Lake,New York City FC,3,1,,,asa,,,,
asa-xW5p03Ld5g,2019-08-03,2019,regular,FC Cincinnati,Vancouver Whitecaps FC,1,2,,,asa,,,,
asa-zeQZZ6B1QK,2019-08-03,2019,regular,New York Red Bulls,Toronto FC,2,0,,,asa,,,,
asa-Oa5wvDx8M1,2019-08-04,2019,regular,Minnesota United FC,Portland Timbers FC,1,0,,,asa,,,,
asa-eVq31ZXDMW,2019-08-04,2019,regular,Seattle Sounders FC,Sporting Kansas City,2,3,,,asa,,,,
asa-jYQJdX6P5G,2019-08-04,2019,regular,D.C. United,Philadelphia Union,1,5,,,asa,,,,
asa-xW5p03el5g,2019-08-08,2019,regular,New York City FC,Houston Dynamo FC,3,2,,,asa,,,,
asa-315VjB2659,2019-08-10,2019,regular,Portland Timbers FC,Vancouver Whitecaps FC,3,1,,,asa,,,,
asa-4JMAmZp6MK,2019-08-10,2019,regular,Chicago Fire FC,CF Montréal,3,2,,,asa,,,,
asa-EGMPDX6jMa,2019-08-10,2019,regular,Seattle Sounders FC,New England Revolution,3,3,,,asa,,,,
asa-Pk5LYXYmqO,2019-08-10,2019,regular,Toronto FC,Orlando City SC,1,1,,,asa,,,,
asa-gpMO2XGnQz,2019-08-10,2019,regular,Columbus Crew,FC Cincinnati,2,2,,,asa,,,,
asa-vzqobwxj5a,2019-08-10,2019,regular,FC Dallas,Minnesota United FC,5,3,,,asa,,,,
asa-wvq9YEdZqW,2019-08-10,2019,regular,Sporting Kansas City,Real Salt Lake,1,2,,,asa,,,,
asa-zeQZZ64KQK,2019-08-10,2019,regular,Colorado Rapids,San Jose Earthquakes,2,1,,,asa,,,,
asa-7vQ7ZlZYqD,2019-08-11,2019,regular,Los Angeles FC,New York Red Bulls,4,2,,,asa,,,,
asa-eV5DZXZaQK,2019-08-11,2019,regular,Philadelphia Union,Houston Dynamo FC,2,1,,,asa,,,,
asa-gjMNlYlvqK,2019-08-11,2019,regular,Atlanta United FC,New York City FC,2,1,,,asa,,,,
asa-raMyz7zA5d,2019-08-11,2019,regular,D.C. United,LA Galaxy,2,1,,,asa,,,,
asa-2vQ1ExE4Qr,2019-08-14,2019,regular,LA Galaxy,FC Dallas,2,0,,,asa,,,,
asa-9YqdA9A9Qv,2019-08-14,2019,regular,Real Salt Lake,Seattle Sounders FC,3,0,,,asa,,,,
asa-OlMlbdbgqL,2019-08-14,2019,regular,Orlando City SC,Sporting Kansas City,1,0,,,asa,,,,
asa-Vj582j23Q8,2019-08-14,2019,regular,Portland Timbers FC,Chicago Fire FC,3,2,,,asa,,,,
asa-a35rzWzB5L,2019-08-14,2019,regular,Minnesota United FC,Colorado Rapids,1,0,,,asa,,,,
asa-4JMAmZm6MK,2019-08-17,2019,regular,Real Salt Lake,Los Angeles FC,0,2,,,asa,,,,
asa-4wM41r1z5j,2019-08-17,2019,regular,Vancouver Whitecaps FC,D.C. United,1,0,,,asa,,,,
asa-9vQ21E11qK,2019-08-17,2019,regular,Columbus Crew,Toronto FC,2,2,,,asa,,,,
asa-KPqj0a0yM6,2019-08-17,2019,regular,LA Galaxy,Seattle Sounders FC,2,2,,,asa,,,,
asa-KXMeVdVx56,2019-08-17,2019,regular,Chicago Fire FC,Philadelphia Union,2,0,,,asa,,,,
asa-NPqxvYvgM9,2019-08-17,2019,regular,Houston Dynamo FC,Colorado Rapids,2,2,,,asa,,,,
asa-aDQ04Y4pQE,2019-08-17,2019,regular,Sporting Kansas City,San Jose Earthquakes,2,1,,,asa,,,,
asa-kRQaV8VgMK,2019-08-17,2019,regular,New York Red Bulls,New England Revolution,1,1,,,asa,,,,
asa-odMXlgl2MY,2019-08-17,2019,regular,FC Cincinnati,New York City FC,1,4,,,asa,,,,
asa-xW5p030l5g,2019-08-17,2019,regular,CF Montréal,FC Dallas,3,3,,,asa,,,,
asa-zeQZZ6ZKQK,2019-08-17,2019,regular,Minnesota United FC,Orlando City SC,1,1,,,asa,,,,
asa-BLMvvOvRMx,2019-08-18,2019,regular,Portland Timbers FC,Atlanta United FC,0,2,,,asa,,,,
asa-N6MmAaVRME,2019-08-21,2019,regular,New York City FC,Columbus Crew,1,0,,,asa,,,,
asa-e7Mzv7bXMr,2019-08-21,2019,regular,Los Angeles FC,San Jose Earthquakes,4,0,,,asa,,,,
asa-ljqEza7EQx,2019-08-21,2019,regular,D.C. United,New York Red Bulls,1,2,,,asa,,,,
asa-Xj5YDYE0Mb,2019-08-22,2019,regular,Sporting Kansas City,Minnesota United FC,1,0,,,asa,,,,
asa-Oa5wvDbjM1,2019-08-23,2019,regular,Portland Timbers FC,Seattle Sounders FC,1,2,,,asa,,,,
asa-jYQJdXwy5G,2019-08-23,2019,regular,Orlando City SC,Atlanta United FC,0,1,,,asa,,,,
asa-0Oq61YdX56,2019-08-24,2019,regular,San Jose Earthquakes,Vancouver Whitecaps FC,3,1,,,asa,,,,
asa-0x5gVbOrM7,2019-08-24,2019,regular,Philadelphia Union,D.C. United,3,1,,,asa,,,,
asa-7VqGa17eMv,2019-08-24,2019,regular,Real Salt Lake,Colorado Rapids,2,0,,,asa,,,,
asa-KAqB2zmJqb,2019-08-24,2019,regular,New England Revolution,Chicago Fire FC,2,1,,,asa,,,,
asa-NWMWDW275l,2019-08-24,2019,regular,New York City FC,New York Red Bulls,2,1,,,asa,,,,
asa-gOMnKJVm5w,2019-08-24,2019,regular,Toronto FC,CF Montréal,2,1,,,asa,,,,
asa-2lqRYXnW5r,2019-08-25,2019,regular,FC Cincinnati,Columbus Crew,1,3,,,asa,,,,
asa-9z5k0dVlqA,2019-08-25,2019,regular,Los Angeles FC,LA Galaxy,3,3,,,asa,,,,
asa-eVq31Zd6MW,2019-08-25,2019,regular,FC Dallas,Houston Dynamo FC,5,1,,,asa,,,,
asa-p6qbZ1Z6q0,2019-08-28,2019,regular,CF Montréal,Vancouver Whitecaps FC,2,1,,,asa,,,,
asa-0x5gVbVrM7,2019-08-31,2019,regular,San Jose Earthquakes,Orlando City SC,3,0,,,asa,,,,
asa-7VqGa1aeMv,2019-08-31,2019,regular,Vancouver Whitecaps FC,New York City FC,1,3,,,asa,,,,
asa-KAqB2z2Jqb,2019-08-31,2019,regular,Philadelphia Union,Atlanta United FC,3,1,,,asa,,,,
asa-N6MmAaARME,2019-08-31,2019,regular,Sporting Kansas City,Houston Dynamo FC,1,0,,,asa,,,,
asa-NWMWDWD75l,2019-08-31,2019,regular,Portland Timbers FC,Real Salt Lake,1,0,,,asa,,,,
asa-Oa5wvDvjM1,2019-08-31,2019,regular,New England Revolution,Toronto FC,1,1,,,asa,,,,
asa-e7Mzv7vXMr,2019-08-31,2019,regular,FC Dallas,FC Cincinnati,3,1,,,asa,,,,
asa-eVq31Z16MW,2019-08-31,2019,regular,New York Red Bulls,Colorado Rapids,0,2,,,asa,,,,
asa-jYQJdXdy5G,2019-08-31,2019,regular,CF Montréal,D.C. United,0,3,,,asa,,,,
asa-ljqEzazEQx,2019-08-31,2019,regular,Columbus Crew,Chicago Fire FC,1,1,,,asa,,,,
asa-0Oq61Y1X56,2019-09-01,2019,regular,Seattle Sounders FC,LA Galaxy,4,3,,,asa,,,,
asa-Xj5YDYD0Mb,2019-09-01,2019,regular,Los Angeles FC,Minnesota United FC,0,2,,,asa,,,,
asa-2lqRYXYW5r,2019-09-07,2019,regular,Portland Timbers FC,Sporting Kansas City,2,1,,,asa,,,,
asa-aDQ04YypQE,2019-09-07,2019,regular,Colorado Rapids,Seattle Sounders FC,2,0,,,asa,,,,
asa-gOMnKJKm5w,2019-09-07,2019,regular,New York City FC,New England Revolution,2,1,,,asa,,,,
asa-gpMO2X2nQz,2019-09-07,2019,regular,FC Cincinnati,Toronto FC,1,5,,,asa,,,,
asa-vzqobwbj5a,2019-09-07,2019,regular,Orlando City SC,Los Angeles FC,2,2,,,asa,,,,
asa-KAqB2z2Bqb,2019-09-11,2019,regular,Colorado Rapids,LA Galaxy,2,1,,,asa,,,,
asa-Oa5wvDv4M1,2019-09-11,2019,regular,Houston Dynamo FC,Minnesota United FC,2,0,,,asa,,,,
asa-eVq31Z1VMW,2019-09-11,2019,regular,Real Salt Lake,San Jose Earthquakes,1,0,,,asa,,,,
asa-jYQJdXdk5G,2019-09-11,2019,regular,New York City FC,Toronto FC,1,1,,,asa,,,,
asa-0Oq61Ypx56,2019-09-14,2019,regular,New York City FC,San Jose Earthquakes,2,1,,,asa,,,,
asa-0x5gVbwPM7,2019-09-14,2019,regular,Chicago Fire FC,FC Dallas,4,0,,,asa,,,,
asa-7VqGa1OjMv,2019-09-14,2019,regular,CF Montréal,FC Cincinnati,0,1,,,asa,,,,
asa-NWMWDWyE5l,2019-09-14,2019,regular,Atlanta United FC,Columbus Crew,1,3,,,asa,,,,
asa-gOMnKJOl5w,2019-09-14,2019,regular,Philadelphia Union,Los Angeles FC,1,1,,,asa,,,,
asa-gpMO2X8rQz,2019-09-14,2019,regular,Orlando City SC,New England Revolution,3,3,,,asa,,,,
asa-vzqobwnJ5a,2019-09-14,2019,regular,Vancouver Whitecaps FC,Houston Dynamo FC,2,1,,,asa,,,,
asa-2lqRYXrJ5r,2019-09-15,2019,regular,Seattle Sounders FC,New York Red Bulls,4,2,,,asa,,,,
asa-315VjBln59,2019-09-15,2019,regular,Portland Timbers FC,D.C. United,0,1,,,asa,,,,
asa-9z5k0dgdqA,2019-09-15,2019,regular,Minnesota United FC,Real Salt Lake,3,1,,,asa,,,,
asa-EGMPDX26Ma,2019-09-15,2019,regular,LA Galaxy,Sporting Kansas City,7,2,,,asa,,,,
asa-wvq9YExBqW,2019-09-15,2019,regular,Toronto FC,Colorado Rapids,3,2,,,asa,,,,
asa-Pk5LYXyYqO,2019-09-18,2019,regular,FC Cincinnati,Atlanta United FC,0,2,,,asa,,,,
asa-gjMNlYDDqK,2019-09-18,2019,regular,Portland Timbers FC,New York Red Bulls,0,2,,,asa,,,,
asa-raMyz7Gd5d,2019-09-18,2019,regular,Seattle Sounders FC,FC Dallas,0,0,,,asa,,,,
asa-2vQ1Ex8OQr,2019-09-21,2019,regular,Houston Dynamo FC,Orlando City SC,2,1,,,asa,,,,
asa-7vQ7ZlNGqD,2019-09-21,2019,regular,Atlanta United FC,San Jose Earthquakes,3,1,,,asa,,,,
asa-9YqdA9REQv,2019-09-21,2019,regular,New England Revolution,Real Salt Lake,0,0,,,asa,,,,
asa-KXMeVd9P56,2019-09-21,2019,regular,Vancouver Whitecaps FC,Columbus Crew,1,1,,,asa,,,,
asa-OlMlbdGDqL,2019-09-21,2019,regular,LA Galaxy,CF Montréal,2,1,,,asa,,,,
asa-Vj582jZLQ8,2019-09-21,2019,regular,Los Angeles FC,Toronto FC,1,1,,,asa,,,,
asa-a35rzW925L,2019-09-21,2019,regular,Sporting Kansas City,Colorado Rapids,2,3,,,asa,,,,
asa-eV5DZXgnQK,2019-09-21,2019,regular,FC Cincinnati,Chicago Fire FC,0,0,,,asa,,,,
asa-9vQ21EpmqK,2019-09-22,2019,regular,D.C. United,Seattle Sounders FC,2,0,,,asa,,,,
asa-NPqxvYgXM9,2019-09-22,2019,regular,New York Red Bulls,Philadelphia Union,2,0,,,asa,,,,
asa-aDQ04Y83QE,2019-09-22,2019,regular,FC Dallas,New York City FC,1,1,,,asa,,,,
asa-odMXlgZxMY,2019-09-22,2019,regular,Portland Timbers FC,Minnesota United FC,0,0,,,asa,,,,
asa-4JMAmZ31MK,2019-09-25,2019,regular,Minnesota United FC,Sporting Kansas City,2,1,,,asa,,,,
asa-4wM41rVN5j,2019-09-25,2019,regular,New York City FC,Atlanta United FC,4,1,,,asa,,,,
asa-KPqj0aWYM6,2019-09-25,2019,regular,Real Salt Lake,LA Galaxy,1,2,,,asa,,,,
asa-kRQaV8OjMK,2019-09-25,2019,regular,Los Angeles FC,Houston Dynamo FC,3,1,,,asa,,,,
asa-xW5p03oJ5g,2019-09-25,2019,regular,San Jose Earthquakes,Philadelphia Union,1,2,,,asa,,,,
asa-zeQZZ6wrQK,2019-09-25,2019,regular,Portland Timbers FC,New England Revolution,2,2,,,asa,,,,
asa-BLMvvOBWMx,2019-09-29,2019,regular,Chicago Fire FC,Toronto FC,2,2,,,asa,,,,
asa-KAqB2zYBqb,2019-09-29,2019,regular,Real Salt Lake,Houston Dynamo FC,2,1,,,asa,,,,
asa-N6MmAa6xME,2019-09-29,2019,regular,New York Red Bulls,D.C. United,0,0,,,asa,,,,
asa-NWMWDWbE5l,2019-09-29,2019,regular,San Jose Earthquakes,Seattle Sounders FC,0,1,,,asa,,,,
asa-Oa5wvDW4M1,2019-09-29,2019,regular,LA Galaxy,Vancouver Whitecaps FC,3,4,,,asa,,,,
asa-XVqKlv90Q0,2019-09-29,2019,regular,FC Cincinnati,Orlando City SC,1,1,,,asa,,,,
asa-Xj5YDYJRMb,2019-09-29,2019,regular,Colorado Rapids,FC Dallas,3,0,,,asa,,,,
asa-e7Mzv76GMr,2019-09-29,2019,regular,New England Revolution,New York City FC,2,0,,,asa,,,,
asa-eVq31Z4VMW,2019-09-29,2019,regular,Minnesota United FC,Los Angeles FC,1,1,,,asa,,,,
asa-jYQJdXRk5G,2019-09-29,2019,regular,Sporting Kansas City,Portland Timbers FC,2,2,,,asa,,,,
asa-ljqEzaG4Qx,2019-09-29,2019,regular,CF Montréal,Atlanta United FC,1,1,,,asa,,,,
asa-p6qbZ1nwq0,2019-09-29,2019,regular,Columbus Crew,Philadelphia Union,2,0,,,asa,,,,
asa-0Oq61YWx56,2019-10-06,2019,regular,D.C. United,FC Cincinnati,0,0,,,asa,,,,
asa-0x5gVb1PM7,2019-10-06,2019,regular,Atlanta United FC,New England Revolution,3,1,,,asa,,,,
asa-2lqRYXzJ5r,2019-10-06,2019,regular,Orlando City SC,Chicago Fire FC,2,5,,,asa,,,,
asa-315VjBbn59,2019-10-06,2019,regular,Seattle Sounders FC,Minnesota United FC,1,0,,,asa,,,,
asa-7VqGa1zjMv,2019-10-06,2019,regular,FC Dallas,Sporting Kansas City,6,0,,,asa,,,,
asa-9z5k0dZdqA,2019-10-06,2019,regular,Portland Timbers FC,San Jose Earthquakes,3,1,,,asa,,,,
asa-EGMPDXb6Ma,2019-10-06,2019,regular,Toronto FC,Columbus Crew,1,0,,,asa,,,,
asa-Pk5LYX8YqO,2019-10-06,2019,regular,Vancouver Whitecaps FC,Real Salt Lake,0,1,,,asa,,,,
asa-gOMnKJZl5w,2019-10-06,2019,regular,Los Angeles FC,Colorado Rapids,3,1,,,asa,,,,
asa-gpMO2XbrQz,2019-10-06,2019,regular,Houston Dynamo FC,LA Galaxy,4,2,,,asa,,,,
asa-vzqobwZJ5a,2019-10-06,2019,regular,CF Montréal,New York Red Bulls,3,0,,,asa,,,,
asa-wvq9YE6BqW,2019-10-06,2019,regular,Philadelphia Union,New York City FC,1,2,,,asa,,,,
asa-315Vx8XvQ9,2019-10-19,2019,postseason,Atlanta United FC,New England Revolution,1,0,,,asa,,,,
asa-9z5kLo7eqA,2019-10-19,2019,postseason,Toronto FC,D.C. United,5,1,,AET,asa,,,,
asa-EGMPxynyMa,2019-10-19,2019,postseason,Seattle Sounders FC,FC Dallas,4,3,,AET,asa,,,,
asa-Pk5LxVgG5O,2019-10-19,2019,postseason,Real Salt Lake,Portland Timbers FC,2,1,,,asa,,,,
asa-gjMNxLRKqK,2019-10-20,2019,postseason,Philadelphia Union,New York Red Bulls,4,3,,AET,asa,,,,
asa-raMya8ABMd,2019-10-20,2019,postseason,Minnesota United FC,LA Galaxy,1,2,,,asa,,,,
asa-7vQ7E2rL5D,2019-10-23,2019,postseason,Seattle Sounders FC,Real Salt Lake,2,0,,,asa,,,,
asa-eV5DbGLYQK,2019-10-23,2019,postseason,New York City FC,Toronto FC,1,2,,,asa,,,,
asa-2vQ1ArNGQr,2019-10-24,2019,postseason,Los Angeles FC,LA Galaxy,5,3,,,asa,,,,
asa-a35raNK4ML,2019-10-24,2019,postseason,Atlanta United FC,Philadelphia Union,2,0,,,asa,,,,
asa-OlMlNR9wqL,2019-10-29,2019,postseason,Los Angeles FC,Seattle Sounders FC,1,3,,,asa,,,,
asa-Vj58AxyEq8,2019-10-30,2019,postseason,Atlanta United FC,Toronto FC,1,2,,,asa,,,,
asa-9YqdnBakMv,2019-11-10,2019,postseason,Seattle Sounders FC,Toronto FC,3,1,,,asa,,,,
asa-0Oq6ANKA56,2020-02-29,2020,regular,San Jose Earthquakes,Toronto FC,2,2,,,asa,,,,
asa-0x5g98mZQ7,2020-02-29,2020,regular,CF Montréal,New England Revolution,2,1,,,asa,,,,
asa-7VqGvA9j5v,2020-02-29,2020,regular,Nashville SC,Atlanta United FC,1,2,,,asa,,,,
asa-7VqGvAK65v,2020-02-29,2020,regular,Houston Dynamo FC,LA Galaxy,1,1,,,asa,,,,
asa-NWMWxOmK5l,2020-02-29,2020,regular,D.C. United,Colorado Rapids,1,2,,,asa,,,,
asa-gOMn7jmX5w,2020-02-29,2020,regular,Orlando City SC,Real Salt Lake,0,0,,,asa,,,,
asa-gpMOYJmEqz,2020-02-29,2020,regular,FC Dallas,Philadelphia Union,2,0,,,asa,,,,
asa-vzqoDpmkQa,2020-02-29,2020,regular,Vancouver Whitecaps FC,Sporting Kansas City,1,3,,,asa,,,,
asa-2lqRxBm0Mr,2020-03-01,2020,regular,Columbus Crew,New York City FC,1,0,,,asa,,,,
asa-KAqBAxKJ5b,2020-03-01,2020,regular,Portland Timbers FC,Minnesota United FC,1,3,,,asa,,,,
asa-Oa5waEBjQ1,2020-03-01,2020,regular,Seattle Sounders FC,Chicago Fire FC,2,1,,,asa,,,,
asa-eVq3AVK6MW,2020-03-01,2020,regular,Los Angeles FC,Inter Miami CF,1,0,,,asa,,,,
asa-jYQJAvKyqG,2020-03-01,2020,regular,New York Red Bulls,FC Cincinnati,3,2,,,asa,,,,
asa-0Oq6ANKX56,2020-03-07,2020,regular,Atlanta United FC,FC Cincinnati,2,1,,,asa,,,,
asa-0x5g98mrQ7,2020-03-07,2020,regular,Real Salt Lake,New York Red Bulls,1,1,,,asa,,,,
asa-315VxJdEQ9,2020-03-07,2020,regular,FC Dallas,CF Montréal,2,2,,,asa,,,,
asa-7VqGvAKe5v,2020-03-07,2020,regular,Toronto FC,New York City FC,1,0,,,asa,,,,
asa-EGMPxj74Ma,2020-03-07,2020,regular,D.C. United,Inter Miami CF,2,1,,,asa,,,,
asa-NWMWxOm75l,2020-03-07,2020,regular,New England Revolution,Chicago Fire FC,1,1,,,asa,,,,
asa-Pk5LxlPL5O,2020-03-07,2020,regular,San Jose Earthquakes,Minnesota United FC,2,5,,,asa,,,,
asa-gOMn7jmm5w,2020-03-07,2020,regular,Colorado Rapids,Orlando City SC,2,1,,,asa,,,,
asa-gjMNxXNkqK,2020-03-07,2020,regular,Seattle Sounders FC,Columbus Crew,1,1,,,asa,,,,
asa-gpMOYJmnqz,2020-03-07,2020,regular,Sporting Kansas City,Houston Dynamo FC,4,0,,,asa,,,,
asa-vzqoDpmjQa,2020-03-07,2020,regular,LA Galaxy,Vancouver Whitecaps FC,0,1,,,asa,,,,
asa-7vQ7E8AE5D,2020-03-08,2020,regular,Los Angeles FC,Philadelphia Union,3,3,,,asa,,,,
asa-raMyaXDkMd,2020-03-08,2020,regular,Portland Timbers FC,Nashville SC,1,0,,,asa,,,,
asa-XVqKEE7BM0,2020-07-08,2020,regular,Orlando City SC,Inter Miami CF,2,1,,,asa,,,,
asa-e7Mzkkoj5r,2020-07-09,2020,regular,CF Montréal,New England Revolution,0,1,,,asa,,,,
asa-ljqEEEkkqx,2020-07-09,2020,regular,New York City FC,Philadelphia Union,0,1,,,asa,,,,
asa-eVq3mmlGMW,2020-07-10,2020,regular,Seattle Sounders FC,San Jose Earthquakes,0,0,,,asa,,,,
asa-0Oq6mmeP56,2020-07-11,2020,regular,FC Cincinnati,Columbus Crew,0,4,,,asa,,,,
asa-0x5gyyzmQ7,2020-07-11,2020,regular,Atlanta United FC,New York Red Bulls,0,1,,,asa,,,,
asa-2lqREEe45r,2020-07-12,2020,regular,Real Salt Lake,Colorado Rapids,2,0,,,asa,,,,
asa-vzqo33zpqa,2020-07-12,2020,regular,Sporting Kansas City,Minnesota United FC,1,2,,,asa,,,,
asa-315VwwpXq9,2020-07-13,2020,regular,LA Galaxy,Portland Timbers FC,1,2,,,asa,,,,
asa-9z5krrjaMA,2020-07-13,2020,regular,Los Angeles FC,Houston Dynamo FC,3,3,,,asa,,,,
asa-jYQJEEyGqG,2020-07-13,2020,regular,Toronto FC,D.C. United,2,2,,,asa,,,,
asa-2vQ1mmbxQr,2020-07-14,2020,regular,New York City FC,Orlando City SC,1,3,,,asa,,,,
asa-EGMPEEak5a,2020-07-14,2020,regular,Philadelphia Union,Inter Miami CF,2,1,,,asa,,,,
asa-XVqKE8pNM0,2020-07-14,2020,regular,Chicago Fire FC,Seattle Sounders FC,2,1,,,asa,,,,
asa-aDQ0mmb2ME,2020-07-15,2020,regular,Vancouver Whitecaps FC,San Jose Earthquakes,3,4,,,asa,,,,
asa-9vQ2mmb7qK,2020-07-16,2020,regular,CF Montréal,Toronto FC,3,4,,,asa,,,,
asa-KAqBEEoW5b,2020-07-16,2020,regular,Columbus Crew,New York Red Bulls,2,0,,,asa,,,,
asa-Xj5YWWzlQb,2020-07-16,2020,regular,Atlanta United FC,FC Cincinnati,0,1,,,asa,,,,
asa-7VqGEEPxMv,2020-07-17,2020,regular,Real Salt Lake,Minnesota United FC,0,0,,,asa,,,,
asa-NWMWYYzNql,2020-07-17,2020,regular,Sporting Kansas City,Colorado Rapids,3,2,,,asa,,,,
asa-Oa5woo6g51,2020-07-17,2020,regular,D.C. United,New England Revolution,1,1,,,asa,,,,
asa-gOMnwwze5w,2020-07-18,2020,regular,Los Angeles FC,LA Galaxy,6,2,,,asa,,,,
asa-gpMOEElyqz,2020-07-18,2020,regular,Portland Timbers FC,Houston Dynamo FC,2,1,,,asa,,,,
asa-eV5DEEpRqK,2020-07-19,2020,regular,Seattle Sounders FC,Vancouver Whitecaps FC,3,0,,,asa,,,,
asa-p6qbkrVaQ0,2020-07-19,2020,regular,Chicago Fire FC,San Jose Earthquakes,0,2,,,asa,,,,
asa-2vQ1mBd4Qr,2020-07-20,2020,regular,Philadelphia Union,Orlando City SC,1,1,,,asa,,,,
asa-a35rgLBBqL,2020-07-20,2020,regular,Inter Miami CF,New York City FC,0,1,,,asa,,,,
asa-OlMllljPML,2020-07-21,2020,regular,Atlanta United FC,Columbus Crew,0,1,,,asa,,,,
asa-Vj58mmb2q8,2020-07-21,2020,regular,CF Montréal,D.C. United,1,0,,,asa,,,,
asa-a35rggjeqL,2020-07-21,2020,regular,Toronto FC,New England Revolution,0,0,,,asa,,,,
asa-9YqdPPjRqv,2020-07-22,2020,regular,Real Salt Lake,Sporting Kansas City,0,2,,,asa,,,,
asa-NPqxRRj8M9,2020-07-22,2020,regular,Colorado Rapids,Minnesota United FC,2,2,,,asa,,,,
asa-odMXBBpAqY,2020-07-22,2020,regular,FC Cincinnati,New York Red Bulls,2,0,,,asa,,,,
asa-KPqj11j856,2020-07-23,2020,regular,LA Galaxy,Houston Dynamo FC,1,1,,,asa,,,,
asa-ljqEEyeYqx,2020-07-23,2020,regular,Chicago Fire FC,Vancouver Whitecaps FC,0,2,,,asa,,,,
asa-xW5pBBbKQg,2020-07-23,2020,regular,Los Angeles FC,Portland Timbers FC,2,2,,,asa,,,,
asa-0Oq6mmo256,2020-07-25,2020,postseason,Philadelphia Union,New England Revolution,1,0,,,asa,,,,
asa-7VqGEEX3Mv,2020-07-25,2020,postseason,Orlando City SC,CF Montréal,1,0,,,asa,,,,
asa-gOMnwwGJ5w,2020-07-26,2020,postseason,Sporting Kansas City,Vancouver Whitecaps FC,1,0,,pens,asa,,,,
asa-vzqo33YLqa,2020-07-26,2020,postseason,Toronto FC,New York City FC,1,3,,,asa,,,,
asa-2lqREEOn5r,2020-07-27,2020,postseason,Seattle Sounders FC,Los Angeles FC,1,4,,,asa,,,,
asa-gpMOEEg1qz,2020-07-27,2020,postseason,San Jose Earthquakes,Real Salt Lake,5,2,,,asa,,,,
asa-9z5krrBgMA,2020-07-28,2020,postseason,Portland Timbers FC,FC Cincinnati,2,1,,pens,asa,,,,
asa-wvq9mmkYqW,2020-07-28,2020,postseason,Columbus Crew,Minnesota United FC,1,2,,pens,asa,,,,
asa-315Vww9bq9,2020-07-30,2020,postseason,Philadelphia Union,Sporting Kansas City,3,1,,,asa,,,,
asa-EGMPEEGA5a,2020-07-31,2020,postseason,Orlando City SC,Los Angeles FC,2,1,,pens,asa,,,,
asa-Pk5LEE3NqO,2020-08-01,2020,postseason,New York City FC,Portland Timbers FC,1,3,,,asa,,,,
asa-gjMNEEWBQK,2020-08-01,2020,postseason,San Jose Earthquakes,Minnesota United FC,1,4,,,asa,,,,
asa-raMy99N2Md,2020-08-05,2020,postseason,Philadelphia Union,Portland Timbers FC,1,2,,,asa,,,,
asa-7vQ7mmRz5D,2020-08-06,2020,postseason,Orlando City SC,Minnesota United FC,3,1,,,asa,,,,
asa-eV5DEE8OqK,2020-08-11,2020,postseason,Portland Timbers FC,Orlando City SC,2,1,,,asa,,,,
asa-2lqREbln5r,2020-08-12,2020,regular,FC Dallas,Nashville SC,0,1,,,asa,,,,
asa-wvq9mVBYqW,2020-08-17,2020,regular,FC Dallas,Nashville SC,0,0,,,asa,,,,
asa-EGMPEwOj5a,2020-08-18,2020,regular,Toronto FC,Vancouver Whitecaps FC,3,0,,,asa,,,,
asa-315Vw31bq9,2020-08-20,2020,regular,Columbus Crew,Chicago Fire FC,3,0,,,asa,,,,
asa-7vQ7m9wz5D,2020-08-20,2020,regular,New England Revolution,Philadelphia Union,0,0,,,asa,,,,
asa-EGMPEvYA5a,2020-08-20,2020,regular,New York Red Bulls,New York City FC,1,0,,,asa,,,,
asa-Pk5LEaZNqO,2020-08-21,2020,regular,FC Cincinnati,D.C. United,0,0,,,asa,,,,
asa-Pk5LEb0mqO,2020-08-21,2020,regular,Toronto FC,Vancouver Whitecaps FC,1,0,,,asa,,,,
asa-gjMNE4PBQK,2020-08-21,2020,regular,Minnesota United FC,Sporting Kansas City,1,2,,,asa,,,,
asa-raMy9vK2Md,2020-08-21,2020,regular,Houston Dynamo FC,FC Dallas,0,0,,,asa,,,,
asa-2vQ1mGe0Qr,2020-08-22,2020,regular,Atlanta United FC,Nashville SC,2,0,,,asa,,,,
asa-OlMll8kNML,2020-08-22,2020,regular,Colorado Rapids,Real Salt Lake,1,4,,,asa,,,,
asa-a35rg0nGqL,2020-08-22,2020,regular,Inter Miami CF,Orlando City SC,3,2,,,asa,,,,
asa-eV5DEdROqK,2020-08-22,2020,regular,Los Angeles FC,LA Galaxy,0,2,,,asa,,,,
asa-Vj58mk3mq8,2020-08-23,2020,regular,Portland Timbers FC,Seattle Sounders FC,0,3,,,asa,,,,
asa-9YqdPLd8qv,2020-08-24,2020,regular,New York City FC,Columbus Crew,1,0,,,asa,,,,
asa-9vQ2m6erqK,2020-08-25,2020,regular,Sporting Kansas City,Houston Dynamo FC,2,5,,,asa,,,,
asa-KXMeLNKBQ6,2020-08-25,2020,regular,Chicago Fire FC,FC Cincinnati,3,0,,,asa,,,,
asa-NPqxRZKjM9,2020-08-25,2020,regular,Philadelphia Union,New York Red Bulls,1,0,,,asa,,,,
asa-gjMNEzAvQK,2020-08-25,2020,regular,CF Montréal,Vancouver Whitecaps FC,2,0,,,asa,,,,
asa-odMXBY10qY,2020-08-25,2020,regular,D.C. United,New England Revolution,1,2,,,asa,,,,
asa-xW5pB2Y9Qg,2020-08-26,2020,regular,Orlando City SC,Nashville SC,3,1,,,asa,,,,
asa-raMy9JEAMd,2020-08-28,2020,regular,CF Montréal,Toronto FC,0,1,,,asa,,,,
asa-4wM4mned5j,2020-08-29,2020,regular,Atlanta United FC,Orlando City SC,1,3,,,asa,,,,
asa-BLMvnAK3Mx,2020-08-29,2020,regular,Philadelphia Union,D.C. United,4,1,,,asa,,,,
asa-N6MmJdk05E,2020-08-29,2020,regular,New York City FC,Chicago Fire FC,3,1,,,asa,,,,
asa-XVqKEpbaM0,2020-08-29,2020,regular,Colorado Rapids,Sporting Kansas City,1,1,,,asa,,,,
asa-Xj5YWgjGQb,2020-08-29,2020,regular,Portland Timbers FC,Real Salt Lake,4,4,,,asa,,,,
asa-e7MzkKzK5r,2020-08-29,2020,regular,New England Revolution,New York Red Bulls,1,1,,,asa,,,,
asa-ljqEEeNOqx,2020-08-29,2020,regular,LA Galaxy,San Jose Earthquakes,3,2,,,asa,,,,
asa-p6qbkVPDQ0,2020-08-29,2020,regular,FC Dallas,Minnesota United FC,3,1,,,asa,,,,
asa-zeQZgG1DMK,2020-08-29,2020,regular,FC Cincinnati,Columbus Crew,0,0,,,asa,,,,
asa-Oa5wo4DY51,2020-08-30,2020,regular,Seattle Sounders FC,Los Angeles FC,3,1,,,asa,,,,
asa-jYQJEjXDqG,2020-08-30,2020,regular,Nashville SC,Inter Miami CF,1,0,,,asa,,,,
asa-7vQ7myOY5D,2020-09-01,2020,regular,Toronto FC,CF Montréal,0,1,,,asa,,,,
asa-0Oq6mRY256,2020-09-02,2020,regular,Los Angeles FC,San Jose Earthquakes,5,1,,,asa,,,,
asa-0x5gy7bLQ7,2020-09-02,2020,regular,Houston Dynamo FC,Minnesota United FC,3,0,,,asa,,,,
asa-2lqREbXn5r,2020-09-02,2020,regular,Portland Timbers FC,LA Galaxy,2,3,,,asa,,,,
asa-7VqGE213Mv,2020-09-02,2020,regular,Sporting Kansas City,FC Dallas,1,1,,,asa,,,,
asa-KAqBElzV5b,2020-09-02,2020,regular,Atlanta United FC,Inter Miami CF,0,0,,,asa,,,,
asa-NWMWYBWLql,2020-09-02,2020,regular,Columbus Crew,Philadelphia Union,1,0,,,asa,,,,
asa-eVq3mOZjMW,2020-09-02,2020,regular,FC Cincinnati,Chicago Fire FC,0,0,,,asa,,,,
asa-gOMnweJJ5w,2020-09-02,2020,regular,New England Revolution,New York City FC,0,2,,,asa,,,,
asa-gpMOEZX1qz,2020-09-02,2020,regular,Nashville SC,Orlando City SC,1,1,,,asa,,,,
asa-jYQJEjXdqG,2020-09-02,2020,regular,Real Salt Lake,Seattle Sounders FC,2,2,,,asa,,,,
asa-vzqo3XwLqa,2020-09-02,2020,regular,New York Red Bulls,D.C. United,0,1,,,asa,,,,
asa-Oa5wo4DW51,2020-09-05,2020,regular,Houston Dynamo FC,Sporting Kansas City,2,1,,,asa,,,,
asa-eV5DEj1aqK,2020-09-05,2020,regular,Vancouver Whitecaps FC,Toronto FC,3,2,,,asa,,,,
asa-eVq3mOZwMW,2020-09-05,2020,regular,San Jose Earthquakes,Colorado Rapids,1,1,,,asa,,,,
asa-vzqo3XwBqa,2020-09-05,2020,regular,Orlando City SC,Atlanta United FC,1,1,,,asa,,,,
asa-0Oq6mRYz56,2020-09-06,2020,regular,Minnesota United FC,Real Salt Lake,4,0,,,asa,,,,
asa-0x5gy7bRQ7,2020-09-06,2020,regular,D.C. United,New York City FC,0,0,,,asa,,,,
asa-2lqREbXx5r,2020-09-06,2020,regular,Seattle Sounders FC,Portland Timbers FC,1,2,,,asa,,,,
asa-7VqGE21YMv,2020-09-06,2020,regular,LA Galaxy,Los Angeles FC,3,0,,,asa,,,,
asa-KAqBElzZ5b,2020-09-06,2020,regular,Chicago Fire FC,New England Revolution,1,2,,,asa,,,,
asa-NWMWYBWZql,2020-09-06,2020,regular,Columbus Crew,FC Cincinnati,3,0,,,asa,,,,
asa-gOMnweJB5w,2020-09-06,2020,regular,New York Red Bulls,Philadelphia Union,0,3,,,asa,,,,
asa-gpMOEZX7qz,2020-09-06,2020,regular,Inter Miami CF,Nashville SC,0,0,,,asa,,,,
asa-2vQ1mY34Qr,2020-09-09,2020,regular,CF Montréal,Toronto FC,1,2,,,asa,,,,
asa-4JMAErRDMK,2020-09-09,2020,regular,Real Salt Lake,Los Angeles FC,3,0,,,asa,,,,
asa-9z5krldKMA,2020-09-09,2020,regular,Minnesota United FC,FC Dallas,3,2,,,asa,,,,
asa-KPqj1rk456,2020-09-09,2020,regular,Inter Miami CF,Atlanta United FC,2,1,,,asa,,,,
asa-wvq9mVEmqW,2020-09-09,2020,regular,Colorado Rapids,Houston Dynamo FC,1,1,,,asa,,,,
asa-315Vw3BVq9,2020-09-10,2020,regular,Seattle Sounders FC,San Jose Earthquakes,7,1,,,asa,,,,
asa-2vQ1mGxwQr,2020-09-12,2020,regular,Real Salt Lake,Colorado Rapids,0,5,,,asa,,,,
asa-7vQ7m9lD5D,2020-09-12,2020,regular,Orlando City SC,Inter Miami CF,2,1,,,asa,,,,
asa-9YqdPL9mqv,2020-09-12,2020,regular,FC Dallas,Houston Dynamo FC,2,1,,,asa,,,,
asa-EGMPEvX05a,2020-09-12,2020,regular,Chicago Fire FC,Columbus Crew,2,2,,,asa,,,,
asa-Pk5LEaXDqO,2020-09-12,2020,regular,D.C. United,New York Red Bulls,0,2,,,asa,,,,
asa-eV5DEdXJqK,2020-09-12,2020,regular,Philadelphia Union,New England Revolution,2,1,,,asa,,,,
asa-gjMNE4YpQK,2020-09-12,2020,regular,Nashville SC,Atlanta United FC,4,2,,,asa,,,,
asa-raMy9v7NMd,2020-09-12,2020,regular,New York City FC,FC Cincinnati,2,1,,,asa,,,,
asa-OlMll8dRML,2020-09-13,2020,regular,Los Angeles FC,Portland Timbers FC,4,2,,,asa,,,,
asa-Vj58mkjrq8,2020-09-13,2020,regular,San Jose Earthquakes,LA Galaxy,0,0,,,asa,,,,
asa-a35rg0WwqL,2020-09-13,2020,regular,Sporting Kansas City,Minnesota United FC,1,0,,,asa,,,,
asa-a35rg4EBqL,2020-09-13,2020,regular,Vancouver Whitecaps FC,CF Montréal,2,4,,,asa,,,,
asa-9z5krlNgMA,2020-09-16,2020,regular,San Jose Earthquakes,Portland Timbers FC,1,1,,,asa,,,,
asa-OlMllxEgML,2020-09-16,2020,regular,Vancouver Whitecaps FC,CF Montréal,3,1,,,asa,,,,
asa-aDQ0mgeWME,2020-09-16,2020,regular,FC Dallas,Colorado Rapids,4,1,,,asa,,,,
asa-gpMOBelrQz,2020-09-18,2020,regular,Seattle Sounders FC,Los Angeles FC,3,0,,,asa,,,,
asa-2lqRG7eJQr,2020-09-19,2020,regular,New York Red Bulls,FC Cincinnati,0,1,,,asa,,,,
asa-315Vo7znq9,2020-09-19,2020,regular,New England Revolution,New York City FC,0,0,,,asa,,,,
asa-7vQ7WxXGQD,2020-09-19,2020,regular,San Jose Earthquakes,Portland Timbers FC,1,6,,,asa,,,,
asa-9z5kK3zd5A,2020-09-19,2020,regular,D.C. United,Toronto FC,2,2,,,asa,,,,
asa-EGMPWR86Qa,2020-09-19,2020,regular,Orlando City SC,Chicago Fire FC,4,1,,,asa,,,,
asa-Pk5LJ6DYQO,2020-09-19,2020,regular,Houston Dynamo FC,Minnesota United FC,2,2,,,asa,,,,
asa-gOMnXYzlqw,2020-09-19,2020,regular,Sporting Kansas City,FC Dallas,2,3,,,asa,,,,
asa-gjMN36rD5K,2020-09-19,2020,regular,Real Salt Lake,Vancouver Whitecaps FC,1,2,,,asa,,,,
asa-raMyYendMd,2020-09-19,2020,regular,LA Galaxy,Colorado Rapids,0,2,,,asa,,,,
asa-vzqo2JzJ5a,2020-09-19,2020,regular,Atlanta United FC,Inter Miami CF,1,2,,,asa,,,,
asa-wvq9GXwBMW,2020-09-19,2020,regular,Columbus Crew,Nashville SC,2,0,,,asa,,,,
asa-eV5DNk9nQK,2020-09-20,2020,regular,CF Montréal,Philadelphia Union,1,4,,,asa,,,,
asa-2vQ1ld1Oqr,2020-09-23,2020,regular,Atlanta United FC,FC Dallas,1,0,,,asa,,,,
asa-9Yqd8wzEqv,2020-09-23,2020,regular,Columbus Crew,Minnesota United FC,2,1,,,asa,,,,
asa-9vQ284rm5K,2020-09-23,2020,regular,Nashville SC,D.C. United,1,0,,,asa,,,,
asa-KPqjAwzY56,2020-09-23,2020,regular,Real Salt Lake,LA Galaxy,2,0,,,asa,,,,
asa-KXMeY3zPM6,2020-09-23,2020,regular,New England Revolution,CF Montréal,3,1,,,asa,,,,
asa-NPqxXAOXq9,2020-09-23,2020,regular,Sporting Kansas City,Orlando City SC,1,2,,,asa,,,,
asa-OlMlaBzD5L,2020-09-23,2020,regular,Chicago Fire FC,Houston Dynamo FC,4,0,,,asa,,,,
asa-Vj58glJLM8,2020-09-23,2020,regular,FC Cincinnati,Philadelphia Union,0,0,,,asa,,,,
asa-a35rXB32QL,2020-09-23,2020,regular,New York City FC,Toronto FC,0,1,,,asa,,,,
asa-aDQ0rlD35E,2020-09-23,2020,regular,Colorado Rapids,San Jose Earthquakes,5,0,,,asa,,,,
asa-kRQa1WzjQK,2020-09-23,2020,regular,Los Angeles FC,Vancouver Whitecaps FC,6,0,,,asa,,,,
asa-odMX9Ezx5Y,2020-09-23,2020,regular,Inter Miami CF,New York Red Bulls,1,4,,,asa,,,,
asa-xW5pXwJJ5g,2020-09-23,2020,regular,Portland Timbers FC,Seattle Sounders FC,1,0,,,asa,,,,
asa-KAqBPkyWMb,2020-09-26,2020,regular,Nashville SC,Houston Dynamo FC,1,1,,,asa,,,,
asa-NWMWRoGNQl,2020-09-26,2020,regular,New York City FC,FC Cincinnati,4,0,,,asa,,,,
asa-0Oq6BLGPq6,2020-09-27,2020,regular,Chicago Fire FC,Atlanta United FC,2,0,,,asa,,,,
asa-0x5gXWrmq7,2020-09-27,2020,regular,D.C. United,New England Revolution,0,2,,,asa,,,,
asa-2lqRG7w4Qr,2020-09-27,2020,regular,FC Dallas,Orlando City SC,0,0,,,asa,,,,
asa-315Vo7vXq9,2020-09-27,2020,regular,LA Galaxy,Seattle Sounders FC,1,3,,,asa,,,,
asa-7VqGD3lxQv,2020-09-27,2020,regular,New York Red Bulls,CF Montréal,4,1,,,asa,,,,
asa-9z5kK3va5A,2020-09-27,2020,regular,Vancouver Whitecaps FC,Portland Timbers FC,0,1,,,asa,,,,
asa-EGMPWRzkQa,2020-09-27,2020,regular,Los Angeles FC,San Jose Earthquakes,1,2,,,asa,,,,
asa-gOMnXYxeqw,2020-09-27,2020,regular,Toronto FC,Columbus Crew,3,1,,,asa,,,,
asa-gpMOBejyQz,2020-09-27,2020,regular,Philadelphia Union,Inter Miami CF,3,0,,,asa,,,,
asa-vzqo2J0p5a,2020-09-27,2020,regular,Minnesota United FC,Real Salt Lake,0,0,,,asa,,,,
asa-0Oq6BLPzq6,2020-10-03,2020,regular,Seattle Sounders FC,Vancouver Whitecaps FC,3,1,,,asa,,,,
asa-0x5gXWdRq7,2020-10-03,2020,regular,FC Dallas,Columbus Crew,2,2,,,asa,,,,
asa-KAqBPkXZMb,2020-10-03,2020,regular,Inter Miami CF,New York City FC,2,3,,,asa,,,,
asa-NWMWRonZQl,2020-10-03,2020,regular,Minnesota United FC,FC Cincinnati,2,0,,,asa,,,,
asa-Oa5wXd3Wq1,2020-10-03,2020,regular,Orlando City SC,New York Red Bulls,3,1,,,asa,,,,
asa-Pk5LJ6j7QO,2020-10-03,2020,regular,Houston Dynamo FC,Sporting Kansas City,1,2,,,asa,,,,
asa-eVq3Jy9w5W,2020-10-03,2020,regular,Toronto FC,Philadelphia Union,2,1,,,asa,,,,
asa-gjMN36aj5K,2020-10-03,2020,regular,D.C. United,Atlanta United FC,0,4,,,asa,,,,
asa-gpMOBew7Qz,2020-10-03,2020,regular,San Jose Earthquakes,LA Galaxy,2,1,,,asa,,,,
asa-jYQJlg4d5G,2020-10-03,2020,regular,New England Revolution,Nashville SC,0,0,,,asa,,,,
asa-raMyYeOeMd,2020-10-03,2020,regular,CF Montréal,Chicago Fire FC,2,2,,,asa,,,,
asa-gOMnXYpBqw,2020-10-04,2020,regular,Real Salt Lake,Los Angeles FC,1,3,,,asa,,,,
asa-2lqRG7WxQr,2020-10-06,2020,regular,Nashville SC,Minnesota United FC,0,0,,,asa,,,,
asa-0x5gXW3Rq7,2020-10-07,2020,regular,Seattle Sounders FC,Real Salt Lake,2,1,,,asa,,,,
asa-7vQ7WewGQD,2020-10-07,2020,regular,Columbus Crew,CF Montréal,1,2,,,asa,,,,
asa-NPqxXABZq9,2020-10-07,2020,regular,LA Galaxy,Portland Timbers FC,3,6,,,asa,,,,
asa-Oa5wXdyWq1,2020-10-07,2020,regular,Philadelphia Union,FC Cincinnati,3,0,,,asa,,,,
asa-aDQ0rlnR5E,2020-10-07,2020,regular,New England Revolution,Toronto FC,0,1,,,asa,,,,
asa-eV5DN2RnQK,2020-10-07,2020,regular,Sporting Kansas City,Chicago Fire FC,1,0,,,asa,,,,
asa-eVq3Jy0w5W,2020-10-07,2020,regular,San Jose Earthquakes,Vancouver Whitecaps FC,3,0,,,asa,,,,
asa-kRQa1WZbQK,2020-10-07,2020,regular,New York Red Bulls,Inter Miami CF,1,2,,,asa,,,,
asa-raMyYeWNMd,2020-10-07,2020,regular,Houston Dynamo FC,FC Dallas,2,0,,,asa,,,,
asa-vzqo2JaB5a,2020-10-07,2020,regular,New York City FC,D.C. United,4,1,,,asa,,,,
asa-wvq9GXymMW,2020-10-07,2020,regular,Atlanta United FC,Orlando City SC,0,0,,,asa,,,,
asa-7vQ7WxLDQD,2020-10-10,2020,regular,Vancouver Whitecaps FC,Real Salt Lake,2,1,,,asa,,,,
asa-EGMPWR30Qa,2020-10-10,2020,regular,Inter Miami CF,Houston Dynamo FC,1,0,,,asa,,,,
asa-Pk5LJ6vDQO,2020-10-10,2020,regular,Atlanta United FC,New York Red Bulls,0,1,,,asa,,,,
asa-2vQ1ldowqr,2020-10-11,2020,regular,Chicago Fire FC,D.C. United,2,1,,,asa,,,,
asa-9Yqd8wrmqv,2020-10-11,2020,regular,Sporting Kansas City,Nashville SC,2,1,,,asa,,,,
asa-9vQ284Rx5K,2020-10-11,2020,regular,Los Angeles FC,Seattle Sounders FC,3,1,,,asa,,,,
asa-Xj5YkyzwQb,2020-10-11,2020,regular,Philadelphia Union,CF Montréal,2,1,,,asa,,,,
asa-a35rXBZwQL,2020-10-11,2020,regular,FC Cincinnati,Toronto FC,0,1,,,asa,,,,
asa-eV5DNkxJQK,2020-10-11,2020,regular,New York City FC,New England Revolution,1,2,,,asa,,,,
asa-odMX9Eoo5Y,2020-10-11,2020,regular,Portland Timbers FC,San Jose Earthquakes,3,0,,,asa,,,,
asa-4JMAVkW95K,2020-10-14,2020,regular,FC Cincinnati,Columbus Crew,2,1,,,asa,,,,
asa-4wM4wEjlQj,2020-10-14,2020,regular,Orlando City SC,New York City FC,1,1,,,asa,,,,
asa-BLMvX6N7qx,2020-10-14,2020,regular,Houston Dynamo FC,Nashville SC,1,3,,,asa,,,,
asa-KPqjAw2E56,2020-10-14,2020,regular,D.C. United,Philadelphia Union,2,2,,,asa,,,,
asa-XVqK82V2Q0,2020-10-14,2020,regular,Inter Miami CF,Atlanta United FC,1,1,,,asa,,,,
asa-Xj5Yk42EQb,2020-10-14,2020,regular,Vancouver Whitecaps FC,Los Angeles FC,2,1,,,asa,,,,
asa-e7MzXZ17qr,2020-10-14,2020,regular,Real Salt Lake,Portland Timbers FC,2,1,,,asa,,,,
asa-jYQJlgkd5G,2020-10-14,2020,regular,LA Galaxy,San Jose Earthquakes,0,4,,,asa,,,,
asa-ljqEyJONqx,2020-10-14,2020,regular,FC Dallas,Sporting Kansas City,1,0,,,asa,,,,
asa-xW5pXwR65g,2020-10-14,2020,regular,CF Montréal,New England Revolution,2,3,,,asa,,,,
asa-zeQZVexjQK,2020-10-14,2020,regular,Toronto FC,New York Red Bulls,1,1,,,asa,,,,
asa-KAqBPkgZMb,2020-10-17,2020,regular,Chicago Fire FC,Sporting Kansas City,2,2,,,asa,,,,
asa-NWMWRoeZQl,2020-10-17,2020,regular,CF Montréal,Inter Miami CF,2,1,,,asa,,,,
asa-0Oq6BLazq6,2020-10-18,2020,regular,FC Cincinnati,D.C. United,1,2,,,asa,,,,
asa-2lqRG71xQr,2020-10-18,2020,regular,Minnesota United FC,Houston Dynamo FC,2,2,,,asa,,,,
asa-7VqGD3oYQv,2020-10-18,2020,regular,New York Red Bulls,Orlando City SC,1,1,,,asa,,,,
asa-KAqBPkg7Mb,2020-10-18,2020,regular,San Jose Earthquakes,Seattle Sounders FC,0,0,,,asa,,,,
asa-Oa5wXdyXq1,2020-10-18,2020,regular,Portland Timbers FC,Los Angeles FC,1,1,,,asa,,,,
asa-eVq3Jy0g5W,2020-10-18,2020,regular,LA Galaxy,Vancouver Whitecaps FC,1,0,,,asa,,,,
asa-gpMOBey7Qz,2020-10-18,2020,regular,Columbus Crew,New York City FC,3,1,,,asa,,,,
asa-vzqo2JoB5a,2020-10-18,2020,regular,Toronto FC,Atlanta United FC,1,0,,,asa,,,,
asa-gOMnXYnBqw,2020-10-19,2020,regular,New England Revolution,Philadelphia Union,1,2,,,asa,,,,
asa-NWMWRoezQl,2020-10-20,2020,regular,Nashville SC,FC Dallas,3,0,,,asa,,,,
asa-EGMPWR73Qa,2020-10-22,2020,regular,Seattle Sounders FC,Portland Timbers FC,1,1,,,asa,,,,
asa-wvq9GXZlMW,2020-10-23,2020,regular,Nashville SC,New England Revolution,1,1,,,asa,,,,
asa-0Oq6BLa7q6,2020-10-24,2020,regular,New York City FC,CF Montréal,3,1,,,asa,,,,
asa-0x5gXW3jq7,2020-10-24,2020,regular,Inter Miami CF,Orlando City SC,2,1,,,asa,,,,
asa-2lqRG71DQr,2020-10-24,2020,regular,Houston Dynamo FC,Columbus Crew,1,1,,,asa,,,,
asa-315Vo7dGq9,2020-10-24,2020,regular,Real Salt Lake,FC Dallas,0,0,,,asa,,,,
asa-7VqGD3oXQv,2020-10-24,2020,regular,Atlanta United FC,D.C. United,1,2,,,asa,,,,
asa-9z5kK3GY5A,2020-10-24,2020,regular,Sporting Kansas City,Colorado Rapids,4,0,,,asa,,,,
asa-Pk5LJ6PPQO,2020-10-24,2020,regular,Vancouver Whitecaps FC,San Jose Earthquakes,2,1,,,asa,,,,
asa-gOMnXYnxqw,2020-10-24,2020,regular,FC Cincinnati,Minnesota United FC,0,1,,,asa,,,,
asa-gpMOBeyRQz,2020-10-24,2020,regular,Chicago Fire FC,New York Red Bulls,2,2,,,asa,,,,
asa-vzqo2Jov5a,2020-10-24,2020,regular,Philadelphia Union,Toronto FC,5,0,,,asa,,,,
asa-gjMN36N45K,2020-10-25,2020,regular,Los Angeles FC,LA Galaxy,2,0,,,asa,,,,
asa-7vQ7WxA8QD,2020-10-27,2020,regular,Vancouver Whitecaps FC,Seattle Sounders FC,0,2,,,asa,,,,
asa-raMyYeDJMd,2020-10-27,2020,regular,CF Montréal,Nashville SC,0,1,,,asa,,,,
asa-2vQ1ldGLqr,2020-10-28,2020,regular,New York Red Bulls,New England Revolution,1,0,,,asa,,,,
asa-9vQ2846e5K,2020-10-28,2020,regular,Portland Timbers FC,LA Galaxy,5,2,,,asa,,,,
asa-KXMeY3N3M6,2020-10-28,2020,regular,Minnesota United FC,Colorado Rapids,2,1,,,asa,,,,
asa-NPqxXAZYq9,2020-10-28,2020,regular,Los Angeles FC,Houston Dynamo FC,2,1,,,asa,,,,
asa-OlMlaB8A5L,2020-10-28,2020,regular,Orlando City SC,Atlanta United FC,4,1,,,asa,,,,
asa-Vj58glkwM8,2020-10-28,2020,regular,Philadelphia Union,Chicago Fire FC,2,1,,,asa,,,,
asa-a35rXB0KQL,2020-10-28,2020,regular,FC Cincinnati,Sporting Kansas City,0,1,,,asa,,,,
asa-aDQ0rlgE5E,2020-10-28,2020,regular,San Jose Earthquakes,Real Salt Lake,2,0,,,asa,,,,
asa-eV5DNkdmQK,2020-10-28,2020,regular,D.C. United,Columbus Crew,1,0,,,asa,,,,
asa-jYQJlYyB5G,2020-10-28,2020,regular,Toronto FC,New York City FC,0,1,,,asa,,,,
asa-odMX9EYG5Y,2020-10-28,2020,regular,FC Dallas,Inter Miami CF,2,1,,,asa,,,,
asa-KPqjAwrN56,2020-10-31,2020,regular,FC Dallas,Houston Dynamo FC,3,0,,,asa,,,,
asa-xW5pXw205g,2020-10-31,2020,regular,Nashville SC,Chicago Fire FC,1,1,,,asa,,,,
asa-4JMAVkrP5K,2020-11-01,2020,regular,CF Montréal,Orlando City SC,0,1,,,asa,,,,
asa-4wM4wEnBQj,2020-11-01,2020,regular,New York City FC,New York Red Bulls,5,2,,,asa,,,,
asa-BLMvX6A8qx,2020-11-01,2020,regular,New England Revolution,D.C. United,4,3,,,asa,,,,
asa-N6MmXWdwQE,2020-11-01,2020,regular,LA Galaxy,Real Salt Lake,2,1,,,asa,,,,
asa-e7MzXZKPqr,2020-11-01,2020,regular,Portland Timbers FC,Vancouver Whitecaps FC,1,0,,,asa,,,,
asa-kRQa1WkOQK,2020-11-01,2020,regular,Atlanta United FC,FC Cincinnati,2,0,,,asa,,,,
asa-ljqEyJeYqx,2020-11-01,2020,regular,Colorado Rapids,Seattle Sounders FC,3,1,,,asa,,,,
asa-p6qbrgVaq0,2020-11-01,2020,regular,Toronto FC,Inter Miami CF,2,1,,,asa,,,,
asa-zeQZVeGNQK,2020-11-01,2020,regular,Columbus Crew,Philadelphia Union,2,1,,,asa,,,,
asa-7VqGD3pYQv,2020-11-04,2020,regular,Portland Timbers FC,Colorado Rapids,0,1,,,asa,,,,
asa-KPqjAbaP56,2020-11-04,2020,regular,LA Galaxy,Seattle Sounders FC,1,1,,,asa,,,,
asa-Oa5wX06Aq1,2020-11-04,2020,regular,San Jose Earthquakes,Los Angeles FC,3,2,,,asa,,,,
asa-Oa5wX9pDq1,2020-11-04,2020,regular,Nashville SC,FC Dallas,0,1,,,asa,,,,
asa-OlMlaB0R5L,2020-11-04,2020,regular,Orlando City SC,Columbus Crew,2,1,,,asa,,,,
asa-p6qbrgv3q0,2020-11-04,2020,regular,Minnesota United FC,Chicago Fire FC,2,2,,,asa,,,,
asa-0Oq6BLR7q6,2020-11-08,2020,regular,New York Red Bulls,Toronto FC,2,1,,,asa,,,,
asa-0x5gXW7jq7,2020-11-08,2020,regular,Inter Miami CF,FC Cincinnati,2,1,,,asa,,,,
asa-2lqRG7bDQr,2020-11-08,2020,regular,Seattle Sounders FC,San Jose Earthquakes,4,1,,,asa,,,,
asa-7VqGD32XQv,2020-11-08,2020,regular,Minnesota United FC,FC Dallas,3,0,,,asa,,,,
asa-KAqBPkl7Mb,2020-11-08,2020,regular,Houston Dynamo FC,Colorado Rapids,1,2,,,asa,,,,
asa-NWMWRoBzQl,2020-11-08,2020,regular,Los Angeles FC,Portland Timbers FC,1,1,,,asa,,,,
asa-Oa5wXd4Xq1,2020-11-08,2020,regular,Columbus Crew,Atlanta United FC,2,1,,,asa,,,,
asa-eVq3JyOg5W,2020-11-08,2020,regular,D.C. United,CF Montréal,2,3,,,asa,,,,
asa-gOMnXYexqw,2020-11-08,2020,regular,Philadelphia Union,New England Revolution,2,0,,,asa,,,,
asa-gpMOBeZRQz,2020-11-08,2020,regular,Orlando City SC,Nashville SC,2,3,,,asa,,,,
asa-jYQJlgjE5G,2020-11-08,2020,regular,Chicago Fire FC,New York City FC,3,4,,,asa,,,,
asa-vzqo2JXv5a,2020-11-08,2020,regular,Real Salt Lake,Sporting Kansas City,0,2,,,asa,,,,
asa-wvq9GXVlMW,2020-11-08,2020,regular,Vancouver Whitecaps FC,LA Galaxy,3,0,,,asa,,,,
asa-0Oq6BAgzq6,2020-11-20,2020,postseason,New England Revolution,CF Montréal,2,1,,,asa,,,,
asa-gpMOBYA7Qz,2020-11-20,2020,postseason,Nashville SC,Inter Miami CF,3,0,,,asa,,,,
asa-gOMnX7NBqw,2020-11-21,2020,postseason,Orlando City SC,New York City FC,2,1,,pens,asa,,,,
asa-vzqo2DyB5a,2020-11-21,2020,postseason,Columbus Crew,New York Red Bulls,3,2,,,asa,,,,
asa-315VoxAVq9,2020-11-22,2020,postseason,Sporting Kansas City,San Jose Earthquakes,4,3,,pens,asa,,,,
asa-eV5DNbvJQK,2020-11-22,2020,postseason,Portland Timbers FC,FC Dallas,1,2,,pens,asa,,,,
asa-gjMN3x2p5K,2020-11-22,2020,postseason,Minnesota United FC,Colorado Rapids,3,0,,,asa,,,,
asa-2vQ1lAJwqr,2020-11-24,2020,postseason,Toronto FC,Nashville SC,0,1,,AET,asa,,,,
asa-OlMlaNyR5L,2020-11-24,2020,postseason,Seattle Sounders FC,Los Angeles FC,3,1,,,asa,,,,
asa-a35rXaxwQL,2020-11-24,2020,postseason,Philadelphia Union,New England Revolution,0,2,,,asa,,,,
asa-9Yqd8nymqv,2020-11-29,2020,postseason,Columbus Crew,Nashville SC,2,0,,AET,asa,,,,
asa-Vj58gA6rM8,2020-11-29,2020,postseason,Orlando City SC,New England Revolution,1,3,,,asa,,,,
asa-KXMeYoy1M6,2020-12-01,2020,postseason,Seattle Sounders FC,FC Dallas,1,0,,,asa,,,,
asa-odMX9xAo5Y,2020-12-03,2020,postseason,Sporting Kansas City,Minnesota United FC,0,3,,,asa,,,,
asa-9vQ28Awx5K,2020-12-06,2020,postseason,Columbus Crew,New England Revolution,1,0,,,asa,,,,
asa-NPqxXaNZq9,2020-12-07,2020,postseason,Seattle Sounders FC,Minnesota United FC,3,2,,,asa,,,,
asa-Vj58m7jEq8,2020-12-12,2020,postseason,Columbus Crew,Seattle Sounders FC,3,0,,,asa,,,,
asa-315Vogxbq9,2021-04-16,2021,regular,Houston Dynamo FC,San Jose Earthquakes,2,1,,,asa,,,,
asa-EGMPWpxAQa,2021-04-16,2021,regular,Seattle Sounders FC,Minnesota United FC,4,0,,,asa,,,,
asa-2vQ1lwA0qr,2021-04-17,2021,regular,Chicago Fire FC,New England Revolution,2,2,,,asa,,,,
asa-7vQ7W6EzQD,2021-04-17,2021,regular,Nashville SC,FC Cincinnati,2,2,,,asa,,,,
asa-Pk5LJ2xNQO,2021-04-17,2021,regular,CF Montréal,Toronto FC,4,2,,,asa,,,,
asa-Vj58gOAmM8,2021-04-17,2021,regular,D.C. United,New York City FC,2,1,,,asa,,,,
asa-a35rXJaGQL,2021-04-17,2021,regular,New York Red Bulls,Sporting Kansas City,1,2,,,asa,,,,
asa-eV5DNDbOQK,2021-04-17,2021,regular,FC Dallas,Colorado Rapids,0,0,,,asa,,,,
asa-gjMN30xB5K,2021-04-17,2021,regular,Orlando City SC,Atlanta United FC,0,0,,,asa,,,,
asa-raMyY6a2Md,2021-04-17,2021,regular,Los Angeles FC,Austin FC,2,0,,,asa,,,,
asa-9Yqd87n8qv,2021-04-18,2021,regular,Inter Miami CF,LA Galaxy,2,3,,,asa,,,,
asa-KXMeYDoBM6,2021-04-18,2021,regular,Columbus Crew,Philadelphia Union,0,0,,,asa,,,,
asa-OlMlaXNN5L,2021-04-18,2021,regular,Vancouver Whitecaps FC,Portland Timbers FC,1,0,,,asa,,,,
asa-odMX96x05Y,2021-04-23,2021,regular,Sporting Kansas City,Orlando City SC,1,1,,,asa,,,,
asa-4JMAVNAD5K,2021-04-24,2021,regular,Nashville SC,CF Montréal,2,2,,,asa,,,,
asa-4wM4wWAdQj,2021-04-24,2021,regular,New York City FC,FC Cincinnati,5,0,,,asa,,,,
asa-9vQ283Ar5K,2021-04-24,2021,regular,San Jose Earthquakes,FC Dallas,3,1,,,asa,,,,
asa-BLMvXWa3qx,2021-04-24,2021,regular,Philadelphia Union,Inter Miami CF,1,2,,,asa,,,,
asa-KPqjAdP456,2021-04-24,2021,regular,Atlanta United FC,Chicago Fire FC,3,1,,,asa,,,,
asa-NPqxXGajq9,2021-04-24,2021,regular,Los Angeles FC,Seattle Sounders FC,1,1,,,asa,,,,
asa-XVqK8XxaQ0,2021-04-24,2021,regular,Toronto FC,Vancouver Whitecaps FC,2,2,,,asa,,,,
asa-aDQ0rJAW5E,2021-04-24,2021,regular,Portland Timbers FC,Houston Dynamo FC,2,1,,,asa,,,,
asa-kRQa1LGLQK,2021-04-24,2021,regular,Minnesota United FC,Real Salt Lake,1,2,,,asa,,,,
asa-xW5pXj195g,2021-04-24,2021,regular,Colorado Rapids,Austin FC,1,3,,,asa,,,,
asa-zeQZVnEDQK,2021-04-24,2021,regular,New England Revolution,D.C. United,1,0,,,asa,,,,
asa-p6qbrN6Dq0,2021-04-25,2021,regular,LA Galaxy,New York Red Bulls,3,2,,,asa,,,,
asa-0Oq6BXGPq6,2021-05-01,2021,regular,Houston Dynamo FC,Los Angeles FC,1,1,,,asa,,,,
asa-0x5gXGrmq7,2021-05-01,2021,regular,Philadelphia Union,New York City FC,0,2,,,asa,,,,
asa-7VqGDnlxQv,2021-05-01,2021,regular,CF Montréal,Columbus Crew,0,0,,,asa,,,,
asa-KAqBPWyWMb,2021-05-01,2021,regular,San Jose Earthquakes,D.C. United,4,1,,,asa,,,,
asa-NWMWRdGNQl,2021-05-01,2021,regular,New York Red Bulls,Chicago Fire FC,2,0,,,asa,,,,
asa-Oa5wXrggq1,2021-05-01,2021,regular,FC Dallas,Portland Timbers FC,4,1,,,asa,,,,
asa-Xj5YkXOlQb,2021-05-01,2021,regular,New England Revolution,Atlanta United FC,2,1,,,asa,,,,
asa-eVq3J8BG5W,2021-05-01,2021,regular,Minnesota United FC,Austin FC,0,1,,,asa,,,,
asa-jYQJl9eG5G,2021-05-01,2021,regular,Orlando City SC,FC Cincinnati,3,0,,,asa,,,,
asa-ljqEy1xOqx,2021-05-01,2021,regular,Real Salt Lake,Sporting Kansas City,3,1,,,asa,,,,
asa-gOMnXkxeqw,2021-05-02,2021,regular,Seattle Sounders FC,LA Galaxy,3,0,,,asa,,,,
asa-gpMOBNjyQz,2021-05-02,2021,regular,Nashville SC,Inter Miami CF,0,0,,,asa,,,,
asa-vzqo2V0p5a,2021-05-02,2021,regular,Vancouver Whitecaps FC,Colorado Rapids,0,1,,,asa,,,,
asa-2lqRGDw4Qr,2021-05-07,2021,regular,Real Salt Lake,San Jose Earthquakes,1,2,,,asa,,,,
asa-315Vo8vXq9,2021-05-08,2021,regular,Nashville SC,New England Revolution,2,0,,,asa,,,,
asa-7vQ7W2oeQD,2021-05-08,2021,regular,New York Red Bulls,Toronto FC,2,0,,,asa,,,,
asa-9z5kKova5A,2021-05-08,2021,regular,LA Galaxy,Los Angeles FC,2,1,,,asa,,,,
asa-EGMPWyzkQa,2021-05-08,2021,regular,Colorado Rapids,Minnesota United FC,3,2,,,asa,,,,
asa-Pk5LJVj7QO,2021-05-08,2021,regular,Chicago Fire FC,Philadelphia Union,0,2,,,asa,,,,
asa-eV5DNGlRQK,2021-05-08,2021,regular,FC Dallas,Houston Dynamo FC,1,1,,,asa,,,,
asa-gjMN3Laj5K,2021-05-08,2021,regular,Columbus Crew,D.C. United,3,1,,,asa,,,,
asa-raMyY8OeMd,2021-05-08,2021,regular,Vancouver Whitecaps FC,CF Montréal,2,0,,,asa,,,,
asa-wvq9G09aMW,2021-05-08,2021,regular,Orlando City SC,New York City FC,1,1,,,asa,,,,
asa-2vQ1lrWxqr,2021-05-09,2021,regular,Inter Miami CF,Atlanta United FC,1,1,,,asa,,,,
asa-OlMlaRvP5L,2021-05-09,2021,regular,Sporting Kansas City,Austin FC,2,1,,,asa,,,,
asa-a35rXNweQL,2021-05-09,2021,regular,Portland Timbers FC,Seattle Sounders FC,1,2,,,asa,,,,
asa-9Yqd8BvRqv,2021-05-12,2021,regular,Philadelphia Union,New England Revolution,1,1,,,asa,,,,
asa-9vQ28lg75K,2021-05-12,2021,regular,Toronto FC,Columbus Crew,2,0,,,asa,,,,
asa-KXMeYWv2M6,2021-05-12,2021,regular,San Jose Earthquakes,Seattle Sounders FC,0,1,,,asa,,,,
asa-NPqxXl68q9,2021-05-12,2021,regular,Inter Miami CF,CF Montréal,0,2,,,asa,,,,
asa-Vj58gxR2M8,2021-05-12,2021,regular,Houston Dynamo FC,Sporting Kansas City,1,0,,,asa,,,,
asa-odMX9evA5Y,2021-05-12,2021,regular,Minnesota United FC,Vancouver Whitecaps FC,1,0,,,asa,,,,
asa-aDQ0r1B25E,2021-05-13,2021,regular,D.C. United,Chicago Fire FC,1,0,,,asa,,,,
asa-4JMAVBDY5K,2021-05-15,2021,regular,Philadelphia Union,New York Red Bulls,1,0,,,asa,,,,
asa-4wM4wd6AQj,2021-05-15,2021,regular,Real Salt Lake,Nashville SC,0,0,,,asa,,,,
asa-BLMvXYgXqx,2021-05-15,2021,regular,Atlanta United FC,CF Montréal,1,0,,,asa,,,,
asa-KPqjAnv856,2021-05-15,2021,regular,Minnesota United FC,FC Dallas,1,0,,,asa,,,,
asa-XVqK8k0BQ0,2021-05-15,2021,regular,LA Galaxy,Austin FC,2,0,,,asa,,,,
asa-kRQa1JvYQK,2021-05-15,2021,regular,San Jose Earthquakes,Portland Timbers FC,0,2,,,asa,,,,
asa-xW5pXPvK5g,2021-05-15,2021,regular,Colorado Rapids,Houston Dynamo FC,3,1,,,asa,,,,
asa-zeQZV2vgQK,2021-05-15,2021,regular,New York City FC,Toronto FC,1,1,,,asa,,,,
asa-N6MmX9vgQE,2021-05-16,2021,regular,Sporting Kansas City,Vancouver Whitecaps FC,3,0,,,asa,,,,
asa-e7MzXOaKqr,2021-05-16,2021,regular,FC Cincinnati,Inter Miami CF,2,3,,,asa,,,,
asa-e7MzXdnjqr,2021-05-16,2021,regular,D.C. United,Orlando City SC,0,1,,,asa,,,,
asa-ljqEy68kqx,2021-05-16,2021,regular,Seattle Sounders FC,Los Angeles FC,2,0,,,asa,,,,
asa-p6qbrwEpq0,2021-05-16,2021,regular,New England Revolution,Columbus Crew,1,0,,,asa,,,,
asa-0Oq6BXnPq6,2021-05-22,2021,regular,Houston Dynamo FC,Vancouver Whitecaps FC,2,1,,,asa,,,,
asa-0x5gXGvmq7,2021-05-22,2021,regular,CF Montréal,FC Cincinnati,1,2,,,asa,,,,
asa-7VqGDnexQv,2021-05-22,2021,regular,Orlando City SC,Toronto FC,1,0,,,asa,,,,
asa-KAqBPW1WMb,2021-05-22,2021,regular,San Jose Earthquakes,Sporting Kansas City,1,3,,,asa,,,,
asa-NWMWRdvNQl,2021-05-22,2021,regular,Los Angeles FC,Colorado Rapids,2,1,,,asa,,,,
asa-Oa5wXrGgq1,2021-05-22,2021,regular,FC Dallas,Real Salt Lake,2,2,,,asa,,,,
asa-Xj5YkXvlQb,2021-05-22,2021,regular,Portland Timbers FC,LA Galaxy,3,0,,,asa,,,,
asa-eVq3J8GG5W,2021-05-22,2021,regular,New England Revolution,New York Red Bulls,3,1,,,asa,,,,
asa-gpMOBNKyQz,2021-05-22,2021,regular,Chicago Fire FC,Inter Miami CF,1,0,,,asa,,,,
asa-jYQJl9xG5G,2021-05-22,2021,regular,New York City FC,Columbus Crew,1,2,,,asa,,,,
asa-2lqRGDv4Qr,2021-05-23,2021,regular,D.C. United,Philadelphia Union,0,1,,,asa,,,,
asa-gOMnXkveqw,2021-05-23,2021,regular,Seattle Sounders FC,Atlanta United FC,1,1,,,asa,,,,
asa-vzqo2Vvp5a,2021-05-23,2021,regular,Nashville SC,Austin FC,1,0,,,asa,,,,
asa-0x5gXGGLq7,2021-05-29,2021,regular,New York Red Bulls,Orlando City SC,2,1,,,asa,,,,
asa-2lqRGDDnQr,2021-05-29,2021,regular,LA Galaxy,San Jose Earthquakes,1,0,,,asa,,,,
asa-7VqGDnn3Qv,2021-05-29,2021,regular,Real Salt Lake,Minnesota United FC,1,1,,,asa,,,,
asa-KAqBPWWVMb,2021-05-29,2021,regular,FC Cincinnati,New England Revolution,0,1,,,asa,,,,
asa-NWMWRddLQl,2021-05-29,2021,regular,Inter Miami CF,D.C. United,0,3,,,asa,,,,
asa-Oa5wXrrYq1,2021-05-29,2021,regular,Colorado Rapids,FC Dallas,3,0,,,asa,,,,
asa-eVq3J88j5W,2021-05-29,2021,regular,Atlanta United FC,Nashville SC,2,2,,,asa,,,,
asa-gOMnXkkJqw,2021-05-29,2021,regular,Chicago Fire FC,CF Montréal,0,1,,,asa,,,,
asa-gpMOBNN1Qz,2021-05-29,2021,regular,Columbus Crew,Toronto FC,2,1,,,asa,,,,
asa-jYQJl99D5G,2021-05-29,2021,regular,Sporting Kansas City,Houston Dynamo FC,3,2,,,asa,,,,
asa-vzqo2VVL5a,2021-05-29,2021,regular,Los Angeles FC,New York City FC,1,2,,,asa,,,,
asa-0Oq6BXX2q6,2021-05-30,2021,regular,Seattle Sounders FC,Austin FC,0,0,,,asa,,,,
asa-wvq9G00YMW,2021-05-30,2021,regular,Philadelphia Union,Portland Timbers FC,3,0,,,asa,,,,
asa-kRQa1JXLQK,2021-06-12,2021,regular,Sporting Kansas City,Austin FC,1,1,,,asa,,,,
asa-2vQ1lrr0qr,2021-06-18,2021,regular,New York Red Bulls,Nashville SC,2,0,,,asa,,,,
asa-315Vo88bq9,2021-06-18,2021,regular,Real Salt Lake,Vancouver Whitecaps FC,3,1,,,asa,,,,
asa-7vQ7W22zQD,2021-06-19,2021,regular,Portland Timbers FC,Sporting Kansas City,2,1,,,asa,,,,
asa-9z5kKoog5A,2021-06-19,2021,regular,New York City FC,New England Revolution,2,3,,,asa,,,,
asa-EGMPWyyAQa,2021-06-19,2021,regular,FC Cincinnati,Colorado Rapids,0,2,,,asa,,,,
asa-N6MmX2y0QE,2021-06-19,2021,regular,Austin FC,San Jose Earthquakes,0,0,,,asa,,,,
asa-OlMlaRRN5L,2021-06-19,2021,regular,Los Angeles FC,Houston Dynamo FC,1,1,,,asa,,,,
asa-Pk5LJVVNQO,2021-06-19,2021,regular,D.C. United,Inter Miami CF,1,0,,,asa,,,,
asa-a35rXNNGQL,2021-06-19,2021,regular,Toronto FC,Orlando City SC,2,3,,,asa,,,,
asa-eV5DNGGOQK,2021-06-19,2021,regular,Columbus Crew,Chicago Fire FC,2,0,,,asa,,,,
asa-gjMN3LLB5K,2021-06-19,2021,regular,FC Dallas,Minnesota United FC,1,1,,,asa,,,,
asa-raMyY882Md,2021-06-19,2021,regular,LA Galaxy,Seattle Sounders FC,1,2,,,asa,,,,
asa-Vj58gxxmM8,2021-06-20,2021,regular,Atlanta United FC,Philadelphia Union,2,2,,,asa,,,,
asa-9Yqd8BB8qv,2021-06-22,2021,regular,Orlando City SC,San Jose Earthquakes,5,0,,,asa,,,,
asa-4JMAVBBD5K,2021-06-23,2021,regular,Seattle Sounders FC,Real Salt Lake,2,1,,,asa,,,,
asa-4wM4wdddQj,2021-06-23,2021,regular,Nashville SC,Toronto FC,3,2,,,asa,,,,
asa-9vQ28llr5K,2021-06-23,2021,regular,Minnesota United FC,Austin FC,2,0,,,asa,,,,
asa-BLMvXYY3qx,2021-06-23,2021,regular,CF Montréal,D.C. United,0,0,,,asa,,,,
asa-KPqjAnn456,2021-06-23,2021,regular,Los Angeles FC,FC Dallas,2,0,,,asa,,,,
asa-KXMeYWWBM6,2021-06-23,2021,regular,New England Revolution,New York Red Bulls,3,2,,,asa,,,,
asa-NPqxXlljq9,2021-06-23,2021,regular,Houston Dynamo FC,Portland Timbers FC,2,2,,,asa,,,,
asa-aDQ0r11W5E,2021-06-23,2021,regular,Sporting Kansas City,Colorado Rapids,3,1,,,asa,,,,
asa-kRQa1JJLQK,2021-06-23,2021,regular,Philadelphia Union,Columbus Crew,1,0,,,asa,,,,
asa-odMX9ee05Y,2021-06-23,2021,regular,New York City FC,Atlanta United FC,1,0,,,asa,,,,
asa-xW5pXPP95g,2021-06-23,2021,regular,Chicago Fire FC,FC Cincinnati,0,1,,,asa,,,,
asa-zeQZV22DQK,2021-06-23,2021,regular,Vancouver Whitecaps FC,LA Galaxy,1,2,,,asa,,,,
asa-XVqK8kkaQ0,2021-06-25,2021,regular,Inter Miami CF,Orlando City SC,1,2,,,asa,,,,
asa-N6MmX990QE,2021-06-26,2021,regular,Seattle Sounders FC,Vancouver Whitecaps FC,2,2,,,asa,,,,
asa-Oa5wXrkYq1,2021-06-26,2021,regular,Real Salt Lake,Houston Dynamo FC,1,1,,,asa,,,,
asa-Xj5YkXXGQb,2021-06-26,2021,regular,Toronto FC,FC Cincinnati,0,2,,,asa,,,,
asa-e7MzXddKqr,2021-06-26,2021,regular,Chicago Fire FC,Philadelphia Union,3,3,,,asa,,,,
asa-eVq3J8Nj5W,2021-06-26,2021,regular,San Jose Earthquakes,LA Galaxy,1,3,,,asa,,,,
asa-jYQJl9WD5G,2021-06-26,2021,regular,Nashville SC,CF Montréal,1,1,,,asa,,,,
asa-ljqEy66Oqx,2021-06-26,2021,regular,Portland Timbers FC,Minnesota United FC,0,1,,,asa,,,,
asa-p6qbrwwDq0,2021-06-26,2021,regular,Sporting Kansas City,Los Angeles FC,2,1,,,asa,,,,
asa-0x5gXGaLq7,2021-06-27,2021,regular,FC Dallas,New England Revolution,2,1,,,asa,,,,
asa-7VqGDnw3Qv,2021-06-27,2021,regular,Atlanta United FC,New York Red Bulls,0,0,,,asa,,,,
asa-KAqBPWpVMb,2021-06-27,2021,regular,Austin FC,Columbus Crew,0,0,,,asa,,,,
asa-NWMWRdNLQl,2021-06-27,2021,regular,New York City FC,D.C. United,2,1,,,asa,,,,
asa-2lqRGD9nQr,2021-07-01,2021,regular,Austin FC,Portland Timbers FC,4,1,,,asa,,,,
asa-0Oq6BXD2q6,2021-07-03,2021,regular,Columbus Crew,New England Revolution,2,2,,,asa,,,,
asa-315Vo8Lbq9,2021-07-03,2021,regular,D.C. United,Toronto FC,7,1,,,asa,,,,
asa-7vQ7W21zQD,2021-07-03,2021,regular,Nashville SC,Philadelphia Union,1,0,,,asa,,,,
asa-9z5kKowg5A,2021-07-03,2021,regular,Real Salt Lake,Los Angeles FC,0,1,,,asa,,,,
asa-EGMPWyoAQa,2021-07-03,2021,regular,CF Montréal,Inter Miami CF,1,0,,,asa,,,,
asa-gOMnXkWJqw,2021-07-03,2021,regular,Minnesota United FC,San Jose Earthquakes,2,2,,,asa,,,,
asa-gpMOBNn1Qz,2021-07-03,2021,regular,Orlando City SC,New York Red Bulls,1,2,,,asa,,,,
asa-vzqo2VgL5a,2021-07-03,2021,regular,Houston Dynamo FC,FC Cincinnati,1,1,,,asa,,,,
asa-wvq9G0lYMW,2021-07-03,2021,regular,Chicago Fire FC,Atlanta United FC,3,0,,,asa,,,,
asa-Pk5LJVGNQO,2021-07-04,2021,regular,Colorado Rapids,Seattle Sounders FC,1,1,,,asa,,,,
asa-gjMN3LOB5K,2021-07-04,2021,regular,LA Galaxy,Sporting Kansas City,0,2,,,asa,,,,
asa-raMyY8P2Md,2021-07-04,2021,regular,FC Dallas,Vancouver Whitecaps FC,2,2,,,asa,,,,
asa-2vQ1lrP0qr,2021-07-07,2021,regular,Austin FC,Los Angeles FC,0,2,,,asa,,,,
asa-9Yqd8B08qv,2021-07-07,2021,regular,Seattle Sounders FC,Houston Dynamo FC,2,0,,,asa,,,,
asa-9vQ28lLr5K,2021-07-07,2021,regular,CF Montréal,New York City FC,2,1,,,asa,,,,
asa-KXMeYWjBM6,2021-07-07,2021,regular,New England Revolution,Toronto FC,2,3,,,asa,,,,
asa-OlMlaR3N5L,2021-07-07,2021,regular,LA Galaxy,FC Dallas,3,1,,,asa,,,,
asa-Vj58gxrmM8,2021-07-07,2021,regular,Chicago Fire FC,Orlando City SC,3,1,,,asa,,,,
asa-a35rXNOGQL,2021-07-07,2021,regular,Colorado Rapids,Minnesota United FC,2,0,,,asa,,,,
asa-odMX9ey05Y,2021-07-07,2021,regular,Vancouver Whitecaps FC,Real Salt Lake,0,4,,,asa,,,,
asa-NPqxXlVjq9,2021-07-08,2021,regular,Nashville SC,Atlanta United FC,2,2,,,asa,,,,
asa-aDQ0r1VW5E,2021-07-08,2021,regular,New York Red Bulls,Philadelphia Union,1,1,,,asa,,,,
asa-eV5DNGAOQK,2021-07-09,2021,regular,FC Cincinnati,Columbus Crew,2,2,,,asa,,,,
asa-4JMAVBjD5K,2021-07-17,2021,regular,Colorado Rapids,San Jose Earthquakes,1,1,,,asa,,,,
asa-4wM4wdYdQj,2021-07-17,2021,regular,Los Angeles FC,Real Salt Lake,2,1,,,asa,,,,
asa-BLMvXY93qx,2021-07-17,2021,regular,Columbus Crew,New York City FC,2,1,,,asa,,,,
asa-KPqjAnJ456,2021-07-17,2021,regular,Atlanta United FC,New England Revolution,0,1,,,asa,,,,
asa-XVqK8kgaQ0,2021-07-17,2021,regular,Philadelphia Union,D.C. United,2,1,,,asa,,,,
asa-e7MzXdLKqr,2021-07-17,2021,regular,CF Montréal,FC Cincinnati,5,4,,,asa,,,,
asa-ljqEy64Oqx,2021-07-17,2021,regular,Vancouver Whitecaps FC,LA Galaxy,2,1,,,asa,,,,
asa-p6qbrw2Dq0,2021-07-17,2021,regular,Toronto FC,Orlando City SC,1,1,,,asa,,,,
asa-xW5pXPG95g,2021-07-17,2021,regular,Nashville SC,Chicago Fire FC,5,1,,,asa,,,,
asa-zeQZV2DDQK,2021-07-17,2021,regular,Portland Timbers FC,FC Dallas,1,0,,,asa,,,,
asa-N6MmX9Y0QE,2021-07-18,2021,regular,Minnesota United FC,Seattle Sounders FC,1,0,,,asa,,,,
asa-gOMnXkmJqw,2021-07-20,2021,regular,Vancouver Whitecaps FC,Houston Dynamo FC,0,0,,,asa,,,,
asa-0Oq6BXK2q6,2021-07-21,2021,regular,Inter Miami CF,New England Revolution,0,5,,,asa,,,,
asa-0x5gXGmLq7,2021-07-21,2021,regular,Chicago Fire FC,D.C. United,2,2,,,asa,,,,
asa-7VqGDnK3Qv,2021-07-21,2021,regular,Columbus Crew,Nashville SC,0,0,,,asa,,,,
asa-NWMWRdmLQl,2021-07-21,2021,regular,Portland Timbers FC,Los Angeles FC,2,1,,,asa,,,,
asa-Oa5wXrBYq1,2021-07-21,2021,regular,Sporting Kansas City,San Jose Earthquakes,1,1,,,asa,,,,
asa-XVqK8ka2Q0,2021-07-21,2021,regular,Real Salt Lake,LA Galaxy,2,2,,,asa,,,,
asa-eVq3J8Kj5W,2021-07-21,2021,regular,Colorado Rapids,FC Dallas,2,0,,,asa,,,,
asa-gpMOBNm1Qz,2021-07-21,2021,regular,Toronto FC,New York Red Bulls,1,1,,,asa,,,,
asa-jYQJl9KD5G,2021-07-21,2021,regular,FC Cincinnati,Atlanta United FC,1,1,,,asa,,,,
asa-vzqo2VmL5a,2021-07-21,2021,regular,New York City FC,CF Montréal,1,0,,,asa,,,,
asa-2lqRGDmnQr,2021-07-22,2021,regular,Orlando City SC,Philadelphia Union,2,1,,,asa,,,,
asa-jYQJl9Kd5G,2021-07-22,2021,regular,Austin FC,Seattle Sounders FC,0,1,,,asa,,,,
asa-0Oq6BXKzq6,2021-07-24,2021,regular,Los Angeles FC,Vancouver Whitecaps FC,2,2,,,asa,,,,
asa-0x5gXGmRq7,2021-07-24,2021,regular,San Jose Earthquakes,Houston Dynamo FC,1,1,,,asa,,,,
asa-7VqGDnKYQv,2021-07-24,2021,regular,Real Salt Lake,Colorado Rapids,3,0,,,asa,,,,
asa-KAqBPWKZMb,2021-07-24,2021,regular,FC Dallas,LA Galaxy,4,0,,,asa,,,,
asa-NWMWRdmZQl,2021-07-24,2021,regular,Nashville SC,FC Cincinnati,3,0,,,asa,,,,
asa-Oa5wXrBWq1,2021-07-24,2021,regular,Atlanta United FC,Columbus Crew,0,1,,,asa,,,,
asa-eVq3J8Kw5W,2021-07-24,2021,regular,Minnesota United FC,Portland Timbers FC,2,1,,,asa,,,,
asa-gpMOBNm7Qz,2021-07-24,2021,regular,Chicago Fire FC,Toronto FC,1,2,,,asa,,,,
asa-2lqRGDmxQr,2021-07-25,2021,regular,Inter Miami CF,Philadelphia Union,1,1,,,asa,,,,
asa-9z5kKoYK5A,2021-07-25,2021,regular,New England Revolution,CF Montréal,2,1,,,asa,,,,
asa-gOMnXkmBqw,2021-07-25,2021,regular,New York City FC,Orlando City SC,5,0,,,asa,,,,
asa-vzqo2VmB5a,2021-07-25,2021,regular,D.C. United,New York Red Bulls,1,0,,,asa,,,,
asa-wvq9G0KmMW,2021-07-25,2021,regular,Seattle Sounders FC,Sporting Kansas City,1,3,,,asa,,,,
asa-315Vo8mVq9,2021-07-28,2021,regular,Los Angeles FC,Minnesota United FC,2,2,,,asa,,,,
asa-Pk5LJVKDQO,2021-07-30,2021,regular,Orlando City SC,Atlanta United FC,3,2,,,asa,,,,
asa-gjMN3LKp5K,2021-07-30,2021,regular,LA Galaxy,Portland Timbers FC,4,1,,,asa,,,,
asa-raMyY8gNMd,2021-07-30,2021,regular,New York City FC,Columbus Crew,4,1,,,asa,,,,
asa-2vQ1lrKwqr,2021-07-31,2021,regular,Sporting Kansas City,FC Dallas,1,2,,,asa,,,,
asa-7vQ7W2KDQD,2021-07-31,2021,regular,FC Cincinnati,D.C. United,0,0,,,asa,,,,
asa-9Yqd8Bmmqv,2021-07-31,2021,regular,Inter Miami CF,CF Montréal,2,1,,,asa,,,,
asa-KXMeYWm1M6,2021-07-31,2021,regular,Seattle Sounders FC,San Jose Earthquakes,0,1,,,asa,,,,
asa-OlMlaRmR5L,2021-07-31,2021,regular,New York Red Bulls,New England Revolution,2,3,,,asa,,,,
asa-Vj58gxKrM8,2021-07-31,2021,regular,Vancouver Whitecaps FC,Minnesota United FC,2,2,,,asa,,,,
asa-a35rXNmwQL,2021-07-31,2021,regular,Austin FC,Colorado Rapids,0,1,,,asa,,,,
asa-eV5DNGKJQK,2021-07-31,2021,regular,Houston Dynamo FC,Real Salt Lake,0,0,,,asa,,,,
asa-9vQ28lKx5K,2021-08-01,2021,regular,Philadelphia Union,Chicago Fire FC,1,1,,,asa,,,,
asa-odMX9emo5Y,2021-08-01,2021,regular,Toronto FC,Nashville SC,1,1,,,asa,,,,
asa-4JMAVBl95K,2021-08-04,2021,regular,Austin FC,Houston Dynamo FC,3,2,,,asa,,,,
asa-4wM4wdolQj,2021-08-04,2021,regular,Chicago Fire FC,New York City FC,0,0,,,asa,,,,
asa-BLMvXYJ7qx,2021-08-04,2021,regular,New York Red Bulls,FC Cincinnati,0,0,,,asa,,,,
asa-KAqBPWKVMb,2021-08-04,2021,regular,LA Galaxy,Real Salt Lake,1,0,,,asa,,,,
asa-NPqxXlWZq9,2021-08-04,2021,regular,New England Revolution,Nashville SC,0,0,,,asa,,,,
asa-aDQ0r1KR5E,2021-08-04,2021,regular,Orlando City SC,Inter Miami CF,1,1,,,asa,,,,
asa-e7MzXdW7qr,2021-08-04,2021,regular,CF Montréal,Atlanta United FC,2,2,,,asa,,,,
asa-kRQa1JNbQK,2021-08-04,2021,regular,Portland Timbers FC,San Jose Earthquakes,1,1,,,asa,,,,
asa-ljqEy6XNqx,2021-08-04,2021,regular,Philadelphia Union,Toronto FC,3,0,,,asa,,,,
asa-p6qbrwy3q0,2021-08-04,2021,regular,Seattle Sounders FC,FC Dallas,1,1,,,asa,,,,
asa-xW5pXPp65g,2021-08-04,2021,regular,Los Angeles FC,Sporting Kansas City,1,4,,,asa,,,,
asa-zeQZV2ojQK,2021-08-04,2021,regular,Columbus Crew,D.C. United,2,4,,,asa,,,,
asa-KAqBPW8ZMb,2021-08-07,2021,regular,Columbus Crew,Atlanta United FC,2,3,,,asa,,,,
asa-N6MmX9xLQE,2021-08-07,2021,regular,FC Cincinnati,Orlando City SC,1,1,,,asa,,,,
asa-NWMWRd6ZQl,2021-08-07,2021,regular,Toronto FC,New York City FC,2,2,,,asa,,,,
asa-Oa5wXrwWq1,2021-08-07,2021,regular,Colorado Rapids,Sporting Kansas City,0,0,,,asa,,,,
asa-Xj5YkXnEQb,2021-08-07,2021,regular,Minnesota United FC,Houston Dynamo FC,2,0,,,asa,,,,
asa-eVq3J8nw5W,2021-08-07,2021,regular,Portland Timbers FC,Real Salt Lake,3,2,,,asa,,,,
asa-jYQJl9pd5G,2021-08-07,2021,regular,FC Dallas,Austin FC,2,0,,,asa,,,,
asa-0Oq6BX9zq6,2021-08-08,2021,regular,New England Revolution,Philadelphia Union,2,1,,,asa,,,,
asa-0x5gXGlRq7,2021-08-08,2021,regular,Chicago Fire FC,New York Red Bulls,2,1,,,asa,,,,
asa-7VqGDnxYQv,2021-08-08,2021,regular,Inter Miami CF,Nashville SC,2,1,,,asa,,,,
asa-gOMnXk0Bqw,2021-08-08,2021,regular,LA Galaxy,Vancouver Whitecaps FC,1,1,,,asa,,,,
asa-gpMOBNv7Qz,2021-08-08,2021,regular,San Jose Earthquakes,Los Angeles FC,2,1,,,asa,,,,
asa-vzqo2VjB5a,2021-08-08,2021,regular,D.C. United,CF Montréal,2,1,,,asa,,,,
asa-2lqRGD3xQr,2021-08-13,2021,regular,San Jose Earthquakes,Vancouver Whitecaps FC,0,0,,,asa,,,,
asa-7vQ7W2kDQD,2021-08-14,2021,regular,Toronto FC,New England Revolution,1,2,,,asa,,,,
asa-9z5kKoXK5A,2021-08-14,2021,regular,New York City FC,Inter Miami CF,2,0,,,asa,,,,
asa-EGMPWyJ0Qa,2021-08-14,2021,regular,FC Dallas,Sporting Kansas City,0,2,,,asa,,,,
asa-Pk5LJVADQO,2021-08-14,2021,regular,Houston Dynamo FC,Colorado Rapids,1,3,,,asa,,,,
asa-eV5DNGeJQK,2021-08-14,2021,regular,CF Montréal,New York Red Bulls,2,1,,,asa,,,,
asa-raMyY8BNMd,2021-08-14,2021,regular,Real Salt Lake,Austin FC,1,0,,,asa,,,,
asa-wvq9G0PmMW,2021-08-14,2021,regular,Minnesota United FC,LA Galaxy,0,1,,,asa,,,,
asa-2vQ1lr6wqr,2021-08-15,2021,regular,Atlanta United FC,Los Angeles FC,1,0,,,asa,,,,
asa-OlMlaR2R5L,2021-08-15,2021,regular,Nashville SC,D.C. United,5,2,,,asa,,,,
asa-a35rXNAwQL,2021-08-15,2021,regular,Portland Timbers FC,Seattle Sounders FC,2,6,,,asa,,,,
asa-gjMN3LZp5K,2021-08-15,2021,regular,Chicago Fire FC,Columbus Crew,1,0,,,asa,,,,
asa-9Yqd8BDmqv,2021-08-17,2021,regular,San Jose Earthquakes,Minnesota United FC,1,1,,,asa,,,,
asa-Vj58gxVrM8,2021-08-17,2021,regular,LA Galaxy,Colorado Rapids,1,2,,,asa,,,,
asa-4JMAVBe95K,2021-08-18,2021,regular,Austin FC,Vancouver Whitecaps FC,1,2,,,asa,,,,
asa-4wM4wdklQj,2021-08-18,2021,regular,Atlanta United FC,Toronto FC,1,0,,,asa,,,,
asa-9vQ28lOx5K,2021-08-18,2021,regular,Nashville SC,Orlando City SC,1,1,,,asa,,,,
asa-KPqjAneE56,2021-08-18,2021,regular,New York Red Bulls,Columbus Crew,1,0,,,asa,,,,
asa-KXMeYW11M6,2021-08-18,2021,regular,New England Revolution,D.C. United,3,2,,,asa,,,,
asa-NPqxXl3Zq9,2021-08-18,2021,regular,Sporting Kansas City,Portland Timbers FC,1,1,,,asa,,,,
asa-aDQ0r1GR5E,2021-08-18,2021,regular,Inter Miami CF,Chicago Fire FC,3,2,,,asa,,,,
asa-kRQa1J7bQK,2021-08-18,2021,regular,Real Salt Lake,Houston Dynamo FC,2,1,,,asa,,,,
asa-odMX9eOo5Y,2021-08-18,2021,regular,FC Dallas,Seattle Sounders FC,0,1,,,asa,,,,
asa-xW5pXPA65g,2021-08-18,2021,regular,Philadelphia Union,New York City FC,1,0,,,asa,,,,
asa-zeQZV29jQK,2021-08-18,2021,regular,FC Cincinnati,CF Montréal,0,0,,,asa,,,,
asa-BLMvXYw7qx,2021-08-20,2021,regular,LA Galaxy,San Jose Earthquakes,1,2,,,asa,,,,
asa-0x5gXGdRq7,2021-08-21,2021,regular,Philadelphia Union,CF Montréal,1,1,,,asa,,,,
asa-KAqBPWXZMb,2021-08-21,2021,regular,Inter Miami CF,Toronto FC,3,1,,,asa,,,,
asa-N6MmX9jLQE,2021-08-21,2021,regular,D.C. United,Atlanta United FC,1,2,,,asa,,,,
asa-NWMWRdnZQl,2021-08-21,2021,regular,Vancouver Whitecaps FC,Los Angeles FC,2,1,,,asa,,,,
asa-Oa5wXr3Wq1,2021-08-21,2021,regular,Austin FC,Portland Timbers FC,3,1,,,asa,,,,
asa-XVqK8kZ2Q0,2021-08-21,2021,regular,Minnesota United FC,Sporting Kansas City,0,0,,,asa,,,,
asa-Xj5YkXREQb,2021-08-21,2021,regular,New England Revolution,FC Cincinnati,4,1,,,asa,,,,
asa-e7MzXdg7qr,2021-08-21,2021,regular,Orlando City SC,Chicago Fire FC,1,0,,,asa,,,,
asa-eVq3J89w5W,2021-08-21,2021,regular,Colorado Rapids,Real Salt Lake,2,1,,,asa,,,,
asa-jYQJl94d5G,2021-08-21,2021,regular,Houston Dynamo FC,FC Dallas,2,2,,,asa,,,,
asa-p6qbrwD3q0,2021-08-21,2021,regular,Columbus Crew,Seattle Sounders FC,1,2,,,asa,,,,
asa-0Oq6BXPzq6,2021-08-27,2021,regular,Orlando City SC,Inter Miami CF,0,0,,,asa,,,,
asa-7VqGDnpYQv,2021-08-27,2021,regular,Columbus Crew,FC Cincinnati,3,2,,,asa,,,,
asa-gpMOBNw7Qz,2021-08-27,2021,regular,CF Montréal,Toronto FC,3,1,,,asa,,,,
asa-2lqRGDWxQr,2021-08-28,2021,regular,D.C. United,Philadelphia Union,3,1,,,asa,,,,
asa-NWMWRdnzQl,2021-08-28,2021,regular,Atlanta United FC,Nashville SC,0,2,,,asa,,,,
asa-Oa5wXr3Xq1,2021-08-28,2021,regular,Sporting Kansas City,Colorado Rapids,1,1,,,asa,,,,
asa-eVq3J89g5W,2021-08-28,2021,regular,New York Red Bulls,Chicago Fire FC,0,1,,,asa,,,,
asa-gOMnXkpBqw,2021-08-28,2021,regular,Los Angeles FC,LA Galaxy,3,3,,,asa,,,,
asa-jYQJl94E5G,2021-08-28,2021,regular,Houston Dynamo FC,Minnesota United FC,1,2,,,asa,,,,
asa-vzqo2VaB5a,2021-08-28,2021,regular,New York City FC,New England Revolution,2,0,,,asa,,,,
asa-0x5gXGdjq7,2021-08-29,2021,regular,Seattle Sounders FC,Portland Timbers FC,0,2,,,asa,,,,
asa-7VqGDnpXQv,2021-08-29,2021,regular,Austin FC,FC Dallas,3,5,,,asa,,,,
asa-KAqBPWX7Mb,2021-08-29,2021,regular,Vancouver Whitecaps FC,Real Salt Lake,4,1,,,asa,,,,
asa-0Oq6BXP7q6,2021-09-03,2021,regular,Houston Dynamo FC,Portland Timbers FC,0,2,,,asa,,,,
asa-2lqRGDWDQr,2021-09-03,2021,regular,Nashville SC,New York City FC,3,1,,,asa,,,,
asa-4wM4wdjBQj,2021-09-03,2021,regular,Philadelphia Union,New England Revolution,0,1,,,asa,,,,
asa-gpMOBNwRQz,2021-09-03,2021,regular,Los Angeles FC,Sporting Kansas City,4,0,,,asa,,,,
asa-9z5kKoxY5A,2021-09-04,2021,regular,San Jose Earthquakes,Colorado Rapids,0,1,,,asa,,,,
asa-EGMPWym0Qa,2021-09-04,2021,regular,Vancouver Whitecaps FC,Austin FC,2,1,,,asa,,,,
asa-gOMnXkpxqw,2021-09-04,2021,regular,FC Cincinnati,Inter Miami CF,0,1,,,asa,,,,
asa-vzqo2Vav5a,2021-09-04,2021,regular,Orlando City SC,Columbus Crew,3,2,,,asa,,,,
asa-wvq9G0ylMW,2021-09-04,2021,regular,Real Salt Lake,FC Dallas,3,2,,,asa,,,,
asa-315Vo8OGq9,2021-09-10,2021,regular,Atlanta United FC,Orlando City SC,3,0,,,asa,,,,
asa-EGMPWy33Qa,2021-09-10,2021,regular,Vancouver Whitecaps FC,Portland Timbers FC,0,1,,,asa,,,,
asa-2vQ1lr2Lqr,2021-09-11,2021,regular,New York Red Bulls,D.C. United,1,1,,,asa,,,,
asa-7vQ7W2L8QD,2021-09-11,2021,regular,Sporting Kansas City,Chicago Fire FC,2,0,,,asa,,,,
asa-KXMeYWJ3M6,2021-09-11,2021,regular,CF Montréal,Nashville SC,0,1,,,asa,,,,
asa-OlMlaR6A5L,2021-09-11,2021,regular,FC Cincinnati,Toronto FC,2,0,,,asa,,,,
asa-Pk5LJVvPQO,2021-09-11,2021,regular,New England Revolution,New York City FC,2,1,,,asa,,,,
asa-Vj58gx4wM8,2021-09-11,2021,regular,Colorado Rapids,LA Galaxy,1,1,,,asa,,,,
asa-a35rXNYKQL,2021-09-11,2021,regular,Seattle Sounders FC,Minnesota United FC,1,0,,,asa,,,,
asa-eV5DNGYmQK,2021-09-11,2021,regular,Inter Miami CF,Columbus Crew,1,0,,,asa,,,,
asa-gjMN3LJ45K,2021-09-11,2021,regular,FC Dallas,San Jose Earthquakes,1,1,,,asa,,,,
asa-raMyY8WJMd,2021-09-11,2021,regular,Houston Dynamo FC,Austin FC,3,0,,,asa,,,,
asa-9Yqd8Bboqv,2021-09-12,2021,regular,Los Angeles FC,Real Salt Lake,3,2,,,asa,,,,
asa-9vQ28lxe5K,2021-09-14,2021,regular,Toronto FC,Inter Miami CF,0,1,,,asa,,,,
asa-9z5kKw7j5A,2021-09-14,2021,regular,Columbus Crew,New York Red Bulls,2,1,,,asa,,,,
asa-odMX9eXG5Y,2021-09-14,2021,regular,New York City FC,FC Dallas,3,3,,,asa,,,,
asa-4JMAVBWP5K,2021-09-15,2021,regular,Atlanta United FC,FC Cincinnati,4,0,,,asa,,,,
asa-KPqjAngN56,2021-09-15,2021,regular,Austin FC,Los Angeles FC,1,2,,,asa,,,,
asa-NPqxXl7Yq9,2021-09-15,2021,regular,D.C. United,Chicago Fire FC,3,0,,,asa,,,,
asa-XVqK8kVNQ0,2021-09-15,2021,regular,Orlando City SC,CF Montréal,2,4,,,asa,,,,
asa-aDQ0r1XE5E,2021-09-15,2021,regular,Sporting Kansas City,Minnesota United FC,4,0,,,asa,,,,
asa-kRQa1JZOQK,2021-09-15,2021,regular,LA Galaxy,Houston Dynamo FC,1,1,,,asa,,,,
asa-xW5pXPR05g,2021-09-15,2021,regular,Portland Timbers FC,Colorado Rapids,2,2,,,asa,,,,
asa-zeQZV2xNQK,2021-09-15,2021,regular,San Jose Earthquakes,Real Salt Lake,3,4,,,asa,,,,
asa-p6qbrwvaq0,2021-09-17,2021,regular,Inter Miami CF,New York Red Bulls,0,4,,,asa,,,,
asa-KAqBPWg7Mb,2021-09-18,2021,regular,Atlanta United FC,D.C. United,3,2,,,asa,,,,
asa-N6MmX9OwQE,2021-09-18,2021,regular,Minnesota United FC,LA Galaxy,3,0,,,asa,,,,
asa-Oa5wXryXq1,2021-09-18,2021,regular,Real Salt Lake,Seattle Sounders FC,1,0,,,asa,,,,
asa-Xj5YkX2xQb,2021-09-18,2021,regular,Houston Dynamo FC,FC Dallas,3,2,,,asa,,,,
asa-e7MzXd1Pqr,2021-09-18,2021,regular,FC Cincinnati,New York City FC,1,2,,,asa,,,,
asa-eVq3J80g5W,2021-09-18,2021,regular,Toronto FC,Nashville SC,2,1,,,asa,,,,
asa-jYQJl9kE5G,2021-09-18,2021,regular,Austin FC,San Jose Earthquakes,3,4,,,asa,,,,
asa-ljqEy6OYqx,2021-09-18,2021,regular,New England Revolution,Columbus Crew,1,1,,,asa,,,,
asa-0Oq6BXa7q6,2021-09-19,2021,regular,CF Montréal,Chicago Fire FC,2,0,,,asa,,,,
asa-0x5gXG3jq7,2021-09-19,2021,regular,Portland Timbers FC,Los Angeles FC,2,1,,,asa,,,,
asa-7VqGDnoXQv,2021-09-19,2021,regular,Colorado Rapids,Vancouver Whitecaps FC,1,1,,,asa,,,,
asa-NWMWRdezQl,2021-09-19,2021,regular,Philadelphia Union,Orlando City SC,3,1,,,asa,,,,
asa-gOMnXkg6qw,2021-09-22,2021,regular,Chicago Fire FC,New England Revolution,2,3,,,asa,,,,
asa-gpMOBNyRQz,2021-09-22,2021,regular,Inter Miami CF,Nashville SC,1,5,,,asa,,,,
asa-ljqEy60Nqx,2021-09-22,2021,regular,New York Red Bulls,New York City FC,1,1,,,asa,,,,
asa-2lqRGD1DQr,2021-09-25,2021,regular,New York City FC,New York Red Bulls,0,1,,,asa,,,,
asa-315Vo8dGq9,2021-09-25,2021,regular,Portland Timbers FC,Real Salt Lake,6,1,,,asa,,,,
asa-9z5kKoGY5A,2021-09-25,2021,regular,San Jose Earthquakes,Los Angeles FC,2,0,,,asa,,,,
asa-EGMPWy73Qa,2021-09-25,2021,regular,Colorado Rapids,Toronto FC,0,0,,,asa,,,,
asa-Pk5LJVPPQO,2021-09-25,2021,regular,Vancouver Whitecaps FC,FC Dallas,1,0,,,asa,,,,
asa-gOMnXknxqw,2021-09-25,2021,regular,New England Revolution,Orlando City SC,2,1,,,asa,,,,
asa-gjMN3LN45K,2021-09-25,2021,regular,Columbus Crew,CF Montréal,2,1,,,asa,,,,
asa-raMyY8DJMd,2021-09-25,2021,regular,Philadelphia Union,Atlanta United FC,1,0,,,asa,,,,
asa-vzqo2Vov5a,2021-09-25,2021,regular,D.C. United,FC Cincinnati,4,2,,,asa,,,,
asa-wvq9G0ZlMW,2021-09-25,2021,regular,Minnesota United FC,Houston Dynamo FC,2,0,,,asa,,,,
asa-2vQ1lrGLqr,2021-09-26,2021,regular,Chicago Fire FC,Nashville SC,0,0,,,asa,,,,
asa-7vQ7W2A8QD,2021-09-26,2021,regular,Austin FC,LA Galaxy,2,0,,,asa,,,,
asa-eV5DNGdmQK,2021-09-26,2021,regular,Sporting Kansas City,Seattle Sounders FC,1,2,,,asa,,,,
asa-4JMAVBrP5K,2021-09-29,2021,regular,CF Montréal,New England Revolution,1,4,,,asa,,,,
asa-9Yqd8BLoqv,2021-09-29,2021,regular,FC Dallas,Sporting Kansas City,1,3,,,asa,,,,
asa-9vQ28l6e5K,2021-09-29,2021,regular,Chicago Fire FC,New York City FC,2,0,,,asa,,,,
asa-KPqjAnrN56,2021-09-29,2021,regular,San Jose Earthquakes,Seattle Sounders FC,1,3,,,asa,,,,
asa-KXMeYWN3M6,2021-09-29,2021,regular,Nashville SC,Orlando City SC,2,2,,,asa,,,,
asa-NPqxXlZYq9,2021-09-29,2021,regular,New York Red Bulls,Philadelphia Union,1,1,,,asa,,,,
asa-OlMlaR8A5L,2021-09-29,2021,regular,Los Angeles FC,Portland Timbers FC,1,2,,,asa,,,,
asa-Vj58gxkwM8,2021-09-29,2021,regular,D.C. United,Minnesota United FC,3,1,,,asa,,,,
asa-a35rXN0KQL,2021-09-29,2021,regular,Atlanta United FC,Inter Miami CF,1,0,,,asa,,,,
asa-aDQ0r1gE5E,2021-09-29,2021,regular,Real Salt Lake,LA Galaxy,2,1,,,asa,,,,
asa-kRQa1JkOQK,2021-09-29,2021,regular,Toronto FC,FC Cincinnati,3,2,,,asa,,,,
asa-odMX9eYG5Y,2021-09-29,2021,regular,Colorado Rapids,Austin FC,3,0,,,asa,,,,
asa-xW5pXP205g,2021-09-29,2021,regular,Houston Dynamo FC,Vancouver Whitecaps FC,0,0,,,asa,,,,
asa-4wM4wdnBQj,2021-10-02,2021,regular,FC Cincinnati,New York Red Bulls,0,1,,,asa,,,,
asa-BLMvXYA8qx,2021-10-02,2021,regular,FC Dallas,Minnesota United FC,0,0,,,asa,,,,
asa-e7MzXdKPqr,2021-10-02,2021,regular,Austin FC,Real Salt Lake,2,1,,,asa,,,,
asa-ljqEy6eYqx,2021-10-02,2021,regular,CF Montréal,Atlanta United FC,2,1,,,asa,,,,
asa-p6qbrwVaq0,2021-10-02,2021,regular,Vancouver Whitecaps FC,San Jose Earthquakes,3,0,,,asa,,,,
asa-zeQZV2GNQK,2021-10-02,2021,regular,Orlando City SC,D.C. United,2,1,,,asa,,,,
asa-KAqBPWl7Mb,2021-10-03,2021,regular,Toronto FC,Chicago Fire FC,3,1,,,asa,,,,
asa-N6MmX9dwQE,2021-10-03,2021,regular,LA Galaxy,Los Angeles FC,1,1,,,asa,,,,
asa-Oa5wXr4Xq1,2021-10-03,2021,regular,Seattle Sounders FC,Colorado Rapids,3,0,,,asa,,,,
asa-XVqK8kpNQ0,2021-10-03,2021,regular,Philadelphia Union,Columbus Crew,3,0,,,asa,,,,
asa-Xj5YkXgxQb,2021-10-03,2021,regular,Portland Timbers FC,Inter Miami CF,1,0,,,asa,,,,
asa-eVq3J8Og5W,2021-10-03,2021,regular,Sporting Kansas City,Houston Dynamo FC,4,2,,,asa,,,,
asa-jYQJl9jE5G,2021-10-03,2021,regular,New York City FC,Nashville SC,0,0,,,asa,,,,
asa-315Vo8GVq9,2021-10-09,2021,regular,FC Cincinnati,Philadelphia Union,1,2,,,asa,,,,
asa-BLMvXYN8qx,2021-10-09,2021,regular,Seattle Sounders FC,Vancouver Whitecaps FC,4,1,,,asa,,,,
asa-Xj5YkX7GQb,2021-10-09,2021,regular,New York Red Bulls,Inter Miami CF,1,0,,,asa,,,,
asa-KPqjAnmE56,2021-10-10,2021,regular,Minnesota United FC,Colorado Rapids,1,3,,,asa,,,,
asa-0Oq6BXR7q6,2021-10-16,2021,regular,Houston Dynamo FC,Seattle Sounders FC,2,1,,,asa,,,,
asa-0x5gXG7jq7,2021-10-16,2021,regular,FC Cincinnati,Orlando City SC,0,1,,,asa,,,,
asa-2lqRGDbDQr,2021-10-16,2021,regular,Real Salt Lake,Colorado Rapids,3,1,,,asa,,,,
asa-7VqGDn2XQv,2021-10-16,2021,regular,D.C. United,Nashville SC,0,0,,,asa,,,,
asa-NWMWRdBzQl,2021-10-16,2021,regular,New England Revolution,Chicago Fire FC,2,2,,,asa,,,,
asa-Oa5wXr4Bq1,2021-10-16,2021,regular,CF Montréal,Philadelphia Union,2,2,,,asa,,,,
asa-eVq3J8On5W,2021-10-16,2021,regular,Los Angeles FC,San Jose Earthquakes,3,1,,,asa,,,,
asa-gOMnXkexqw,2021-10-16,2021,regular,LA Galaxy,Portland Timbers FC,2,1,,,asa,,,,
asa-gpMOBNZRQz,2021-10-16,2021,regular,Austin FC,Minnesota United FC,0,1,,,asa,,,,
asa-jYQJl9jW5G,2021-10-16,2021,regular,Toronto FC,Atlanta United FC,0,2,,,asa,,,,
asa-vzqo2VXv5a,2021-10-16,2021,regular,Columbus Crew,Inter Miami CF,4,0,,,asa,,,,
asa-KAqBPWlXMb,2021-10-17,2021,regular,New York Red Bulls,New York City FC,1,0,,,asa,,,,
asa-NWMWRdBeQl,2021-10-17,2021,regular,Vancouver Whitecaps FC,Sporting Kansas City,2,1,,,asa,,,,
asa-0Oq6BXRrq6,2021-10-20,2021,regular,FC Dallas,Los Angeles FC,2,3,,,asa,,,,
asa-0x5gXG77q7,2021-10-20,2021,regular,FC Cincinnati,Chicago Fire FC,3,4,,,asa,,,,
asa-2lqRGDB2Qr,2021-10-20,2021,regular,Colorado Rapids,Seattle Sounders FC,1,1,,,asa,,,,
asa-315Vo867q9,2021-10-20,2021,regular,Portland Timbers FC,Vancouver Whitecaps FC,2,3,,,asa,,,,
asa-7VqGDn2AQv,2021-10-20,2021,regular,D.C. United,New England Revolution,2,3,,,asa,,,,
asa-9z5kKo2b5A,2021-10-20,2021,regular,San Jose Earthquakes,Austin FC,4,0,,,asa,,,,
asa-EGMPWywrQa,2021-10-20,2021,regular,Inter Miami CF,Toronto FC,3,0,,,asa,,,,
asa-Pk5LJVbZQO,2021-10-20,2021,regular,Orlando City SC,CF Montréal,1,1,,,asa,,,,
asa-gOMnXkj6qw,2021-10-20,2021,regular,Houston Dynamo FC,LA Galaxy,0,3,,,asa,,,,
asa-gpMOBNJOQz,2021-10-20,2021,regular,Minnesota United FC,Philadelphia Union,3,2,,,asa,,,,
asa-vzqo2Vp75a,2021-10-20,2021,regular,Nashville SC,Columbus Crew,1,1,,,asa,,,,
asa-wvq9G0D3MW,2021-10-20,2021,regular,Atlanta United FC,New York City FC,1,1,,,asa,,,,
asa-2vQ1lrY8qr,2021-10-23,2021,regular,Columbus Crew,New York Red Bulls,1,2,,,asa,,,,
asa-7vQ7W2ydQD,2021-10-23,2021,regular,Colorado Rapids,Portland Timbers FC,2,0,,,asa,,,,
asa-9Yqd8B1Oqv,2021-10-23,2021,regular,San Jose Earthquakes,Vancouver Whitecaps FC,1,1,,,asa,,,,
asa-KXMeYWr6M6,2021-10-23,2021,regular,Toronto FC,CF Montréal,1,1,,,asa,,,,
asa-OlMlaRxy5L,2021-10-23,2021,regular,Philadelphia Union,Nashville SC,1,0,,,asa,,,,
asa-Vj58gx78M8,2021-10-23,2021,regular,Seattle Sounders FC,Sporting Kansas City,1,2,,,asa,,,,
asa-a35rXN4bQL,2021-10-23,2021,regular,Inter Miami CF,FC Cincinnati,5,1,,,asa,,,,
asa-eV5DNGjZQK,2021-10-23,2021,regular,Chicago Fire FC,Real Salt Lake,1,0,,,asa,,,,
asa-gjMN3LzY5K,2021-10-23,2021,regular,New York City FC,D.C. United,6,0,,,asa,,,,
asa-odMX9ena5Y,2021-10-23,2021,regular,LA Galaxy,FC Dallas,2,2,,,asa,,,,
asa-raMyY8JRMd,2021-10-23,2021,regular,Minnesota United FC,Los Angeles FC,1,1,,,asa,,,,
asa-9vQ28lko5K,2021-10-24,2021,regular,Austin FC,Houston Dynamo FC,2,1,,,asa,,,,
asa-NPqxXlzkq9,2021-10-24,2021,regular,Orlando City SC,New England Revolution,2,2,,,asa,,,,
asa-aDQ0r1Rv5E,2021-10-26,2021,regular,Los Angeles FC,Seattle Sounders FC,3,0,,,asa,,,,
asa-4JMAVB275K,2021-10-27,2021,regular,D.C. United,New York Red Bulls,1,0,,,asa,,,,
asa-4wM4wdPgQj,2021-10-27,2021,regular,FC Dallas,Real Salt Lake,1,2,,,asa,,,,
asa-BLMvXYbjqx,2021-10-27,2021,regular,Portland Timbers FC,San Jose Earthquakes,2,0,,,asa,,,,
asa-KPqjAnXP56,2021-10-27,2021,regular,New England Revolution,Colorado Rapids,1,0,,,asa,,,,
asa-XVqK8kKwQ0,2021-10-27,2021,regular,Atlanta United FC,Inter Miami CF,2,1,,,asa,,,,
asa-e7MzXdwOqr,2021-10-27,2021,regular,Vancouver Whitecaps FC,Minnesota United FC,2,1,,,asa,,,,
asa-kRQa1Jy1QK,2021-10-27,2021,regular,New York City FC,Chicago Fire FC,1,0,,,asa,,,,
asa-ljqEy6pwqx,2021-10-27,2021,regular,Toronto FC,Philadelphia Union,2,2,,,asa,,,,
asa-p6qbrw74q0,2021-10-27,2021,regular,Columbus Crew,Orlando City SC,3,2,,,asa,,,,
asa-xW5pXPaB5g,2021-10-27,2021,regular,FC Cincinnati,Nashville SC,3,6,,,asa,,,,
asa-zeQZV2RzQK,2021-10-27,2021,regular,Sporting Kansas City,LA Galaxy,2,0,,,asa,,,,
asa-0x5gXG87q7,2021-10-30,2021,regular,Inter Miami CF,New York City FC,1,3,,,asa,,,,
asa-KAqBPWxXMb,2021-10-30,2021,regular,Atlanta United FC,Toronto FC,1,1,,,asa,,,,
asa-NWMWRdOeQl,2021-10-30,2021,regular,New York Red Bulls,CF Montréal,1,0,,,asa,,,,
asa-Xj5YkXoXQb,2021-10-30,2021,regular,D.C. United,Columbus Crew,1,3,,,asa,,,,
asa-eVq3J8Vn5W,2021-10-30,2021,regular,Real Salt Lake,San Jose Earthquakes,3,4,,,asa,,,,
asa-jYQJl9vW5G,2021-10-30,2021,regular,FC Dallas,Austin FC,2,1,,,asa,,,,
asa-0Oq6BXNrq6,2021-10-31,2021,regular,Houston Dynamo FC,Colorado Rapids,0,1,,,asa,,,,
asa-7VqGDnAAQv,2021-10-31,2021,regular,Minnesota United FC,Sporting Kansas City,2,1,,,asa,,,,
asa-Oa5wXrEBq1,2021-10-31,2021,regular,Philadelphia Union,FC Cincinnati,2,0,,,asa,,,,
asa-gpMOBNxOQz,2021-10-31,2021,regular,Orlando City SC,Nashville SC,1,1,,,asa,,,,
asa-vzqo2V675a,2021-11-01,2021,regular,Seattle Sounders FC,LA Galaxy,1,1,,,asa,,,,
asa-2lqRGD42Qr,2021-11-02,2021,regular,Los Angeles FC,Vancouver Whitecaps FC,1,1,,,asa,,,,
asa-315Vo8J7q9,2021-11-03,2021,regular,Real Salt Lake,Portland Timbers FC,1,3,,,asa,,,,
asa-9z5kKomb5A,2021-11-03,2021,regular,New York Red Bulls,Atlanta United FC,0,0,,,asa,,,,
asa-N6MmX90vQE,2021-11-03,2021,regular,CF Montréal,Houston Dynamo FC,2,0,,,asa,,,,
asa-wvq9G023MW,2021-11-03,2021,regular,Austin FC,Sporting Kansas City,3,1,,,asa,,,,
asa-2vQ1lr98qr,2021-11-07,2021,regular,LA Galaxy,Minnesota United FC,3,3,,,asa,,,,
asa-7vQ7W28dQD,2021-11-07,2021,regular,New York City FC,Philadelphia Union,1,1,,,asa,,,,
asa-9Yqd8B2Oqv,2021-11-07,2021,regular,Toronto FC,D.C. United,1,3,,,asa,,,,
asa-EGMPWyjrQa,2021-11-07,2021,regular,FC Cincinnati,Atlanta United FC,1,2,,,asa,,,,
asa-KXMeYW06M6,2021-11-07,2021,regular,Vancouver Whitecaps FC,Seattle Sounders FC,1,1,,,asa,,,,
asa-OlMlaRwy5L,2021-11-07,2021,regular,San Jose Earthquakes,FC Dallas,1,1,,,asa,,,,
asa-Pk5LJVlZQO,2021-11-07,2021,regular,Columbus Crew,Chicago Fire FC,2,0,,,asa,,,,
asa-Vj58gxe8M8,2021-11-07,2021,regular,Sporting Kansas City,Real Salt Lake,0,1,,,asa,,,,
asa-a35rXNkbQL,2021-11-07,2021,regular,Portland Timbers FC,Austin FC,3,0,,,asa,,,,
asa-eV5DNG6ZQK,2021-11-07,2021,regular,Colorado Rapids,Los Angeles FC,5,2,,,asa,,,,
asa-gjMN3LXY5K,2021-11-07,2021,regular,Nashville SC,New York Red Bulls,1,1,,,asa,,,,
asa-odMX9eWa5Y,2021-11-07,2021,regular,CF Montréal,Orlando City SC,0,2,,,asa,,,,
asa-raMyY8XRMd,2021-11-07,2021,regular,New England Revolution,Inter Miami CF,0,1,,,asa,,,,
asa-7vQ7npaYqD,2021-11-20,2021,postseason,Sporting Kansas City,Vancouver Whitecaps FC,3,1,,,asa,,,,
asa-raMylpLAQd,2021-11-20,2021,postseason,Philadelphia Union,New York Red Bulls,1,0,,AET,asa,,,,
asa-2vQ1B7a4Mr,2021-11-21,2021,postseason,Portland Timbers FC,Minnesota United FC,3,1,,,asa,,,,
asa-eV5DrnmaQK,2021-11-21,2021,postseason,New York City FC,Atlanta United FC,2,0,,,asa,,,,
asa-OlMlo17gQL,2021-11-23,2021,postseason,Nashville SC,Orlando City SC,3,1,,,asa,,,,
asa-a35rL1dBQL,2021-11-23,2021,postseason,Seattle Sounders FC,Real Salt Lake,0,1,,pens,asa,,,,
asa-Vj58o8E3M8,2021-11-25,2021,postseason,Colorado Rapids,Portland Timbers FC,0,1,,,asa,,,,
asa-9Yqd3lX95v,2021-11-28,2021,postseason,Sporting Kansas City,Real Salt Lake,1,2,,,asa,,,,
asa-KXMeBbex56,2021-11-28,2021,postseason,Philadelphia Union,Nashville SC,2,1,,pens,asa,,,,
asa-odMXLN42MY,2021-11-30,2021,postseason,New England Revolution,New York City FC,2,3,,pens,asa,,,,
asa-9vQ2W7a1MK,2021-12-04,2021,postseason,Portland Timbers FC,Real Salt Lake,2,0,,,asa,,,,
asa-NPqxr10gM9,2021-12-05,2021,postseason,Philadelphia Union,New York City FC,1,2,,,asa,,,,
asa-aDQ037dpqE,2021-12-11,2021,postseason,Portland Timbers FC,New York City FC,1,2,,pens,asa,,,,
asa-4JMA7YK1qK,2022-02-26,2022,regular,San Jose Earthquakes,New York Red Bulls,1,3,,,asa,,,,
asa-9Yqd3VmE5v,2022-02-26,2022,regular,Philadelphia Union,Minnesota United FC,1,1,,,asa,,,,
asa-9vQ2WvKmMK,2022-02-26,2022,regular,Los Angeles FC,Colorado Rapids,3,0,,,asa,,,,
asa-KPqjODmYQ6,2022-02-26,2022,regular,Inter Miami CF,Chicago Fire FC,0,0,,,asa,,,,
asa-NPqxr9WXM9,2022-02-26,2022,regular,FC Dallas,Toronto FC,1,1,,,asa,,,,
asa-Vj58ovKLM8,2022-02-26,2022,regular,D.C. United,Charlotte FC,3,0,,,asa,,,,
asa-aDQ03vK3qE,2022-02-26,2022,regular,Austin FC,FC Cincinnati,5,0,,,asa,,,,
asa-odMXL3mxMY,2022-02-26,2022,regular,Columbus Crew,Vancouver Whitecaps FC,4,0,,,asa,,,,
asa-xW5pVWmJQg,2022-02-26,2022,regular,Portland Timbers FC,New England Revolution,2,2,,,asa,,,,
asa-4wM4GvKNQj,2022-02-27,2022,regular,Atlanta United FC,Sporting Kansas City,3,1,,,asa,,,,
asa-BLMvDo3Wqx,2022-02-27,2022,regular,Houston Dynamo FC,Real Salt Lake,0,0,,,asa,,,,
asa-KXMeBPmP56,2022-02-27,2022,regular,Orlando City SC,CF Montréal,2,0,,,asa,,,,
asa-kRQadRmjqK,2022-02-27,2022,regular,Seattle Sounders FC,Nashville SC,0,1,,,asa,,,,
asa-zeQZyWmrqK,2022-02-27,2022,regular,LA Galaxy,New York City FC,1,0,,,asa,,,,
asa-KAqBD3KBMb,2022-03-05,2022,regular,Charlotte FC,LA Galaxy,0,1,,,asa,,,,
asa-N6MmRwmx5E,2022-03-05,2022,regular,Toronto FC,New York Red Bulls,1,4,,,asa,,,,
asa-NWMWPw6E5l,2022-03-05,2022,regular,Vancouver Whitecaps FC,New York City FC,0,0,,,asa,,,,
asa-Oa5w1RB4Q1,2022-03-05,2022,regular,Colorado Rapids,Atlanta United FC,3,0,,,asa,,,,
asa-XVqKBRm050,2022-03-05,2022,regular,Chicago Fire FC,Orlando City SC,0,0,,,asa,,,,
asa-Xj5YNBmRqb,2022-03-05,2022,regular,Sporting Kansas City,Houston Dynamo FC,1,0,,,asa,,,,
asa-e7Mz8VGGqr,2022-03-05,2022,regular,Minnesota United FC,Nashville SC,1,1,,,asa,,,,
asa-eVq3gvKVqW,2022-03-05,2022,regular,Real Salt Lake,Seattle Sounders FC,1,0,,,asa,,,,
asa-jYQJ3oKkMG,2022-03-05,2022,regular,CF Montréal,Philadelphia Union,1,2,,,asa,,,,
asa-ljqElgK45x,2022-03-05,2022,regular,New England Revolution,FC Dallas,1,0,,,asa,,,,
asa-p6qbJ9mwq0,2022-03-05,2022,regular,FC Cincinnati,D.C. United,0,1,,,asa,,,,
asa-wvq9RAPwQW,2022-03-05,2022,regular,San Jose Earthquakes,Columbus Crew,3,3,,,asa,,,,
asa-315VVxG959,2022-03-06,2022,regular,Los Angeles FC,Portland Timbers FC,1,1,,,asa,,,,
asa-9z5knLXjMA,2022-03-06,2022,regular,Austin FC,Inter Miami CF,5,1,,,asa,,,,
asa-2vQ1BA6KMr,2022-03-12,2022,regular,New England Revolution,Real Salt Lake,2,3,,,asa,,,,
asa-7vQ7nEk2qD,2022-03-12,2022,regular,Houston Dynamo FC,Vancouver Whitecaps FC,2,1,,,asa,,,,
asa-EGMPOxJVQa,2022-03-12,2022,regular,Colorado Rapids,Sporting Kansas City,2,0,,,asa,,,,
asa-KXMeBo1r56,2022-03-12,2022,regular,Portland Timbers FC,Austin FC,1,0,,,asa,,,,
asa-OlMloN20QL,2022-03-12,2022,regular,Philadelphia Union,San Jose Earthquakes,2,0,,,asa,,,,
asa-Pk5LWxAOMO,2022-03-12,2022,regular,Columbus Crew,Toronto FC,2,1,,,asa,,,,
asa-Vj58oAV4M8,2022-03-12,2022,regular,Seattle Sounders FC,LA Galaxy,3,2,,,asa,,,,
asa-a35rLaAAQL,2022-03-12,2022,regular,Orlando City SC,FC Cincinnati,1,2,,,asa,,,,
asa-eV5DrbeAQK,2022-03-12,2022,regular,Inter Miami CF,Los Angeles FC,0,2,,,asa,,,,
asa-gjMNGxZ05K,2022-03-12,2022,regular,FC Dallas,Nashville SC,2,0,,,asa,,,,
asa-gpMO6PvrQz,2022-03-12,2022,regular,New York City FC,CF Montréal,4,1,,,asa,,,,
asa-raMylaBOQd,2022-03-12,2022,regular,D.C. United,Chicago Fire FC,0,2,,,asa,,,,
asa-2lqRoy3JQr,2022-03-13,2022,regular,New York Red Bulls,Minnesota United FC,0,1,,,asa,,,,
asa-9Yqd3nDL5v,2022-03-13,2022,regular,Atlanta United FC,Charlotte FC,2,1,,,asa,,,,
asa-4wM4GAkpQj,2022-03-19,2022,regular,New York City FC,Philadelphia Union,0,2,,,asa,,,,
asa-9vQ2WARaMK,2022-03-19,2022,regular,Charlotte FC,New England Revolution,3,1,,,asa,,,,
asa-BLMvDawOqx,2022-03-19,2022,regular,Toronto FC,D.C. United,2,1,,,asa,,,,
asa-KPqjOP2RQ6,2022-03-19,2022,regular,Houston Dynamo FC,Colorado Rapids,1,1,,,asa,,,,
asa-NPqxraBmM9,2022-03-19,2022,regular,Chicago Fire FC,Sporting Kansas City,3,1,,,asa,,,,
asa-aDQ03AnPqE,2022-03-19,2022,regular,FC Cincinnati,Inter Miami CF,3,1,,,asa,,,,
asa-kRQadG7oqK,2022-03-19,2022,regular,Minnesota United FC,San Jose Earthquakes,1,0,,,asa,,,,
asa-odMXLxOWMY,2022-03-19,2022,regular,Atlanta United FC,CF Montréal,3,3,,,asa,,,,
asa-p6qbJ6DBq0,2022-03-19,2022,regular,FC Dallas,Portland Timbers FC,4,1,,,asa,,,,
asa-xW5pV1AdQg,2022-03-19,2022,regular,LA Galaxy,Orlando City SC,0,1,,,asa,,,,
asa-zeQZyE91qK,2022-03-19,2022,regular,Real Salt Lake,Nashville SC,2,1,,,asa,,,,
asa-4JMA7AekqK,2022-03-20,2022,regular,New York Red Bulls,Columbus Crew,1,1,,,asa,,,,
asa-XVqKBxZO50,2022-03-20,2022,regular,Austin FC,Seattle Sounders FC,1,1,,,asa,,,,
asa-ljqElx0z5x,2022-03-20,2022,regular,Los Angeles FC,Vancouver Whitecaps FC,3,1,,,asa,,,,
asa-N6MmRyjZ5E,2022-03-26,2022,regular,Sporting Kansas City,Real Salt Lake,1,0,,,asa,,,,
asa-e7Mz8ag6qr,2022-03-26,2022,regular,Charlotte FC,FC Cincinnati,2,0,,,asa,,,,
asa-Xj5YNxRAqb,2022-03-27,2022,regular,Portland Timbers FC,Orlando City SC,1,1,,,asa,,,,
asa-0Oq6OAPAQ6,2022-04-02,2022,regular,Minnesota United FC,Seattle Sounders FC,1,2,,,asa,,,,
asa-0x5gg9dZ57,2022-04-02,2022,regular,D.C. United,Atlanta United FC,0,1,,,asa,,,,
asa-2lqRoxW0Qr,2022-04-02,2022,regular,San Jose Earthquakes,Austin FC,2,2,,,asa,,,,
asa-7VqGdvp6Qv,2022-04-02,2022,regular,Inter Miami CF,Houston Dynamo FC,1,3,,,asa,,,,
asa-9z5knLxjMA,2022-04-02,2022,regular,Vancouver Whitecaps FC,Sporting Kansas City,1,0,,,asa,,,,
asa-KAqBDAX4Mb,2022-04-02,2022,regular,Colorado Rapids,Real Salt Lake,1,1,,,asa,,,,
asa-NWMWPxnK5l,2022-04-02,2022,regular,Columbus Crew,Nashville SC,0,1,,,asa,,,,
asa-Oa5w1a38Q1,2022-04-02,2022,regular,Chicago Fire FC,FC Dallas,0,0,,,asa,,,,
asa-eVq3gA9DqW,2022-04-02,2022,regular,FC Cincinnati,CF Montréal,3,4,,,asa,,,,
asa-gOMn97pXQw,2022-04-02,2022,regular,Orlando City SC,Los Angeles FC,2,4,,,asa,,,,
asa-gpMO6YwEQz,2022-04-02,2022,regular,New England Revolution,New York Red Bulls,0,1,,,asa,,,,
asa-vzqokDakqa,2022-04-02,2022,regular,Philadelphia Union,Charlotte FC,2,0,,,asa,,,,
asa-wvq9RAywQW,2022-04-02,2022,regular,Toronto FC,New York City FC,2,1,,,asa,,,,
asa-jYQJ3A4PMG,2022-04-03,2022,regular,Portland Timbers FC,LA Galaxy,1,3,,,asa,,,,
asa-7vQ7nEL2qD,2022-04-09,2022,regular,Inter Miami CF,New England Revolution,3,2,,,asa,,,,
asa-EGMPOx3VQa,2022-04-09,2022,regular,FC Dallas,Colorado Rapids,3,1,,,asa,,,,
asa-KXMeBolr56,2022-04-09,2022,regular,Vancouver Whitecaps FC,Portland Timbers FC,2,3,,,asa,,,,
asa-OlMloN00QL,2022-04-09,2022,regular,Philadelphia Union,Columbus Crew,1,0,,,asa,,,,
asa-Pk5LWxvOMO,2022-04-09,2022,regular,Houston Dynamo FC,San Jose Earthquakes,4,3,,,asa,,,,
asa-Vj58oAN4M8,2022-04-09,2022,regular,Real Salt Lake,Toronto FC,2,2,,,asa,,,,
asa-a35rLaZAQL,2022-04-09,2022,regular,Orlando City SC,Chicago Fire FC,1,0,,,asa,,,,
asa-eV5DrbxAQK,2022-04-09,2022,regular,New York Red Bulls,CF Montréal,1,2,,,asa,,,,
asa-gjMNGxJ05K,2022-04-09,2022,regular,Sporting Kansas City,Nashville SC,1,2,,,asa,,,,
asa-raMylaWOQd,2022-04-09,2022,regular,LA Galaxy,Los Angeles FC,2,1,,,asa,,,,
asa-315VVxO959,2022-04-10,2022,regular,Charlotte FC,Atlanta United FC,1,0,,,asa,,,,
asa-odMXLxoWMY,2022-04-10,2022,regular,Austin FC,Minnesota United FC,1,0,,,asa,,,,
asa-4JMA7AWkqK,2022-04-16,2022,regular,CF Montréal,Vancouver Whitecaps FC,2,1,,,asa,,,,
asa-4wM4GAjpQj,2022-04-16,2022,regular,New England Revolution,Charlotte FC,2,1,,,asa,,,,
asa-9vQ2WAxaMK,2022-04-16,2022,regular,Atlanta United FC,FC Cincinnati,0,0,,,asa,,,,
asa-BLMvDaNOqx,2022-04-16,2022,regular,San Jose Earthquakes,Nashville SC,2,2,,,asa,,,,
asa-KPqjOPgRQ6,2022-04-16,2022,regular,D.C. United,Austin FC,2,3,,,asa,,,,
asa-NPqxra7mM9,2022-04-16,2022,regular,Chicago Fire FC,LA Galaxy,0,0,,,asa,,,,
asa-XVqKBxVO50,2022-04-16,2022,regular,Seattle Sounders FC,Inter Miami CF,0,1,,,asa,,,,
asa-aDQ03AXPqE,2022-04-16,2022,regular,Columbus Crew,Orlando City SC,0,2,,,asa,,,,
asa-kRQadGZoqK,2022-04-16,2022,regular,Minnesota United FC,Colorado Rapids,3,1,,,asa,,,,
asa-p6qbJ6vBq0,2022-04-16,2022,regular,Toronto FC,Philadelphia Union,2,1,,,asa,,,,
asa-xW5pV1RdQg,2022-04-16,2022,regular,Houston Dynamo FC,Portland Timbers FC,0,0,,,asa,,,,
asa-zeQZyEx1qK,2022-04-16,2022,regular,New York Red Bulls,FC Dallas,0,0,,,asa,,,,
asa-e7Mz8a16qr,2022-04-17,2022,regular,New York City FC,Real Salt Lake,6,0,,,asa,,,,
asa-ljqElxOz5x,2022-04-17,2022,regular,Los Angeles FC,Sporting Kansas City,3,1,,,asa,,,,
asa-0Oq6OAaAQ6,2022-04-23,2022,regular,San Jose Earthquakes,Seattle Sounders FC,4,3,,,asa,,,,
asa-0x5gg93Z57,2022-04-23,2022,regular,Philadelphia Union,CF Montréal,1,1,,,asa,,,,
asa-7VqGdvo6Qv,2022-04-23,2022,regular,Portland Timbers FC,Real Salt Lake,0,0,,,asa,,,,
asa-KAqBDAg4Mb,2022-04-23,2022,regular,LA Galaxy,Nashville SC,1,0,,,asa,,,,
asa-N6MmRyOZ5E,2022-04-23,2022,regular,Austin FC,Vancouver Whitecaps FC,3,0,,,asa,,,,
asa-NWMWPxeK5l,2022-04-23,2022,regular,Minnesota United FC,Chicago Fire FC,3,0,,,asa,,,,
asa-Oa5w1ay8Q1,2022-04-23,2022,regular,D.C. United,New England Revolution,3,2,,,asa,,,,
asa-Xj5YNx2Aqb,2022-04-23,2022,regular,Colorado Rapids,Charlotte FC,0,0,,,asa,,,,
asa-eVq3gA0DqW,2022-04-23,2022,regular,Sporting Kansas City,Columbus Crew,0,0,,,asa,,,,
asa-jYQJ3AkPMG,2022-04-23,2022,regular,FC Dallas,Houston Dynamo FC,2,1,,,asa,,,,
asa-2lqRox10Qr,2022-04-24,2022,regular,Orlando City SC,New York Red Bulls,0,3,,,asa,,,,
asa-gOMn97nXQw,2022-04-24,2022,regular,Inter Miami CF,Atlanta United FC,2,1,,,asa,,,,
asa-gpMO6YyEQz,2022-04-24,2022,regular,FC Cincinnati,Los Angeles FC,1,2,,,asa,,,,
asa-vzqokDokqa,2022-04-24,2022,regular,New York City FC,Toronto FC,5,4,,,asa,,,,
asa-0Oq6OAaXQ6,2022-04-30,2022,regular,Orlando City SC,Charlotte FC,2,1,,,asa,,,,
asa-0x5gg93r57,2022-04-30,2022,regular,CF Montréal,Atlanta United FC,2,1,,,asa,,,,
asa-7VqGdvoeQv,2022-04-30,2022,regular,New England Revolution,Inter Miami CF,2,0,,,asa,,,,
asa-KAqBDAgJMb,2022-04-30,2022,regular,Houston Dynamo FC,Austin FC,1,2,,,asa,,,,
asa-NWMWPxe75l,2022-04-30,2022,regular,Sporting Kansas City,FC Dallas,2,2,,,asa,,,,
asa-Oa5w1ayjQ1,2022-04-30,2022,regular,Colorado Rapids,Portland Timbers FC,2,0,,,asa,,,,
asa-eVq3gA06qW,2022-04-30,2022,regular,Columbus Crew,D.C. United,3,0,,,asa,,,,
asa-gpMO6YynQz,2022-04-30,2022,regular,Real Salt Lake,LA Galaxy,1,0,,,asa,,,,
asa-jYQJ3AkyMG,2022-04-30,2022,regular,Chicago Fire FC,New York Red Bulls,1,2,,,asa,,,,
asa-vzqokDojqa,2022-04-30,2022,regular,Toronto FC,FC Cincinnati,1,2,,,asa,,,,
asa-2lqRox1WQr,2022-05-01,2022,regular,Los Angeles FC,Minnesota United FC,2,0,,,asa,,,,
asa-9z5kn1XdMA,2022-05-01,2022,regular,Nashville SC,Philadelphia Union,1,1,,,asa,,,,
asa-wvq9RAZZQW,2022-05-01,2022,regular,New York City FC,San Jose Earthquakes,3,0,,,asa,,,,
asa-e7Mz8aKXqr,2022-05-04,2022,regular,FC Cincinnati,Toronto FC,2,0,,,asa,,,,
asa-2vQ1BAG4Mr,2022-05-07,2022,regular,New York Red Bulls,Portland Timbers FC,1,1,,,asa,,,,
asa-315VVxd659,2022-05-07,2022,regular,Charlotte FC,Inter Miami CF,1,0,,,asa,,,,
asa-7vQ7nE9YqD,2022-05-07,2022,regular,CF Montréal,Orlando City SC,4,1,,,asa,,,,
asa-9z5knLGlMA,2022-05-07,2022,regular,Atlanta United FC,Chicago Fire FC,4,1,,,asa,,,,
asa-EGMPOx7jQa,2022-05-07,2022,regular,FC Dallas,Seattle Sounders FC,2,0,,,asa,,,,
asa-OlMloN8gQL,2022-05-07,2022,regular,San Jose Earthquakes,Colorado Rapids,1,0,,,asa,,,,
asa-Pk5LWxamMO,2022-05-07,2022,regular,D.C. United,Houston Dynamo FC,2,0,,,asa,,,,
asa-a35rLa0BQL,2022-05-07,2022,regular,New York City FC,Sporting Kansas City,0,0,,,asa,,,,
asa-eV5DrbdaQK,2022-05-07,2022,regular,New England Revolution,Columbus Crew,2,2,,,asa,,,,
asa-gjMNGx4v5K,2022-05-07,2022,regular,Los Angeles FC,Philadelphia Union,2,2,,,asa,,,,
asa-raMylavAQd,2022-05-07,2022,regular,Minnesota United FC,FC Cincinnati,0,1,,,asa,,,,
asa-9Yqd3nL95v,2022-05-08,2022,regular,Nashville SC,Real Salt Lake,2,0,,,asa,,,,
asa-KXMeBoNx56,2022-05-08,2022,regular,Vancouver Whitecaps FC,Toronto FC,1,0,,,asa,,,,
asa-Vj58oAk3M8,2022-05-08,2022,regular,Austin FC,LA Galaxy,0,1,,,asa,,,,
asa-4JMA7Ar6qK,2022-05-14,2022,regular,Philadelphia Union,New York Red Bulls,1,1,,,asa,,,,
asa-4wM4GAnzQj,2022-05-14,2022,regular,Portland Timbers FC,Sporting Kansas City,7,2,,,asa,,,,
asa-9vQ2WA61MK,2022-05-14,2022,regular,Chicago Fire FC,FC Cincinnati,1,2,,,asa,,,,
asa-BLMvDaARqx,2022-05-14,2022,regular,Toronto FC,Orlando City SC,0,1,,,asa,,,,
asa-KPqjOPryQ6,2022-05-14,2022,regular,LA Galaxy,FC Dallas,1,3,,,asa,,,,
asa-NPqxraZgM9,2022-05-14,2022,regular,Colorado Rapids,Los Angeles FC,2,0,,,asa,,,,
asa-XVqKBxpR50,2022-05-14,2022,regular,Vancouver Whitecaps FC,San Jose Earthquakes,3,3,,,asa,,,,
asa-aDQ03AgpqE,2022-05-14,2022,regular,Houston Dynamo FC,Nashville SC,2,0,,,asa,,,,
asa-kRQadGkgqK,2022-05-14,2022,regular,New York City FC,Columbus Crew,2,0,,,asa,,,,
asa-odMXLxY2MY,2022-05-14,2022,regular,Charlotte FC,CF Montréal,0,2,,,asa,,,,
asa-xW5pV12lQg,2022-05-14,2022,regular,Inter Miami CF,D.C. United,2,2,,,asa,,,,
asa-zeQZyEGKqK,2022-05-14,2022,regular,Real Salt Lake,Austin FC,2,1,,,asa,,,,
asa-ljqElxeE5x,2022-05-15,2022,regular,Seattle Sounders FC,Minnesota United FC,3,1,,,asa,,,,
asa-p6qbJ6V6q0,2022-05-15,2022,regular,Atlanta United FC,New England Revolution,2,2,,,asa,,,,
asa-0Oq6OARXQ6,2022-05-18,2022,regular,Vancouver Whitecaps FC,FC Dallas,2,1,,,asa,,,,
asa-0x5gg97r57,2022-05-18,2022,regular,Philadelphia Union,Inter Miami CF,0,0,,,asa,,,,
asa-7VqGdv2eQv,2022-05-18,2022,regular,San Jose Earthquakes,Portland Timbers FC,3,2,,,asa,,,,
asa-KAqBDAlJMb,2022-05-18,2022,regular,Nashville SC,CF Montréal,2,1,,,asa,,,,
asa-N6MmRydR5E,2022-05-18,2022,regular,D.C. United,New York City FC,0,2,,,asa,,,,
asa-NWMWPxB75l,2022-05-18,2022,regular,New York Red Bulls,Chicago Fire FC,3,3,,,asa,,,,
asa-Oa5w1a4jQ1,2022-05-18,2022,regular,Los Angeles FC,Austin FC,1,2,,,asa,,,,
asa-Xj5YNxg0qb,2022-05-18,2022,regular,Houston Dynamo FC,Seattle Sounders FC,0,1,,,asa,,,,
asa-eVq3gAO6qW,2022-05-18,2022,regular,Minnesota United FC,LA Galaxy,1,1,,,asa,,,,
asa-jYQJ3AjyMG,2022-05-18,2022,regular,Sporting Kansas City,Colorado Rapids,2,1,,,asa,,,,
asa-gOMn97emQw,2022-05-21,2022,regular,Columbus Crew,Los Angeles FC,0,2,,,asa,,,,
asa-gpMO6YZnQz,2022-05-21,2022,regular,FC Cincinnati,New England Revolution,2,3,,,asa,,,,
asa-vzqokDXjqa,2022-05-21,2022,regular,D.C. United,Toronto FC,2,2,,,asa,,,,
asa-wvq9RAVZQW,2022-05-21,2022,regular,Nashville SC,Atlanta United FC,2,2,,,asa,,,,
asa-2lqRoxbWQr,2022-05-22,2022,regular,CF Montréal,Real Salt Lake,1,2,,,asa,,,,
asa-2vQ1BAY4Mr,2022-05-22,2022,regular,Portland Timbers FC,Philadelphia Union,0,2,,,asa,,,,
asa-315VVx3659,2022-05-22,2022,regular,Austin FC,Orlando City SC,2,2,,,asa,,,,
asa-7vQ7nEyYqD,2022-05-22,2022,regular,Inter Miami CF,New York Red Bulls,2,0,,,asa,,,,
asa-9z5knLllMA,2022-05-22,2022,regular,San Jose Earthquakes,Sporting Kansas City,1,1,,,asa,,,,
asa-EGMPOxvjQa,2022-05-22,2022,regular,Charlotte FC,Vancouver Whitecaps FC,2,1,,,asa,,,,
asa-Pk5LWxbmMO,2022-05-22,2022,regular,Colorado Rapids,Seattle Sounders FC,1,0,,,asa,,,,
asa-eV5DrbjaQK,2022-05-22,2022,regular,New York City FC,Chicago Fire FC,1,0,,,asa,,,,
asa-gjMNGxzv5K,2022-05-22,2022,regular,FC Dallas,Minnesota United FC,1,2,,,asa,,,,
asa-raMylaJAQd,2022-05-22,2022,regular,LA Galaxy,Houston Dynamo FC,0,3,,,asa,,,,
asa-9Yqd3n195v,2022-05-28,2022,regular,Inter Miami CF,Portland Timbers FC,2,1,,,asa,,,,
asa-9vQ2WAk1MK,2022-05-28,2022,regular,New England Revolution,Philadelphia Union,1,1,,,asa,,,,
asa-KPqjOPXyQ6,2022-05-28,2022,regular,Real Salt Lake,Houston Dynamo FC,3,0,,,asa,,,,
asa-KXMeBorx56,2022-05-28,2022,regular,Minnesota United FC,New York City FC,0,1,,,asa,,,,
asa-NPqxrazgM9,2022-05-28,2022,regular,New York Red Bulls,D.C. United,4,1,,,asa,,,,
asa-OlMloNxgQL,2022-05-28,2022,regular,Colorado Rapids,Nashville SC,1,3,,,asa,,,,
asa-Vj58oA73M8,2022-05-28,2022,regular,Los Angeles FC,San Jose Earthquakes,3,2,,,asa,,,,
asa-a35rLa4BQL,2022-05-28,2022,regular,Atlanta United FC,Columbus Crew,1,2,,,asa,,,,
asa-aDQ03ARpqE,2022-05-28,2022,regular,Orlando City SC,FC Dallas,1,3,,,asa,,,,
asa-kRQadGygqK,2022-05-28,2022,regular,Sporting Kansas City,Vancouver Whitecaps FC,0,1,,,asa,,,,
asa-odMXLxn2MY,2022-05-28,2022,regular,CF Montréal,FC Cincinnati,4,3,,,asa,,,,
asa-xW5pV1alQg,2022-05-28,2022,regular,Toronto FC,Chicago Fire FC,3,2,,,asa,,,,
asa-4JMA7A26qK,2022-05-29,2022,regular,LA Galaxy,Austin FC,4,1,,,asa,,,,
asa-4wM4GAPzQj,2022-05-29,2022,regular,Seattle Sounders FC,Charlotte FC,2,1,,,asa,,,,
asa-zeQZyERKqK,2022-06-04,2022,regular,Vancouver Whitecaps FC,Real Salt Lake,2,1,,,asa,,,,
asa-BLMvDabRqx,2022-06-11,2022,regular,Charlotte FC,New York Red Bulls,2,0,,,asa,,,,
asa-XVqKBxKR50,2022-06-11,2022,regular,Nashville SC,San Jose Earthquakes,0,0,,,asa,,,,
asa-p6qbJ676q0,2022-06-12,2022,regular,Sporting Kansas City,New England Revolution,1,2,,,asa,,,,
asa-gOMn97nmQw,2022-06-14,2022,regular,Seattle Sounders FC,Vancouver Whitecaps FC,4,0,,,asa,,,,
asa-Pk5LWxlYMO,2022-06-15,2022,regular,New England Revolution,Orlando City SC,1,1,,,asa,,,,
asa-0x5gg98r57,2022-06-18,2022,regular,Real Salt Lake,San Jose Earthquakes,2,0,,,asa,,,,
asa-7VqGdvAeQv,2022-06-18,2022,regular,Seattle Sounders FC,Los Angeles FC,1,1,,,asa,,,,
asa-KAqBDAxJMb,2022-06-18,2022,regular,Orlando City SC,Houston Dynamo FC,2,1,,,asa,,,,
asa-N6MmRy0R5E,2022-06-18,2022,regular,FC Dallas,Vancouver Whitecaps FC,0,2,,,asa,,,,
asa-NWMWPxO75l,2022-06-18,2022,regular,Philadelphia Union,FC Cincinnati,1,1,,,asa,,,,
asa-Xj5YNxo0qb,2022-06-18,2022,regular,LA Galaxy,Portland Timbers FC,1,1,,,asa,,,,
asa-e7Mz8awXqr,2022-06-18,2022,regular,Columbus Crew,Charlotte FC,1,1,,,asa,,,,
asa-eVq3gAV6qW,2022-06-18,2022,regular,New York Red Bulls,Toronto FC,2,0,,,asa,,,,
asa-jYQJ3AvyMG,2022-06-18,2022,regular,CF Montréal,Austin FC,0,1,,,asa,,,,
asa-ljqElxpE5x,2022-06-18,2022,regular,Chicago Fire FC,D.C. United,1,0,,,asa,,,,
asa-0Oq6OANXQ6,2022-06-19,2022,regular,Atlanta United FC,Inter Miami CF,2,0,,,asa,,,,
asa-Oa5w1aEjQ1,2022-06-19,2022,regular,New England Revolution,Minnesota United FC,2,1,,,asa,,,,
asa-gOMn97jmQw,2022-06-19,2022,regular,New York City FC,Colorado Rapids,1,1,,,asa,,,,
asa-gpMO6YJnQz,2022-06-19,2022,regular,Nashville SC,Sporting Kansas City,1,2,,,asa,,,,
asa-2lqRoxBWQr,2022-06-24,2022,regular,FC Cincinnati,Orlando City SC,1,0,,,asa,,,,
asa-0Oq6OArxQ6,2022-06-25,2022,regular,Seattle Sounders FC,Sporting Kansas City,3,0,,,asa,,,,
asa-0x5gg9AP57,2022-06-25,2022,regular,Real Salt Lake,Columbus Crew,0,0,,,asa,,,,
asa-KAqBDAxBMb,2022-06-25,2022,regular,CF Montréal,Charlotte FC,2,1,,,asa,,,,
asa-NWMWPx3E5l,2022-06-25,2022,regular,Portland Timbers FC,Colorado Rapids,3,0,,,asa,,,,
asa-Oa5w1aE4Q1,2022-06-25,2022,regular,Houston Dynamo FC,Chicago Fire FC,2,0,,,asa,,,,
asa-eVq3gAVVqW,2022-06-25,2022,regular,Inter Miami CF,Minnesota United FC,2,1,,,asa,,,,
asa-gpMO6YxrQz,2022-06-25,2022,regular,Toronto FC,Atlanta United FC,2,1,,,asa,,,,
asa-jYQJ3AvkMG,2022-06-25,2022,regular,D.C. United,Nashville SC,1,3,,,asa,,,,
asa-vzqokDpjqa,2022-06-25,2022,regular,Austin FC,FC Dallas,2,2,,,asa,,,,
asa-2lqRox4JQr,2022-06-26,2022,regular,Vancouver Whitecaps FC,New England Revolution,0,0,,,asa,,,,
asa-gOMn97glQw,2022-06-26,2022,regular,Los Angeles FC,New York Red Bulls,2,0,,,asa,,,,
asa-vzqokD6Jqa,2022-06-26,2022,regular,Philadelphia Union,New York City FC,2,1,,,asa,,,,
asa-315VVxJn59,2022-06-29,2022,regular,FC Cincinnati,New York City FC,4,4,,,asa,,,,
asa-7vQ7nE8GqD,2022-06-29,2022,regular,Seattle Sounders FC,CF Montréal,1,2,,,asa,,,,
asa-9z5knLmdMA,2022-06-29,2022,regular,Chicago Fire FC,Philadelphia Union,1,0,,,asa,,,,
asa-EGMPOxj6Qa,2022-06-29,2022,regular,Los Angeles FC,FC Dallas,3,1,,,asa,,,,
asa-eV5Drb6nQK,2022-06-29,2022,regular,Toronto FC,Columbus Crew,1,2,,,asa,,,,
asa-gpMO6EzDQz,2022-06-29,2022,regular,LA Galaxy,Minnesota United FC,2,3,,,asa,,,,
asa-raMylaXdQd,2022-06-29,2022,regular,Portland Timbers FC,Houston Dynamo FC,2,1,,,asa,,,,
asa-gjMNGxXD5K,2022-06-30,2022,regular,New York Red Bulls,Atlanta United FC,2,1,,,asa,,,,
asa-wvq9RA2BQW,2022-06-30,2022,regular,Charlotte FC,Austin FC,0,1,,,asa,,,,
asa-OlMloNwDQL,2022-07-02,2022,regular,Toronto FC,Seattle Sounders FC,0,2,,,asa,,,,
asa-Vj58oAeLM8,2022-07-02,2022,regular,Vancouver Whitecaps FC,Los Angeles FC,1,0,,,asa,,,,
asa-2vQ1BA9OMr,2022-07-03,2022,regular,Minnesota United FC,Real Salt Lake,3,2,,,asa,,,,
asa-9Yqd3n2E5v,2022-07-03,2022,regular,Columbus Crew,Philadelphia Union,0,0,,,asa,,,,
asa-9vQ2WAVmMK,2022-07-03,2022,regular,Nashville SC,Portland Timbers FC,2,2,,,asa,,,,
asa-KXMeBo0P56,2022-07-03,2022,regular,Houston Dynamo FC,Charlotte FC,1,2,,,asa,,,,
asa-NPqxradXM9,2022-07-03,2022,regular,New England Revolution,FC Cincinnati,2,2,,,asa,,,,
asa-a35rLak2QL,2022-07-03,2022,regular,San Jose Earthquakes,Chicago Fire FC,2,1,,,asa,,,,
asa-aDQ03Ao3qE,2022-07-03,2022,regular,New York City FC,Atlanta United FC,2,2,,,asa,,,,
asa-odMXLxWxMY,2022-07-03,2022,regular,Sporting Kansas City,New York Red Bulls,0,1,,,asa,,,,
asa-4JMA7Aw1qK,2022-07-04,2022,regular,Orlando City SC,D.C. United,3,5,,,asa,,,,
asa-KPqjOPEYQ6,2022-07-04,2022,regular,Colorado Rapids,Austin FC,2,3,,,asa,,,,
asa-kRQadGrjqK,2022-07-04,2022,regular,LA Galaxy,CF Montréal,4,0,,,asa,,,,
asa-xW5pV1nJQg,2022-07-04,2022,regular,FC Dallas,Inter Miami CF,1,1,,,asa,,,,
asa-4wM4GAyNQj,2022-07-08,2022,regular,Los Angeles FC,LA Galaxy,3,2,,,asa,,,,
asa-ljqElxn45x,2022-07-08,2022,regular,Vancouver Whitecaps FC,Minnesota United FC,1,3,,,asa,,,,
asa-p6qbJ68wq0,2022-07-08,2022,regular,Philadelphia Union,D.C. United,7,0,,,asa,,,,
asa-0Oq6Om8xQ6,2022-07-09,2022,regular,Toronto FC,San Jose Earthquakes,2,2,,,asa,,,,
asa-0x5ggyeP57,2022-07-09,2022,regular,Real Salt Lake,Colorado Rapids,2,2,,,asa,,,,
asa-7VqGdEVjQv,2022-07-09,2022,regular,Seattle Sounders FC,Portland Timbers FC,0,3,,,asa,,,,
asa-KAqBDABBMb,2022-07-09,2022,regular,New York City FC,New England Revolution,4,2,,,asa,,,,
asa-N6MmRyBx5E,2022-07-09,2022,regular,Charlotte FC,Nashville SC,4,1,,,asa,,,,
asa-NWMWPYEE5l,2022-07-09,2022,regular,Orlando City SC,Inter Miami CF,1,0,,,asa,,,,
asa-Oa5w1al4Q1,2022-07-09,2022,regular,Houston Dynamo FC,FC Dallas,2,2,,,asa,,,,
asa-Xj5YNxGRqb,2022-07-09,2022,regular,Chicago Fire FC,Columbus Crew,2,3,,,asa,,,,
asa-e7Mz8axGqr,2022-07-09,2022,regular,Atlanta United FC,Austin FC,0,3,,,asa,,,,
asa-eVq3gALVqW,2022-07-09,2022,regular,CF Montréal,Sporting Kansas City,1,2,,,asa,,,,
asa-jYQJ3A7kMG,2022-07-09,2022,regular,FC Cincinnati,New York Red Bulls,1,1,,,asa,,,,
asa-gpMO6EOrQz,2022-07-12,2022,regular,Austin FC,Houston Dynamo FC,3,1,,,asa,,,,
asa-2lqRoEZJQr,2022-07-13,2022,regular,Chicago Fire FC,Toronto FC,2,0,,,asa,,,,
asa-315VVwZn59,2022-07-13,2022,regular,FC Dallas,New York City FC,0,1,,,asa,,,,
asa-7vQ7nmaGqD,2022-07-13,2022,regular,Nashville SC,Seattle Sounders FC,1,0,,,asa,,,,
asa-9z5knr9dMA,2022-07-13,2022,regular,Colorado Rapids,Orlando City SC,1,1,,,asa,,,,
asa-EGMPOEe6Qa,2022-07-13,2022,regular,D.C. United,Columbus Crew,2,2,,,asa,,,,
asa-Pk5LWEmYMO,2022-07-13,2022,regular,LA Galaxy,San Jose Earthquakes,2,3,,,asa,,,,
asa-gjMNGEnD5K,2022-07-13,2022,regular,Inter Miami CF,Philadelphia Union,1,2,,,asa,,,,
asa-raMyl9LdQd,2022-07-13,2022,regular,Minnesota United FC,Sporting Kansas City,1,1,,,asa,,,,
asa-vzqok39Jqa,2022-07-13,2022,regular,Atlanta United FC,Real Salt Lake,2,1,,,asa,,,,
asa-wvq9RmaBQW,2022-07-13,2022,regular,FC Cincinnati,Vancouver Whitecaps FC,2,2,,,asa,,,,
asa-2vQ1BmaOMr,2022-07-16,2022,regular,Colorado Rapids,LA Galaxy,2,0,,,asa,,,,
asa-9Yqd3PXE5v,2022-07-16,2022,regular,CF Montréal,Toronto FC,1,0,,,asa,,,,
asa-KXMeBLeP56,2022-07-16,2022,regular,Philadelphia Union,New England Revolution,2,1,,,asa,,,,
asa-OlMlol7DQL,2022-07-16,2022,regular,Inter Miami CF,Charlotte FC,3,2,,,asa,,,,
asa-Vj58omELM8,2022-07-16,2022,regular,Minnesota United FC,D.C. United,2,0,,,asa,,,,
asa-a35rLgd2QL,2022-07-16,2022,regular,FC Dallas,Austin FC,1,1,,,asa,,,,
asa-eV5DrEmnQK,2022-07-16,2022,regular,Chicago Fire FC,Seattle Sounders FC,1,0,,,asa,,,,
asa-9vQ2WmamMK,2022-07-17,2022,regular,Real Salt Lake,Sporting Kansas City,3,0,,,asa,,,,
asa-KPqjO1LYQ6,2022-07-17,2022,regular,Columbus Crew,FC Cincinnati,2,0,,,asa,,,,
asa-NPqxrR0XM9,2022-07-17,2022,regular,San Jose Earthquakes,Houston Dynamo FC,1,2,,,asa,,,,
asa-aDQ03md3qE,2022-07-17,2022,regular,Atlanta United FC,Orlando City SC,1,1,,,asa,,,,
asa-kRQad96jqK,2022-07-17,2022,regular,New York Red Bulls,New York City FC,0,1,,,asa,,,,
asa-odMXLB4xMY,2022-07-17,2022,regular,Portland Timbers FC,Vancouver Whitecaps FC,1,1,,,asa,,,,
asa-xW5pVB6JQg,2022-07-17,2022,regular,Nashville SC,Los Angeles FC,1,2,,,asa,,,,
asa-4JMA7Ev1qK,2022-07-23,2022,regular,FC Cincinnati,Nashville SC,1,1,,,asa,,,,
asa-4wM4GmxNQj,2022-07-23,2022,regular,Columbus Crew,New England Revolution,0,0,,,asa,,,,
asa-BLMvDn0Wqx,2022-07-23,2022,regular,Sporting Kansas City,Los Angeles FC,0,2,,,asa,,,,
asa-N6MmRJrx5E,2022-07-23,2022,regular,Seattle Sounders FC,Colorado Rapids,2,1,,,asa,,,,
asa-XVqKBEj050,2022-07-23,2022,regular,New York City FC,Inter Miami CF,2,0,,,asa,,,,
asa-Xj5YNWZRqb,2022-07-23,2022,regular,Toronto FC,Charlotte FC,4,0,,,asa,,,,
asa-e7Mz8kpGqr,2022-07-23,2022,regular,Real Salt Lake,FC Dallas,0,1,,,asa,,,,
asa-eVq3gmkVqW,2022-07-23,2022,regular,D.C. United,CF Montréal,1,2,,,asa,,,,
asa-jYQJ3EDkMG,2022-07-23,2022,regular,Vancouver Whitecaps FC,Chicago Fire FC,1,3,,,asa,,,,
asa-ljqElEA45x,2022-07-23,2022,regular,Portland Timbers FC,San Jose Earthquakes,2,1,,,asa,,,,
asa-p6qbJkLwq0,2022-07-23,2022,regular,Orlando City SC,Philadelphia Union,0,1,,,asa,,,,
asa-zeQZygYrqK,2022-07-23,2022,regular,Houston Dynamo FC,Minnesota United FC,1,2,,,asa,,,,
asa-KAqBDELBMb,2022-07-24,2022,regular,LA Galaxy,Atlanta United FC,2,0,,,asa,,,,
asa-Oa5w1oL4Q1,2022-07-24,2022,regular,Austin FC,New York Red Bulls,3,4,,,asa,,,,
asa-NWMWPYXE5l,2022-07-29,2022,regular,Los Angeles FC,Seattle Sounders FC,2,1,,,asa,,,,
asa-0Oq6OmlxQ6,2022-07-30,2022,regular,FC Dallas,LA Galaxy,1,0,,,asa,,,,
asa-2lqRoERJQr,2022-07-30,2022,regular,CF Montréal,New York City FC,0,0,,,asa,,,,
asa-7VqGdEmjQv,2022-07-30,2022,regular,Chicago Fire FC,Atlanta United FC,0,0,,,asa,,,,
asa-KAqBDEjmMb,2022-07-30,2022,regular,Philadelphia Union,Houston Dynamo FC,6,0,,,asa,,,,
asa-NWMWPYXD5l,2022-07-30,2022,regular,San Jose Earthquakes,Real Salt Lake,2,2,,,asa,,,,
asa-Oa5w1oYDQ1,2022-07-30,2022,regular,New England Revolution,Toronto FC,0,0,,,asa,,,,
asa-gOMn9w6lQw,2022-07-30,2022,regular,Inter Miami CF,FC Cincinnati,4,4,,,asa,,,,
asa-gpMO6EzrQz,2022-07-30,2022,regular,Sporting Kansas City,Austin FC,0,2,,,asa,,,,
asa-jYQJ3E1ZMG,2022-07-30,2022,regular,Nashville SC,Vancouver Whitecaps FC,1,1,,,asa,,,,
asa-vzqok3rJqa,2022-07-30,2022,regular,Minnesota United FC,Portland Timbers FC,4,4,,,asa,,,,
asa-0x5ggyPw57,2022-07-31,2022,regular,D.C. United,Orlando City SC,2,1,,,asa,,,,
asa-2lqRoERaQr,2022-08-02,2022,regular,Seattle Sounders FC,FC Dallas,1,0,,,asa,,,,
asa-eVq3gmaXqW,2022-08-02,2022,regular,New York Red Bulls,Colorado Rapids,4,5,,,asa,,,,
asa-0Oq6OmlgQ6,2022-08-03,2022,regular,Columbus Crew,CF Montréal,1,2,,,asa,,,,
asa-7VqGdEmzQv,2022-08-03,2022,regular,Charlotte FC,D.C. United,3,0,,,asa,,,,
asa-gOMn9w68Qw,2022-08-03,2022,regular,Portland Timbers FC,Nashville SC,1,1,,,asa,,,,
asa-vzqok3rNqa,2022-08-03,2022,regular,San Jose Earthquakes,Inter Miami CF,0,1,,,asa,,,,
asa-wvq9RmpNQW,2022-08-05,2022,regular,Vancouver Whitecaps FC,Houston Dynamo FC,2,1,,,asa,,,,
asa-2vQ1BmLbMr,2022-08-06,2022,regular,CF Montréal,Inter Miami CF,2,2,,,asa,,,,
asa-315VVweY59,2022-08-06,2022,regular,Austin FC,San Jose Earthquakes,3,3,,,asa,,,,
asa-7vQ7nm3OqD,2022-08-06,2022,regular,D.C. United,New York Red Bulls,0,0,,,asa,,,,
asa-9Yqd3Pk75v,2022-08-06,2022,regular,Real Salt Lake,Los Angeles FC,1,4,,,asa,,,,
asa-9z5knraJMA,2022-08-06,2022,regular,Atlanta United FC,Seattle Sounders FC,2,1,,,asa,,,,
asa-EGMPOElxQa,2022-08-06,2022,regular,Charlotte FC,Chicago Fire FC,2,3,,,asa,,,,
asa-OlMlolr4QL,2022-08-06,2022,regular,Orlando City SC,New England Revolution,0,3,,,asa,,,,
asa-Pk5LWE1EMO,2022-08-06,2022,regular,FC Cincinnati,Philadelphia Union,3,1,,,asa,,,,
asa-Vj58omYDM8,2022-08-06,2022,regular,Portland Timbers FC,FC Dallas,1,1,,,asa,,,,
asa-a35rLgloQL,2022-08-06,2022,regular,Nashville SC,Toronto FC,3,4,,,asa,,,,
asa-eV5DrE09QK,2022-08-06,2022,regular,Sporting Kansas City,LA Galaxy,4,2,,,asa,,,,
asa-gjMNGEv35K,2022-08-06,2022,regular,Colorado Rapids,Minnesota United FC,4,3,,,asa,,,,
asa-raMyl9ZlQd,2022-08-06,2022,regular,Columbus Crew,New York City FC,3,2,,,asa,,,,
asa-4JMA7Ea2qK,2022-08-13,2022,regular,New England Revolution,D.C. United,1,0,,,asa,,,,
asa-4wM4Gm2yQj,2022-08-13,2022,regular,New York Red Bulls,Orlando City SC,0,1,,,asa,,,,
asa-9vQ2WmdLMK,2022-08-13,2022,regular,Colorado Rapids,Columbus Crew,1,1,,,asa,,,,
asa-BLMvDnzlqx,2022-08-13,2022,regular,Toronto FC,Portland Timbers FC,3,1,,,asa,,,,
asa-KPqjO1o2Q6,2022-08-13,2022,regular,LA Galaxy,Vancouver Whitecaps FC,5,2,,,asa,,,,
asa-KXMeBLOv56,2022-08-13,2022,regular,Austin FC,Sporting Kansas City,4,3,,,asa,,,,
asa-NPqxrRmWM9,2022-08-13,2022,regular,FC Dallas,San Jose Earthquakes,4,1,,,asa,,,,
asa-aDQ03maGqE,2022-08-13,2022,regular,Houston Dynamo FC,CF Montréal,2,3,,,asa,,,,
asa-kRQad9bkqK,2022-08-13,2022,regular,Inter Miami CF,New York City FC,3,2,,,asa,,,,
asa-odMXLB8eMY,2022-08-13,2022,regular,FC Cincinnati,Atlanta United FC,2,2,,,asa,,,,
asa-xW5pVBxRQg,2022-08-13,2022,regular,Los Angeles FC,Charlotte FC,5,0,,,asa,,,,
asa-zeQZyg7YqK,2022-08-13,2022,regular,Philadelphia Union,Chicago Fire FC,4,1,,,asa,,,,
asa-XVqKBEWW50,2022-08-14,2022,regular,Nashville SC,Minnesota United FC,1,2,,,asa,,,,
asa-p6qbJkOXq0,2022-08-14,2022,regular,Seattle Sounders FC,Real Salt Lake,1,2,,,asa,,,,
asa-N6MmRJeW5E,2022-08-16,2022,regular,Los Angeles FC,D.C. United,1,0,,,asa,,,,
asa-Oa5w1oVDQ1,2022-08-17,2022,regular,Vancouver Whitecaps FC,Colorado Rapids,2,1,,,asa,,,,
asa-Xj5YNW6yqb,2022-08-17,2022,regular,New York City FC,Charlotte FC,1,3,,,asa,,,,
asa-e7Mz8klJqr,2022-08-17,2022,regular,FC Dallas,Philadelphia Union,1,0,,,asa,,,,
asa-jYQJ3EzZMG,2022-08-17,2022,regular,Toronto FC,New England Revolution,2,2,,,asa,,,,
asa-ljqElE2V5x,2022-08-17,2022,regular,Atlanta United FC,New York Red Bulls,1,2,,,asa,,,,
asa-eVq3gmjXqW,2022-08-19,2022,regular,LA Galaxy,Seattle Sounders FC,3,3,,,asa,,,,
asa-0Oq6OmwgQ6,2022-08-20,2022,regular,Real Salt Lake,Vancouver Whitecaps FC,1,1,,,asa,,,,
asa-0x5ggy2w57,2022-08-20,2022,regular,Minnesota United FC,Austin FC,2,1,,,asa,,,,
asa-315VVwXY59,2022-08-20,2022,regular,CF Montréal,New England Revolution,4,0,,,asa,,,,
asa-7VqGdEjzQv,2022-08-20,2022,regular,New York Red Bulls,FC Cincinnati,1,1,,,asa,,,,
asa-9z5knr7JMA,2022-08-20,2022,regular,Inter Miami CF,Toronto FC,2,1,,,asa,,,,
asa-KAqBDE9mMb,2022-08-20,2022,regular,Colorado Rapids,Houston Dynamo FC,1,1,,,asa,,,,
asa-NWMWPYVD5l,2022-08-20,2022,regular,D.C. United,Philadelphia Union,0,6,,,asa,,,,
asa-gpMO6EaDQz,2022-08-20,2022,regular,San Jose Earthquakes,Los Angeles FC,2,1,,,asa,,,,
asa-2lqRoEkaQr,2022-08-21,2022,regular,Columbus Crew,Atlanta United FC,2,2,,,asa,,,,
asa-EGMPOEnxQa,2022-08-21,2022,regular,Nashville SC,FC Dallas,4,0,,,asa,,,,
asa-gOMn9wR8Qw,2022-08-21,2022,regular,Charlotte FC,Orlando City SC,1,2,,,asa,,,,
asa-vzqok37Nqa,2022-08-21,2022,regular,Chicago Fire FC,New York City FC,0,2,,,asa,,,,
asa-wvq9RmgNQW,2022-08-21,2022,regular,Sporting Kansas City,Portland Timbers FC,4,1,,,asa,,,,
asa-Pk5LWEgEMO,2022-08-26,2022,regular,Austin FC,Los Angeles FC,4,1,,,asa,,,,
asa-gjMNGER35K,2022-08-26,2022,regular,Portland Timbers FC,Seattle Sounders FC,2,1,,,asa,,,,
asa-2vQ1BmNbMr,2022-08-27,2022,regular,Minnesota United FC,Houston Dynamo FC,2,1,,,asa,,,,
asa-7vQ7nmrOqD,2022-08-27,2022,regular,FC Dallas,Real Salt Lake,1,1,,,asa,,,,
asa-KXMeBLkv56,2022-08-27,2022,regular,Charlotte FC,Toronto FC,0,2,,,asa,,,,
asa-OlMlol94QL,2022-08-27,2022,regular,Philadelphia Union,Colorado Rapids,6,0,,,asa,,,,
asa-Vj58omBDM8,2022-08-27,2022,regular,Vancouver Whitecaps FC,Nashville SC,0,3,,,asa,,,,
asa-a35rLgKoQL,2022-08-27,2022,regular,New York Red Bulls,Inter Miami CF,3,1,,,asa,,,,
asa-eV5DrEL9QK,2022-08-27,2022,regular,Sporting Kansas City,San Jose Earthquakes,1,0,,,asa,,,,
asa-odMXLBReMY,2022-08-27,2022,regular,Chicago Fire FC,CF Montréal,0,2,,,asa,,,,
asa-raMyl9AlQd,2022-08-27,2022,regular,FC Cincinnati,Columbus Crew,2,2,,,asa,,,,
asa-9Yqd3P675v,2022-08-28,2022,regular,Atlanta United FC,D.C. United,3,2,,,asa,,,,
asa-9vQ2Wm2LMK,2022-08-28,2022,regular,New England Revolution,LA Galaxy,1,2,,,asa,,,,
asa-NPqxrReWM9,2022-08-28,2022,regular,Orlando City SC,New York City FC,2,1,,,asa,,,,
asa-2vQ1BAoKMr,2022-08-31,2022,regular,New York City FC,D.C. United,1,2,,,asa,,,,
asa-4JMA7E92qK,2022-08-31,2022,regular,Nashville SC,Colorado Rapids,4,1,,,asa,,,,
asa-4wM4GmayQj,2022-08-31,2022,regular,New England Revolution,Chicago Fire FC,0,0,,,asa,,,,
asa-BLMvDnPlqx,2022-08-31,2022,regular,Philadelphia Union,Atlanta United FC,4,1,,,asa,,,,
asa-KPqjO172Q6,2022-08-31,2022,regular,Columbus Crew,Inter Miami CF,1,0,,,asa,,,,
asa-XVqKBEdW50,2022-08-31,2022,regular,Real Salt Lake,Minnesota United FC,3,0,,,asa,,,,
asa-aDQ03mPGqE,2022-08-31,2022,regular,Austin FC,Portland Timbers FC,1,2,,,asa,,,,
asa-kRQad92kqK,2022-08-31,2022,regular,CF Montréal,New York Red Bulls,0,1,,,asa,,,,
asa-p6qbJkXXq0,2022-08-31,2022,regular,Toronto FC,LA Galaxy,2,2,,,asa,,,,
asa-xW5pVBrRQg,2022-08-31,2022,regular,Houston Dynamo FC,Los Angeles FC,2,1,,,asa,,,,
asa-zeQZyg3YqK,2022-08-31,2022,regular,Orlando City SC,Seattle Sounders FC,3,2,,,asa,,,,
asa-Xj5YNWwyqb,2022-09-03,2022,regular,Minnesota United FC,FC Dallas,0,3,,,asa,,,,
asa-e7Mz8kmJqr,2022-09-03,2022,regular,Columbus Crew,Chicago Fire FC,0,0,,,asa,,,,
asa-eVq3gmpXqW,2022-09-03,2022,regular,New York Red Bulls,Philadelphia Union,0,2,,,asa,,,,
asa-jYQJ3E8ZMG,2022-09-03,2022,regular,Nashville SC,Austin FC,3,0,,,asa,,,,
asa-ljqElEDV5x,2022-09-03,2022,regular,FC Cincinnati,Charlotte FC,2,0,,,asa,,,,
asa-0x5ggyow57,2022-09-04,2022,regular,LA Galaxy,Sporting Kansas City,2,2,,,asa,,,,
asa-7VqGdENzQv,2022-09-04,2022,regular,Los Angeles FC,Real Salt Lake,2,0,,,asa,,,,
asa-KAqBDEVmMb,2022-09-04,2022,regular,Seattle Sounders FC,Houston Dynamo FC,2,1,,,asa,,,,
asa-N6MmRJlW5E,2022-09-04,2022,regular,D.C. United,Colorado Rapids,0,0,,,asa,,,,
asa-NWMWPY8D5l,2022-09-04,2022,regular,Toronto FC,CF Montréal,3,4,,,asa,,,,
asa-Oa5w1oODQ1,2022-09-04,2022,regular,New England Revolution,New York City FC,3,0,,,asa,,,,
asa-gOMn9wP8Qw,2022-09-04,2022,regular,San Jose Earthquakes,Vancouver Whitecaps FC,2,0,,,asa,,,,
asa-gpMO6E9DQz,2022-09-04,2022,regular,Portland Timbers FC,Atlanta United FC,2,1,,,asa,,,,
asa-vzqok3PNqa,2022-09-07,2022,regular,New York City FC,FC Cincinnati,1,1,,,asa,,,,
asa-2lqRoE2aQr,2022-09-09,2022,regular,CF Montréal,Columbus Crew,2,2,,,asa,,,,
asa-0Oq6Omx6Q6,2022-09-10,2022,regular,Nashville SC,LA Galaxy,1,1,,,asa,,,,
asa-0x5ggyoX57,2022-09-10,2022,regular,FC Dallas,Los Angeles FC,2,1,,,asa,,,,
asa-2lqRoE2LQr,2022-09-10,2022,regular,Real Salt Lake,D.C. United,0,0,,,asa,,,,
asa-7VqGdENdQv,2022-09-10,2022,regular,Houston Dynamo FC,Sporting Kansas City,0,0,,,asa,,,,
asa-KAqBDEVAMb,2022-09-10,2022,regular,FC Cincinnati,San Jose Earthquakes,6,0,,,asa,,,,
asa-NWMWPY8Y5l,2022-09-10,2022,regular,Colorado Rapids,Vancouver Whitecaps FC,3,1,,,asa,,,,
asa-Oa5w1oO9Q1,2022-09-10,2022,regular,Charlotte FC,New York City FC,1,0,,,asa,,,,
asa-eVq3gmpvqW,2022-09-10,2022,regular,Chicago Fire FC,Inter Miami CF,3,1,,,asa,,,,
asa-gOMn9wPAQw,2022-09-10,2022,regular,Philadelphia Union,Orlando City SC,5,1,,,asa,,,,
asa-gpMO6E9lQz,2022-09-10,2022,regular,New York Red Bulls,New England Revolution,2,1,,,asa,,,,
asa-jYQJ3E8VMG,2022-09-10,2022,regular,Atlanta United FC,Toronto FC,4,2,,,asa,,,,
asa-vzqok3PYqa,2022-09-10,2022,regular,Portland Timbers FC,Minnesota United FC,1,0,,,asa,,,,
asa-wvq9RmW1QW,2022-09-10,2022,regular,Seattle Sounders FC,Austin FC,3,0,,,asa,,,,
asa-7vQ7nmYLqD,2022-09-13,2022,regular,CF Montréal,Chicago Fire FC,3,2,,,asa,,,,
asa-EGMPOEkyQa,2022-09-13,2022,regular,Houston Dynamo FC,New England Revolution,3,1,,,asa,,,,
asa-Pk5LWEkGMO,2022-09-13,2022,regular,Sporting Kansas City,D.C. United,3,0,,,asa,,,,
asa-gjMNGE1K5K,2022-09-13,2022,regular,Inter Miami CF,Columbus Crew,2,1,,,asa,,,,
asa-raMyl9mBQd,2022-09-13,2022,regular,Minnesota United FC,Los Angeles FC,1,1,,,asa,,,,
asa-2vQ1BmZGMr,2022-09-14,2022,regular,Vancouver Whitecaps FC,LA Galaxy,3,0,,,asa,,,,
asa-315VVw4v59,2022-09-14,2022,regular,Colorado Rapids,San Jose Earthquakes,2,1,,,asa,,,,
asa-9z5knrReMA,2022-09-14,2022,regular,Austin FC,Real Salt Lake,3,0,,,asa,,,,
asa-eV5DrEVYQK,2022-09-14,2022,regular,Orlando City SC,Atlanta United FC,0,1,,,asa,,,,
asa-9Yqd3PYk5v,2022-09-17,2022,regular,Sporting Kansas City,Minnesota United FC,4,1,,,asa,,,,
asa-9vQ2Wm99MK,2022-09-17,2022,regular,New York City FC,New York Red Bulls,2,0,,,asa,,,,
asa-KPqjO16BQ6,2022-09-17,2022,regular,San Jose Earthquakes,FC Dallas,1,1,,,asa,,,,
asa-KXMeBLRk56,2022-09-17,2022,regular,LA Galaxy,Colorado Rapids,4,1,,,asa,,,,
asa-NPqxrRnxM9,2022-09-17,2022,regular,Orlando City SC,Toronto FC,4,0,,,asa,,,,
asa-OlMlolAwQL,2022-09-17,2022,regular,Austin FC,Nashville SC,1,1,,,asa,,,,
asa-Vj58omwEM8,2022-09-17,2022,regular,Chicago Fire FC,Charlotte FC,2,3,,,asa,,,,
asa-a35rLgP4QL,2022-09-17,2022,regular,Atlanta United FC,Philadelphia Union,0,0,,,asa,,,,
asa-aDQ03mLlqE,2022-09-17,2022,regular,Real Salt Lake,FC Cincinnati,1,2,,,asa,,,,
asa-odMXLBPJMY,2022-09-17,2022,regular,New England Revolution,CF Montréal,0,1,,,asa,,,,
asa-xW5pVBdYQg,2022-09-17,2022,regular,Vancouver Whitecaps FC,Seattle Sounders FC,2,1,,,asa,,,,
asa-4JMA7ELOqK,2022-09-18,2022,regular,D.C. United,Inter Miami CF,2,3,,,asa,,,,
asa-4wM4GmZ4Qj,2022-09-18,2022,regular,Los Angeles FC,Houston Dynamo FC,3,1,,,asa,,,,
asa-kRQad9e8qK,2022-09-18,2022,regular,Columbus Crew,Portland Timbers FC,1,1,,,asa,,,,
asa-7VqGdvkjQv,2022-09-24,2022,regular,San Jose Earthquakes,LA Galaxy,2,3,,,asa,,,,
asa-9Yqd3nrL5v,2022-09-27,2022,regular,Seattle Sounders FC,FC Cincinnati,1,1,,,asa,,,,
asa-zeQZygjZqK,2022-09-30,2022,regular,Toronto FC,Inter Miami CF,0,1,,,asa,,,,
asa-BLMvDnkBqx,2022-10-01,2022,regular,Charlotte FC,Philadelphia Union,4,0,,,asa,,,,
asa-N6MmRJKP5E,2022-10-01,2022,regular,CF Montréal,D.C. United,1,0,,,asa,,,,
asa-Oa5w1on9Q1,2022-10-01,2022,regular,San Jose Earthquakes,Minnesota United FC,2,0,,,asa,,,,
asa-XVqKBEGD50,2022-10-01,2022,regular,FC Cincinnati,Chicago Fire FC,2,3,,,asa,,,,
asa-Xj5YNWLaqb,2022-10-01,2022,regular,New England Revolution,Atlanta United FC,2,1,,,asa,,,,
asa-e7Mz8kAeqr,2022-10-01,2022,regular,LA Galaxy,Real Salt Lake,1,1,,,asa,,,,
asa-eVq3gm2vqW,2022-10-01,2022,regular,Vancouver Whitecaps FC,Austin FC,2,0,,,asa,,,,
asa-ljqElEVo5x,2022-10-01,2022,regular,Columbus Crew,New York Red Bulls,2,1,,,asa,,,,
asa-p6qbJkRbq0,2022-10-01,2022,regular,Colorado Rapids,FC Dallas,1,0,,,asa,,,,
asa-0x5ggy6X57,2022-10-02,2022,regular,Portland Timbers FC,Los Angeles FC,1,2,,,asa,,,,
asa-KAqBDEeAMb,2022-10-02,2022,regular,Sporting Kansas City,Seattle Sounders FC,1,0,,,asa,,,,
asa-NWMWPYLY5l,2022-10-02,2022,regular,Nashville SC,Houston Dynamo FC,1,2,,,asa,,,,
asa-jYQJ3EBVMG,2022-10-02,2022,regular,New York City FC,Orlando City SC,2,1,,,asa,,,,
asa-0Oq6OmxgQ6,2022-10-05,2022,regular,Inter Miami CF,Orlando City SC,4,1,,,asa,,,,
asa-0x5ggyPP57,2022-10-05,2022,regular,Charlotte FC,Columbus Crew,2,2,,,asa,,,,
asa-0Oq6OmE6Q6,2022-10-09,2022,regular,Austin FC,Colorado Rapids,1,1,,,asa,,,,
asa-2lqRoEPLQr,2022-10-09,2022,regular,Houston Dynamo FC,LA Galaxy,1,3,,,asa,,,,
asa-315VVwkv59,2022-10-09,2022,regular,Minnesota United FC,Vancouver Whitecaps FC,2,0,,,asa,,,,
asa-7VqGdEJdQv,2022-10-09,2022,regular,Atlanta United FC,New York City FC,1,2,,,asa,,,,
asa-7vQ7nmJLqD,2022-10-09,2022,regular,Seattle Sounders FC,San Jose Earthquakes,2,2,,,asa,,,,
asa-9z5knrOeMA,2022-10-09,2022,regular,Inter Miami CF,CF Montréal,1,3,,,asa,,,,
asa-EGMPOE1yQa,2022-10-09,2022,regular,New York Red Bulls,Charlotte FC,2,0,,,asa,,,,
asa-Pk5LWE7GMO,2022-10-09,2022,regular,Orlando City SC,Columbus Crew,2,1,,,asa,,,,
asa-gOMn9w2AQw,2022-10-09,2022,regular,FC Dallas,Sporting Kansas City,2,1,,,asa,,,,
asa-gjMNGEeK5K,2022-10-09,2022,regular,Philadelphia Union,Toronto FC,4,0,,,asa,,,,
asa-gpMO6ErlQz,2022-10-09,2022,regular,Chicago Fire FC,New England Revolution,1,1,,,asa,,,,
asa-raMyl9yBQd,2022-10-09,2022,regular,Real Salt Lake,Portland Timbers FC,3,1,,,asa,,,,
asa-vzqok3GYqa,2022-10-09,2022,regular,D.C. United,FC Cincinnati,2,5,,,asa,,,,
asa-wvq9Rm31QW,2022-10-09,2022,regular,Los Angeles FC,Nashville SC,0,1,,,asa,,,,
asa-0Oq66WnPq6,2022-10-15,2022,postseason,New York Red Bulls,FC Cincinnati,1,2,,,asa,,,,
asa-gpMO0bKy5z,2022-10-15,2022,postseason,LA Galaxy,Nashville SC,1,0,,,asa,,,,
asa-gOMnEZveQw,2022-10-16,2022,postseason,Austin FC,Real Salt Lake,3,2,,pens,asa,,,,
asa-vzqoEZvpMa,2022-10-16,2022,postseason,CF Montréal,Orlando City SC,2,0,,,asa,,,,
asa-2lqR0zv4Mr,2022-10-17,2022,postseason,New York City FC,Inter Miami CF,3,0,,,asa,,,,
asa-wvq9o60aMW,2022-10-17,2022,postseason,FC Dallas,Minnesota United FC,2,1,,pens,asa,,,,
asa-315V0b8XQ9,2022-10-20,2022,postseason,Los Angeles FC,LA Galaxy,3,2,,,asa,,,,
asa-9z5kEZoaQA,2022-10-20,2022,postseason,Philadelphia Union,FC Cincinnati,1,0,,,asa,,,,
asa-EGMP0bykMa,2022-10-23,2022,postseason,CF Montréal,New York City FC,1,3,,,asa,,,,
asa-Pk5L08V75O,2022-10-23,2022,postseason,Austin FC,FC Dallas,2,1,,,asa,,,,
asa-gjMNAbLjQK,2022-10-30,2022,postseason,Los Angeles FC,Austin FC,3,0,,,asa,,,,
asa-raMyEd8eMd,2022-10-30,2022,postseason,Philadelphia Union,New York City FC,3,1,,,asa,,,,
asa-7vQ7Og2eQD,2022-11-05,2022,postseason,Los Angeles FC,Philadelphia Union,4,3,,pens,asa,,,,
asa-7VqG8GvzQv,2023-02-25,2023,regular,Vancouver Whitecaps FC,Real Salt Lake,1,2,,,asa,,,,
asa-KAqB7wAmQb,2023-02-25,2023,regular,FC Dallas,Minnesota United FC,0,1,,,asa,,,,
asa-N6MmE3yWME,2023-02-25,2023,regular,D.C. United,Toronto FC,3,2,,,asa,,,,
asa-Oa5wm9aDQ1,2023-02-25,2023,regular,Philadelphia Union,Columbus Crew,4,1,,,asa,,,,
asa-XVqKAoxWM0,2023-02-25,2023,regular,Nashville SC,New York City FC,2,0,,,asa,,,,
asa-Xj5Y0rxyMb,2023-02-25,2023,regular,Inter Miami CF,CF Montréal,2,0,,,asa,,,,
asa-e7MzEPaJQr,2023-02-25,2023,regular,FC Cincinnati,Houston Dynamo FC,2,1,,,asa,,,,
asa-eVq3WEAXqW,2023-02-25,2023,regular,Austin FC,St. Louis City SC,2,3,,,asa,,,,
asa-jYQJ0nAZ5G,2023-02-25,2023,regular,Orlando City SC,New York Red Bulls,1,0,,,asa,,,,
asa-ljqErWxVQx,2023-02-25,2023,regular,Charlotte FC,New England Revolution,0,1,,,asa,,,,
asa-p6qbpd6XM0,2023-02-25,2023,regular,Atlanta United FC,San Jose Earthquakes,2,1,,,asa,,,,
asa-0Oq660Agq6,2023-02-26,2023,regular,Seattle Sounders FC,Colorado Rapids,4,0,,,asa,,,,
asa-0x5gEZ9wQ7,2023-02-27,2023,regular,Portland Timbers FC,Sporting Kansas City,1,0,,,asa,,,,
asa-2lqR0NxaMr,2023-03-04,2023,regular,Inter Miami CF,Philadelphia Union,2,0,,,asa,,,,
asa-2vQ130Ab5r,2023-03-04,2023,regular,Seattle Sounders FC,Real Salt Lake,2,0,,,asa,,,,
asa-315V0rxYQ9,2023-03-04,2023,regular,Orlando City SC,FC Cincinnati,0,0,,,asa,,,,
asa-7vQ7O0EOQD,2023-03-04,2023,regular,Colorado Rapids,Sporting Kansas City,0,0,,,asa,,,,
asa-9z5kEJLJQA,2023-03-04,2023,regular,New York Red Bulls,Nashville SC,0,0,,,asa,,,,
asa-EGMP0PxxMa,2023-03-04,2023,regular,Austin FC,CF Montréal,1,0,,,asa,,,,
asa-Pk5L0RxE5O,2023-03-04,2023,regular,Chicago Fire FC,New York City FC,1,1,,,asa,,,,
asa-eV5D1Bb9qK,2023-03-04,2023,regular,San Jose Earthquakes,Vancouver Whitecaps FC,2,1,,,asa,,,,
asa-gOMnEB78Qw,2023-03-04,2023,regular,Atlanta United FC,Toronto FC,1,1,,,asa,,,,
asa-gjMNAkx3QK,2023-03-04,2023,regular,FC Dallas,LA Galaxy,3,1,,,asa,,,,
asa-gpMO0VYD5z,2023-03-04,2023,regular,Los Angeles FC,Portland Timbers FC,3,2,,,asa,,,,
asa-raMyEValMd,2023-03-04,2023,regular,St. Louis City SC,Charlotte FC,3,1,,,asa,,,,
asa-vzqoEWDNMa,2023-03-04,2023,regular,Columbus Crew,D.C. United,2,0,,,asa,,,,
asa-wvq9o4ANMW,2023-03-04,2023,regular,New England Revolution,Houston Dynamo FC,3,0,,,asa,,,,
asa-4JMAyJA2MK,2023-03-11,2023,regular,San Jose Earthquakes,Colorado Rapids,1,0,,,asa,,,,
asa-9YqdZEn7Mv,2023-03-11,2023,regular,D.C. United,Orlando City SC,1,1,,,asa,,,,
asa-9vQ2B0ALQK,2023-03-11,2023,regular,Toronto FC,Columbus Crew,1,1,,,asa,,,,
asa-KPqjYbP256,2023-03-11,2023,regular,Nashville SC,CF Montréal,2,0,,,asa,,,,
asa-KXMeEAovM6,2023-03-11,2023,regular,New York City FC,Inter Miami CF,1,0,,,asa,,,,
asa-NPqxEkaWQ9,2023-03-11,2023,regular,Sporting Kansas City,LA Galaxy,0,0,,,asa,,,,
asa-OlMlEYN45L,2023-03-11,2023,regular,Vancouver Whitecaps FC,FC Dallas,1,1,,,asa,,,,
asa-Vj58n0ADQ8,2023-03-11,2023,regular,FC Cincinnati,Seattle Sounders FC,1,0,,,asa,,,,
asa-a35rE6aoML,2023-03-11,2023,regular,Charlotte FC,Atlanta United FC,0,3,,,asa,,,,
asa-aDQ0w0AGqE,2023-03-11,2023,regular,Minnesota United FC,New York Red Bulls,1,1,,,asa,,,,
asa-kRQa0YGkqK,2023-03-11,2023,regular,Portland Timbers FC,St. Louis City SC,1,2,,,asa,,,,
asa-odMX0jxeMY,2023-03-11,2023,regular,Philadelphia Union,Chicago Fire FC,1,0,,,asa,,,,
asa-xW5pEg1Rqg,2023-03-11,2023,regular,Real Salt Lake,Austin FC,1,2,,,asa,,,,
asa-4wM4g0AyQj,2023-03-12,2023,regular,Los Angeles FC,New England Revolution,4,0,,,asa,,,,
asa-0x5gEZywQ7,2023-03-18,2023,regular,LA Galaxy,Vancouver Whitecaps FC,1,1,,,asa,,,,
asa-BLMvERnlQx,2023-03-18,2023,regular,Atlanta United FC,Portland Timbers FC,5,1,,,asa,,,,
asa-KAqB7wEmQb,2023-03-18,2023,regular,St. Louis City SC,San Jose Earthquakes,3,0,,,asa,,,,
asa-N6MmE3JWME,2023-03-18,2023,regular,Orlando City SC,Charlotte FC,1,2,,,asa,,,,
asa-NWMW0rYD5l,2023-03-18,2023,regular,Colorado Rapids,Minnesota United FC,1,2,,,asa,,,,
asa-Oa5wm9oDQ1,2023-03-18,2023,regular,FC Dallas,Sporting Kansas City,2,1,,,asa,,,,
asa-XVqKAoEWM0,2023-03-18,2023,regular,CF Montréal,Philadelphia Union,3,2,,,asa,,,,
asa-Xj5Y0rWyMb,2023-03-18,2023,regular,Toronto FC,Inter Miami CF,2,0,,,asa,,,,
asa-e7MzEPkJQr,2023-03-18,2023,regular,New York City FC,D.C. United,3,2,,,asa,,,,
asa-eVq3WEmXqW,2023-03-18,2023,regular,Houston Dynamo FC,Austin FC,2,0,,,asa,,,,
asa-jYQJ0nEZ5G,2023-03-18,2023,regular,Chicago Fire FC,FC Cincinnati,3,3,,,asa,,,,
asa-ljqErWEVQx,2023-03-18,2023,regular,New York Red Bulls,Columbus Crew,2,1,,,asa,,,,
asa-p6qbpdkXM0,2023-03-18,2023,regular,New England Revolution,Nashville SC,1,0,,,asa,,,,
asa-zeQZ0lgY5K,2023-03-18,2023,regular,Seattle Sounders FC,Los Angeles FC,0,0,,,asa,,,,
asa-0Oq660m6q6,2023-03-25,2023,regular,San Jose Earthquakes,Toronto FC,0,0,,,asa,,,,
asa-0Oq660mgq6,2023-03-25,2023,regular,Charlotte FC,New York Red Bulls,1,1,,,asa,,,,
asa-0x5gEZyXQ7,2023-03-25,2023,regular,Real Salt Lake,St. Louis City SC,0,4,,,asa,,,,
asa-2lqR0NEaMr,2023-03-25,2023,regular,Philadelphia Union,Orlando City SC,1,2,,,asa,,,,
asa-7VqG8GEdQv,2023-03-25,2023,regular,Los Angeles FC,FC Dallas,2,1,,,asa,,,,
asa-7VqG8GEzQv,2023-03-25,2023,regular,Portland Timbers FC,LA Galaxy,0,0,,,asa,,,,
asa-KAqB7wEAQb,2023-03-25,2023,regular,Minnesota United FC,Vancouver Whitecaps FC,1,1,,,asa,,,,
asa-NWMW0rYY5l,2023-03-25,2023,regular,Nashville SC,FC Cincinnati,0,1,,,asa,,,,
asa-Oa5wm9o9Q1,2023-03-25,2023,regular,Houston Dynamo FC,New York City FC,1,0,,,asa,,,,
asa-eVq3WEmvqW,2023-03-25,2023,regular,Sporting Kansas City,Seattle Sounders FC,1,4,,,asa,,,,
asa-gOMnEBw8Qw,2023-03-25,2023,regular,D.C. United,New England Revolution,1,2,,,asa,,,,
asa-gpMO0VED5z,2023-03-25,2023,regular,Columbus Crew,Atlanta United FC,6,1,,,asa,,,,
asa-jYQJ0nEV5G,2023-03-25,2023,regular,Austin FC,Colorado Rapids,1,1,,,asa,,,,
asa-vzqoEW3NMa,2023-03-25,2023,regular,Inter Miami CF,Chicago Fire FC,2,3,,,asa,,,,
asa-2lqR0NELMr,2023-04-01,2023,regular,LA Galaxy,Seattle Sounders FC,1,2,,,asa,,,,
asa-2vQ130mG5r,2023-04-01,2023,regular,Vancouver Whitecaps FC,CF Montréal,5,0,,,asa,,,,
asa-315V0rwvQ9,2023-04-01,2023,regular,Philadelphia Union,Sporting Kansas City,0,0,,,asa,,,,
asa-7vQ7O0mLQD,2023-04-01,2023,regular,Colorado Rapids,Los Angeles FC,0,0,,,asa,,,,
asa-9z5kEJreQA,2023-04-01,2023,regular,Orlando City SC,Nashville SC,0,2,,,asa,,,,
asa-EGMP0PEyMa,2023-04-01,2023,regular,Toronto FC,Charlotte FC,2,2,,,asa,,,,
asa-Pk5L0REG5O,2023-04-01,2023,regular,Chicago Fire FC,D.C. United,0,0,,,asa,,,,
asa-eV5D1BEYqK,2023-04-01,2023,regular,San Jose Earthquakes,Houston Dynamo FC,2,1,,,asa,,,,
asa-gOMnEBwAQw,2023-04-01,2023,regular,FC Cincinnati,Inter Miami CF,1,0,,,asa,,,,
asa-gjMNAkEKQK,2023-04-01,2023,regular,FC Dallas,Portland Timbers FC,1,1,,,asa,,,,
asa-gpMO0VEl5z,2023-04-01,2023,regular,Atlanta United FC,New York Red Bulls,1,0,,,asa,,,,
asa-raMyEV9BMd,2023-04-01,2023,regular,St. Louis City SC,Minnesota United FC,0,1,,,asa,,,,
asa-vzqoEW3YMa,2023-04-01,2023,regular,Columbus Crew,Real Salt Lake,4,0,,,asa,,,,
asa-wvq9o4m1MW,2023-04-01,2023,regular,New England Revolution,New York City FC,1,1,,,asa,,,,
asa-4JMAyJVOMK,2023-04-08,2023,regular,Seattle Sounders FC,St. Louis City SC,3,0,,,asa,,,,
asa-4wM4g0w4Qj,2023-04-08,2023,regular,Vancouver Whitecaps FC,Portland Timbers FC,1,0,,,asa,,,,
asa-9YqdZE8kMv,2023-04-08,2023,regular,Inter Miami CF,FC Dallas,0,1,,,asa,,,,
asa-9vQ2B089QK,2023-04-08,2023,regular,New York City FC,Atlanta United FC,1,1,,,asa,,,,
asa-KPqjYbAB56,2023-04-08,2023,regular,Sporting Kansas City,Colorado Rapids,0,1,,,asa,,,,
asa-KXMeEAYkM6,2023-04-08,2023,regular,New England Revolution,CF Montréal,4,0,,,asa,,,,
asa-NPqxEkXxQ9,2023-04-08,2023,regular,Chicago Fire FC,Minnesota United FC,2,1,,,asa,,,,
asa-OlMlEYlw5L,2023-04-08,2023,regular,D.C. United,Columbus Crew,0,2,,,asa,,,,
asa-Vj58n0gEQ8,2023-04-08,2023,regular,Los Angeles FC,Austin FC,3,0,,,asa,,,,
asa-a35rE6g4ML,2023-04-08,2023,regular,FC Cincinnati,Philadelphia Union,1,0,,,asa,,,,
asa-aDQ0w0rlqE,2023-04-08,2023,regular,Houston Dynamo FC,LA Galaxy,3,0,,,asa,,,,
asa-kRQa0Y18qK,2023-04-08,2023,regular,Real Salt Lake,Charlotte FC,3,1,,,asa,,,,
asa-odMX0j9JMY,2023-04-08,2023,regular,New York Red Bulls,San Jose Earthquakes,1,1,,,asa,,,,
asa-xW5pEgXYqg,2023-04-08,2023,regular,Nashville SC,Toronto FC,0,0,,,asa,,,,
asa-BLMvERXBQx,2023-04-15,2023,regular,Columbus Crew,New England Revolution,1,1,,,asa,,,,
asa-KAqB7wPAQb,2023-04-15,2023,regular,Portland Timbers FC,Seattle Sounders FC,4,1,,,asa,,,,
asa-N6MmE3XPME,2023-04-15,2023,regular,Austin FC,Vancouver Whitecaps FC,0,0,,,asa,,,,
asa-NWMW0rRY5l,2023-04-15,2023,regular,San Jose Earthquakes,Sporting Kansas City,3,0,,,asa,,,,
asa-Oa5wm9X9Q1,2023-04-15,2023,regular,Minnesota United FC,Orlando City SC,1,2,,,asa,,,,
asa-XVqKAo8DM0,2023-04-15,2023,regular,CF Montréal,D.C. United,0,1,,,asa,,,,
asa-Xj5Y0rkaMb,2023-04-15,2023,regular,Chicago Fire FC,Philadelphia Union,2,2,,,asa,,,,
asa-e7MzEPXeQr,2023-04-15,2023,regular,Toronto FC,Atlanta United FC,2,2,,,asa,,,,
asa-eVq3WEJvqW,2023-04-15,2023,regular,St. Louis City SC,FC Cincinnati,5,1,,,asa,,,,
asa-jYQJ0nlV5G,2023-04-15,2023,regular,FC Dallas,Real Salt Lake,2,1,,,asa,,,,
asa-ljqErWyoQx,2023-04-15,2023,regular,New York City FC,Nashville SC,2,1,,,asa,,,,
asa-p6qbpdrbM0,2023-04-15,2023,regular,New York Red Bulls,Houston Dynamo FC,1,1,,,asa,,,,
asa-zeQZ0lVZ5K,2023-04-15,2023,regular,Charlotte FC,Colorado Rapids,2,2,,,asa,,,,
asa-0x5gEZXXQ7,2023-04-16,2023,regular,LA Galaxy,Los Angeles FC,2,3,,,asa,,,,
asa-0Oq660B6q6,2023-04-22,2023,regular,FC Cincinnati,Portland Timbers FC,2,1,,,asa,,,,
asa-2lqR0NGLMr,2023-04-22,2023,regular,Orlando City SC,D.C. United,1,3,,,asa,,,,
asa-315V0rovQ9,2023-04-22,2023,regular,Nashville SC,Los Angeles FC,1,1,,,asa,,,,
asa-7VqG8GDdQv,2023-04-22,2023,regular,Charlotte FC,Columbus Crew,1,0,,,asa,,,,
asa-9z5kEJKeQA,2023-04-22,2023,regular,Houston Dynamo FC,Inter Miami CF,1,0,,,asa,,,,
asa-EGMP0PWyMa,2023-04-22,2023,regular,Colorado Rapids,St. Louis City SC,1,1,,,asa,,,,
asa-Pk5L0RJG5O,2023-04-22,2023,regular,Real Salt Lake,San Jose Earthquakes,3,1,,,asa,,,,
asa-gOMnEBXAQw,2023-04-22,2023,regular,New England Revolution,Sporting Kansas City,2,1,,,asa,,,,
asa-gjMNAk3KQK,2023-04-22,2023,regular,LA Galaxy,Austin FC,2,0,,,asa,,,,
asa-gpMO0VBl5z,2023-04-22,2023,regular,CF Montréal,New York Red Bulls,2,0,,,asa,,,,
asa-raMyEVYBMd,2023-04-22,2023,regular,Seattle Sounders FC,Minnesota United FC,1,0,,,asa,,,,
asa-vzqoEW2YMa,2023-04-22,2023,regular,New York City FC,FC Dallas,3,1,,,asa,,,,
asa-wvq9o4G1MW,2023-04-22,2023,regular,Philadelphia Union,Toronto FC,4,2,,,asa,,,,
asa-7vQ7O0WLQD,2023-04-23,2023,regular,Atlanta United FC,Chicago Fire FC,2,1,,,asa,,,,
asa-2vQ130lG5r,2023-04-29,2023,regular,Columbus Crew,Inter Miami CF,1,2,,,asa,,,,
asa-9YqdZE3kMv,2023-04-29,2023,regular,Toronto FC,New York City FC,1,0,,,asa,,,,
asa-9vQ2B0W9QK,2023-04-29,2023,regular,Sporting Kansas City,CF Montréal,0,2,,,asa,,,,
asa-KXMeEABkM6,2023-04-29,2023,regular,Austin FC,San Jose Earthquakes,2,2,,,asa,,,,
asa-NPqxEkrxQ9,2023-04-29,2023,regular,St. Louis City SC,Portland Timbers FC,1,2,,,asa,,,,
asa-OlMlEYaw5L,2023-04-29,2023,regular,New England Revolution,FC Cincinnati,1,1,,,asa,,,,
asa-Vj58n0oEQ8,2023-04-29,2023,regular,Orlando City SC,LA Galaxy,2,0,,,asa,,,,
asa-a35rE6X4ML,2023-04-29,2023,regular,D.C. United,Charlotte FC,3,0,,,asa,,,,
asa-aDQ0w03lqE,2023-04-29,2023,regular,Real Salt Lake,Seattle Sounders FC,0,0,,,asa,,,,
asa-eV5D1BNYqK,2023-04-29,2023,regular,Nashville SC,Atlanta United FC,3,1,,,asa,,,,
asa-odMX0jLJMY,2023-04-29,2023,regular,Chicago Fire FC,New York Red Bulls,1,1,,,asa,,,,
asa-xW5pEgVYqg,2023-04-29,2023,regular,Vancouver Whitecaps FC,Colorado Rapids,0,0,,,asa,,,,
asa-kRQa0Yd8qK,2023-04-30,2023,regular,Minnesota United FC,FC Dallas,0,0,,,asa,,,,
asa-4JMAyJ7OMK,2023-05-06,2023,regular,Charlotte FC,New York City FC,3,2,,,asa,,,,
asa-4wM4g0G4Qj,2023-05-06,2023,regular,FC Cincinnati,D.C. United,2,1,,,asa,,,,
asa-BLMvERDBQx,2023-05-06,2023,regular,CF Montréal,Orlando City SC,2,0,,,asa,,,,
asa-N6MmE3RPME,2023-05-06,2023,regular,Houston Dynamo FC,Real Salt Lake,0,0,,,asa,,,,
asa-Oa5wm919Q1,2023-05-06,2023,regular,Portland Timbers FC,Austin FC,2,2,,,asa,,,,
asa-XVqKAoBDM0,2023-05-06,2023,regular,New York Red Bulls,Philadelphia Union,0,1,,,asa,,,,
asa-Xj5Y0rNaMb,2023-05-06,2023,regular,Nashville SC,Chicago Fire FC,3,0,,,asa,,,,
asa-eVq3WEgvqW,2023-05-06,2023,regular,Vancouver Whitecaps FC,Minnesota United FC,3,2,,,asa,,,,
asa-jYQJ0n3V5G,2023-05-06,2023,regular,LA Galaxy,Colorado Rapids,1,3,,,asa,,,,
asa-ljqErWloQx,2023-05-06,2023,regular,Toronto FC,New England Revolution,0,2,,,asa,,,,
asa-p6qbpdJbM0,2023-05-06,2023,regular,San Jose Earthquakes,Los Angeles FC,2,1,,,asa,,,,
asa-zeQZ0lyZ5K,2023-05-06,2023,regular,Inter Miami CF,Atlanta United FC,2,1,,,asa,,,,
asa-KAqB7wDAQb,2023-05-07,2023,regular,Seattle Sounders FC,Sporting Kansas City,1,2,,,asa,,,,
asa-0Oq660O6q6,2023-05-13,2023,regular,Inter Miami CF,New England Revolution,2,1,,,asa,,,,
asa-0x5gEZgXQ7,2023-05-13,2023,regular,Columbus Crew,Orlando City SC,2,2,,,asa,,,,
asa-2lqR0NoLMr,2023-05-13,2023,regular,Chicago Fire FC,St. Louis City SC,1,0,,,asa,,,,
asa-7VqG8GddQv,2023-05-13,2023,regular,D.C. United,Nashville SC,1,1,,,asa,,,,
asa-KAqB7wDWQb,2023-05-13,2023,regular,Real Salt Lake,Los Angeles FC,0,3,,,asa,,,,
asa-NWMW0rPN5l,2023-05-13,2023,regular,Portland Timbers FC,Vancouver Whitecaps FC,3,1,,,asa,,,,
asa-NWMW0rPY5l,2023-05-13,2023,regular,Atlanta United FC,Charlotte FC,1,3,,,asa,,,,
asa-Oa5wm91gQ1,2023-05-13,2023,regular,Sporting Kansas City,Minnesota United FC,3,0,,,asa,,,,
asa-eVq3WEgGqW,2023-05-13,2023,regular,Colorado Rapids,Philadelphia Union,1,2,,,asa,,,,
asa-gOMnEB9AQw,2023-05-13,2023,regular,New York Red Bulls,New York City FC,1,0,,,asa,,,,
asa-gpMO0V6l5z,2023-05-13,2023,regular,CF Montréal,Toronto FC,2,0,,,asa,,,,
asa-jYQJ0n3G5G,2023-05-13,2023,regular,Houston Dynamo FC,Seattle Sounders FC,0,1,,,asa,,,,
asa-vzqoEWkYMa,2023-05-13,2023,regular,Austin FC,FC Dallas,0,1,,,asa,,,,
asa-0x5gEZgmQ7,2023-05-14,2023,regular,LA Galaxy,San Jose Earthquakes,2,1,,,asa,,,,
asa-0Oq660OPq6,2023-05-17,2023,regular,Charlotte FC,Chicago Fire FC,2,1,,,asa,,,,
asa-2lqR0No4Mr,2023-05-17,2023,regular,Philadelphia Union,D.C. United,0,0,,,asa,,,,
asa-315V0r0XQ9,2023-05-17,2023,regular,Minnesota United FC,Houston Dynamo FC,1,0,,,asa,,,,
asa-7VqG8GdxQv,2023-05-17,2023,regular,Atlanta United FC,Colorado Rapids,4,0,,,asa,,,,
asa-9z5kEJEaQA,2023-05-17,2023,regular,FC Dallas,Vancouver Whitecaps FC,2,1,,,asa,,,,
asa-EGMP0P0kMa,2023-05-17,2023,regular,Nashville SC,Inter Miami CF,2,1,,,asa,,,,
asa-Pk5L0R075O,2023-05-17,2023,regular,Real Salt Lake,Portland Timbers FC,0,0,,,asa,,,,
asa-gOMnEB9eQw,2023-05-17,2023,regular,Columbus Crew,LA Galaxy,2,0,,,asa,,,,
asa-gjMNAkAjQK,2023-05-17,2023,regular,Los Angeles FC,Sporting Kansas City,1,1,,,asa,,,,
asa-gpMO0V6y5z,2023-05-17,2023,regular,FC Cincinnati,CF Montréal,3,0,,,asa,,,,
asa-raMyEVEeMd,2023-05-17,2023,regular,Seattle Sounders FC,Austin FC,1,2,,,asa,,,,
asa-vzqoEWkpMa,2023-05-17,2023,regular,Orlando City SC,New York City FC,1,1,,,asa,,,,
asa-wvq9o4oaMW,2023-05-17,2023,regular,Toronto FC,New York Red Bulls,0,0,,,asa,,,,
asa-2vQ1303x5r,2023-05-20,2023,regular,D.C. United,LA Galaxy,3,0,,,asa,,,,
asa-7vQ7O0OeQD,2023-05-20,2023,regular,Charlotte FC,Nashville SC,1,2,,,asa,,,,
asa-9YqdZEZRMv,2023-05-20,2023,regular,Austin FC,Toronto FC,1,0,,,asa,,,,
asa-9vQ2B0B7QK,2023-05-20,2023,regular,Colorado Rapids,Real Salt Lake,2,3,,,asa,,,,
asa-KPqjYbY856,2023-05-20,2023,regular,Portland Timbers FC,Minnesota United FC,0,1,,,asa,,,,
asa-KXMeEAE2M6,2023-05-20,2023,regular,Chicago Fire FC,Atlanta United FC,3,3,,,asa,,,,
asa-NPqxEkE8Q9,2023-05-20,2023,regular,St. Louis City SC,Sporting Kansas City,4,0,,,asa,,,,
asa-OlMlEYEP5L,2023-05-20,2023,regular,New York Red Bulls,CF Montréal,2,1,,,asa,,,,
asa-Vj58n0n2Q8,2023-05-20,2023,regular,Philadelphia Union,New England Revolution,3,0,,,asa,,,,
asa-a35rE6EeML,2023-05-20,2023,regular,Inter Miami CF,Orlando City SC,1,3,,,asa,,,,
asa-aDQ0w0w2qE,2023-05-20,2023,regular,Los Angeles FC,San Jose Earthquakes,2,1,,,asa,,,,
asa-eV5D1B1RqK,2023-05-20,2023,regular,FC Cincinnati,Columbus Crew,3,2,,,asa,,,,
asa-odMX0j0AMY,2023-05-20,2023,regular,FC Dallas,Houston Dynamo FC,1,1,,,asa,,,,
asa-xW5pEgEKqg,2023-05-20,2023,regular,Vancouver Whitecaps FC,Seattle Sounders FC,2,0,,,asa,,,,
asa-4JMAyJyYMK,2023-05-27,2023,regular,New England Revolution,Chicago Fire FC,3,3,,,asa,,,,
asa-4wM4g0gAQj,2023-05-27,2023,regular,New York City FC,Philadelphia Union,1,3,,,asa,,,,
asa-BLMvEREXQx,2023-05-27,2023,regular,Toronto FC,D.C. United,2,1,,,asa,,,,
asa-N6MmE3EgME,2023-05-27,2023,regular,LA Galaxy,Charlotte FC,0,1,,,asa,,,,
asa-XVqKAoABM0,2023-05-27,2023,regular,Houston Dynamo FC,Austin FC,2,1,,,asa,,,,
asa-Xj5Y0r0lMb,2023-05-27,2023,regular,San Jose Earthquakes,FC Dallas,1,1,,,asa,,,,
asa-e7MzEPEjQr,2023-05-27,2023,regular,Colorado Rapids,FC Cincinnati,0,1,,,asa,,,,
asa-jYQJ0n0G5G,2023-05-27,2023,regular,Seattle Sounders FC,New York Red Bulls,1,0,,,asa,,,,
asa-kRQa0Y0YqK,2023-05-27,2023,regular,CF Montréal,Inter Miami CF,1,0,,,asa,,,,
asa-ljqErWrkQx,2023-05-27,2023,regular,St. Louis City SC,Vancouver Whitecaps FC,3,1,,,asa,,,,
asa-p6qbpdppM0,2023-05-27,2023,regular,Minnesota United FC,Real Salt Lake,1,1,,,asa,,,,
asa-zeQZ0l0g5K,2023-05-27,2023,regular,Orlando City SC,Atlanta United FC,1,1,,,asa,,,,
asa-Oa5wm9mgQ1,2023-05-28,2023,regular,Sporting Kansas City,Portland Timbers FC,4,1,,,asa,,,,
asa-eVq3WEWGqW,2023-05-28,2023,regular,Nashville SC,Columbus Crew,3,1,,,asa,,,,
asa-0Oq6606Pq6,2023-05-31,2023,regular,New York City FC,FC Cincinnati,1,3,,,asa,,,,
asa-0x5gEZEmQ7,2023-05-31,2023,regular,D.C. United,CF Montréal,2,2,,,asa,,,,
asa-2lqR0N04Mr,2023-05-31,2023,regular,Sporting Kansas City,FC Dallas,2,1,,,asa,,,,
asa-315V0rzXQ9,2023-05-31,2023,regular,Seattle Sounders FC,San Jose Earthquakes,0,1,,,asa,,,,
asa-7VqG8G8xQv,2023-05-31,2023,regular,Inter Miami CF,New York Red Bulls,0,1,,,asa,,,,
asa-EGMP0P8kMa,2023-05-31,2023,regular,Vancouver Whitecaps FC,Houston Dynamo FC,6,2,,,asa,,,,
asa-KAqB7w7WQb,2023-05-31,2023,regular,Atlanta United FC,New England Revolution,3,3,,,asa,,,,
asa-NWMW0r0N5l,2023-05-31,2023,regular,Columbus Crew,Colorado Rapids,3,2,,,asa,,,,
asa-gOMnEBEeQw,2023-05-31,2023,regular,Toronto FC,Chicago Fire FC,0,0,,,asa,,,,
asa-gpMO0V0y5z,2023-05-31,2023,regular,Philadelphia Union,Charlotte FC,1,0,,,asa,,,,
asa-vzqoEWEpMa,2023-05-31,2023,regular,Austin FC,Minnesota United FC,2,1,,,asa,,,,
asa-wvq9o4waMW,2023-05-31,2023,regular,Real Salt Lake,LA Galaxy,2,3,,,asa,,,,
asa-2vQ1301x5r,2023-06-03,2023,regular,Philadelphia Union,CF Montréal,3,0,,,asa,,,,
asa-7vQ7O0XeQD,2023-06-03,2023,regular,Inter Miami CF,D.C. United,1,2,,,asa,,,,
asa-9YqdZEzRMv,2023-06-03,2023,regular,St. Louis City SC,Houston Dynamo FC,3,0,,,asa,,,,
asa-9vQ2B0r7QK,2023-06-03,2023,regular,Vancouver Whitecaps FC,Sporting Kansas City,1,1,,,asa,,,,
asa-KXMeEAz2M6,2023-06-03,2023,regular,Colorado Rapids,San Jose Earthquakes,0,0,,,asa,,,,
asa-NPqxEkO8Q9,2023-06-03,2023,regular,New York City FC,New England Revolution,0,0,,,asa,,,,
asa-OlMlEYzP5L,2023-06-03,2023,regular,FC Dallas,Nashville SC,1,2,,,asa,,,,
asa-Pk5L0RD75O,2023-06-03,2023,regular,Seattle Sounders FC,Portland Timbers FC,0,0,,,asa,,,,
asa-Vj58n0J2Q8,2023-06-03,2023,regular,Minnesota United FC,Toronto FC,1,1,,,asa,,,,
asa-a35rE63eML,2023-06-03,2023,regular,Austin FC,Real Salt Lake,1,2,,,asa,,,,
asa-eV5D1B9RqK,2023-06-03,2023,regular,New York Red Bulls,Orlando City SC,0,3,,,asa,,,,
asa-gjMNAkrjQK,2023-06-03,2023,regular,FC Cincinnati,Chicago Fire FC,1,0,,,asa,,,,
asa-raMyEVneMd,2023-06-03,2023,regular,Columbus Crew,Charlotte FC,4,2,,,asa,,,,
asa-e7MzEP8eQr,2023-06-07,2023,regular,FC Dallas,St. Louis City SC,2,0,,,asa,,,,
asa-odMX0jzAMY,2023-06-07,2023,regular,Los Angeles FC,Atlanta United FC,0,0,,,asa,,,,
asa-4JMAyJnYMK,2023-06-10,2023,regular,Orlando City SC,Colorado Rapids,2,0,,,asa,,,,
asa-4wM4g08AQj,2023-06-10,2023,regular,Toronto FC,Nashville SC,1,1,,,asa,,,,
asa-BLMvERGXQx,2023-06-10,2023,regular,Houston Dynamo FC,Los Angeles FC,4,0,,,asa,,,,
asa-KPqjYbz856,2023-06-10,2023,regular,Charlotte FC,Seattle Sounders FC,3,3,,,asa,,,,
asa-XVqKAo7BM0,2023-06-10,2023,regular,Sporting Kansas City,Austin FC,4,1,,,asa,,,,
asa-aDQ0w0D2qE,2023-06-10,2023,regular,Atlanta United FC,D.C. United,3,1,,,asa,,,,
asa-e7MzEPojQr,2023-06-10,2023,regular,Vancouver Whitecaps FC,FC Cincinnati,1,1,,,asa,,,,
asa-kRQa0YzYqK,2023-06-10,2023,regular,New England Revolution,Inter Miami CF,3,1,,,asa,,,,
asa-ljqErWkkQx,2023-06-10,2023,regular,San Jose Earthquakes,Philadelphia Union,2,1,,,asa,,,,
asa-p6qbpdzpM0,2023-06-10,2023,regular,Real Salt Lake,New York City FC,0,0,,,asa,,,,
asa-xW5pEgJKqg,2023-06-10,2023,regular,CF Montréal,Minnesota United FC,4,0,,,asa,,,,
asa-zeQZ0lzg5K,2023-06-10,2023,regular,Chicago Fire FC,Columbus Crew,1,2,,,asa,,,,
asa-N6MmE3zgME,2023-06-11,2023,regular,St. Louis City SC,LA Galaxy,1,1,,,asa,,,,
asa-Xj5Y0rzlMb,2023-06-11,2023,regular,Portland Timbers FC,FC Dallas,1,0,,,asa,,,,
asa-KPqjYbOB56,2023-06-14,2023,regular,Los Angeles FC,Houston Dynamo FC,0,1,,,asa,,,,
asa-0x5gEZzmQ7,2023-06-17,2023,regular,New York City FC,Columbus Crew,1,1,,,asa,,,,
asa-KAqB7woWQb,2023-06-17,2023,regular,Nashville SC,St. Louis City SC,3,1,,,asa,,,,
asa-NWMW0rzN5l,2023-06-17,2023,regular,San Jose Earthquakes,Portland Timbers FC,0,0,,,asa,,,,
asa-Oa5wm96gQ1,2023-06-17,2023,regular,New England Revolution,Orlando City SC,3,1,,,asa,,,,
asa-eVq3WElGqW,2023-06-17,2023,regular,Sporting Kansas City,Los Angeles FC,1,2,,,asa,,,,
asa-jYQJ0nyG5G,2023-06-17,2023,regular,D.C. United,Real Salt Lake,1,2,,,asa,,,,
asa-0Oq660ePq6,2023-06-21,2023,regular,FC Cincinnati,Toronto FC,3,0,,,asa,,,,
asa-0x5gEZjLQ7,2023-06-21,2023,regular,Los Angeles FC,Seattle Sounders FC,1,0,,,asa,,,,
asa-2lqR0Ne4Mr,2023-06-21,2023,regular,Austin FC,FC Dallas,3,0,,,asa,,,,
asa-7VqG8GPxQv,2023-06-21,2023,regular,Atlanta United FC,New York City FC,2,2,,,asa,,,,
asa-7VqG8Gb3Qv,2023-06-21,2023,regular,Portland Timbers FC,Chicago Fire FC,1,2,,,asa,,,,
asa-NWMW0rpL5l,2023-06-21,2023,regular,LA Galaxy,Sporting Kansas City,2,2,,,asa,,,,
asa-eVq3WEbjqW,2023-06-21,2023,regular,St. Louis City SC,Real Salt Lake,1,3,,,asa,,,,
asa-gOMnEBzeQw,2023-06-21,2023,regular,New York Red Bulls,Charlotte FC,2,2,,,asa,,,,
asa-gpMO0Vly5z,2023-06-21,2023,regular,CF Montréal,Nashville SC,1,0,,,asa,,,,
asa-jYQJ0nmD5G,2023-06-21,2023,regular,Houston Dynamo FC,San Jose Earthquakes,4,1,,,asa,,,,
asa-vzqoEWzpMa,2023-06-21,2023,regular,Orlando City SC,Philadelphia Union,2,2,,,asa,,,,
asa-0Oq660b2q6,2023-06-24,2023,regular,Charlotte FC,CF Montréal,0,0,,,asa,,,,
asa-2lqR0NpnMr,2023-06-24,2023,regular,New York Red Bulls,Atlanta United FC,4,0,,,asa,,,,
asa-315V0rpbQ9,2023-06-24,2023,regular,Sporting Kansas City,Chicago Fire FC,0,1,,,asa,,,,
asa-7vQ7O0bzQD,2023-06-24,2023,regular,San Jose Earthquakes,St. Louis City SC,1,2,,,asa,,,,
asa-9z5kEJjgQA,2023-06-24,2023,regular,Austin FC,Houston Dynamo FC,3,0,,,asa,,,,
asa-EGMP0PaAMa,2023-06-24,2023,regular,Colorado Rapids,LA Galaxy,0,0,,,asa,,,,
asa-Pk5L0RpN5O,2023-06-24,2023,regular,Real Salt Lake,Minnesota United FC,2,2,,,asa,,,,
asa-eV5D1BpOqK,2023-06-24,2023,regular,Seattle Sounders FC,Orlando City SC,0,0,,,asa,,,,
asa-gOMnEBAJQw,2023-06-24,2023,regular,D.C. United,FC Cincinnati,3,0,,,asa,,,,
asa-gjMNAkpBQK,2023-06-24,2023,regular,Los Angeles FC,Vancouver Whitecaps FC,2,3,,,asa,,,,
asa-gpMO0Vp15z,2023-06-24,2023,regular,Columbus Crew,Nashville SC,2,0,,,asa,,,,
asa-raMyEVj2Md,2023-06-24,2023,regular,Portland Timbers FC,New York City FC,1,1,,,asa,,,,
asa-vzqoEWKLMa,2023-06-24,2023,regular,New England Revolution,Toronto FC,2,1,,,asa,,,,
asa-wvq9o4bYMW,2023-06-24,2023,regular,Philadelphia Union,Inter Miami CF,4,1,,,asa,,,,
asa-2vQ130b05r,2023-07-01,2023,regular,FC Cincinnati,New England Revolution,2,2,,,asa,,,,
asa-9YqdZEj8Mv,2023-07-01,2023,regular,Orlando City SC,Chicago Fire FC,3,1,,,asa,,,,
asa-9vQ2B0brQK,2023-07-01,2023,regular,Sporting Kansas City,Vancouver Whitecaps FC,3,0,,,asa,,,,
asa-KPqjYbj456,2023-07-01,2023,regular,St. Louis City SC,Colorado Rapids,2,0,,,asa,,,,
asa-KXMeEAZBM6,2023-07-01,2023,regular,Toronto FC,Real Salt Lake,0,1,,,asa,,,,
asa-NPqxEkjjQ9,2023-07-01,2023,regular,Minnesota United FC,Portland Timbers FC,4,1,,,asa,,,,
asa-OlMlEYjN5L,2023-07-01,2023,regular,Inter Miami CF,Austin FC,1,1,,,asa,,,,
asa-Vj58n0bmQ8,2023-07-01,2023,regular,CF Montréal,New York City FC,0,1,,,asa,,,,
asa-a35rE6jGML,2023-07-01,2023,regular,Columbus Crew,New York Red Bulls,2,1,,,asa,,,,
asa-aDQ0w0bWqE,2023-07-01,2023,regular,Nashville SC,D.C. United,2,0,,,asa,,,,
asa-kRQa0YjLqK,2023-07-01,2023,regular,Seattle Sounders FC,Houston Dynamo FC,1,0,,,asa,,,,
asa-odMX0jp0MY,2023-07-01,2023,regular,FC Dallas,Los Angeles FC,2,0,,,asa,,,,
asa-xW5pEgb9qg,2023-07-01,2023,regular,San Jose Earthquakes,LA Galaxy,2,2,,,asa,,,,
asa-4JMAyJbDMK,2023-07-02,2023,regular,Atlanta United FC,Philadelphia Union,2,0,,,asa,,,,
asa-4wM4g0bdQj,2023-07-04,2023,regular,Inter Miami CF,Columbus Crew,2,2,,,asa,,,,
asa-BLMvERj3Qx,2023-07-04,2023,regular,FC Dallas,D.C. United,0,1,,,asa,,,,
asa-NWMW0rxD5l,2023-07-04,2023,regular,LA Galaxy,Los Angeles FC,2,1,,,asa,,,,
asa-zeQZ0lpD5K,2023-07-04,2023,regular,Orlando City SC,Toronto FC,4,0,,,asa,,,,
asa-ljqErWmOQx,2023-07-05,2023,regular,New York City FC,Charlotte FC,1,1,,,asa,,,,
asa-0Oq660o2q6,2023-07-08,2023,regular,Real Salt Lake,Orlando City SC,4,0,,,asa,,,,
asa-0x5gEZxLQ7,2023-07-08,2023,regular,Minnesota United FC,Austin FC,1,4,,,asa,,,,
asa-7VqG8GX3Qv,2023-07-08,2023,regular,Colorado Rapids,FC Dallas,2,1,,,asa,,,,
asa-KAqB7wrVQb,2023-07-08,2023,regular,Chicago Fire FC,Nashville SC,1,0,,,asa,,,,
asa-N6MmE3b0ME,2023-07-08,2023,regular,Columbus Crew,New York City FC,1,1,,,asa,,,,
asa-NWMW0rkL5l,2023-07-08,2023,regular,Houston Dynamo FC,Sporting Kansas City,2,2,,,asa,,,,
asa-Oa5wm9PYQ1,2023-07-08,2023,regular,New York Red Bulls,New England Revolution,2,1,,,asa,,,,
asa-Xj5Y0rpGMb,2023-07-08,2023,regular,D.C. United,Inter Miami CF,2,2,,,asa,,,,
asa-e7MzEPjKQr,2023-07-08,2023,regular,Charlotte FC,FC Cincinnati,2,2,,,asa,,,,
asa-eVq3WE6jqW,2023-07-08,2023,regular,Toronto FC,St. Louis City SC,0,1,,,asa,,,,
asa-gOMnEBGJQw,2023-07-08,2023,regular,Los Angeles FC,San Jose Earthquakes,1,1,,,asa,,,,
asa-gpMO0Vg15z,2023-07-08,2023,regular,LA Galaxy,Philadelphia Union,3,1,,,asa,,,,
asa-jYQJ0nJD5G,2023-07-08,2023,regular,CF Montréal,Atlanta United FC,0,1,,,asa,,,,
asa-vzqoEWYLMa,2023-07-08,2023,regular,Vancouver Whitecaps FC,Seattle Sounders FC,2,3,,,asa,,,,
asa-2lqR0NOnMr,2023-07-12,2023,regular,New England Revolution,Atlanta United FC,2,1,,,asa,,,,
asa-315V0r9bQ9,2023-07-12,2023,regular,Houston Dynamo FC,Minnesota United FC,0,3,,,asa,,,,
asa-9z5kEJBgQA,2023-07-12,2023,regular,Chicago Fire FC,CF Montréal,3,0,,,asa,,,,
asa-9z5kEJzaQA,2023-07-12,2023,regular,Los Angeles FC,St. Louis City SC,3,0,,,asa,,,,
asa-EGMP0PGAMa,2023-07-12,2023,regular,Sporting Kansas City,Real Salt Lake,2,2,,,asa,,,,
asa-Pk5L0R3N5O,2023-07-12,2023,regular,Nashville SC,Philadelphia Union,0,2,,,asa,,,,
asa-XVqKAozaM0,2023-07-12,2023,regular,Colorado Rapids,Portland Timbers FC,0,0,,,asa,,,,
asa-gjMNAkWBQK,2023-07-12,2023,regular,San Jose Earthquakes,Seattle Sounders FC,2,0,,,asa,,,,
asa-raMyEVN2Md,2023-07-12,2023,regular,Vancouver Whitecaps FC,Austin FC,2,1,,,asa,,,,
asa-wvq9o4kYMW,2023-07-12,2023,regular,New York Red Bulls,FC Cincinnati,1,2,,,asa,,,,
asa-2vQ130g05r,2023-07-15,2023,regular,CF Montréal,Charlotte FC,2,0,,,asa,,,,
asa-7vQ7O0RzQD,2023-07-15,2023,regular,Atlanta United FC,Orlando City SC,1,2,,,asa,,,,
asa-9YqdZEe8Mv,2023-07-15,2023,regular,Chicago Fire FC,Toronto FC,1,0,,,asa,,,,
asa-9vQ2B0GrQK,2023-07-15,2023,regular,Colorado Rapids,Houston Dynamo FC,0,0,,,asa,,,,
asa-KPqjYb3456,2023-07-15,2023,regular,Seattle Sounders FC,FC Dallas,1,1,,,asa,,,,
asa-KXMeEAXBM6,2023-07-15,2023,regular,Minnesota United FC,Los Angeles FC,1,1,,,asa,,,,
asa-NPqxEkLjQ9,2023-07-15,2023,regular,Real Salt Lake,New York Red Bulls,3,1,,,asa,,,,
asa-OlMlEYWN5L,2023-07-15,2023,regular,Philadelphia Union,New York City FC,2,1,,,asa,,,,
asa-Vj58n09mQ8,2023-07-15,2023,regular,Austin FC,Sporting Kansas City,2,1,,,asa,,,,
asa-a35rE6oGML,2023-07-15,2023,regular,New England Revolution,D.C. United,4,0,,,asa,,,,
asa-aDQ0w0WWqE,2023-07-15,2023,regular,Portland Timbers FC,Columbus Crew,3,2,,,asa,,,,
asa-eV5D1B8OqK,2023-07-15,2023,regular,FC Cincinnati,Nashville SC,3,1,,,asa,,,,
asa-odMX0jV0MY,2023-07-15,2023,regular,St. Louis City SC,Inter Miami CF,3,0,,,asa,,,,
asa-xW5pEgO9qg,2023-07-15,2023,regular,Vancouver Whitecaps FC,LA Galaxy,4,2,,,asa,,,,
asa-4wM4g0OdQj,2023-08-20,2023,regular,New York Red Bulls,D.C. United,1,0,,,asa,,,,
asa-N6MmE3g0ME,2023-08-20,2023,regular,St. Louis City SC,Austin FC,6,3,,,asa,,,,
asa-Oa5wm9zYQ1,2023-08-20,2023,regular,Seattle Sounders FC,Atlanta United FC,0,2,,,asa,,,,
asa-XVqKAowaM0,2023-08-20,2023,regular,Toronto FC,CF Montréal,2,3,,,asa,,,,
asa-eVq3WEYjqW,2023-08-20,2023,regular,Vancouver Whitecaps FC,San Jose Earthquakes,0,1,,,asa,,,,
asa-kRQa0YlLqK,2023-08-20,2023,regular,Columbus Crew,FC Cincinnati,3,0,,,asa,,,,
asa-ljqErWdOQx,2023-08-20,2023,regular,Houston Dynamo FC,Portland Timbers FC,5,0,,,asa,,,,
asa-p6qbpdYDM0,2023-08-20,2023,regular,Chicago Fire FC,Orlando City SC,1,3,,,asa,,,,
asa-zeQZ0lLD5K,2023-08-20,2023,regular,New York City FC,Minnesota United FC,0,2,,,asa,,,,
asa-jYQJ0nOD5G,2023-08-23,2023,regular,Los Angeles FC,Colorado Rapids,4,0,,,asa,,,,
asa-0Oq66072q6,2023-08-26,2023,regular,D.C. United,Philadelphia Union,1,3,,,asa,,,,
asa-0x5gEZ4LQ7,2023-08-26,2023,regular,FC Cincinnati,New York City FC,3,0,,,asa,,,,
asa-2lqR0NLnMr,2023-08-26,2023,regular,FC Dallas,Austin FC,1,0,,,asa,,,,
asa-7VqG8Gg3Qv,2023-08-26,2023,regular,Columbus Crew,Toronto FC,2,0,,,asa,,,,
asa-KAqB7wJVQb,2023-08-26,2023,regular,Atlanta United FC,Nashville SC,4,0,,,asa,,,,
asa-KAqB7wJZQb,2023-08-26,2023,regular,Portland Timbers FC,Vancouver Whitecaps FC,2,3,,,asa,,,,
asa-NWMW0r1L5l,2023-08-26,2023,regular,Charlotte FC,Los Angeles FC,2,1,,,asa,,,,
asa-Oa5wm9zWQ1,2023-08-26,2023,regular,Real Salt Lake,Houston Dynamo FC,0,3,,,asa,,,,
asa-eVq3WEYwqW,2023-08-26,2023,regular,LA Galaxy,Chicago Fire FC,3,0,,,asa,,,,
asa-gOMnEB4JQw,2023-08-26,2023,regular,New York Red Bulls,Inter Miami CF,0,2,,,asa,,,,
asa-gpMO0Vk15z,2023-08-26,2023,regular,CF Montréal,New England Revolution,1,0,,,asa,,,,
asa-jYQJ0nOd5G,2023-08-26,2023,regular,Sporting Kansas City,San Jose Earthquakes,3,0,,,asa,,,,
asa-vzqoEW4LMa,2023-08-26,2023,regular,Orlando City SC,St. Louis City SC,2,1,,,asa,,,,
asa-NWMW0r1Z5l,2023-08-27,2023,regular,Minnesota United FC,Seattle Sounders FC,1,1,,,asa,,,,
asa-0Oq6607zq6,2023-08-30,2023,regular,Inter Miami CF,Nashville SC,0,0,,,asa,,,,
asa-0x5gEZ4RQ7,2023-08-30,2023,regular,Atlanta United FC,FC Cincinnati,1,2,,,asa,,,,
asa-2lqR0NLxMr,2023-08-30,2023,regular,Austin FC,Seattle Sounders FC,1,2,,,asa,,,,
asa-315V0rDVQ9,2023-08-30,2023,regular,Minnesota United FC,Colorado Rapids,3,0,,,asa,,,,
asa-7VqG8GgYQv,2023-08-30,2023,regular,Charlotte FC,Orlando City SC,1,1,,,asa,,,,
asa-9z5kEJ4KQA,2023-08-30,2023,regular,Houston Dynamo FC,Columbus Crew,2,0,,,asa,,,,
asa-EGMP0PV0Ma,2023-08-30,2023,regular,St. Louis City SC,FC Dallas,2,1,,,asa,,,,
asa-Pk5L0RoD5O,2023-08-30,2023,regular,Portland Timbers FC,Real Salt Lake,2,1,,,asa,,,,
asa-gOMnEB4BQw,2023-08-30,2023,regular,New York City FC,CF Montréal,2,0,,,asa,,,,
asa-gjMNAk9pQK,2023-08-30,2023,regular,San Jose Earthquakes,LA Galaxy,2,3,,,asa,,,,
asa-gpMO0Vk75z,2023-08-30,2023,regular,New England Revolution,New York Red Bulls,1,0,,,asa,,,,
asa-vzqoEW4BMa,2023-08-30,2023,regular,Toronto FC,Philadelphia Union,3,1,,,asa,,,,
asa-wvq9o4rmMW,2023-08-30,2023,regular,Chicago Fire FC,Vancouver Whitecaps FC,0,1,,,asa,,,,
asa-2vQ130Vw5r,2023-09-02,2023,regular,New England Revolution,Austin FC,2,2,,,asa,,,,
asa-7vQ7O0DDQD,2023-09-02,2023,regular,D.C. United,Chicago Fire FC,4,0,,,asa,,,,
asa-9YqdZE4mMv,2023-09-02,2023,regular,Real Salt Lake,Colorado Rapids,2,0,,,asa,,,,
asa-9vQ2B0PxQK,2023-09-02,2023,regular,San Jose Earthquakes,Minnesota United FC,1,1,,,asa,,,,
asa-KXMeEA41M6,2023-09-02,2023,regular,LA Galaxy,Houston Dynamo FC,0,0,,,asa,,,,
asa-NPqxEk4ZQ9,2023-09-02,2023,regular,Seattle Sounders FC,Portland Timbers FC,2,2,,,asa,,,,
asa-OlMlEY4R5L,2023-09-02,2023,regular,Sporting Kansas City,St. Louis City SC,2,1,,,asa,,,,
asa-Vj58n01rQ8,2023-09-02,2023,regular,Nashville SC,Charlotte FC,1,1,,,asa,,,,
asa-a35rE6vwML,2023-09-02,2023,regular,FC Dallas,Atlanta United FC,2,2,,,asa,,,,
asa-aDQ0w0kRqE,2023-09-02,2023,regular,New York City FC,Vancouver Whitecaps FC,1,1,,,asa,,,,
asa-eV5D1B3JqK,2023-09-02,2023,regular,CF Montréal,Columbus Crew,2,4,,,asa,,,,
asa-raMyEV4NMd,2023-09-02,2023,regular,FC Cincinnati,Orlando City SC,0,1,,,asa,,,,
asa-KPqjYb4E56,2023-09-03,2023,regular,Philadelphia Union,New York Red Bulls,4,1,,,asa,,,,
asa-odMX0jroMY,2023-09-03,2023,regular,Los Angeles FC,Inter Miami CF,1,3,,,asa,,,,
asa-4JMAyJx9MK,2023-09-09,2023,regular,Portland Timbers FC,Los Angeles FC,2,0,,,asa,,,,
asa-Oa5wm9jYQ1,2023-09-09,2023,regular,Minnesota United FC,New England Revolution,1,1,,,asa,,,,
asa-kRQa0YxbqK,2023-09-09,2023,regular,Inter Miami CF,Sporting Kansas City,3,2,,,asa,,,,
asa-xW5pEg96qg,2023-09-09,2023,regular,D.C. United,San Jose Earthquakes,0,0,,,asa,,,,
asa-p6qbpdjDM0,2023-09-10,2023,regular,LA Galaxy,St. Louis City SC,2,2,,,asa,,,,
asa-4wM4g0LlQj,2023-09-16,2023,regular,Atlanta United FC,Inter Miami CF,5,2,,,asa,,,,
asa-BLMvERy7Qx,2023-09-16,2023,regular,CF Montréal,Chicago Fire FC,0,0,,,asa,,,,
asa-KAqB7w0ZQb,2023-09-16,2023,regular,New York City FC,New York Red Bulls,0,0,,,asa,,,,
asa-N6MmE3nLME,2023-09-16,2023,regular,Houston Dynamo FC,St. Louis City SC,1,1,,,asa,,,,
asa-Oa5wm97WQ1,2023-09-16,2023,regular,Los Angeles FC,LA Galaxy,4,2,,,asa,,,,
asa-XVqKAo62M0,2023-09-16,2023,regular,Orlando City SC,Columbus Crew,4,3,,,asa,,,,
asa-Xj5Y0r1EMb,2023-09-16,2023,regular,Minnesota United FC,Sporting Kansas City,0,1,,,asa,,,,
asa-e7MzEPr7Qr,2023-09-16,2023,regular,FC Dallas,Seattle Sounders FC,1,1,,,asa,,,,
asa-eVq3WEPwqW,2023-09-16,2023,regular,San Jose Earthquakes,Real Salt Lake,2,1,,,asa,,,,
asa-jYQJ0nGd5G,2023-09-16,2023,regular,Colorado Rapids,New England Revolution,2,1,,,asa,,,,
asa-ljqErWwNQx,2023-09-16,2023,regular,Toronto FC,Vancouver Whitecaps FC,1,2,,,asa,,,,
asa-p6qbpd03M0,2023-09-16,2023,regular,Philadelphia Union,FC Cincinnati,2,2,,,asa,,,,
asa-zeQZ0lrj5K,2023-09-16,2023,regular,Charlotte FC,D.C. United,0,0,,,asa,,,,
asa-NWMW0r7Z5l,2023-09-17,2023,regular,Austin FC,Portland Timbers FC,1,2,,,asa,,,,
asa-0Oq660yzq6,2023-09-20,2023,regular,D.C. United,Atlanta United FC,1,1,,,asa,,,,
asa-0x5gEZBRQ7,2023-09-20,2023,regular,Charlotte FC,Philadelphia Union,2,2,,,asa,,,,
asa-2lqR0NVxMr,2023-09-20,2023,regular,New York City FC,Orlando City SC,2,0,,,asa,,,,
asa-315V0ryVQ9,2023-09-20,2023,regular,St. Louis City SC,Los Angeles FC,0,0,,,asa,,,,
asa-7VqG8GBYQv,2023-09-20,2023,regular,Columbus Crew,Chicago Fire FC,3,0,,,asa,,,,
asa-9z5kEJ6KQA,2023-09-20,2023,regular,Sporting Kansas City,Nashville SC,0,3,,,asa,,,,
asa-EGMP0P90Ma,2023-09-20,2023,regular,Colorado Rapids,Seattle Sounders FC,1,2,,,asa,,,,
asa-Pk5L0ROD5O,2023-09-20,2023,regular,Real Salt Lake,FC Dallas,1,3,,,asa,,,,
asa-gOMnEBoBQw,2023-09-20,2023,regular,CF Montréal,FC Cincinnati,1,1,,,asa,,,,
asa-gjMNAkopQK,2023-09-20,2023,regular,LA Galaxy,Minnesota United FC,4,3,,,asa,,,,
asa-gpMO0VR75z,2023-09-20,2023,regular,Inter Miami CF,Toronto FC,4,0,,,asa,,,,
asa-raMyEV1NMd,2023-09-20,2023,regular,Portland Timbers FC,San Jose Earthquakes,2,1,,,asa,,,,
asa-vzqoEWRBMa,2023-09-20,2023,regular,New York Red Bulls,Austin FC,1,1,,,asa,,,,
asa-wvq9o41mMW,2023-09-20,2023,regular,Houston Dynamo FC,Vancouver Whitecaps FC,4,1,,,asa,,,,
asa-2vQ130kw5r,2023-09-23,2023,regular,D.C. United,New York Red Bulls,3,5,,,asa,,,,
asa-7vQ7O07DQD,2023-09-23,2023,regular,Atlanta United FC,CF Montréal,4,1,,,asa,,,,
asa-9YqdZEJmMv,2023-09-23,2023,regular,FC Dallas,Columbus Crew,1,1,,,asa,,,,
asa-9vQ2B0YxQK,2023-09-23,2023,regular,Real Salt Lake,Vancouver Whitecaps FC,2,1,,,asa,,,,
asa-KXMeEAw1M6,2023-09-23,2023,regular,Sporting Kansas City,Houston Dynamo FC,2,1,,,asa,,,,
asa-NPqxEkDZQ9,2023-09-23,2023,regular,Portland Timbers FC,Colorado Rapids,3,2,,,asa,,,,
asa-OlMlEYOR5L,2023-09-23,2023,regular,Philadelphia Union,Los Angeles FC,0,0,,,asa,,,,
asa-Vj58n0DrQ8,2023-09-23,2023,regular,Chicago Fire FC,New England Revolution,2,2,,,asa,,,,
asa-aDQ0w09RqE,2023-09-23,2023,regular,San Jose Earthquakes,Nashville SC,1,1,,,asa,,,,
asa-eV5D1BJJqK,2023-09-23,2023,regular,FC Cincinnati,Charlotte FC,3,0,,,asa,,,,
asa-odMX0jDoMY,2023-09-23,2023,regular,Minnesota United FC,St. Louis City SC,1,2,,,asa,,,,
asa-KPqjYbGE56,2023-09-24,2023,regular,Orlando City SC,Inter Miami CF,1,1,,,asa,,,,
asa-a35rE6VwML,2023-09-24,2023,regular,New York City FC,Toronto FC,3,0,,,asa,,,,
asa-xW5pEgj6qg,2023-09-25,2023,regular,Austin FC,LA Galaxy,3,3,,,asa,,,,
asa-BLMvERV3Qx,2023-09-27,2023,regular,Philadelphia Union,FC Dallas,1,1,,,asa,,,,
asa-KAqB7wbVQb,2023-09-27,2023,regular,Colorado Rapids,Vancouver Whitecaps FC,2,2,,,asa,,,,
asa-4JMAyJN9MK,2023-09-30,2023,regular,Inter Miami CF,New York City FC,1,1,,,asa,,,,
asa-4wM4g0WlQj,2023-09-30,2023,regular,New England Revolution,Charlotte FC,2,1,,,asa,,,,
asa-BLMvERW7Qx,2023-09-30,2023,regular,Orlando City SC,CF Montréal,3,0,,,asa,,,,
asa-N6MmE32LME,2023-09-30,2023,regular,St. Louis City SC,Sporting Kansas City,4,1,,,asa,,,,
asa-Oa5wm9gWQ1,2023-09-30,2023,regular,Vancouver Whitecaps FC,D.C. United,2,2,,,asa,,,,
asa-XVqKAoX2M0,2023-09-30,2023,regular,Toronto FC,FC Cincinnati,2,3,,,asa,,,,
asa-Xj5Y0rOEMb,2023-09-30,2023,regular,Colorado Rapids,Austin FC,1,0,,,asa,,,,
asa-e7MzEPO7Qr,2023-09-30,2023,regular,Nashville SC,Seattle Sounders FC,0,0,,,asa,,,,
asa-jYQJ0ned5G,2023-09-30,2023,regular,LA Galaxy,Portland Timbers FC,3,3,,,asa,,,,
asa-kRQa0YLbqK,2023-09-30,2023,regular,Columbus Crew,Philadelphia Union,1,1,,,asa,,,,
asa-ljqErW1NQx,2023-09-30,2023,regular,Minnesota United FC,San Jose Earthquakes,1,1,,,asa,,,,
asa-p6qbpdN3M0,2023-09-30,2023,regular,Houston Dynamo FC,FC Dallas,0,0,,,asa,,,,
asa-zeQZ0lnj5K,2023-09-30,2023,regular,New York Red Bulls,Chicago Fire FC,0,1,,,asa,,,,
asa-eVq3WEBwqW,2023-10-01,2023,regular,Los Angeles FC,Real Salt Lake,0,1,,,asa,,,,
asa-0Oq660Gzq6,2023-10-04,2023,regular,Philadelphia Union,Atlanta United FC,3,2,,,asa,,,,
asa-0x5gEZrRQ7,2023-10-04,2023,regular,CF Montréal,Houston Dynamo FC,1,1,,,asa,,,,
asa-2lqR0NwxMr,2023-10-04,2023,regular,Nashville SC,Orlando City SC,0,1,,,asa,,,,
asa-7VqG8GlYQv,2023-10-04,2023,regular,New England Revolution,Columbus Crew,1,2,,,asa,,,,
asa-KAqB7wyZQb,2023-10-04,2023,regular,Charlotte FC,Toronto FC,3,0,,,asa,,,,
asa-NWMW0rGZ5l,2023-10-04,2023,regular,FC Cincinnati,New York Red Bulls,1,2,,,asa,,,,
asa-Oa5wm9gXQ1,2023-10-04,2023,regular,Seattle Sounders FC,LA Galaxy,2,1,,,asa,,,,
asa-eVq3WEBgqW,2023-10-04,2023,regular,Vancouver Whitecaps FC,St. Louis City SC,3,0,,,asa,,,,
asa-gOMnEBxBQw,2023-10-04,2023,regular,Chicago Fire FC,Inter Miami CF,4,1,,,asa,,,,
asa-gpMO0Vj75z,2023-10-04,2023,regular,Austin FC,D.C. United,3,0,,,asa,,,,
asa-jYQJ0neE5G,2023-10-04,2023,regular,Los Angeles FC,Minnesota United FC,5,1,,,asa,,,,
asa-0Oq660G7q6,2023-10-07,2023,regular,New York Red Bulls,Toronto FC,3,0,,,asa,,,,
asa-0x5gEZrjQ7,2023-10-07,2023,regular,Inter Miami CF,FC Cincinnati,0,1,,,asa,,,,
asa-2lqR0NwDMr,2023-10-07,2023,regular,Chicago Fire FC,Charlotte FC,0,2,,,asa,,,,
asa-315V0rgGQ9,2023-10-07,2023,regular,Minnesota United FC,LA Galaxy,5,2,,,asa,,,,
asa-7VqG8GlXQv,2023-10-07,2023,regular,CF Montréal,Portland Timbers FC,4,1,,,asa,,,,
asa-9z5kEJeYQA,2023-10-07,2023,regular,Houston Dynamo FC,Colorado Rapids,5,1,,,asa,,,,
asa-EGMP0Pp3Ma,2023-10-07,2023,regular,Real Salt Lake,Sporting Kansas City,2,3,,,asa,,,,
asa-KAqB7wy7Qb,2023-10-07,2023,regular,Atlanta United FC,Columbus Crew,1,1,,,asa,,,,
asa-NWMW0rGz5l,2023-10-07,2023,regular,D.C. United,New York City FC,2,0,,,asa,,,,
asa-Pk5L0R2P5O,2023-10-07,2023,regular,Seattle Sounders FC,Vancouver Whitecaps FC,0,0,,,asa,,,,
asa-gOMnEBxxQw,2023-10-07,2023,regular,Philadelphia Union,Nashville SC,0,0,,,asa,,,,
asa-gpMO0VjR5z,2023-10-07,2023,regular,Orlando City SC,New England Revolution,3,2,,,asa,,,,
asa-vzqoEW0vMa,2023-10-07,2023,regular,Austin FC,Los Angeles FC,2,4,,,asa,,,,
asa-wvq9o4nlMW,2023-10-07,2023,regular,FC Dallas,San Jose Earthquakes,1,1,,,asa,,,,
asa-Xj5Y0rPGMb,2023-10-14,2023,regular,LA Galaxy,Real Salt Lake,2,2,,,asa,,,,
asa-e7MzEPyKQr,2023-10-14,2023,regular,Nashville SC,New England Revolution,3,2,,,asa,,,,
asa-vzqoEW0BMa,2023-10-14,2023,regular,FC Dallas,Colorado Rapids,1,1,,,asa,,,,
asa-4JMAyJ1DMK,2023-10-18,2023,regular,Inter Miami CF,Charlotte FC,2,2,,,asa,,,,
asa-2vQ130WL5r,2023-10-21,2023,regular,Sporting Kansas City,Minnesota United FC,3,1,,,asa,,,,
asa-7vQ7O068QD,2023-10-21,2023,regular,Colorado Rapids,Real Salt Lake,0,1,,,asa,,,,
asa-9YqdZEvoMv,2023-10-21,2023,regular,New York City FC,Chicago Fire FC,1,0,,,asa,,,,
asa-9vQ2B0geQK,2023-10-21,2023,regular,St. Louis City SC,Seattle Sounders FC,0,2,,,asa,,,,
asa-KXMeEAv3M6,2023-10-21,2023,regular,Portland Timbers FC,Houston Dynamo FC,1,3,,,asa,,,,
asa-NPqxEk6YQ9,2023-10-21,2023,regular,Toronto FC,Orlando City SC,0,2,,,asa,,,,
asa-OlMlEYvA5L,2023-10-21,2023,regular,Nashville SC,New York Red Bulls,0,1,,,asa,,,,
asa-Vj58n0RwQ8,2023-10-21,2023,regular,New England Revolution,Philadelphia Union,2,1,,,asa,,,,
asa-a35rE6wKML,2023-10-21,2023,regular,LA Galaxy,FC Dallas,1,4,,,asa,,,,
asa-aDQ0w0BEqE,2023-10-21,2023,regular,Vancouver Whitecaps FC,Los Angeles FC,1,1,,,asa,,,,
asa-eV5D1BlmqK,2023-10-21,2023,regular,Columbus Crew,CF Montréal,2,1,,,asa,,,,
asa-gjMNAk04QK,2023-10-21,2023,regular,Charlotte FC,Inter Miami CF,1,0,,,asa,,,,
asa-odMX0jvGMY,2023-10-21,2023,regular,San Jose Earthquakes,Austin FC,1,1,,,asa,,,,
asa-raMyEV6JMd,2023-10-21,2023,regular,FC Cincinnati,Atlanta United FC,2,2,,,asa,,,,
asa-NWMWzb8ZQl,2023-10-25,2023,postseason,Sporting Kansas City,San Jose Earthquakes,1,0,,pens,asa,,,,
asa-Oa5w6ZOWM1,2023-10-25,2023,postseason,New York Red Bulls,Charlotte FC,5,2,,,asa,,,,
asa-2lqRezPx5r,2023-10-28,2023,postseason,Los Angeles FC,Vancouver Whitecaps FC,5,2,,,asa,,,,
asa-vzqozZGB5a,2023-10-28,2023,postseason,Philadelphia Union,New England Revolution,3,1,,,asa,,,,
asa-315VzbkV59,2023-10-29,2023,postseason,St. Louis City SC,Sporting Kansas City,1,4,,,asa,,,,
asa-9z5kzZOKMA,2023-10-29,2023,postseason,FC Cincinnati,New York Red Bulls,3,0,,,asa,,,,
asa-wvq9w63mMW,2023-10-29,2023,postseason,Houston Dynamo FC,Real Salt Lake,2,1,,,asa,,,,
asa-EGMP8b10Ma,2023-10-30,2023,postseason,Orlando City SC,Nashville SC,1,0,,,asa,,,,
asa-Pk5LD87D5O,2023-10-30,2023,postseason,Seattle Sounders FC,FC Dallas,2,0,,,asa,,,,
asa-gjMNrbepMK,2023-11-01,2023,postseason,Columbus Crew,Atlanta United FC,2,0,,,asa,,,,
asa-7vQ7XgJDMD,2023-11-04,2023,postseason,FC Dallas,Seattle Sounders FC,3,1,,,asa,,,,
asa-raMyndyN5d,2023-11-04,2023,postseason,New York Red Bulls,FC Cincinnati,1,2,,pens,asa,,,,
asa-2vQ11pjwQr,2023-11-05,2023,postseason,Vancouver Whitecaps FC,Los Angeles FC,0,1,,,asa,,,,
asa-eV5D9PaJqK,2023-11-05,2023,postseason,Sporting Kansas City,St. Louis City SC,2,1,,,asa,,,,
asa-a35r3brwqL,2023-11-06,2023,postseason,Real Salt Lake,Houston Dynamo FC,2,1,,pens,asa,,,,
asa-OlMlzZnRqL,2023-11-07,2023,postseason,Atlanta United FC,Columbus Crew,4,2,,,asa,,,,
asa-Vj58JGwrQ8,2023-11-07,2023,postseason,Nashville SC,Orlando City SC,0,1,,,asa,,,,
asa-9YqdzNYmMv,2023-11-08,2023,postseason,New England Revolution,Philadelphia Union,0,1,,,asa,,,,
asa-odMXzbPoqY,2023-11-10,2023,postseason,Seattle Sounders FC,FC Dallas,1,0,,,asa,,,,
asa-NPqxOpnZ59,2023-11-11,2023,postseason,Houston Dynamo FC,Real Salt Lake,2,1,,pens,asa,,,,
asa-kRQazDobMK,2023-11-12,2023,postseason,Columbus Crew,Atlanta United FC,4,2,,,asa,,,,
asa-N6MmzZR05E,2023-11-25,2023,postseason,FC Cincinnati,Philadelphia Union,1,0,,,asa,,,,
asa-e7MzoD8K5r,2023-11-25,2023,postseason,Orlando City SC,Columbus Crew,0,2,,AET,asa,,,,
asa-Xj5YzbNGqb,2023-11-26,2023,postseason,Houston Dynamo FC,Sporting Kansas City,1,0,,,asa,,,,
asa-jYQJyN0DqG,2023-11-26,2023,postseason,Seattle Sounders FC,Los Angeles FC,0,1,,,asa,,,,
asa-Oa5w6ZmYM1,2023-12-02,2023,postseason,FC Cincinnati,Columbus Crew,2,3,,AET,asa,,,,
asa-eVq3lwWjQW,2023-12-02,2023,postseason,Los Angeles FC,Houston Dynamo FC,2,0,,,asa,,,,
asa-KAqBod7VQb,2023-12-09,2023,postseason,Columbus Crew,Los Angeles FC,2,1,,,asa,,,,
asa-7VqGPrzAQv,2024-02-21,2024,regular,Inter Miami CF,Real Salt Lake,2,0,,,asa,,,,
asa-0Oq6egWr56,2024-02-24,2024,regular,Orlando City SC,CF Montréal,0,0,,,asa,,,,
asa-2lqReAA25r,2024-02-24,2024,regular,D.C. United,New England Revolution,3,1,,,asa,,,,
asa-315VzAA759,2024-02-24,2024,regular,FC Dallas,San Jose Earthquakes,2,1,,,asa,,,,
asa-7vQ7XGGdMD,2024-02-24,2024,regular,Charlotte FC,New York City FC,1,0,,,asa,,,,
asa-9z5kzyybMA,2024-02-24,2024,regular,St. Louis City SC,Real Salt Lake,1,1,,,asa,,,,
asa-EGMP8AArMa,2024-02-24,2024,regular,Austin FC,Minnesota United FC,1,2,,,asa,,,,
asa-gOMnzNN6Mw,2024-02-24,2024,regular,Philadelphia Union,Chicago Fire FC,2,2,,,asa,,,,
asa-gjMNr22YMK,2024-02-24,2024,regular,Los Angeles FC,Seattle Sounders FC,2,1,,,asa,,,,
asa-gpMOlAAO5z,2024-02-24,2024,regular,Columbus Crew,Atlanta United FC,1,0,,,asa,,,,
asa-raMyn00R5d,2024-02-24,2024,regular,Portland Timbers FC,Colorado Rapids,4,1,,,asa,,,,
asa-wvq9wOO3MW,2024-02-24,2024,regular,Houston Dynamo FC,Sporting Kansas City,1,1,,,asa,,,,
asa-Pk5LDrrZ5O,2024-02-25,2024,regular,Nashville SC,New York Red Bulls,0,0,,,asa,,,,
asa-eV5D9vvZqK,2024-02-25,2024,regular,LA Galaxy,Inter Miami CF,1,1,,,asa,,,,
asa-vzqozyy75a,2024-02-25,2024,regular,FC Cincinnati,Toronto FC,0,0,,,asa,,,,
asa-2vQ11JJ8Qr,2024-03-02,2024,regular,Inter Miami CF,Orlando City SC,5,0,,,asa,,,,
asa-4JMAnzz75K,2024-03-02,2024,regular,Seattle Sounders FC,Austin FC,0,0,,,asa,,,,
asa-9YqdzyyOMv,2024-03-02,2024,regular,Chicago Fire FC,FC Cincinnati,1,2,,,asa,,,,
asa-9vQ2rwwoQK,2024-03-02,2024,regular,Houston Dynamo FC,New York Red Bulls,1,2,,,asa,,,,
asa-KPqjzyyPq6,2024-03-02,2024,regular,San Jose Earthquakes,LA Galaxy,1,3,,,asa,,,,
asa-KXMezyy656,2024-03-02,2024,regular,St. Louis City SC,New York City FC,2,0,,,asa,,,,
asa-NPqxONNk59,2024-03-02,2024,regular,Real Salt Lake,Los Angeles FC,3,0,,,asa,,,,
asa-OlMlzyyyqL,2024-03-02,2024,regular,FC Dallas,CF Montréal,1,2,,,asa,,,,
asa-Vj58J668Q8,2024-03-02,2024,regular,Sporting Kansas City,Philadelphia Union,1,1,,,asa,,,,
asa-aDQ0DZZvQE,2024-03-02,2024,regular,Colorado Rapids,Nashville SC,1,1,,,asa,,,,
asa-kRQazAA1MK,2024-03-02,2024,regular,Vancouver Whitecaps FC,Charlotte FC,1,1,,,asa,,,,
asa-odMXzAAaqY,2024-03-02,2024,regular,Minnesota United FC,Columbus Crew,1,1,,,asa,,,,
asa-xW5pJNNBQg,2024-03-02,2024,regular,Portland Timbers FC,D.C. United,2,2,,,asa,,,,
asa-a35r3xxbqL,2024-03-03,2024,regular,New England Revolution,Toronto FC,0,1,,,asa,,,,
asa-4wM48BBgMj,2024-03-09,2024,regular,Atlanta United FC,New England Revolution,4,1,,,asa,,,,
asa-BLMvGddj5x,2024-03-09,2024,regular,Columbus Crew,Chicago Fire FC,2,1,,,asa,,,,
asa-KAqBoZZXQb,2024-03-09,2024,regular,Los Angeles FC,Sporting Kansas City,0,0,,,asa,,,,
asa-NWMWzAAeQl,2024-03-09,2024,regular,San Jose Earthquakes,Vancouver Whitecaps FC,0,2,,,asa,,,,
asa-Xj5YzAAXqb,2024-03-09,2024,regular,Toronto FC,Charlotte FC,1,0,,,asa,,,,
asa-e7MzoNNO5r,2024-03-09,2024,regular,Orlando City SC,Minnesota United FC,2,3,,,asa,,,,
asa-eVq3l33nQW,2024-03-09,2024,regular,Real Salt Lake,Colorado Rapids,1,2,,,asa,,,,
asa-jYQJyrrWqG,2024-03-09,2024,regular,Austin FC,St. Louis City SC,2,2,,,asa,,,,
asa-ljqEkvvwMx,2024-03-09,2024,regular,New York Red Bulls,FC Dallas,2,1,,,asa,,,,
asa-p6qbzbb4q0,2024-03-09,2024,regular,New York City FC,Portland Timbers FC,1,2,,,asa,,,,
asa-Oa5w6NNBM1,2024-03-10,2024,regular,Nashville SC,LA Galaxy,2,2,,,asa,,,,
asa-XVqK7rrwq0,2024-03-10,2024,regular,Inter Miami CF,CF Montréal,2,3,,,asa,,,,
asa-zeQZzAAzQK,2024-03-10,2024,regular,FC Cincinnati,D.C. United,0,0,,,asa,,,,
asa-0Oq6eggr56,2024-03-16,2024,regular,D.C. United,Inter Miami CF,1,3,,,asa,,,,
asa-0x5gzYKbM7,2024-03-16,2024,regular,Seattle Sounders FC,Colorado Rapids,1,1,,,asa,,,,
asa-2lqReA825r,2024-03-16,2024,regular,Austin FC,Philadelphia Union,2,2,,,asa,,,,
asa-7VqGPrrAQv,2024-03-16,2024,regular,Columbus Crew,New York Red Bulls,3,0,,,asa,,,,
asa-9z5kzyplMA,2024-03-16,2024,regular,Minnesota United FC,Los Angeles FC,2,0,,,asa,,,,
asa-KAqBoZ6vQb,2024-03-16,2024,regular,Nashville SC,Charlotte FC,2,1,,,asa,,,,
asa-NWMWzAZjQl,2024-03-16,2024,regular,LA Galaxy,St. Louis City SC,3,3,,,asa,,,,
asa-Oa5w6NeAM1,2024-03-16,2024,regular,FC Dallas,Vancouver Whitecaps FC,1,3,,,asa,,,,
asa-eVq3l37yQW,2024-03-16,2024,regular,Sporting Kansas City,San Jose Earthquakes,2,1,,,asa,,,,
asa-gOMnzN16Mw,2024-03-16,2024,regular,New York City FC,Toronto FC,2,1,,,asa,,,,
asa-jYQJyrPBqG,2024-03-16,2024,regular,Chicago Fire FC,CF Montréal,4,3,,,asa,,,,
asa-p6qbzbd6q0,2024-03-16,2024,regular,Houston Dynamo FC,Portland Timbers FC,1,0,,,asa,,,,
asa-7VqGPr9WQv,2024-03-17,2024,regular,Atlanta United FC,Orlando City SC,2,0,,,asa,,,,
asa-gpMOlADO5z,2024-03-17,2024,regular,New England Revolution,FC Cincinnati,1,2,,,asa,,,,
asa-0Oq6egjd56,2024-03-23,2024,regular,Charlotte FC,Columbus Crew,2,0,,,asa,,,,
asa-2lqReA8A5r,2024-03-23,2024,regular,Orlando City SC,Austin FC,2,0,,,asa,,,,
asa-2vQ11JAOQr,2024-03-23,2024,regular,Sporting Kansas City,LA Galaxy,2,3,,,asa,,,,
asa-315VzANE59,2024-03-23,2024,regular,St. Louis City SC,D.C. United,2,2,,,asa,,,,
asa-7vQ7XGpEMD,2024-03-23,2024,regular,San Jose Earthquakes,Seattle Sounders FC,3,2,,,asa,,,,
asa-EGMP8AN4Ma,2024-03-23,2024,regular,Colorado Rapids,Houston Dynamo FC,0,1,,,asa,,,,
asa-eV5D9vnEqK,2024-03-23,2024,regular,Vancouver Whitecaps FC,Real Salt Lake,1,2,,,asa,,,,
asa-gOMnzN1OMw,2024-03-23,2024,regular,New England Revolution,Chicago Fire FC,1,1,,,asa,,,,
asa-gjMNr28kMK,2024-03-23,2024,regular,Los Angeles FC,Nashville SC,5,0,,,asa,,,,
asa-gpMOlAD25z,2024-03-23,2024,regular,FC Cincinnati,New York City FC,1,0,,,asa,,,,
asa-raMyn0pk5d,2024-03-23,2024,regular,Portland Timbers FC,Philadelphia Union,1,3,,,asa,,,,
asa-vzqozy1Z5a,2024-03-23,2024,regular,New York Red Bulls,Inter Miami CF,4,0,,,asa,,,,
asa-wvq9wO77MW,2024-03-23,2024,regular,Toronto FC,Atlanta United FC,2,0,,,asa,,,,
asa-0x5gzYY7M7,2024-03-30,2024,regular,Charlotte FC,FC Cincinnati,1,1,,,asa,,,,
asa-2lqReAdA5r,2024-03-30,2024,regular,Real Salt Lake,St. Louis City SC,3,1,,,asa,,,,
asa-9YqdzyljMv,2024-03-30,2024,regular,Toronto FC,Sporting Kansas City,1,3,,,asa,,,,
asa-KAqBoZABQb,2024-03-30,2024,regular,D.C. United,CF Montréal,1,0,,,asa,,,,
asa-KPqjzylnq6,2024-03-30,2024,regular,Colorado Rapids,Los Angeles FC,3,2,,,asa,,,,
asa-KXMezybX56,2024-03-30,2024,regular,Austin FC,FC Dallas,2,1,,,asa,,,,
asa-NPqxON1G59,2024-03-30,2024,regular,Nashville SC,Columbus Crew,2,2,,,asa,,,,
asa-Vj58J68JQ8,2024-03-30,2024,regular,Orlando City SC,New York Red Bulls,1,1,,,asa,,,,
asa-a35r3x1LqL,2024-03-30,2024,regular,Inter Miami CF,New York City FC,1,1,,,asa,,,,
asa-kRQazAEmMK,2024-03-30,2024,regular,Vancouver Whitecaps FC,Portland Timbers FC,3,2,,,asa,,,,
asa-odMXzANrqY,2024-03-30,2024,regular,Houston Dynamo FC,San Jose Earthquakes,2,1,,,asa,,,,
asa-vzqozyNk5a,2024-03-30,2024,regular,Philadelphia Union,Minnesota United FC,2,0,,,asa,,,,
asa-xW5pJNlGQg,2024-03-30,2024,regular,LA Galaxy,Seattle Sounders FC,1,0,,,asa,,,,
asa-4JMAnzGl5K,2024-03-31,2024,regular,Atlanta United FC,Chicago Fire FC,3,0,,,asa,,,,
asa-4wM48B7kMj,2024-04-06,2024,regular,Columbus Crew,D.C. United,1,1,,,asa,,,,
asa-9YqdzyKLMv,2024-04-06,2024,regular,St. Louis City SC,FC Dallas,0,0,,,asa,,,,
asa-9vQ2rwnYQK,2024-04-06,2024,regular,Minnesota United FC,Real Salt Lake,1,1,,,asa,,,,
asa-BLMvGdxA5x,2024-04-06,2024,regular,New England Revolution,Charlotte FC,1,0,,,asa,,,,
asa-KAqBoZavQb,2024-04-06,2024,regular,Vancouver Whitecaps FC,Toronto FC,4,0,,,asa,,,,
asa-XVqK7ryKq0,2024-04-06,2024,regular,New York City FC,Atlanta United FC,1,1,,,asa,,,,
asa-Xj5YzAVwqb,2024-04-06,2024,regular,Nashville SC,Philadelphia Union,1,2,,,asa,,,,
asa-e7MzoNe95r,2024-04-06,2024,regular,Chicago Fire FC,Houston Dynamo FC,2,1,,,asa,,,,
asa-eVq3l3oyQW,2024-04-06,2024,regular,Seattle Sounders FC,CF Montréal,5,0,,,asa,,,,
asa-gjMNr233MK,2024-04-06,2024,regular,FC Cincinnati,New York Red Bulls,1,2,,,asa,,,,
asa-jYQJyr2BqG,2024-04-06,2024,regular,Los Angeles FC,LA Galaxy,2,1,,,asa,,,,
asa-ljqEkvbAMx,2024-04-06,2024,regular,Austin FC,San Jose Earthquakes,4,3,,,asa,,,,
asa-zeQZzANxQK,2024-04-06,2024,regular,Inter Miami CF,Colorado Rapids,2,2,,,asa,,,,
asa-NWMWzA9jQl,2024-04-07,2024,regular,Sporting Kansas City,Portland Timbers FC,3,3,,,asa,,,,
asa-0Oq6egBg56,2024-04-13,2024,regular,FC Dallas,Seattle Sounders FC,0,0,,,asa,,,,
asa-0Oq6egkd56,2024-04-13,2024,regular,D.C. United,Orlando City SC,2,3,,,asa,,,,
asa-0x5gzYRbM7,2024-04-13,2024,regular,Charlotte FC,Toronto FC,3,2,,,asa,,,,
asa-2lqReA6A5r,2024-04-13,2024,regular,Sporting Kansas City,Inter Miami CF,2,3,,,asa,,,,
asa-315VzARE59,2024-04-13,2024,regular,Portland Timbers FC,Los Angeles FC,2,2,,,asa,,,,
asa-BLMvGdnW5x,2024-04-13,2024,regular,Minnesota United FC,Houston Dynamo FC,1,2,,,asa,,,,
asa-EGMP8Ag4Ma,2024-04-13,2024,regular,San Jose Earthquakes,Colorado Rapids,0,3,,,asa,,,,
asa-Pk5LDrwL5O,2024-04-13,2024,regular,Vancouver Whitecaps FC,LA Galaxy,1,3,,,asa,,,,
asa-gOMnzN8OMw,2024-04-13,2024,regular,New York City FC,New England Revolution,2,0,,,asa,,,,
asa-gpMOlAW25z,2024-04-13,2024,regular,CF Montréal,FC Cincinnati,2,1,,,asa,,,,
asa-vzqozy8Z5a,2024-04-13,2024,regular,New York Red Bulls,Chicago Fire FC,0,0,,,asa,,,,
asa-wvq9wOL7MW,2024-04-13,2024,regular,Real Salt Lake,Columbus Crew,0,0,,,asa,,,,
asa-gjMNr2BkMK,2024-04-14,2024,regular,Atlanta United FC,Philadelphia Union,2,2,,,asa,,,,
asa-raMyn0xk5d,2024-04-14,2024,regular,St. Louis City SC,Austin FC,1,0,,,asa,,,,
asa-2vQ11JOlQr,2024-04-20,2024,regular,Inter Miami CF,Nashville SC,3,1,,,asa,,,,
asa-9YqdzyOjMv,2024-04-20,2024,regular,Chicago Fire FC,Real Salt Lake,0,4,,,asa,,,,
asa-KAqBoZOvQb,2024-04-20,2024,regular,Atlanta United FC,FC Cincinnati,1,2,,,asa,,,,
asa-KPqjzyVnq6,2024-04-20,2024,regular,Seattle Sounders FC,Vancouver Whitecaps FC,0,2,,,asa,,,,
asa-KXMezynX56,2024-04-20,2024,regular,Houston Dynamo FC,Austin FC,0,1,,,asa,,,,
asa-NPqxON8G59,2024-04-20,2024,regular,Colorado Rapids,FC Dallas,2,1,,,asa,,,,
asa-OlMlzyLEqL,2024-04-20,2024,regular,New York City FC,D.C. United,2,0,,,asa,,,,
asa-Vj58J6PJQ8,2024-04-20,2024,regular,Toronto FC,New England Revolution,1,0,,,asa,,,,
asa-a35r3x8LqL,2024-04-20,2024,regular,CF Montréal,Orlando City SC,2,2,,,asa,,,,
asa-aDQ0DZ6BQE,2024-04-20,2024,regular,Los Angeles FC,New York Red Bulls,2,2,,,asa,,,,
asa-eV5D9vyEqK,2024-04-20,2024,regular,Columbus Crew,Portland Timbers FC,2,2,,,asa,,,,
asa-odMXzAkrqY,2024-04-20,2024,regular,Sporting Kansas City,St. Louis City SC,3,3,,,asa,,,,
asa-7vQ7XGVEMD,2024-04-21,2024,regular,Charlotte FC,Minnesota United FC,0,3,,,asa,,,,
asa-xW5pJN8GQg,2024-04-21,2024,regular,LA Galaxy,San Jose Earthquakes,4,3,,,asa,,,,
asa-4JMAnzXl5K,2024-04-27,2024,regular,Columbus Crew,CF Montréal,0,0,,,asa,,,,
asa-4wM48BRkMj,2024-04-27,2024,regular,D.C. United,Seattle Sounders FC,2,1,,,asa,,,,
asa-BLMvGd8A5x,2024-04-27,2024,regular,New England Revolution,Inter Miami CF,1,4,,,asa,,,,
asa-N6MmzNPe5E,2024-04-27,2024,regular,Chicago Fire FC,Atlanta United FC,0,0,,,asa,,,,
asa-Oa5w6N2AM1,2024-04-27,2024,regular,Nashville SC,San Jose Earthquakes,1,1,,,asa,,,,
asa-XVqK7rJKq0,2024-04-27,2024,regular,New York City FC,Charlotte FC,2,1,,,asa,,,,
asa-Xj5YzAdwqb,2024-04-27,2024,regular,FC Dallas,Houston Dynamo FC,2,0,,,asa,,,,
asa-e7MzoN295r,2024-04-27,2024,regular,Austin FC,LA Galaxy,2,0,,,asa,,,,
asa-eVq3l3DyQW,2024-04-27,2024,regular,Los Angeles FC,Portland Timbers FC,3,2,,,asa,,,,
asa-jYQJyrLBqG,2024-04-27,2024,regular,Minnesota United FC,Sporting Kansas City,2,1,,,asa,,,,
asa-jYQJyrLPqG,2024-04-27,2024,regular,Philadelphia Union,Real Salt Lake,1,2,,,asa,,,,
asa-kRQazAgmMK,2024-04-27,2024,regular,FC Cincinnati,Colorado Rapids,2,1,,,asa,,,,
asa-ljqEkvRAMx,2024-04-27,2024,regular,Orlando City SC,Toronto FC,1,2,,,asa,,,,
asa-p6qbzbG8q0,2024-04-27,2024,regular,New York Red Bulls,Vancouver Whitecaps FC,1,1,,,asa,,,,
asa-N6MmzNNv5E,2024-04-30,2024,regular,Philadelphia Union,Seattle Sounders FC,2,3,,,asa,,,,
asa-0Oq6egZd56,2024-05-04,2024,regular,Orlando City SC,FC Cincinnati,0,1,,,asa,,,,
asa-2vQ11J7lQr,2024-05-04,2024,regular,D.C. United,Philadelphia Union,2,2,,,asa,,,,
asa-7VqGPrYWQv,2024-05-04,2024,regular,Inter Miami CF,New York Red Bulls,6,2,,,asa,,,,
asa-KAqBoZG4Qb,2024-05-04,2024,regular,Atlanta United FC,Minnesota United FC,1,2,,,asa,,,,
asa-NWMWzA4jQl,2024-05-04,2024,regular,Charlotte FC,Portland Timbers FC,2,0,,,asa,,,,
asa-Oa5w6N28M1,2024-05-04,2024,regular,San Jose Earthquakes,Los Angeles FC,3,1,,,asa,,,,
asa-Pk5LDrNL5O,2024-05-04,2024,regular,Real Salt Lake,Sporting Kansas City,1,0,,,asa,,,,
asa-eVq3l3DDQW,2024-05-04,2024,regular,Vancouver Whitecaps FC,Austin FC,0,0,,,asa,,,,
asa-gOMnzNLOMw,2024-05-04,2024,regular,Chicago Fire FC,New England Revolution,0,1,,,asa,,,,
asa-gpMOlAd25z,2024-05-04,2024,regular,Toronto FC,FC Dallas,3,1,,,asa,,,,
asa-vzqozyNZ5a,2024-05-04,2024,regular,Houston Dynamo FC,St. Louis City SC,0,0,,,asa,,,,
asa-zeQZzAK1QK,2024-05-04,2024,regular,Nashville SC,CF Montréal,4,1,,,asa,,,,
asa-KAqBoZO4Qb,2024-05-05,2024,regular,New York City FC,Colorado Rapids,0,2,,,asa,,,,
asa-NWMWzA4KQl,2024-05-05,2024,regular,Seattle Sounders FC,LA Galaxy,0,0,,,asa,,,,
asa-0Oq6egZA56,2024-05-11,2024,regular,Columbus Crew,FC Cincinnati,1,2,,,asa,,,,
asa-0x5gzYnZM7,2024-05-11,2024,regular,Atlanta United FC,D.C. United,2,3,,,asa,,,,
asa-2lqReAd05r,2024-05-11,2024,regular,Toronto FC,New York City FC,2,3,,,asa,,,,
asa-315VzAE959,2024-05-11,2024,regular,St. Louis City SC,Chicago Fire FC,3,1,,,asa,,,,
asa-7VqGPrY6Qv,2024-05-11,2024,regular,Charlotte FC,Nashville SC,1,0,,,asa,,,,
asa-9z5kzykjMA,2024-05-11,2024,regular,Sporting Kansas City,Houston Dynamo FC,1,2,,,asa,,,,
asa-EGMP8AdVMa,2024-05-11,2024,regular,Colorado Rapids,San Jose Earthquakes,2,3,,,asa,,,,
asa-OlMlzy1EqL,2024-05-11,2024,regular,New York Red Bulls,New England Revolution,4,2,,,asa,,,,
asa-Pk5LDrdO5O,2024-05-11,2024,regular,LA Galaxy,Real Salt Lake,2,2,,,asa,,,,
asa-gjMNr2d0MK,2024-05-11,2024,regular,Los Angeles FC,Vancouver Whitecaps FC,3,0,,,asa,,,,
asa-gpMOlAdE5z,2024-05-11,2024,regular,CF Montréal,Inter Miami CF,2,3,,,asa,,,,
asa-kRQazAKoMK,2024-05-11,2024,regular,Philadelphia Union,Orlando City SC,2,3,,,asa,,,,
asa-wvq9wO8wMW,2024-05-11,2024,regular,FC Dallas,Austin FC,2,1,,,asa,,,,
asa-raMyn02O5d,2024-05-12,2024,regular,Portland Timbers FC,Seattle Sounders FC,1,2,,,asa,,,,
asa-2vQ11JDKQr,2024-05-15,2024,regular,D.C. United,New York Red Bulls,1,4,,,asa,,,,
asa-2vQ11Jv4Qr,2024-05-15,2024,regular,Portland Timbers FC,San Jose Earthquakes,4,2,,,asa,,,,
asa-7vQ7XGj2MD,2024-05-15,2024,regular,FC Cincinnati,Atlanta United FC,1,0,,,asa,,,,
asa-9YqdzyGLMv,2024-05-15,2024,regular,Austin FC,Houston Dynamo FC,1,0,,,asa,,,,
asa-9vQ2rwzaQK,2024-05-15,2024,regular,Nashville SC,Toronto FC,2,0,,,asa,,,,
asa-KPqjzy8Rq6,2024-05-15,2024,regular,Real Salt Lake,Seattle Sounders FC,2,0,,,asa,,,,
asa-KXMezy6r56,2024-05-15,2024,regular,Chicago Fire FC,Charlotte FC,0,1,,,asa,,,,
asa-NPqxONwm59,2024-05-15,2024,regular,St. Louis City SC,Los Angeles FC,0,2,,,asa,,,,
asa-OlMlzyV0qL,2024-05-15,2024,regular,Orlando City SC,Inter Miami CF,0,0,,,asa,,,,
asa-Vj58J6p4Q8,2024-05-15,2024,regular,Philadelphia Union,New York City FC,1,2,,,asa,,,,
asa-a35r3x2AqL,2024-05-15,2024,regular,CF Montréal,Columbus Crew,1,3,,,asa,,,,
asa-aDQ0DZzPQE,2024-05-15,2024,regular,Colorado Rapids,Vancouver Whitecaps FC,1,0,,,asa,,,,
asa-odMXzAdWqY,2024-05-15,2024,regular,Minnesota United FC,LA Galaxy,2,2,,,asa,,,,
asa-4JMAnz4k5K,2024-05-18,2024,regular,Inter Miami CF,D.C. United,1,0,,,asa,,,,
asa-4wM48BzpMj,2024-05-18,2024,regular,New England Revolution,Philadelphia Union,0,3,,,asa,,,,
asa-9vQ2rw7YQK,2024-05-18,2024,regular,Minnesota United FC,Portland Timbers FC,2,1,,,asa,,,,
asa-BLMvGdeO5x,2024-05-18,2024,regular,Toronto FC,CF Montréal,5,1,,,asa,,,,
asa-N6MmzNDZ5E,2024-05-18,2024,regular,Real Salt Lake,Colorado Rapids,5,3,,,asa,,,,
asa-NWMWzAaKQl,2024-05-18,2024,regular,FC Cincinnati,St. Louis City SC,3,1,,,asa,,,,
asa-Oa5w6NJ8M1,2024-05-18,2024,regular,Seattle Sounders FC,Vancouver Whitecaps FC,1,1,,,asa,,,,
asa-XVqK7r4Oq0,2024-05-18,2024,regular,Chicago Fire FC,Columbus Crew,1,3,,,asa,,,,
asa-e7MzoNB65r,2024-05-18,2024,regular,Nashville SC,Atlanta United FC,1,1,,,asa,,,,
asa-jYQJyrbPqG,2024-05-18,2024,regular,San Jose Earthquakes,Orlando City SC,0,1,,,asa,,,,
asa-p6qbzbaBq0,2024-05-18,2024,regular,Houston Dynamo FC,FC Dallas,1,1,,,asa,,,,
asa-vzqozylk5a,2024-05-18,2024,regular,Austin FC,Sporting Kansas City,3,2,,,asa,,,,
asa-xW5pJNDdQg,2024-05-18,2024,regular,Charlotte FC,LA Galaxy,0,0,,,asa,,,,
asa-zeQZzAa1QK,2024-05-18,2024,regular,New York City FC,New York Red Bulls,2,1,,,asa,,,,
asa-0x5gzYDZM7,2024-05-25,2024,regular,CF Montréal,Nashville SC,0,0,,,asa,,,,
asa-2lqReAa05r,2024-05-25,2024,regular,FC Dallas,Real Salt Lake,3,3,,,asa,,,,
asa-315VzAa959,2024-05-25,2024,regular,San Jose Earthquakes,Austin FC,1,1,,,asa,,,,
asa-7VqGPr46Qv,2024-05-25,2024,regular,New England Revolution,New York City FC,0,1,,,asa,,,,
asa-7vQ7XGvYMD,2024-05-25,2024,regular,St. Louis City SC,Seattle Sounders FC,1,2,,,asa,,,,
asa-9z5kzyDjMA,2024-05-25,2024,regular,LA Galaxy,Houston Dynamo FC,2,1,,,asa,,,,
asa-EGMP8A4VMa,2024-05-25,2024,regular,Vancouver Whitecaps FC,Inter Miami CF,1,2,,,asa,,,,
asa-EGMP8Ax6Ma,2024-05-25,2024,regular,D.C. United,Chicago Fire FC,1,1,,,asa,,,,
asa-KAqBoZ44Qb,2024-05-25,2024,regular,Charlotte FC,Philadelphia Union,0,0,,,asa,,,,
asa-Xj5YzAaAqb,2024-05-25,2024,regular,Portland Timbers FC,Sporting Kansas City,2,1,,,asa,,,,
asa-eVq3l3zDQW,2024-05-25,2024,regular,Atlanta United FC,Los Angeles FC,0,1,,,asa,,,,
asa-gOMnzNDXMw,2024-05-25,2024,regular,Toronto FC,FC Cincinnati,3,4,,,asa,,,,
asa-gpMOlA4E5z,2024-05-25,2024,regular,Orlando City SC,Columbus Crew,0,2,,,asa,,,,
asa-wvq9wOzwMW,2024-05-25,2024,regular,Colorado Rapids,Minnesota United FC,3,3,,,asa,,,,
asa-2vQ11JzKQr,2024-05-29,2024,regular,Austin FC,Portland Timbers FC,0,2,,,asa,,,,
asa-7vQ7XGz2MD,2024-05-29,2024,regular,CF Montréal,D.C. United,4,2,,,asa,,,,
asa-9vQ2rwoaQK,2024-05-29,2024,regular,Seattle Sounders FC,Real Salt Lake,1,1,,,asa,,,,
asa-9z5kzyPPMA,2024-05-29,2024,regular,LA Galaxy,FC Dallas,3,1,,,asa,,,,
asa-OlMlzyD0qL,2024-05-29,2024,regular,Houston Dynamo FC,Colorado Rapids,3,1,,,asa,,,,
asa-OlMlzyYgqL,2024-05-29,2024,regular,Philadelphia Union,Toronto FC,0,0,,,asa,,,,
asa-Pk5LDr4O5O,2024-05-29,2024,regular,FC Cincinnati,Nashville SC,0,2,,,asa,,,,
asa-Vj58J6z4Q8,2024-05-29,2024,regular,Sporting Kansas City,Vancouver Whitecaps FC,1,2,,,asa,,,,
asa-a35r3xDAqL,2024-05-29,2024,regular,Chicago Fire FC,Orlando City SC,1,1,,,asa,,,,
asa-odMXzAaWqY,2024-05-29,2024,regular,Los Angeles FC,Minnesota United FC,2,0,,,asa,,,,
asa-raMyn03O5d,2024-05-29,2024,regular,Inter Miami CF,Atlanta United FC,1,3,,,asa,,,,
asa-raMyn09d5d,2024-05-29,2024,regular,New York Red Bulls,Charlotte FC,3,1,,,asa,,,,
asa-NPqxONJm59,2024-05-31,2024,regular,New York City FC,San Jose Earthquakes,5,1,,,asa,,,,
asa-4JMAnzgk5K,2024-06-01,2024,regular,Chicago Fire FC,LA Galaxy,2,1,,,asa,,,,
asa-4wM48B9pMj,2024-06-01,2024,regular,Minnesota United FC,Sporting Kansas City,3,1,,,asa,,,,
asa-9YqdzyE9Mv,2024-06-01,2024,regular,Nashville SC,New England Revolution,1,2,,,asa,,,,
asa-KPqjzypRq6,2024-06-01,2024,regular,Inter Miami CF,St. Louis City SC,3,3,,,asa,,,,
asa-XVqK7rPOq0,2024-06-01,2024,regular,Real Salt Lake,Austin FC,5,1,,,asa,,,,
asa-aDQ0DZOPQE,2024-06-01,2024,regular,D.C. United,Toronto FC,2,2,,,asa,,,,
asa-e7MzoN365r,2024-06-01,2024,regular,Vancouver Whitecaps FC,Colorado Rapids,2,1,,,asa,,,,
asa-gOMnzNLXMw,2024-06-01,2024,regular,New York Red Bulls,Orlando City SC,1,0,,,asa,,,,
asa-ljqEkvYzMx,2024-06-01,2024,regular,Portland Timbers FC,Houston Dynamo FC,2,2,,,asa,,,,
asa-p6qbzbKBq0,2024-06-01,2024,regular,Los Angeles FC,FC Dallas,1,0,,,asa,,,,
asa-vzqozy175a,2024-06-01,2024,regular,Philadelphia Union,CF Montréal,2,2,,,asa,,,,
asa-N6MmzNpZ5E,2024-06-02,2024,regular,Atlanta United FC,Charlotte FC,2,3,,,asa,,,,
asa-9z5kzy8PMA,2024-06-08,2024,regular,Minnesota United FC,FC Dallas,1,1,,,asa,,,,
asa-Oa5w6Np8M1,2024-06-08,2024,regular,St. Louis City SC,Portland Timbers FC,0,0,,,asa,,,,
asa-Xj5YzAKAqb,2024-06-08,2024,regular,New England Revolution,New York Red Bulls,1,0,,,asa,,,,
asa-jYQJyrVPqG,2024-06-08,2024,regular,Sporting Kansas City,Seattle Sounders FC,2,1,,,asa,,,,
asa-eVq3l3RDQW,2024-06-14,2024,regular,New York City FC,Columbus Crew,2,3,,,asa,,,,
asa-0Oq6egVA56,2024-06-15,2024,regular,New York Red Bulls,Nashville SC,0,0,,,asa,,,,
asa-2lqReAyW5r,2024-06-15,2024,regular,Atlanta United FC,Houston Dynamo FC,2,2,,,asa,,,,
asa-7VqGPrR6Qv,2024-06-15,2024,regular,New England Revolution,Vancouver Whitecaps FC,3,2,,,asa,,,,
asa-KAqBoZGJQb,2024-06-15,2024,regular,Seattle Sounders FC,Minnesota United FC,2,0,,,asa,,,,
asa-N6MmzN8e5E,2024-06-15,2024,regular,FC Dallas,St. Louis City SC,2,0,,,asa,,,,
asa-NPqxONaX59,2024-06-15,2024,regular,LA Galaxy,Sporting Kansas City,4,2,,,asa,,,,
asa-NWMWzAKKQl,2024-06-15,2024,regular,Charlotte FC,D.C. United,1,0,,,asa,,,,
asa-Oa5w6NpjM1,2024-06-15,2024,regular,Colorado Rapids,Austin FC,2,0,,,asa,,,,
asa-eVq3l3R6QW,2024-06-15,2024,regular,San Jose Earthquakes,FC Cincinnati,2,4,,,asa,,,,
asa-gOMnzNbXMw,2024-06-15,2024,regular,Philadelphia Union,Inter Miami CF,1,2,,,asa,,,,
asa-gpMOlA7E5z,2024-06-15,2024,regular,Orlando City SC,Los Angeles FC,1,3,,,asa,,,,
asa-vzqozyAk5a,2024-06-15,2024,regular,Toronto FC,Chicago Fire FC,1,4,,,asa,,,,
asa-zeQZzAPxQK,2024-06-15,2024,regular,CF Montréal,Real Salt Lake,0,0,,,asa,,,,
asa-0Oq6egVX56,2024-06-19,2024,regular,Inter Miami CF,Columbus Crew,2,1,,,asa,,,,
asa-0x5gzYprM7,2024-06-19,2024,regular,FC Cincinnati,Philadelphia Union,4,3,,,asa,,,,
asa-2lqReAK05r,2024-06-19,2024,regular,FC Dallas,Minnesota United FC,5,3,,,asa,,,,
asa-2lqReAKW5r,2024-06-19,2024,regular,Houston Dynamo FC,Seattle Sounders FC,2,2,,,asa,,,,
asa-315VzAK659,2024-06-19,2024,regular,St. Louis City SC,Colorado Rapids,0,3,,,asa,,,,
asa-7VqGPr6eQv,2024-06-19,2024,regular,LA Galaxy,New York City FC,2,0,,,asa,,,,
asa-7VqGPrReQv,2024-06-19,2024,regular,D.C. United,Atlanta United FC,0,1,,,asa,,,,
asa-NWMWzAK7Ql,2024-06-19,2024,regular,Charlotte FC,Orlando City SC,2,2,,,asa,,,,
asa-gOMnzNbmMw,2024-06-19,2024,regular,Toronto FC,Nashville SC,1,2,,,asa,,,,
asa-gjMNr2kvMK,2024-06-19,2024,regular,San Jose Earthquakes,Portland Timbers FC,1,2,,,asa,,,,
asa-gpMOlA7n5z,2024-06-19,2024,regular,CF Montréal,New York Red Bulls,2,2,,,asa,,,,
asa-vzqozyAj5a,2024-06-19,2024,regular,Austin FC,Los Angeles FC,1,1,,,asa,,,,
asa-wvq9wONZMW,2024-06-19,2024,regular,Sporting Kansas City,Real Salt Lake,3,4,,,asa,,,,
asa-2vQ11J04Qr,2024-06-22,2024,regular,New York Red Bulls,Toronto FC,3,0,,,asa,,,,
asa-7VqGPryWQv,2024-06-22,2024,regular,FC Cincinnati,New England Revolution,1,2,,,asa,,,,
asa-7vQ7XG0YMD,2024-06-22,2024,regular,Columbus Crew,Sporting Kansas City,4,0,,,asa,,,,
asa-9vQ2rw01QK,2024-06-22,2024,regular,Real Salt Lake,LA Galaxy,0,1,,,asa,,,,
asa-KPqjzybyq6,2024-06-22,2024,regular,Seattle Sounders FC,FC Dallas,3,2,,,asa,,,,
asa-KXMezyAx56,2024-06-22,2024,regular,St. Louis City SC,Atlanta United FC,1,1,,,asa,,,,
asa-NPqxONkg59,2024-06-22,2024,regular,Los Angeles FC,San Jose Earthquakes,6,2,,,asa,,,,
asa-a35r3x6BqL,2024-06-22,2024,regular,Orlando City SC,Chicago Fire FC,4,2,,,asa,,,,
asa-aDQ0DZ0pQE,2024-06-22,2024,regular,Portland Timbers FC,Vancouver Whitecaps FC,2,0,,,asa,,,,
asa-eV5D9v4AqK,2024-06-22,2024,regular,Philadelphia Union,Charlotte FC,0,2,,,asa,,,,
asa-eV5D9vBaqK,2024-06-22,2024,regular,D.C. United,Houston Dynamo FC,1,4,,,asa,,,,
asa-gpMOlAYr5z,2024-06-22,2024,regular,Nashville SC,New York City FC,1,0,,,asa,,,,
asa-ljqEkvZzMx,2024-06-22,2024,regular,Minnesota United FC,Austin FC,0,1,,,asa,,,,
asa-odMXzAj2qY,2024-06-22,2024,regular,Colorado Rapids,CF Montréal,4,1,,,asa,,,,
asa-xW5pJNglQg,2024-06-28,2024,regular,New York City FC,Orlando City SC,4,2,,,asa,,,,
asa-4wM48B0zMj,2024-06-29,2024,regular,CF Montréal,Philadelphia Union,4,2,,,asa,,,,
asa-BLMvGdRR5x,2024-06-29,2024,regular,New York Red Bulls,D.C. United,2,2,,,asa,,,,
asa-N6MmzN3R5E,2024-06-29,2024,regular,Los Angeles FC,Colorado Rapids,3,0,,,asa,,,,
asa-Oa5w6N9jM1,2024-06-29,2024,regular,Vancouver Whitecaps FC,St. Louis City SC,4,3,,,asa,,,,
asa-XVqK7roRq0,2024-06-29,2024,regular,FC Dallas,FC Cincinnati,0,1,,,asa,,,,
asa-Xj5YzAr0qb,2024-06-29,2024,regular,San Jose Earthquakes,LA Galaxy,0,3,,,asa,,,,
asa-e7MzoNPX5r,2024-06-29,2024,regular,Nashville SC,Inter Miami CF,1,2,,,asa,,,,
asa-gOMnzNwlMw,2024-06-29,2024,regular,Houston Dynamo FC,Charlotte FC,1,0,,,asa,,,,
asa-jYQJyrnyqG,2024-06-29,2024,regular,Seattle Sounders FC,Chicago Fire FC,2,1,,,asa,,,,
asa-kRQazAYgMK,2024-06-29,2024,regular,Atlanta United FC,Toronto FC,2,1,,,asa,,,,
asa-ljqEkvWEMx,2024-06-29,2024,regular,Sporting Kansas City,Austin FC,2,0,,,asa,,,,
asa-odMXzABxqY,2024-06-29,2024,regular,Portland Timbers FC,Minnesota United FC,3,2,,,asa,,,,
asa-zeQZzAlKQK,2024-06-29,2024,regular,New England Revolution,Columbus Crew,1,5,,,asa,,,,
asa-0Oq6eg0X56,2024-07-03,2024,regular,Chicago Fire FC,Philadelphia Union,4,3,,,asa,,,,
asa-0x5gzYZrM7,2024-07-03,2024,regular,New York City FC,CF Montréal,2,0,,,asa,,,,
asa-7VqGPrGeQv,2024-07-03,2024,regular,Toronto FC,Orlando City SC,1,2,,,asa,,,,
asa-KAqBoZwJQb,2024-07-03,2024,regular,D.C. United,FC Cincinnati,2,3,,,asa,,,,
asa-NWMWzAr7Ql,2024-07-03,2024,regular,New England Revolution,Atlanta United FC,2,1,,,asa,,,,
asa-Vj58J603Q8,2024-07-03,2024,regular,Minnesota United FC,Vancouver Whitecaps FC,1,3,,,asa,,,,
asa-aDQ0DZ7BQE,2024-07-03,2024,regular,St. Louis City SC,San Jose Earthquakes,2,0,,,asa,,,,
asa-eV5D9voAqK,2024-07-03,2024,regular,Columbus Crew,Nashville SC,2,0,,,asa,,,,
asa-eVq3l3E6QW,2024-07-03,2024,regular,Charlotte FC,Inter Miami CF,1,2,,,asa,,,,
asa-gOMnzNBmMw,2024-07-03,2024,regular,Real Salt Lake,Houston Dynamo FC,3,2,,,asa,,,,
asa-2lqReANW5r,2024-07-04,2024,regular,Colorado Rapids,Sporting Kansas City,2,1,,,asa,,,,
asa-vzqozyWj5a,2024-07-04,2024,regular,FC Dallas,Portland Timbers FC,3,2,,,asa,,,,
asa-wvq9wO4ZMW,2024-07-04,2024,regular,LA Galaxy,Los Angeles FC,1,2,,,asa,,,,
asa-315VzAr659,2024-07-06,2024,regular,CF Montréal,Vancouver Whitecaps FC,1,1,,,asa,,,,
asa-4JMAnzJ65K,2024-07-06,2024,regular,Columbus Crew,Toronto FC,4,0,,,asa,,,,
asa-EGMP8APjMa,2024-07-06,2024,regular,Orlando City SC,D.C. United,5,0,,,asa,,,,
asa-KXMezyPx56,2024-07-06,2024,regular,Seattle Sounders FC,New England Revolution,2,0,,,asa,,,,
asa-a35r3xGBqL,2024-07-06,2024,regular,FC Cincinnati,Inter Miami CF,6,1,,,asa,,,,
asa-eV5D9vWaqK,2024-07-06,2024,regular,Real Salt Lake,Atlanta United FC,5,2,,,asa,,,,
asa-gjMNr2VvMK,2024-07-06,2024,regular,Austin FC,New York City FC,2,1,,,asa,,,,
asa-p6qbzbl8q0,2024-07-06,2024,regular,Philadelphia Union,New York Red Bulls,0,0,,,asa,,,,
asa-9YqdzyV9Mv,2024-07-07,2024,regular,LA Galaxy,Minnesota United FC,2,1,,,asa,,,,
asa-9z5kzyKJMA,2024-07-07,2024,regular,San Jose Earthquakes,Chicago Fire FC,1,0,,,asa,,,,
asa-OlMlzyJgqL,2024-07-07,2024,regular,Sporting Kansas City,FC Dallas,3,2,,,asa,,,,
asa-Vj58J6v3Q8,2024-07-07,2024,regular,Colorado Rapids,St. Louis City SC,4,1,,,asa,,,,
asa-p6qbzb96q0,2024-07-07,2024,regular,Portland Timbers FC,Nashville SC,4,1,,,asa,,,,
asa-4JMAnzY65K,2024-07-13,2024,regular,FC Dallas,LA Galaxy,2,0,,,asa,,,,
asa-4wM48BvzMj,2024-07-13,2024,regular,Houston Dynamo FC,Minnesota United FC,1,1,,,asa,,,,
asa-9vQ2rwv1QK,2024-07-13,2024,regular,D.C. United,Nashville SC,2,1,,,asa,,,,
asa-BLMvGdoR5x,2024-07-13,2024,regular,Colorado Rapids,New York Red Bulls,1,1,,,asa,,,,
asa-KPqjzyDyq6,2024-07-13,2024,regular,Toronto FC,Philadelphia Union,2,1,,,asa,,,,
asa-NPqxON9g59,2024-07-13,2024,regular,CF Montréal,Atlanta United FC,1,0,,,asa,,,,
asa-Pk5LDrRm5O,2024-07-13,2024,regular,Portland Timbers FC,Real Salt Lake,3,0,,,asa,,,,
asa-XVqK7rRRq0,2024-07-13,2024,regular,Los Angeles FC,Columbus Crew,1,5,,,asa,,,,
asa-aDQ0DZvpQE,2024-07-13,2024,regular,New England Revolution,Orlando City SC,1,3,,,asa,,,,
asa-kRQazARgMK,2024-07-13,2024,regular,Chicago Fire FC,New York City FC,0,0,,,asa,,,,
asa-ljqEkvgEMx,2024-07-13,2024,regular,San Jose Earthquakes,Sporting Kansas City,1,2,,,asa,,,,
asa-raMyn0VA5d,2024-07-13,2024,regular,FC Cincinnati,Charlotte FC,1,3,,,asa,,,,
asa-xW5pJNWlQg,2024-07-13,2024,regular,Austin FC,Seattle Sounders FC,0,1,,,asa,,,,
asa-zeQZzAWKQK,2024-07-13,2024,regular,St. Louis City SC,Vancouver Whitecaps FC,1,4,,,asa,,,,
asa-0Oq6egvX56,2024-07-17,2024,regular,Los Angeles FC,Real Salt Lake,1,1,,,asa,,,,
asa-0x5gzYNrM7,2024-07-17,2024,regular,Nashville SC,Orlando City SC,0,3,,,asa,,,,
asa-KAqBoZ3JQb,2024-07-17,2024,regular,FC Dallas,Austin FC,3,1,,,asa,,,,
asa-KXMezyar56,2024-07-17,2024,regular,LA Galaxy,Colorado Rapids,3,2,,,asa,,,,
asa-N6MmzNwR5E,2024-07-17,2024,regular,FC Cincinnati,Chicago Fire FC,0,1,,,asa,,,,
asa-NWMWzAw7Ql,2024-07-17,2024,regular,Minnesota United FC,D.C. United,2,3,,,asa,,,,
asa-Oa5w6NRjM1,2024-07-17,2024,regular,New York Red Bulls,CF Montréal,2,2,,,asa,,,,
asa-Xj5YzAB0qb,2024-07-17,2024,regular,Columbus Crew,Charlotte FC,1,1,,,asa,,,,
asa-e7MzoNVX5r,2024-07-17,2024,regular,Atlanta United FC,New York City FC,2,2,,,asa,,,,
asa-eVq3l3v6QW,2024-07-17,2024,regular,Philadelphia Union,New England Revolution,5,1,,,asa,,,,
asa-gOMnzN3mMw,2024-07-17,2024,regular,Seattle Sounders FC,St. Louis City SC,2,0,,,asa,,,,
asa-gpMOlAPn5z,2024-07-17,2024,regular,San Jose Earthquakes,Houston Dynamo FC,0,1,,,asa,,,,
asa-jYQJyroyqG,2024-07-17,2024,regular,Inter Miami CF,Toronto FC,3,1,,,asa,,,,
asa-vzqozyBj5a,2024-07-17,2024,regular,Vancouver Whitecaps FC,Sporting Kansas City,2,1,,,asa,,,,
asa-0Oq6egAx56,2024-07-20,2024,regular,Minnesota United FC,San Jose Earthquakes,2,0,,,asa,,,,
asa-0x5gzY9PM7,2024-07-20,2024,regular,Austin FC,Charlotte FC,2,2,,,asa,,,,
asa-2lqReAxJ5r,2024-07-20,2024,regular,Seattle Sounders FC,Los Angeles FC,0,3,,,asa,,,,
asa-7VqGPrvjQv,2024-07-20,2024,regular,Sporting Kansas City,St. Louis City SC,1,1,,,asa,,,,
asa-KAqBoZ3BQb,2024-07-20,2024,regular,Orlando City SC,New York City FC,1,1,,,asa,,,,
asa-Oa5w6NR4M1,2024-07-20,2024,regular,CF Montréal,Toronto FC,0,1,,,asa,,,,
asa-Oa5w6Na4M1,2024-07-20,2024,regular,Atlanta United FC,Columbus Crew,2,1,,,asa,,,,
asa-Pk5LDr9m5O,2024-07-20,2024,regular,Philadelphia Union,Nashville SC,3,0,,,asa,,,,
asa-e7MzoNaG5r,2024-07-20,2024,regular,New England Revolution,FC Dallas,1,1,,,asa,,,,
asa-eVq3l3vVQW,2024-07-20,2024,regular,New York Red Bulls,FC Cincinnati,3,1,,,asa,,,,
asa-gOMnzN7lMw,2024-07-20,2024,regular,Colorado Rapids,Real Salt Lake,3,2,,,asa,,,,
asa-jYQJyrokqG,2024-07-20,2024,regular,Inter Miami CF,Chicago Fire FC,2,1,,,asa,,,,
asa-vzqozyDJ5a,2024-07-20,2024,regular,LA Galaxy,Portland Timbers FC,3,2,,,asa,,,,
asa-wvq9wOABMW,2024-07-20,2024,regular,Vancouver Whitecaps FC,Houston Dynamo FC,3,4,,,asa,,,,
asa-0x5gzYnbM7,2024-08-24,2024,regular,D.C. United,FC Dallas,3,4,,,asa,,,,
asa-315VzAxn59,2024-08-24,2024,regular,Charlotte FC,New York Red Bulls,1,1,,,asa,,,,
asa-9YqdzynEMv,2024-08-24,2024,regular,Portland Timbers FC,St. Louis City SC,4,4,,,asa,,,,
asa-OlMlzyNDqL,2024-08-24,2024,regular,Nashville SC,Austin FC,0,2,,,asa,,,,
asa-Pk5LDrxY5O,2024-08-24,2024,regular,Inter Miami CF,FC Cincinnati,2,0,,,asa,,,,
asa-Vj58J6ALQ8,2024-08-24,2024,regular,Real Salt Lake,San Jose Earthquakes,0,2,,,asa,,,,
asa-a35r3xa2qL,2024-08-24,2024,regular,Minnesota United FC,Seattle Sounders FC,2,3,,,asa,,,,
asa-eV5D9vbnqK,2024-08-24,2024,regular,Houston Dynamo FC,Toronto FC,0,1,,,asa,,,,
asa-gjMNr2xDMK,2024-08-24,2024,regular,CF Montréal,New England Revolution,0,5,,,asa,,,,
asa-raMyn0ad5d,2024-08-24,2024,regular,New York City FC,Chicago Fire FC,2,2,,,asa,,,,
asa-vzqozy2J5a,2024-08-24,2024,regular,LA Galaxy,Atlanta United FC,2,0,,,asa,,,,
asa-zeQZzAErQK,2024-08-24,2024,regular,Sporting Kansas City,Orlando City SC,3,0,,,asa,,,,
asa-NWMWzAxEQl,2024-08-28,2024,regular,Philadelphia Union,Columbus Crew,0,1,,,asa,,,,
asa-0Oq6egzA56,2024-08-31,2024,regular,New York Red Bulls,Philadelphia Union,0,2,,,asa,,,,
asa-4JMAnzA15K,2024-08-31,2024,regular,Chicago Fire FC,Inter Miami CF,1,4,,,asa,,,,
asa-4wM48BANMj,2024-08-31,2024,regular,FC Dallas,Colorado Rapids,2,3,,,asa,,,,
asa-9vQ2rwAmQK,2024-08-31,2024,regular,FC Cincinnati,CF Montréal,4,1,,,asa,,,,
asa-9z5kzyJlMA,2024-08-31,2024,regular,Columbus Crew,New York City FC,4,2,,,asa,,,,
asa-BLMvGdaW5x,2024-08-31,2024,regular,Real Salt Lake,New England Revolution,2,0,,,asa,,,,
asa-KPqjzyPYq6,2024-08-31,2024,regular,Orlando City SC,Nashville SC,3,0,,,asa,,,,
asa-Oa5w6N8AM1,2024-08-31,2024,regular,San Jose Earthquakes,Minnesota United FC,1,2,,,asa,,,,
asa-XVqK7rx0q0,2024-08-31,2024,regular,Los Angeles FC,Houston Dynamo FC,0,2,,,asa,,,,
asa-kRQazAGjMK,2024-08-31,2024,regular,Austin FC,Vancouver Whitecaps FC,0,1,,,asa,,,,
asa-odMXzAxxqY,2024-08-31,2024,regular,Charlotte FC,Atlanta United FC,0,1,,,asa,,,,
asa-p6qbzb6wq0,2024-08-31,2024,regular,Portland Timbers FC,Seattle Sounders FC,1,0,,,asa,,,,
asa-xW5pJN1JQg,2024-08-31,2024,regular,Toronto FC,D.C. United,1,3,,,asa,,,,
asa-ljqEkvx4Mx,2024-09-01,2024,regular,St. Louis City SC,LA Galaxy,2,1,,,asa,,,,
asa-N6MmzNyx5E,2024-09-07,2024,regular,New York Red Bulls,Sporting Kansas City,1,1,,,asa,,,,
asa-Xj5YzAxRqb,2024-09-07,2024,regular,Chicago Fire FC,D.C. United,1,2,,,asa,,,,
asa-aDQ0DZA3QE,2024-09-07,2024,regular,New England Revolution,St. Louis City SC,2,2,,,asa,,,,
asa-jYQJyrAkqG,2024-09-07,2024,regular,Vancouver Whitecaps FC,FC Dallas,0,0,,,asa,,,,
asa-raMyn0kA5d,2024-09-07,2024,regular,Houston Dynamo FC,Los Angeles FC,0,0,,,asa,,,,
asa-xW5pJNKdQg,2024-09-07,2024,regular,Columbus Crew,Seattle Sounders FC,0,4,,,asa,,,,
asa-0Oq6egmx56,2024-09-14,2024,regular,Chicago Fire FC,New York Red Bulls,2,1,,,asa,,,,
asa-0x5gzYpZM7,2024-09-14,2024,regular,CF Montréal,Charlotte FC,2,1,,,asa,,,,
asa-0x5gzYyPM7,2024-09-14,2024,regular,Orlando City SC,New England Revolution,3,0,,,asa,,,,
asa-2lqReAEJ5r,2024-09-14,2024,regular,LA Galaxy,Los Angeles FC,4,2,,,asa,,,,
asa-7VqGPrEjQv,2024-09-14,2024,regular,Toronto FC,Austin FC,2,1,,,asa,,,,
asa-9z5kzyrdMA,2024-09-14,2024,regular,Vancouver Whitecaps FC,San Jose Earthquakes,2,0,,,asa,,,,
asa-EGMP8AWxMa,2024-09-14,2024,regular,Atlanta United FC,Nashville SC,0,2,,,asa,,,,
asa-NWMWzAYEQl,2024-09-14,2024,regular,Inter Miami CF,Philadelphia Union,3,1,,,asa,,,,
asa-Vj58J6mLQ8,2024-09-14,2024,regular,Colorado Rapids,Portland Timbers FC,2,1,,,asa,,,,
asa-eVq3l3AVQW,2024-09-14,2024,regular,FC Cincinnati,Columbus Crew,0,0,,,asa,,,,
asa-jYQJyrEkqG,2024-09-14,2024,regular,D.C. United,New York City FC,1,1,,,asa,,,,
asa-jYQJyrVyqG,2024-09-14,2024,regular,Houston Dynamo FC,Real Salt Lake,4,1,,,asa,,,,
asa-vzqozy3J5a,2024-09-14,2024,regular,St. Louis City SC,Minnesota United FC,1,3,,,asa,,,,
asa-315VzAwn59,2024-09-15,2024,regular,Seattle Sounders FC,Sporting Kansas City,2,0,,,asa,,,,
asa-2vQ11JmOQr,2024-09-18,2024,regular,Houston Dynamo FC,Vancouver Whitecaps FC,1,1,,,asa,,,,
asa-7vQ7XGEGMD,2024-09-18,2024,regular,Portland Timbers FC,LA Galaxy,4,2,,,asa,,,,
asa-7vQ7XGmGMD,2024-09-18,2024,regular,Orlando City SC,Charlotte FC,2,0,,,asa,,,,
asa-9YqdzyPEMv,2024-09-18,2024,regular,Real Salt Lake,FC Dallas,3,2,,,asa,,,,
asa-9vQ2rwmmQK,2024-09-18,2024,regular,Seattle Sounders FC,San Jose Earthquakes,2,2,,,asa,,,,
asa-EGMP8AE6Ma,2024-09-18,2024,regular,Atlanta United FC,Inter Miami CF,2,2,,,asa,,,,
asa-KXMezyLP56,2024-09-18,2024,regular,Los Angeles FC,Austin FC,1,1,,,asa,,,,
asa-OlMlzylDqL,2024-09-18,2024,regular,Nashville SC,Chicago Fire FC,1,0,,,asa,,,,
asa-Pk5LDrEY5O,2024-09-18,2024,regular,New England Revolution,CF Montréal,2,2,,,asa,,,,
asa-a35r3xg2qL,2024-09-18,2024,regular,Sporting Kansas City,Colorado Rapids,4,1,,,asa,,,,
asa-eV5D9vEnqK,2024-09-18,2024,regular,Toronto FC,Columbus Crew,0,2,,,asa,,,,
asa-gjMNr2EDMK,2024-09-18,2024,regular,New York City FC,Philadelphia Union,1,5,,,asa,,,,
asa-gpMOlAVn5z,2024-09-18,2024,regular,Minnesota United FC,FC Cincinnati,1,2,,,asa,,,,
asa-4JMAnzE15K,2024-09-21,2024,regular,Austin FC,Houston Dynamo FC,0,1,,,asa,,,,
asa-4wM48BmNMj,2024-09-21,2024,regular,FC Dallas,Los Angeles FC,3,1,,,asa,,,,
asa-BLMvGdpO5x,2024-09-21,2024,regular,Colorado Rapids,Toronto FC,2,0,,,asa,,,,
asa-EGMP8AKjMa,2024-09-21,2024,regular,LA Galaxy,Vancouver Whitecaps FC,4,2,,,asa,,,,
asa-KPqjzy1Yq6,2024-09-21,2024,regular,CF Montréal,Chicago Fire FC,2,0,,,asa,,,,
asa-NPqxONRX59,2024-09-21,2024,regular,Charlotte FC,New England Revolution,4,0,,,asa,,,,
asa-XVqK7rE0q0,2024-09-21,2024,regular,Nashville SC,FC Cincinnati,2,2,,,asa,,,,
asa-aDQ0DZm3QE,2024-09-21,2024,regular,Columbus Crew,Orlando City SC,4,3,,,asa,,,,
asa-e7MzoNkG5r,2024-09-21,2024,regular,San Jose Earthquakes,St. Louis City SC,1,2,,,asa,,,,
asa-kRQazA9jMK,2024-09-21,2024,regular,New York City FC,Inter Miami CF,1,1,,,asa,,,,
asa-odMXzA32qY,2024-09-21,2024,regular,New York Red Bulls,Atlanta United FC,2,2,,,asa,,,,
asa-p6qbzbkwq0,2024-09-21,2024,regular,Real Salt Lake,Portland Timbers FC,3,3,,,asa,,,,
asa-zeQZzAgrQK,2024-09-21,2024,regular,Sporting Kansas City,Minnesota United FC,0,2,,,asa,,,,
asa-N6MmzNJx5E,2024-09-22,2024,regular,Philadelphia Union,D.C. United,4,0,,,asa,,,,
asa-0Oq6egBx56,2024-09-28,2024,regular,Minnesota United FC,Colorado Rapids,3,0,,,asa,,,,
asa-0x5gzYXPM7,2024-09-28,2024,regular,Austin FC,Real Salt Lake,2,2,,,asa,,,,
asa-2lqReAGJ5r,2024-09-28,2024,regular,Seattle Sounders FC,Houston Dynamo FC,1,0,,,asa,,,,
asa-7VqGPrDjQv,2024-09-28,2024,regular,Chicago Fire FC,Toronto FC,1,1,,,asa,,,,
asa-KAqBoZEBQb,2024-09-28,2024,regular,New York Red Bulls,New York City FC,1,5,,,asa,,,,
asa-NWMWzAREQl,2024-09-28,2024,regular,Philadelphia Union,Atlanta United FC,1,1,,,asa,,,,
asa-Oa5w6No4M1,2024-09-28,2024,regular,Inter Miami CF,Charlotte FC,1,1,,,asa,,,,
asa-Xj5YzAWRqb,2024-09-28,2024,regular,FC Cincinnati,Los Angeles FC,1,2,,,asa,,,,
asa-eVq3l3mVQW,2024-09-28,2024,regular,CF Montréal,San Jose Earthquakes,3,0,,,asa,,,,
asa-gpMOlABr5z,2024-09-28,2024,regular,St. Louis City SC,Sporting Kansas City,3,1,,,asa,,,,
asa-gpMOlAEr5z,2024-09-28,2024,regular,FC Dallas,Orlando City SC,1,3,,,asa,,,,
asa-jYQJyrlZqG,2024-09-28,2024,regular,Vancouver Whitecaps FC,Portland Timbers FC,1,1,,,asa,,,,
asa-kRQazAaoMK,2024-09-28,2024,regular,D.C. United,Columbus Crew,2,2,,,asa,,,,
asa-xW5pJNBJQg,2024-09-28,2024,regular,New England Revolution,Nashville SC,1,0,,,asa,,,,
asa-0x5gzYXwM7,2024-10-02,2024,regular,Orlando City SC,Philadelphia Union,2,1,,,asa,,,,
asa-2lqReAGa5r,2024-10-02,2024,regular,Los Angeles FC,St. Louis City SC,1,0,,,asa,,,,
asa-315VzAoY59,2024-10-02,2024,regular,Vancouver Whitecaps FC,Seattle Sounders FC,0,3,,,asa,,,,
asa-7VqGPrDzQv,2024-10-02,2024,regular,Toronto FC,New York Red Bulls,1,4,,,asa,,,,
asa-KAqBoZPmQb,2024-10-02,2024,regular,Columbus Crew,Inter Miami CF,2,3,,,asa,,,,
asa-NWMWzARDQl,2024-10-02,2024,regular,New York City FC,FC Cincinnati,3,2,,,asa,,,,
asa-Oa5w6NXDM1,2024-10-02,2024,regular,Atlanta United FC,CF Montréal,1,2,,,asa,,,,
asa-eVq3l3JXQW,2024-10-02,2024,regular,Charlotte FC,Chicago Fire FC,4,3,,,asa,,,,
asa-gOMnzNX8Mw,2024-10-02,2024,regular,Nashville SC,D.C. United,3,4,,,asa,,,,
asa-gOMnzNXlMw,2024-10-02,2024,regular,Colorado Rapids,LA Galaxy,1,3,,,asa,,,,
asa-gpMOlABD5z,2024-10-02,2024,regular,Houston Dynamo FC,New England Revolution,2,1,,,asa,,,,
asa-vzqozy2N5a,2024-10-02,2024,regular,Real Salt Lake,Minnesota United FC,0,0,,,asa,,,,
asa-wvq9wOGNMW,2024-10-02,2024,regular,Portland Timbers FC,Austin FC,0,1,,,asa,,,,
asa-wvq9wOmBMW,2024-10-02,2024,regular,San Jose Earthquakes,FC Dallas,3,2,,,asa,,,,
asa-2vQ11JlbQr,2024-10-05,2024,regular,Toronto FC,Inter Miami CF,0,1,,,asa,,,,
asa-7vQ7XGWOMD,2024-10-05,2024,regular,New England Revolution,D.C. United,1,2,,,asa,,,,
asa-9Yqdzy87Mv,2024-10-05,2024,regular,LA Galaxy,Austin FC,2,1,,,asa,,,,
asa-9z5kzyLdMA,2024-10-05,2024,regular,Atlanta United FC,New York Red Bulls,2,1,,,asa,,,,
asa-KXMezyYv56,2024-10-05,2024,regular,San Jose Earthquakes,Real Salt Lake,0,1,,,asa,,,,
asa-OlMlzya4qL,2024-10-05,2024,regular,St. Louis City SC,Houston Dynamo FC,3,0,,,asa,,,,
asa-Pk5LDrJE5O,2024-10-05,2024,regular,Charlotte FC,CF Montréal,2,0,,,asa,,,,
asa-Vj58J6gDQ8,2024-10-05,2024,regular,Colorado Rapids,Seattle Sounders FC,0,1,,,asa,,,,
asa-a35r3xXoqL,2024-10-05,2024,regular,Sporting Kansas City,Los Angeles FC,0,3,,,asa,,,,
asa-ljqEkvE4Mx,2024-10-05,2024,regular,FC Cincinnati,Orlando City SC,1,3,,,asa,,,,
asa-odMXzA9eqY,2024-10-05,2024,regular,Vancouver Whitecaps FC,Minnesota United FC,0,1,,,asa,,,,
asa-raMyn0Yl5d,2024-10-05,2024,regular,Columbus Crew,Philadelphia Union,3,2,,,asa,,,,
asa-9vQ2rw8LQK,2024-10-06,2024,regular,Portland Timbers FC,FC Dallas,0,0,,,asa,,,,
asa-eV5D9vN9qK,2024-10-06,2024,regular,New York City FC,Nashville SC,3,1,,,asa,,,,
asa-gjMNr2m0MK,2024-10-12,2024,regular,Columbus Crew,New England Revolution,4,0,,,asa,,,,
asa-KXMezyoP56,2024-10-13,2024,regular,Vancouver Whitecaps FC,Los Angeles FC,1,2,,,asa,,,,
asa-4JMAnzV25K,2024-10-19,2024,regular,Philadelphia Union,FC Cincinnati,1,2,,,asa,,,,
asa-4wM48BwyMj,2024-10-19,2024,regular,Austin FC,Colorado Rapids,3,2,,,asa,,,,
asa-BLMvGdDl5x,2024-10-19,2024,regular,FC Dallas,Sporting Kansas City,2,1,,,asa,,,,
asa-KPqjzyA2q6,2024-10-19,2024,regular,CF Montréal,New York City FC,2,0,,,asa,,,,
asa-N6MmzNRW5E,2024-10-19,2024,regular,Seattle Sounders FC,Portland Timbers FC,1,1,,,asa,,,,
asa-NPqxONXW59,2024-10-19,2024,regular,D.C. United,Charlotte FC,0,3,,,asa,,,,
asa-XVqK7rBWq0,2024-10-19,2024,regular,Houston Dynamo FC,LA Galaxy,2,1,,,asa,,,,
asa-aDQ0DZrGQE,2024-10-19,2024,regular,Inter Miami CF,New England Revolution,6,2,,,asa,,,,
asa-e7MzoN8J5r,2024-10-19,2024,regular,Los Angeles FC,San Jose Earthquakes,3,1,,,asa,,,,
asa-kRQazA1kMK,2024-10-19,2024,regular,Orlando City SC,Atlanta United FC,1,2,,,asa,,,,
asa-ljqEkvlVMx,2024-10-19,2024,regular,Real Salt Lake,Vancouver Whitecaps FC,2,1,,,asa,,,,
asa-p6qbzbJXq0,2024-10-19,2024,regular,Minnesota United FC,St. Louis City SC,4,1,,,asa,,,,
asa-xW5pJNXRQg,2024-10-19,2024,regular,New York Red Bulls,Columbus Crew,2,3,,,asa,,,,
asa-zeQZzAyYQK,2024-10-19,2024,regular,Chicago Fire FC,Nashville SC,0,3,,,asa,,,,
asa-xW5pb31dQg,2024-10-22,2024,postseason,CF Montréal,Atlanta United FC,2,3,,pens,asa,,,,
asa-Oa5wjDa8M1,2024-10-23,2024,postseason,Vancouver Whitecaps FC,Portland Timbers FC,5,0,,,asa,,,,
asa-kRQaj8GoMK,2024-10-25,2024,postseason,Inter Miami CF,Atlanta United FC,2,1,,,asa,,,,
asa-2lqRpXx0Mr,2024-10-26,2024,postseason,LA Galaxy,Colorado Rapids,5,0,,,asa,,,,
asa-eVq3bZAD5W,2024-10-27,2024,postseason,Los Angeles FC,Vancouver Whitecaps FC,2,1,,,asa,,,,
asa-zeQZp6E15K,2024-10-27,2024,postseason,Orlando City SC,Charlotte FC,2,0,,,asa,,,,
asa-0x5gjb9ZM7,2024-10-28,2024,postseason,Seattle Sounders FC,Houston Dynamo FC,1,0,,pens,asa,,,,
asa-p6qbj16Bq0,2024-10-28,2024,postseason,FC Cincinnati,New York City FC,1,0,,,asa,,,,
asa-N6MmbayZ5E,2024-10-29,2024,postseason,Columbus Crew,New York Red Bulls,0,1,,,asa,,,,
asa-gpMOpXYE5z,2024-10-29,2024,postseason,Real Salt Lake,Minnesota United FC,0,1,,pens,asa,,,,
asa-BLMvjOaOMx,2024-11-01,2024,postseason,Charlotte FC,Orlando City SC,1,0,,pens,asa,,,,
asa-jYQJmXAyqG,2024-11-01,2024,postseason,Colorado Rapids,LA Galaxy,1,4,,,asa,,,,
asa-4JMAbZAk5K,2024-11-02,2024,postseason,Atlanta United FC,Inter Miami CF,2,1,,,asa,,,,
asa-gOMnAJ7XQw,2024-11-02,2024,postseason,Minnesota United FC,Real Salt Lake,2,1,,pens,asa,,,,
asa-ljqEmaxzqx,2024-11-02,2024,postseason,New York City FC,FC Cincinnati,3,1,,,asa,,,,
asa-7VqGb1v65v,2024-11-03,2024,postseason,Houston Dynamo FC,Seattle Sounders FC,1,2,,pens,asa,,,,
asa-KAqBbzA4qb,2024-11-03,2024,postseason,Vancouver Whitecaps FC,Los Angeles FC,3,0,,,asa,,,,
asa-Xj5YpYxAMb,2024-11-03,2024,postseason,New York Red Bulls,Columbus Crew,3,2,,pens,asa,,,,
asa-NWMWpWxK5l,2024-11-08,2024,postseason,Los Angeles FC,Vancouver Whitecaps FC,1,0,,,asa,,,,
asa-4wM4brApqj,2024-11-09,2024,postseason,Inter Miami CF,Atlanta United FC,2,3,,,asa,,,,
asa-XVqKzvxO50,2024-11-09,2024,postseason,Orlando City SC,Charlotte FC,2,1,,pens,asa,,,,
asa-e7Mzj7a6Mr,2024-11-09,2024,postseason,FC Cincinnati,New York City FC,0,1,,pens,asa,,,,
asa-N6MmbL6P5E,2024-11-23,2024,postseason,Los Angeles FC,Seattle Sounders FC,1,2,,AET,asa,,,,
asa-e7MzjR6eMr,2024-11-23,2024,postseason,New York City FC,New York Red Bulls,0,2,,,asa,,,,
asa-Xj5Yp3JaMb,2024-11-24,2024,postseason,Orlando City SC,Atlanta United FC,1,0,,,asa,,,,
asa-jYQJm6RVqG,2024-11-24,2024,postseason,LA Galaxy,Minnesota United FC,6,2,,,asa,,,,
asa-BLMvjL4RMx,2024-11-30,2024,postseason,Orlando City SC,New York Red Bulls,0,1,,,asa,,,,
asa-XVqKzOnR50,2024-11-30,2024,postseason,LA Galaxy,Seattle Sounders FC,1,0,,,asa,,,,
asa-0x5gj04rM7,2024-12-07,2024,postseason,LA Galaxy,New York Red Bulls,2,1,,,asa,,,,
asa-2vQ1bpj4Mr,2025-02-22,2025,regular,Atlanta United FC,CF Montréal,3,2,,,asa,,,,
asa-7vQ7bgJYqD,2025-02-22,2025,regular,Los Angeles FC,Minnesota United FC,1,0,,,asa,,,,
asa-9YqdjNY9Mv,2025-02-22,2025,regular,D.C. United,Toronto FC,2,2,,,asa,,,,
asa-9vQ2bJ91QK,2025-02-22,2025,regular,Orlando City SC,Philadelphia Union,2,4,,,asa,,,,
asa-KPqjjZ6yq6,2025-02-22,2025,regular,Seattle Sounders FC,Charlotte FC,2,2,,,asa,,,,
asa-KXMeZ2Rx56,2025-02-22,2025,regular,Houston Dynamo FC,FC Dallas,1,2,,,asa,,,,
asa-OlMljZngqL,2025-02-22,2025,regular,FC Cincinnati,New York Red Bulls,1,0,,,asa,,,,
asa-Vj58bGw3Q8,2025-02-22,2025,regular,Columbus Crew,Chicago Fire FC,4,2,,,asa,,,,
asa-a35rjbrB5L,2025-02-22,2025,regular,Austin FC,Sporting Kansas City,1,0,,,asa,,,,
asa-aDQ0bpLp5E,2025-02-22,2025,regular,San Jose Earthquakes,Real Salt Lake,4,0,,,asa,,,,
asa-eV5DpPaa5K,2025-02-22,2025,regular,Inter Miami CF,New York City FC,2,2,,,asa,,,,
asa-odMXpbP2MY,2025-02-22,2025,regular,Nashville SC,New England Revolution,0,0,,,asa,,,,
asa-xW5pbZdlQg,2025-02-22,2025,regular,St. Louis City SC,Colorado Rapids,0,0,,,asa,,,,
asa-NPqxjpngM9,2025-02-23,2025,regular,Portland Timbers FC,Vancouver Whitecaps FC,1,4,,,asa,,,,
asa-kRQajDegMK,2025-02-23,2025,regular,LA Galaxy,San Diego FC,0,2,,,asa,,,,
asa-4JMAbPL65K,2025-03-01,2025,regular,Charlotte FC,Atlanta United FC,2,0,,,asa,,,,
asa-4wM4b3Zzqj,2025-03-01,2025,regular,Real Salt Lake,Seattle Sounders FC,2,0,,,asa,,,,
asa-BLMvjZkRMx,2025-03-01,2025,regular,Colorado Rapids,FC Dallas,3,3,,,asa,,,,
asa-N6MmbZKR5E,2025-03-01,2025,regular,New York Red Bulls,Nashville SC,2,0,,,asa,,,,
asa-Oa5wjZnjM1,2025-03-01,2025,regular,Portland Timbers FC,Austin FC,1,0,,,asa,,,,
asa-XVqKzDGR50,2025-03-01,2025,regular,Sporting Kansas City,San Jose Earthquakes,1,2,,,asa,,,,
asa-Xj5YpbL0Mb,2025-03-01,2025,regular,Orlando City SC,Toronto FC,4,2,,,asa,,,,
asa-e7MzjDAXMr,2025-03-01,2025,regular,New England Revolution,Columbus Crew,0,1,,,asa,,,,
asa-eVq3bw265W,2025-03-01,2025,regular,San Diego FC,St. Louis City SC,0,0,,,asa,,,,
asa-jYQJmNByqG,2025-03-01,2025,regular,Philadelphia Union,FC Cincinnati,4,1,,,asa,,,,
asa-ljqEmPVEqx,2025-03-01,2025,regular,Minnesota United FC,CF Montréal,1,0,,,asa,,,,
asa-p6qbjAR6q0,2025-03-01,2025,regular,Los Angeles FC,New York City FC,1,0,,,asa,,,,
asa-zeQZpbjK5K,2025-03-01,2025,regular,Chicago Fire FC,D.C. United,2,2,,,asa,,,,
asa-KAqBbdeJqb,2025-03-02,2025,regular,Vancouver Whitecaps FC,LA Galaxy,2,1,,,asa,,,,
asa-NWMWpbL75l,2025-03-02,2025,regular,Houston Dynamo FC,Inter Miami CF,1,4,,,asa,,,,
asa-0Oq6bWEXq6,2025-03-08,2025,regular,Atlanta United FC,New York Red Bulls,0,0,,,asa,,,,
asa-0x5gj16rM7,2025-03-08,2025,regular,Columbus Crew,Houston Dynamo FC,0,0,,,asa,,,,
asa-2lqRpzPWMr,2025-03-08,2025,regular,FC Dallas,Chicago Fire FC,1,3,,,asa,,,,
asa-315Vpbk6Q9,2025-03-08,2025,regular,Nashville SC,Portland Timbers FC,2,0,,,asa,,,,
asa-7VqGbzJe5v,2025-03-08,2025,regular,Seattle Sounders FC,Los Angeles FC,5,2,,,asa,,,,
asa-7vQ7bgBYqD,2025-03-08,2025,regular,Vancouver Whitecaps FC,CF Montréal,2,0,,,asa,,,,
asa-EGMPab1j5a,2025-03-08,2025,regular,New England Revolution,Philadelphia Union,0,2,,,asa,,,,
asa-Pk5Lp8em5O,2025-03-08,2025,regular,New York City FC,Orlando City SC,2,1,,,asa,,,,
asa-gOMnAZ2mQw,2025-03-08,2025,regular,FC Cincinnati,Toronto FC,2,0,,,asa,,,,
asa-gjMNpbjvqK,2025-03-08,2025,regular,Real Salt Lake,San Diego FC,1,3,,,asa,,,,
asa-gpMOpbrn5z,2025-03-08,2025,regular,Austin FC,Colorado Rapids,0,1,,,asa,,,,
asa-raMyjdrA5d,2025-03-08,2025,regular,San Jose Earthquakes,Minnesota United FC,0,1,,,asa,,,,
asa-vzqoKZGjqa,2025-03-08,2025,regular,D.C. United,Sporting Kansas City,2,1,,,asa,,,,
asa-9z5kjZOlMA,2025-03-09,2025,regular,Inter Miami CF,Charlotte FC,1,0,,,asa,,,,
asa-wvq9b63ZQW,2025-03-09,2025,regular,LA Galaxy,St. Louis City SC,0,3,,,asa,,,,
asa-2vQ1bp44Mr,2025-03-15,2025,regular,D.C. United,CF Montréal,0,0,,,asa,,,,
asa-4JMAbPo65K,2025-03-15,2025,regular,St. Louis City SC,Seattle Sounders FC,1,0,,,asa,,,,
asa-9YqdjNo9Mv,2025-03-15,2025,regular,Toronto FC,Chicago Fire FC,1,2,,,asa,,,,
asa-9vQ2bJZ1QK,2025-03-15,2025,regular,Houston Dynamo FC,Real Salt Lake,1,2,,,asa,,,,
asa-NPqxjpxgM9,2025-03-15,2025,regular,Sporting Kansas City,Minnesota United FC,3,3,,,asa,,,,
asa-OlMljZegqL,2025-03-15,2025,regular,New York Red Bulls,Orlando City SC,2,2,,,asa,,,,
asa-Vj58bGW3Q8,2025-03-15,2025,regular,New York City FC,New England Revolution,2,1,,,asa,,,,
asa-a35rjbyB5L,2025-03-15,2025,regular,Los Angeles FC,Austin FC,0,1,,,asa,,,,
asa-eV5DpPza5K,2025-03-15,2025,regular,Charlotte FC,FC Cincinnati,2,0,,,asa,,,,
asa-kRQajDogMK,2025-03-15,2025,regular,San Jose Earthquakes,Colorado Rapids,1,2,,,asa,,,,
asa-odMXpb72MY,2025-03-15,2025,regular,FC Dallas,Vancouver Whitecaps FC,0,1,,,asa,,,,
asa-xW5pbZylQg,2025-03-15,2025,regular,San Diego FC,Columbus Crew,1,1,,,asa,,,,
asa-KPqjjZKyq6,2025-03-16,2025,regular,Portland Timbers FC,LA Galaxy,1,1,,,asa,,,,
asa-KXMeZ28x56,2025-03-16,2025,regular,Atlanta United FC,Inter Miami CF,1,2,,,asa,,,,
asa-aDQ0bpNp5E,2025-03-16,2025,regular,Philadelphia Union,Nashville SC,1,3,,,asa,,,,
asa-4wM4b3Jzqj,2025-03-22,2025,regular,Charlotte FC,San Jose Earthquakes,4,1,,,asa,,,,
asa-BLMvjZ7RMx,2025-03-22,2025,regular,Columbus Crew,New York City FC,0,0,,,asa,,,,
asa-KAqBbdNJqb,2025-03-22,2025,regular,Seattle Sounders FC,Houston Dynamo FC,0,0,,,asa,,,,
asa-NWMWpbl75l,2025-03-22,2025,regular,Vancouver Whitecaps FC,Chicago Fire FC,1,3,,,asa,,,,
asa-Oa5wjZAjM1,2025-03-22,2025,regular,Nashville SC,CF Montréal,3,0,,,asa,,,,
asa-XVqKzDeR50,2025-03-22,2025,regular,Minnesota United FC,LA Galaxy,2,2,,,asa,,,,
asa-Xj5Ypb90Mb,2025-03-22,2025,regular,Colorado Rapids,Portland Timbers FC,0,3,,,asa,,,,
asa-e7MzjDJXMr,2025-03-22,2025,regular,Philadelphia Union,St. Louis City SC,1,0,,,asa,,,,
asa-eVq3bwx65W,2025-03-22,2025,regular,Real Salt Lake,FC Dallas,0,1,,,asa,,,,
asa-jYQJmNayqG,2025-03-22,2025,regular,Sporting Kansas City,Los Angeles FC,0,2,,,asa,,,,
asa-ljqEmPLEqx,2025-03-22,2025,regular,Orlando City SC,D.C. United,4,1,,,asa,,,,
asa-p6qbjAo6q0,2025-03-22,2025,regular,New York Red Bulls,Toronto FC,2,1,,,asa,,,,
asa-zeQZpbXK5K,2025-03-22,2025,regular,FC Cincinnati,Atlanta United FC,2,2,,,asa,,,,
asa-N6MmbZoR5E,2025-03-23,2025,regular,Austin FC,San Diego FC,2,1,,,asa,,,,
asa-0Oq6bW3Xq6,2025-03-29,2025,regular,D.C. United,Columbus Crew,1,2,,,asa,,,,
asa-0x5gj1LrM7,2025-03-29,2025,regular,Atlanta United FC,New York City FC,4,3,,,asa,,,,
asa-0x5gj1WPM7,2025-03-29,2025,regular,San Jose Earthquakes,Seattle Sounders FC,1,1,,,asa,,,,
asa-2lqRpzjWMr,2025-03-29,2025,regular,Chicago Fire FC,CF Montréal,1,1,,,asa,,,,
asa-7VqGbz0e5v,2025-03-29,2025,regular,Colorado Rapids,Charlotte FC,2,0,,,asa,,,,
asa-KAqBbdNBqb,2025-03-29,2025,regular,Nashville SC,FC Cincinnati,1,2,,,asa,,,,
asa-NWMWpboE5l,2025-03-29,2025,regular,San Diego FC,Los Angeles FC,3,2,,,asa,,,,
asa-Oa5wjZA4M1,2025-03-29,2025,regular,LA Galaxy,Orlando City SC,1,2,,,asa,,,,
asa-eVq3bwxV5W,2025-03-29,2025,regular,Minnesota United FC,Real Salt Lake,2,0,,,asa,,,,
asa-gOMnAZlmQw,2025-03-29,2025,regular,New England Revolution,New York Red Bulls,2,1,,,asa,,,,
asa-gpMOpbon5z,2025-03-29,2025,regular,Inter Miami CF,Philadelphia Union,2,1,,,asa,,,,
asa-jYQJmNakqG,2025-03-29,2025,regular,FC Dallas,Sporting Kansas City,2,1,,,asa,,,,
asa-vzqoKZdjqa,2025-03-29,2025,regular,Toronto FC,Vancouver Whitecaps FC,0,0,,,asa,,,,
asa-0Oq6bWLxq6,2025-03-30,2025,regular,Portland Timbers FC,Houston Dynamo FC,3,1,,,asa,,,,
asa-7VqGbz3j5v,2025-03-30,2025,regular,St. Louis City SC,Austin FC,0,1,,,asa,,,,
asa-2lqRpz7JMr,2025-04-05,2025,regular,Austin FC,Portland Timbers FC,0,0,,,asa,,,,
asa-315Vpb7nQ9,2025-04-05,2025,regular,Houston Dynamo FC,Los Angeles FC,1,0,,,asa,,,,
asa-7vQ7bgxGqD,2025-04-05,2025,regular,San Diego FC,Seattle Sounders FC,3,0,,,asa,,,,
asa-9z5kjZ3dMA,2025-04-05,2025,regular,Columbus Crew,CF Montréal,2,1,,,asa,,,,
asa-EGMPabR65a,2025-04-05,2025,regular,Sporting Kansas City,St. Louis City SC,2,0,,,asa,,,,
asa-Pk5Lp86Y5O,2025-04-05,2025,regular,New York Red Bulls,Chicago Fire FC,2,1,,,asa,,,,
asa-eV5DpPkn5K,2025-04-05,2025,regular,Vancouver Whitecaps FC,Colorado Rapids,2,0,,,asa,,,,
asa-gOMnAZYlQw,2025-04-05,2025,regular,Real Salt Lake,LA Galaxy,2,0,,,asa,,,,
asa-gpMOpber5z,2025-04-05,2025,regular,Charlotte FC,Nashville SC,2,1,,,asa,,,,
asa-raMyjded5d,2025-04-05,2025,regular,Philadelphia Union,Orlando City SC,0,0,,,asa,,,,
asa-vzqoKZJJqa,2025-04-05,2025,regular,Atlanta United FC,FC Dallas,1,1,,,asa,,,,
asa-wvq9b6XBQW,2025-04-05,2025,regular,FC Cincinnati,New England Revolution,1,0,,,asa,,,,
asa-2vQ1bpdOMr,2025-04-06,2025,regular,Inter Miami CF,Toronto FC,1,1,,,asa,,,,
asa-a35rjbB25L,2025-04-06,2025,regular,San Jose Earthquakes,D.C. United,6,1,,,asa,,,,
asa-gjMNpb6DqK,2025-04-06,2025,regular,New York City FC,Minnesota United FC,1,2,,,asa,,,,
asa-4JMAbPk15K,2025-04-12,2025,regular,Nashville SC,Real Salt Lake,2,1,,,asa,,,,
asa-4wM4b3ENqj,2025-04-12,2025,regular,New York City FC,Philadelphia Union,1,0,,,asa,,,,
asa-9YqdjNwEMv,2025-04-12,2025,regular,Toronto FC,Minnesota United FC,0,0,,,asa,,,,
asa-9vQ2bJ4mQK,2025-04-12,2025,regular,D.C. United,FC Cincinnati,0,1,,,asa,,,,
asa-KPqjjZwYq6,2025-04-12,2025,regular,LA Galaxy,Houston Dynamo FC,1,1,,,asa,,,,
asa-NPqxjpAXM9,2025-04-12,2025,regular,FC Dallas,Seattle Sounders FC,0,1,,,asa,,,,
asa-OlMljZBDqL,2025-04-12,2025,regular,Atlanta United FC,New England Revolution,0,1,,,asa,,,,
asa-Vj58bGlLQ8,2025-04-12,2025,regular,Orlando City SC,New York Red Bulls,0,0,,,asa,,,,
asa-kRQajDWjMK,2025-04-12,2025,regular,CF Montréal,Charlotte FC,0,1,,,asa,,,,
asa-odMXpbExMY,2025-04-12,2025,regular,Colorado Rapids,San Diego FC,3,2,,,asa,,,,
asa-xW5pbZwJQg,2025-04-12,2025,regular,Los Angeles FC,San Jose Earthquakes,2,1,,,asa,,,,
asa-zeQZpber5K,2025-04-12,2025,regular,Vancouver Whitecaps FC,Austin FC,5,1,,,asa,,,,
asa-BLMvjZ6WMx,2025-04-13,2025,regular,St. Louis City SC,Columbus Crew,1,2,,,asa,,,,
asa-KXMeZ23P56,2025-04-13,2025,regular,Chicago Fire FC,Inter Miami CF,0,0,,,asa,,,,
asa-aDQ0bpl35E,2025-04-13,2025,regular,Sporting Kansas City,Portland Timbers FC,2,4,,,asa,,,,
asa-0Oq6bW2xq6,2025-04-19,2025,regular,Seattle Sounders FC,Nashville SC,3,0,,,asa,,,,
asa-0x5gj1JPM7,2025-04-19,2025,regular,Real Salt Lake,Toronto FC,0,1,,,asa,,,,
asa-7VqGbzLj5v,2025-04-19,2025,regular,San Jose Earthquakes,Sporting Kansas City,3,5,,,asa,,,,
asa-KAqBbdkBqb,2025-04-19,2025,regular,Philadelphia Union,Atlanta United FC,3,0,,,asa,,,,
asa-N6MmbZWx5E,2025-04-19,2025,regular,Houston Dynamo FC,Colorado Rapids,2,2,,,asa,,,,
asa-NWMWpbgE5l,2025-04-19,2025,regular,Portland Timbers FC,Los Angeles FC,3,3,,,asa,,,,
asa-Oa5wjZd4M1,2025-04-19,2025,regular,New England Revolution,New York City FC,2,0,,,asa,,,,
asa-XVqKzD2050,2025-04-19,2025,regular,Austin FC,LA Galaxy,1,0,,,asa,,,,
asa-Xj5Ypb4RMb,2025-04-19,2025,regular,Minnesota United FC,FC Dallas,0,0,,,asa,,,,
asa-e7MzjDZGMr,2025-04-19,2025,regular,Chicago Fire FC,FC Cincinnati,2,3,,,asa,,,,
asa-eVq3bwyV5W,2025-04-19,2025,regular,New York Red Bulls,D.C. United,1,2,,,asa,,,,
asa-gpMOpbLr5z,2025-04-19,2025,regular,St. Louis City SC,Vancouver Whitecaps FC,0,0,,,asa,,,,
asa-jYQJmNgkqG,2025-04-19,2025,regular,CF Montréal,Orlando City SC,0,0,,,asa,,,,
asa-ljqEmPJ4qx,2025-04-19,2025,regular,Charlotte FC,San Diego FC,3,0,,,asa,,,,
asa-p6qbjAgwq0,2025-04-19,2025,regular,Columbus Crew,Inter Miami CF,0,1,,,asa,,,,
asa-2lqRpzJJMr,2025-04-26,2025,regular,Philadelphia Union,D.C. United,3,0,,,asa,,,,
asa-2vQ1bpROMr,2025-04-26,2025,regular,Orlando City SC,Atlanta United FC,3,0,,,asa,,,,
asa-315VpbWnQ9,2025-04-26,2025,regular,Colorado Rapids,Seattle Sounders FC,1,1,,,asa,,,,
asa-9z5kjZWdMA,2025-04-26,2025,regular,Charlotte FC,New England Revolution,0,1,,,asa,,,,
asa-EGMPabr65a,2025-04-26,2025,regular,Columbus Crew,San Jose Earthquakes,2,1,,,asa,,,,
asa-Pk5Lp8zY5O,2025-04-26,2025,regular,Houston Dynamo FC,Austin FC,2,0,,,asa,,,,
asa-a35rjbR25L,2025-04-26,2025,regular,San Diego FC,Real Salt Lake,1,3,,,asa,,,,
asa-eV5DpP2n5K,2025-04-26,2025,regular,Nashville SC,Chicago Fire FC,7,2,,,asa,,,,
asa-gOMnAZalQw,2025-04-26,2025,regular,FC Cincinnati,Sporting Kansas City,2,1,,,asa,,,,
asa-vzqoKZOJqa,2025-04-26,2025,regular,New York Red Bulls,CF Montréal,1,0,,,asa,,,,
asa-wvq9b6jBQW,2025-04-26,2025,regular,Toronto FC,New York City FC,0,1,,,asa,,,,
asa-7vQ7bgeGqD,2025-04-27,2025,regular,Minnesota United FC,Vancouver Whitecaps FC,1,3,,,asa,,,,
asa-OlMljZgDqL,2025-04-27,2025,regular,Los Angeles FC,St. Louis City SC,2,2,,,asa,,,,
asa-gjMNpb7DqK,2025-04-27,2025,regular,LA Galaxy,Portland Timbers FC,2,4,,,asa,,,,
asa-raMyjdod5d,2025-04-27,2025,regular,Inter Miami CF,FC Dallas,3,4,,,asa,,,,
asa-4JMAbP815K,2025-05-03,2025,regular,San Diego FC,FC Dallas,5,0,,,asa,,,,
asa-4wM4b3pNqj,2025-05-03,2025,regular,San Jose Earthquakes,Portland Timbers FC,4,1,,,asa,,,,
asa-9YqdjNWEMv,2025-05-03,2025,regular,Toronto FC,New England Revolution,0,2,,,asa,,,,
asa-9vQ2bJNmQK,2025-05-03,2025,regular,Columbus Crew,Charlotte FC,4,2,,,asa,,,,
asa-BLMvjZrWMx,2025-05-03,2025,regular,Vancouver Whitecaps FC,Real Salt Lake,2,1,,,asa,,,,
asa-KPqjjZBYq6,2025-05-03,2025,regular,Inter Miami CF,New York Red Bulls,4,1,,,asa,,,,
asa-KXMeZ2gP56,2025-05-03,2025,regular,Austin FC,Minnesota United FC,0,3,,,asa,,,,
asa-NPqxjpoXM9,2025-05-03,2025,regular,D.C. United,Colorado Rapids,2,1,,,asa,,,,
asa-Vj58bGaLQ8,2025-05-03,2025,regular,Atlanta United FC,Nashville SC,1,1,,,asa,,,,
asa-aDQ0bpx35E,2025-05-03,2025,regular,Los Angeles FC,Houston Dynamo FC,2,0,,,asa,,,,
asa-odMXpbGxMY,2025-05-03,2025,regular,Chicago Fire FC,Orlando City SC,0,0,,,asa,,,,
asa-xW5pbZ7JQg,2025-05-03,2025,regular,CF Montréal,Philadelphia Union,1,2,,,asa,,,,
asa-zeQZpbkr5K,2025-05-03,2025,regular,Seattle Sounders FC,St. Louis City SC,4,1,,,asa,,,,
asa-XVqKzDL050,2025-05-04,2025,regular,Sporting Kansas City,LA Galaxy,1,0,,,asa,,,,
asa-kRQajDwjMK,2025-05-04,2025,regular,New York City FC,FC Cincinnati,1,0,,,asa,,,,
asa-0Oq6bWJxq6,2025-05-10,2025,regular,Portland Timbers FC,Sporting Kansas City,1,0,,,asa,,,,
asa-0x5gj1kPM7,2025-05-10,2025,regular,Orlando City SC,New England Revolution,3,3,,,asa,,,,
asa-7VqGbzZj5v,2025-05-10,2025,regular,Philadelphia Union,Columbus Crew,2,2,,,asa,,,,
asa-KAqBbdvBqb,2025-05-10,2025,regular,New York Red Bulls,LA Galaxy,7,0,,,asa,,,,
asa-N6MmbZGx5E,2025-05-10,2025,regular,FC Cincinnati,Austin FC,2,1,,,asa,,,,
asa-NWMWpbjE5l,2025-05-10,2025,regular,New York City FC,CF Montréal,0,1,,,asa,,,,
asa-Oa5wjZ04M1,2025-05-10,2025,regular,Houston Dynamo FC,Seattle Sounders FC,1,3,,,asa,,,,
asa-Xj5YpbyRMb,2025-05-10,2025,regular,Colorado Rapids,San Jose Earthquakes,0,2,,,asa,,,,
asa-e7MzjD0GMr,2025-05-10,2025,regular,Toronto FC,D.C. United,2,0,,,asa,,,,
asa-eVq3bwrV5W,2025-05-10,2025,regular,Nashville SC,Charlotte FC,2,1,,,asa,,,,
asa-gpMOpb1r5z,2025-05-10,2025,regular,St. Louis City SC,San Diego FC,1,2,,,asa,,,,
asa-jYQJmNYkqG,2025-05-10,2025,regular,FC Dallas,Real Salt Lake,1,1,,,asa,,,,
asa-ljqEmP94qx,2025-05-10,2025,regular,Minnesota United FC,Inter Miami CF,4,1,,,asa,,,,
asa-p6qbjA3wq0,2025-05-10,2025,regular,Chicago Fire FC,Atlanta United FC,2,1,,,asa,,,,
asa-gOMnAZdlQw,2025-05-11,2025,regular,Vancouver Whitecaps FC,Los Angeles FC,2,2,,,asa,,,,
asa-0Oq6bWJgq6,2025-05-14,2025,regular,San Diego FC,Colorado Rapids,2,0,,,asa,,,,
asa-0x5gj1kwM7,2025-05-14,2025,regular,Philadelphia Union,LA Galaxy,3,2,,,asa,,,,
asa-2lqRpzlJMr,2025-05-14,2025,regular,D.C. United,New York City FC,0,0,,,asa,,,,
asa-7VqGbzZz5v,2025-05-14,2025,regular,Real Salt Lake,Portland Timbers FC,0,0,,,asa,,,,
asa-KAqBbdRmqb,2025-05-14,2025,regular,Nashville SC,New York Red Bulls,2,1,,,asa,,,,
asa-NWMWpbjD5l,2025-05-14,2025,regular,Orlando City SC,Charlotte FC,3,1,,,asa,,,,
asa-Oa5wjZKDM1,2025-05-14,2025,regular,Los Angeles FC,Seattle Sounders FC,4,0,,,asa,,,,
asa-eVq3bweX5W,2025-05-14,2025,regular,CF Montréal,Columbus Crew,1,1,,,asa,,,,
asa-gOMnAZd8Qw,2025-05-14,2025,regular,St. Louis City SC,Sporting Kansas City,2,2,,,asa,,,,
asa-gpMOpb1D5z,2025-05-14,2025,regular,San Jose Earthquakes,Inter Miami CF,3,3,,,asa,,,,
asa-jYQJmNZZqG,2025-05-14,2025,regular,Houston Dynamo FC,Minnesota United FC,2,0,,,asa,,,,
asa-vzqoKZeJqa,2025-05-14,2025,regular,Austin FC,Atlanta United FC,1,1,,,asa,,,,
asa-vzqoKZeNqa,2025-05-14,2025,regular,Toronto FC,FC Cincinnati,0,1,,,asa,,,,
asa-2lqRpzlaMr,2025-05-17,2025,regular,CF Montréal,Toronto FC,1,6,,,asa,,,,
asa-2vQ1bpebMr,2025-05-17,2025,regular,New England Revolution,San Jose Earthquakes,0,0,,,asa,,,,
asa-315Vpb1YQ9,2025-05-17,2025,regular,Austin FC,Vancouver Whitecaps FC,0,0,,,asa,,,,
asa-7vQ7bgwOqD,2025-05-17,2025,regular,Minnesota United FC,St. Louis City SC,3,0,,,asa,,,,
asa-9z5kjZNJMA,2025-05-17,2025,regular,Atlanta United FC,Philadelphia Union,0,1,,,asa,,,,
asa-EGMPabYx5a,2025-05-17,2025,regular,Charlotte FC,Chicago Fire FC,1,4,,,asa,,,,
asa-OlMljZk4qL,2025-05-17,2025,regular,San Diego FC,Sporting Kansas City,0,0,,,asa,,,,
asa-Pk5Lp8ZE5O,2025-05-17,2025,regular,Colorado Rapids,Real Salt Lake,1,0,,,asa,,,,
asa-a35rjbno5L,2025-05-17,2025,regular,Portland Timbers FC,Seattle Sounders FC,1,1,,,asa,,,,
asa-eV5DpPR95K,2025-05-17,2025,regular,Nashville SC,D.C. United,0,0,,,asa,,,,
asa-gjMNpbP3qK,2025-05-17,2025,regular,Columbus Crew,FC Cincinnati,1,1,,,asa,,,,
asa-raMyjdKl5d,2025-05-17,2025,regular,FC Dallas,Houston Dynamo FC,0,2,,,asa,,,,
asa-wvq9b6BNQW,2025-05-17,2025,regular,New York City FC,New York Red Bulls,2,0,,,asa,,,,
asa-9YqdjNd7Mv,2025-05-18,2025,regular,Inter Miami CF,Orlando City SC,0,3,,,asa,,,,
asa-Vj58bG3DQ8,2025-05-18,2025,regular,LA Galaxy,Los Angeles FC,2,2,,,asa,,,,
asa-4wM4b3eyqj,2025-05-24,2025,regular,Orlando City SC,Portland Timbers FC,1,0,,,asa,,,,
asa-9vQ2bJeLQK,2025-05-24,2025,regular,Charlotte FC,Columbus Crew,3,2,,,asa,,,,
asa-BLMvjZOlMx,2025-05-24,2025,regular,Real Salt Lake,Vancouver Whitecaps FC,2,3,,,asa,,,,
asa-KPqjjZk2q6,2025-05-24,2025,regular,Sporting Kansas City,New England Revolution,3,3,,,asa,,,,
asa-KXMeZ2Kv56,2025-05-24,2025,regular,San Diego FC,LA Galaxy,2,1,,,asa,,,,
asa-NPqxjpKWM9,2025-05-24,2025,regular,Colorado Rapids,St. Louis City SC,1,0,,,asa,,,,
asa-XVqKzDvW50,2025-05-24,2025,regular,San Jose Earthquakes,Houston Dynamo FC,3,3,,,asa,,,,
asa-aDQ0bpeG5E,2025-05-24,2025,regular,D.C. United,New York Red Bulls,0,2,,,asa,,,,
asa-kRQajDPkMK,2025-05-24,2025,regular,CF Montréal,Los Angeles FC,2,2,,,asa,,,,
asa-odMXpb1eMY,2025-05-24,2025,regular,Seattle Sounders FC,FC Dallas,1,0,,,asa,,,,
asa-p6qbjA1Xq0,2025-05-24,2025,regular,Toronto FC,Nashville SC,1,2,,,asa,,,,
asa-xW5pbZYRQg,2025-05-24,2025,regular,Minnesota United FC,Austin FC,1,1,,,asa,,,,
asa-zeQZpb6Y5K,2025-05-24,2025,regular,Philadelphia Union,Inter Miami CF,3,3,,,asa,,,,
asa-4JMAbPR25K,2025-05-25,2025,regular,New York City FC,Chicago Fire FC,3,1,,,asa,,,,
asa-ljqEmPaVqx,2025-05-25,2025,regular,Atlanta United FC,FC Cincinnati,4,2,,,asa,,,,
asa-0Oq6bWYgq6,2025-05-28,2025,regular,Portland Timbers FC,Colorado Rapids,2,1,,,asa,,,,
asa-0x5gj1bwM7,2025-05-28,2025,regular,New York Red Bulls,Charlotte FC,4,2,,,asa,,,,
asa-7VqGbz1z5v,2025-05-28,2025,regular,New York City FC,Houston Dynamo FC,0,3,,,asa,,,,
asa-N6MmbZaW5E,2025-05-28,2025,regular,Austin FC,Real Salt Lake,1,1,,,asa,,,,
asa-NWMWpbWD5l,2025-05-28,2025,regular,Inter Miami CF,CF Montréal,4,2,,,asa,,,,
asa-Oa5wjZDDM1,2025-05-28,2025,regular,D.C. United,New England Revolution,1,1,,,asa,,,,
asa-Xj5YpbYyMb,2025-05-28,2025,regular,FC Cincinnati,FC Dallas,3,3,,,asa,,,,
asa-e7MzjD7JMr,2025-05-28,2025,regular,Atlanta United FC,Orlando City SC,3,2,,,asa,,,,
asa-eVq3bwZX5W,2025-05-28,2025,regular,LA Galaxy,San Jose Earthquakes,0,1,,,asa,,,,
asa-gOMnAZJ8Qw,2025-05-28,2025,regular,Toronto FC,Philadelphia Union,1,2,,,asa,,,,
asa-gpMOpbXD5z,2025-05-28,2025,regular,Seattle Sounders FC,San Diego FC,1,0,,,asa,,,,
asa-jYQJmNXZqG,2025-05-28,2025,regular,Columbus Crew,Nashville SC,2,2,,,asa,,,,
asa-vzqoKZwNqa,2025-05-28,2025,regular,Vancouver Whitecaps FC,Minnesota United FC,0,0,,,asa,,,,
asa-2lqRpzXaMr,2025-05-31,2025,regular,FC Cincinnati,D.C. United,1,2,,,asa,,,,
asa-315VpbBYQ9,2025-05-31,2025,regular,LA Galaxy,Real Salt Lake,2,0,,,asa,,,,
asa-7vQ7bglOqD,2025-05-31,2025,regular,Orlando City SC,Chicago Fire FC,1,3,,,asa,,,,
asa-9YqdjN97Mv,2025-05-31,2025,regular,St. Louis City SC,San Jose Earthquakes,2,1,,,asa,,,,
asa-9z5kjZdJMA,2025-05-31,2025,regular,Houston Dynamo FC,Sporting Kansas City,1,3,,,asa,,,,
asa-Pk5Lp8XE5O,2025-05-31,2025,regular,Inter Miami CF,Columbus Crew,5,1,,,asa,,,,
asa-Vj58bGjDQ8,2025-05-31,2025,regular,Nashville SC,New York City FC,2,2,,,asa,,,,
asa-a35rjbWo5L,2025-05-31,2025,regular,Toronto FC,Charlotte FC,0,2,,,asa,,,,
asa-eV5DpPX95K,2025-05-31,2025,regular,San Diego FC,Austin FC,2,0,,,asa,,,,
asa-gjMNpbY3qK,2025-05-31,2025,regular,CF Montréal,New England Revolution,0,3,,,asa,,,,
asa-raMyjd7l5d,2025-05-31,2025,regular,New York Red Bulls,Atlanta United FC,2,0,,,asa,,,,
asa-wvq9b6ENQW,2025-05-31,2025,regular,FC Dallas,Philadelphia Union,0,0,,,asa,,,,
asa-2vQ1bpxbMr,2025-06-01,2025,regular,Seattle Sounders FC,Minnesota United FC,2,3,,,asa,,,,
asa-KXMeZ2dv56,2025-06-07,2025,regular,Colorado Rapids,Austin FC,0,2,,,asa,,,,
asa-odMXpbgeMY,2025-06-07,2025,regular,D.C. United,Chicago Fire FC,1,7,,,asa,,,,
asa-9vQ2bJELQK,2025-06-08,2025,regular,Portland Timbers FC,St. Louis City SC,2,1,,,asa,,,,
asa-KAqBbdzmqb,2025-06-08,2025,regular,Los Angeles FC,Sporting Kansas City,3,1,,,asa,,,,
asa-NPqxjpYWM9,2025-06-08,2025,regular,Vancouver Whitecaps FC,Seattle Sounders FC,3,0,,,asa,,,,
asa-aDQ0bpYG5E,2025-06-12,2025,regular,New York City FC,Atlanta United FC,4,0,,,asa,,,,
asa-xW5pbZ3RQg,2025-06-13,2025,regular,Portland Timbers FC,San Jose Earthquakes,1,1,,,asa,,,,
asa-4JMAbPZ25K,2025-06-14,2025,regular,Austin FC,New York Red Bulls,2,1,,,asa,,,,
asa-4wM4b3ryqj,2025-06-14,2025,regular,Chicago Fire FC,Nashville SC,0,2,,,asa,,,,
asa-BLMvjZLlMx,2025-06-14,2025,regular,Columbus Crew,Vancouver Whitecaps FC,2,1,,,asa,,,,
asa-N6MmbZLW5E,2025-06-14,2025,regular,Philadelphia Union,Charlotte FC,2,1,,,asa,,,,
asa-XVqKzDOW50,2025-06-14,2025,regular,Houston Dynamo FC,CF Montréal,1,3,,,asa,,,,
asa-Xj5Ypb3yMb,2025-06-14,2025,regular,Real Salt Lake,D.C. United,2,0,,,asa,,,,
asa-e7MzjDRJMr,2025-06-14,2025,regular,New England Revolution,FC Cincinnati,0,1,,,asa,,,,
asa-kRQajD8kMK,2025-06-14,2025,regular,St. Louis City SC,LA Galaxy,3,3,,,asa,,,,
asa-ljqEmP3Vqx,2025-06-14,2025,regular,Minnesota United FC,San Diego FC,2,4,,,asa,,,,
asa-p6qbjAxXq0,2025-06-14,2025,regular,Sporting Kansas City,FC Dallas,2,4,,,asa,,,,
asa-zeQZpbBY5K,2025-06-14,2025,regular,Colorado Rapids,Orlando City SC,0,1,,,asa,,,,
asa-0Oq6bW4gq6,2025-06-25,2025,regular,New England Revolution,Nashville SC,2,3,,,asa,,,,
asa-0x5gj10wM7,2025-06-25,2025,regular,Minnesota United FC,Houston Dynamo FC,3,1,,,asa,,,,
asa-2lqRpzgaMr,2025-06-25,2025,regular,Vancouver Whitecaps FC,San Diego FC,3,5,,,asa,,,,
asa-7VqGbzWz5v,2025-06-25,2025,regular,CF Montréal,FC Cincinnati,1,3,,,asa,,,,
asa-KAqBbdnmqb,2025-06-25,2025,regular,FC Dallas,San Jose Earthquakes,2,4,,,asa,,,,
asa-NWMWpbJD5l,2025-06-25,2025,regular,Sporting Kansas City,Charlotte FC,2,1,,,asa,,,,
asa-Oa5wjZxDM1,2025-06-25,2025,regular,Colorado Rapids,LA Galaxy,2,0,,,asa,,,,
asa-eVq3bwXX5W,2025-06-25,2025,regular,Columbus Crew,Atlanta United FC,3,1,,,asa,,,,
asa-gOMnAZy8Qw,2025-06-25,2025,regular,St. Louis City SC,Orlando City SC,2,4,,,asa,,,,
asa-jYQJmN6ZqG,2025-06-25,2025,regular,Chicago Fire FC,Philadelphia Union,0,1,,,asa,,,,
asa-vzqoKZLNqa,2025-06-25,2025,regular,Toronto FC,New York Red Bulls,1,1,,,asa,,,,
asa-0x5gj10XM7,2025-06-28,2025,regular,Sporting Kansas City,Real Salt Lake,1,1,,,asa,,,,
asa-2lqRpzgLMr,2025-06-28,2025,regular,Orlando City SC,FC Cincinnati,1,2,,,asa,,,,
asa-315VpbnvQ9,2025-06-28,2025,regular,Toronto FC,Portland Timbers FC,3,0,,,asa,,,,
asa-9z5kjZAeMA,2025-06-28,2025,regular,Seattle Sounders FC,Austin FC,2,0,,,asa,,,,
asa-KAqBbdnAqb,2025-06-28,2025,regular,FC Dallas,San Diego FC,2,3,,,asa,,,,
asa-NWMWpbJY5l,2025-06-28,2025,regular,Houston Dynamo FC,St. Louis City SC,1,0,,,asa,,,,
asa-eVq3bwXv5W,2025-06-28,2025,regular,D.C. United,Nashville SC,0,1,,,asa,,,,
asa-gOMnAZyAQw,2025-06-28,2025,regular,New England Revolution,Colorado Rapids,3,3,,,asa,,,,
asa-gpMOpb3l5z,2025-06-28,2025,regular,CF Montréal,New York City FC,1,0,,,asa,,,,
asa-jYQJmN6VqG,2025-06-28,2025,regular,Chicago Fire FC,Charlotte FC,3,2,,,asa,,,,
asa-vzqoKZLYqa,2025-06-28,2025,regular,New York Red Bulls,Minnesota United FC,2,2,,,asa,,,,
asa-wvq9b6J1QW,2025-06-28,2025,regular,San Jose Earthquakes,LA Galaxy,1,1,,,asa,,,,
asa-7VqGbzWd5v,2025-06-29,2025,regular,Los Angeles FC,Vancouver Whitecaps FC,0,1,,,asa,,,,
asa-Oa5wjZx9M1,2025-06-29,2025,regular,Columbus Crew,Philadelphia Union,1,0,,,asa,,,,
asa-EGMPabBy5a,2025-07-03,2025,regular,New York City FC,Toronto FC,3,1,,,asa,,,,
asa-Pk5Lp8nG5O,2025-07-04,2025,regular,Colorado Rapids,Sporting Kansas City,1,2,,,asa,,,,
asa-gjMNpbwKqK,2025-07-04,2025,regular,FC Dallas,Minnesota United FC,1,2,,,asa,,,,
asa-raMyjdRB5d,2025-07-04,2025,regular,LA Galaxy,Vancouver Whitecaps FC,3,0,,,asa,,,,
asa-2vQ1bpXGMr,2025-07-05,2025,regular,FC Cincinnati,Chicago Fire FC,2,1,,,asa,,,,
asa-9YqdjNgkMv,2025-07-05,2025,regular,Portland Timbers FC,New England Revolution,2,1,,,asa,,,,
asa-9vQ2bJy9QK,2025-07-05,2025,regular,San Jose Earthquakes,New York Red Bulls,1,1,,,asa,,,,
asa-KXMeZ2Gk56,2025-07-05,2025,regular,Real Salt Lake,St. Louis City SC,3,2,,,asa,,,,
asa-OlMljZKwqL,2025-07-05,2025,regular,CF Montréal,Inter Miami CF,1,4,,,asa,,,,
asa-Vj58bGdEQ8,2025-07-05,2025,regular,Nashville SC,Philadelphia Union,1,0,,,asa,,,,
asa-a35rjbe45L,2025-07-05,2025,regular,D.C. United,Atlanta United FC,0,0,,,asa,,,,
asa-eV5DpPwY5K,2025-07-05,2025,regular,Charlotte FC,Orlando City SC,2,2,,,asa,,,,
asa-odMXpb2JMY,2025-07-05,2025,regular,San Diego FC,Houston Dynamo FC,3,4,,,asa,,,,
asa-NPqxjpbxM9,2025-07-06,2025,regular,Seattle Sounders FC,Columbus Crew,1,1,,,asa,,,,
asa-EGMPabXx5a,2025-07-09,2025,regular,Los Angeles FC,Colorado Rapids,3,0,,,asa,,,,
asa-aDQ0bpyl5E,2025-07-09,2025,regular,New England Revolution,Inter Miami CF,1,2,,,asa,,,,
asa-4JMAbPpO5K,2025-07-12,2025,regular,FC Cincinnati,Columbus Crew,2,4,,,asa,,,,
asa-4wM4b344qj,2025-07-12,2025,regular,Colorado Rapids,Vancouver Whitecaps FC,3,0,,,asa,,,,
asa-BLMvjZmBMx,2025-07-12,2025,regular,LA Galaxy,D.C. United,2,1,,,asa,,,,
asa-KPqjjZNBq6,2025-07-12,2025,regular,Austin FC,New England Revolution,0,0,,,asa,,,,
asa-N6MmbZVP5E,2025-07-12,2025,regular,Philadelphia Union,New York Red Bulls,2,0,,,asa,,,,
asa-XVqKzD3D50,2025-07-12,2025,regular,Los Angeles FC,FC Dallas,2,0,,,asa,,,,
asa-Xj5YpbEaMb,2025-07-12,2025,regular,Real Salt Lake,Houston Dynamo FC,1,0,,,asa,,,,
asa-e7MzjDbeMr,2025-07-12,2025,regular,Orlando City SC,CF Montréal,1,1,,,asa,,,,
asa-jYQJmNwVqG,2025-07-12,2025,regular,Toronto FC,Atlanta United FC,1,1,,,asa,,,,
asa-kRQajD38MK,2025-07-12,2025,regular,Chicago Fire FC,San Diego FC,1,2,,,asa,,,,
asa-ljqEmP7oqx,2025-07-12,2025,regular,Minnesota United FC,San Jose Earthquakes,4,1,,,asa,,,,
asa-p6qbjABbq0,2025-07-12,2025,regular,Inter Miami CF,Nashville SC,2,1,,,asa,,,,
asa-xW5pbZeYQg,2025-07-12,2025,regular,Charlotte FC,New York City FC,2,0,,,asa,,,,
asa-zeQZpb4Z5K,2025-07-12,2025,regular,Sporting Kansas City,Seattle Sounders FC,2,3,,,asa,,,,
asa-Oa5wjZb9M1,2025-07-13,2025,regular,St. Louis City SC,Portland Timbers FC,2,1,,,asa,,,,
asa-0Oq6bWd6q6,2025-07-16,2025,regular,Minnesota United FC,Los Angeles FC,0,1,,,asa,,,,
asa-0x5gj1OXM7,2025-07-16,2025,regular,Houston Dynamo FC,Vancouver Whitecaps FC,0,3,,,asa,,,,
asa-2lqRpznLMr,2025-07-16,2025,regular,Philadelphia Union,CF Montréal,2,1,,,asa,,,,
asa-315Vpb2vQ9,2025-07-16,2025,regular,San Jose Earthquakes,FC Dallas,2,2,,,asa,,,,
asa-7VqGbz7d5v,2025-07-16,2025,regular,LA Galaxy,Austin FC,1,2,,,asa,,,,
asa-9z5kjZVeMA,2025-07-16,2025,regular,San Diego FC,Toronto FC,0,1,,,asa,,,,
asa-EGMPab6y5a,2025-07-16,2025,regular,Seattle Sounders FC,Colorado Rapids,3,3,,,asa,,,,
asa-KAqBbdmAqb,2025-07-16,2025,regular,Charlotte FC,D.C. United,2,1,,,asa,,,,
asa-NWMWpb2Y5l,2025-07-16,2025,regular,FC Cincinnati,Inter Miami CF,3,0,,,asa,,,,
asa-eVq3bwdv5W,2025-07-16,2025,regular,Atlanta United FC,Chicago Fire FC,2,2,,,asa,,,,
asa-gOMnAZVAQw,2025-07-16,2025,regular,New York Red Bulls,New England Revolution,5,3,,,asa,,,,
asa-gpMOpbGl5z,2025-07-16,2025,regular,Nashville SC,Columbus Crew,3,0,,,asa,,,,
asa-vzqoKZxYqa,2025-07-16,2025,regular,Orlando City SC,New York City FC,1,2,,,asa,,,,
asa-wvq9b6d1QW,2025-07-16,2025,regular,Portland Timbers FC,Real Salt Lake,0,1,,,asa,,,,
asa-2vQ1bpyGMr,2025-07-19,2025,regular,Los Angeles FC,LA Galaxy,3,3,,,asa,,,,
asa-7vQ7bgdLqD,2025-07-19,2025,regular,Houston Dynamo FC,Philadelphia Union,1,1,,,asa,,,,
asa-9YqdjNAkMv,2025-07-19,2025,regular,New York Red Bulls,Inter Miami CF,1,5,,,asa,,,,
asa-9vQ2bJ19QK,2025-07-19,2025,regular,San Diego FC,Vancouver Whitecaps FC,1,1,,,asa,,,,
asa-KXMeZ2Vk56,2025-07-19,2025,regular,Portland Timbers FC,Minnesota United FC,1,1,,,asa,,,,
asa-NPqxjpvxM9,2025-07-19,2025,regular,Seattle Sounders FC,San Jose Earthquakes,3,2,,,asa,,,,
asa-OlMljZPwqL,2025-07-19,2025,regular,Nashville SC,Toronto FC,1,0,,,asa,,,,
asa-Pk5Lp8BG5O,2025-07-19,2025,regular,Atlanta United FC,Charlotte FC,2,3,,,asa,,,,
asa-Vj58bG2EQ8,2025-07-19,2025,regular,New England Revolution,Orlando City SC,1,2,,,asa,,,,
asa-a35rjb745L,2025-07-19,2025,regular,CF Montréal,Chicago Fire FC,0,2,,,asa,,,,
asa-eV5DpP7Y5K,2025-07-19,2025,regular,Sporting Kansas City,New York City FC,1,1,,,asa,,,,
asa-gjMNpbgKqK,2025-07-19,2025,regular,Columbus Crew,D.C. United,2,1,,,asa,,,,
asa-odMXpblJMY,2025-07-19,2025,regular,Real Salt Lake,FC Cincinnati,0,1,,,asa,,,,
asa-raMyjdbB5d,2025-07-19,2025,regular,FC Dallas,St. Louis City SC,3,0,,,asa,,,,
asa-4JMAbPmO5K,2025-07-25,2025,regular,New England Revolution,CF Montréal,1,3,,,asa,,,,
asa-4wM4b314qj,2025-07-25,2025,regular,San Diego FC,Nashville SC,1,0,,,asa,,,,
asa-KPqjjZ0Bq6,2025-07-25,2025,regular,FC Dallas,New York City FC,3,4,,,asa,,,,
asa-aDQ0bp4l5E,2025-07-25,2025,regular,Columbus Crew,Orlando City SC,1,3,,,asa,,,,
asa-kRQajDV8MK,2025-07-25,2025,regular,Los Angeles FC,Portland Timbers FC,0,1,,,asa,,,,
asa-BLMvjZvBMx,2025-07-26,2025,regular,Charlotte FC,Toronto FC,2,0,,,asa,,,,
asa-N6MmbZAP5E,2025-07-26,2025,regular,Real Salt Lake,San Jose Earthquakes,2,1,,,asa,,,,
asa-XVqKzDlD50,2025-07-26,2025,regular,Chicago Fire FC,New York Red Bulls,1,0,,,asa,,,,
asa-Xj5YpbDaMb,2025-07-26,2025,regular,St. Louis City SC,Minnesota United FC,1,2,,,asa,,,,
asa-e7MzjDveMr,2025-07-26,2025,regular,Philadelphia Union,Colorado Rapids,3,1,,,asa,,,,
asa-jYQJmNdVqG,2025-07-26,2025,regular,Vancouver Whitecaps FC,Sporting Kansas City,3,0,,,asa,,,,
asa-ljqEmPzoqx,2025-07-26,2025,regular,Inter Miami CF,FC Cincinnati,0,0,,,asa,,,,
asa-p6qbjAZbq0,2025-07-26,2025,regular,D.C. United,Austin FC,2,4,,,asa,,,,
asa-zeQZpbZZ5K,2025-07-26,2025,regular,Atlanta United FC,Seattle Sounders FC,2,2,,,asa,,,,
asa-0Oq6bW16q6,2025-08-09,2025,regular,CF Montréal,Atlanta United FC,1,1,,,asa,,,,
asa-0x5gj1VXM7,2025-08-09,2025,regular,Sporting Kansas City,San Diego FC,0,2,,,asa,,,,
asa-2lqRpzYLMr,2025-08-09,2025,regular,Philadelphia Union,Toronto FC,1,1,,,asa,,,,
asa-NWMWpbDY5l,2025-08-09,2025,regular,FC Dallas,Portland Timbers FC,2,0,,,asa,,,,
asa-Oa5wjZv9M1,2025-08-09,2025,regular,Austin FC,Houston Dynamo FC,2,2,,,asa,,,,
asa-Oa5wjZvgM1,2025-08-09,2025,regular,St. Louis City SC,Nashville SC,3,1,,,asa,,,,
asa-eVq3bw1v5W,2025-08-09,2025,regular,Chicago Fire FC,Los Angeles FC,2,2,,,asa,,,,
asa-gpMOpb2l5z,2025-08-09,2025,regular,New England Revolution,D.C. United,2,0,,,asa,,,,
asa-jYQJmNdGqG,2025-08-09,2025,regular,San Jose Earthquakes,Vancouver Whitecaps FC,2,1,,,asa,,,,
asa-7VqGbzad5v,2025-08-10,2025,regular,Minnesota United FC,Colorado Rapids,1,2,,,asa,,,,
asa-KAqBbd2Aqb,2025-08-10,2025,regular,FC Cincinnati,Charlotte FC,0,1,,,asa,,,,
asa-KAqBbd2Wqb,2025-08-10,2025,regular,Orlando City SC,Inter Miami CF,4,1,,,asa,,,,
asa-eVq3bw1G5W,2025-08-10,2025,regular,LA Galaxy,Seattle Sounders FC,0,4,,,asa,,,,
asa-gOMnAZKAQw,2025-08-10,2025,regular,New York Red Bulls,Real Salt Lake,2,1,,,asa,,,,
asa-0Oq6bW1Pq6,2025-08-16,2025,regular,Colorado Rapids,Atlanta United FC,3,1,,,asa,,,,
asa-0x5gj1VmM7,2025-08-16,2025,regular,Charlotte FC,Real Salt Lake,1,0,,,asa,,,,
asa-2lqRpzY4Mr,2025-08-16,2025,regular,New England Revolution,Los Angeles FC,0,2,,,asa,,,,
asa-315VpblXQ9,2025-08-16,2025,regular,Orlando City SC,Sporting Kansas City,3,1,,,asa,,,,
asa-7VqGbzax5v,2025-08-16,2025,regular,Chicago Fire FC,St. Louis City SC,3,2,,,asa,,,,
asa-EGMPab2k5a,2025-08-16,2025,regular,Portland Timbers FC,FC Cincinnati,2,3,,,asa,,,,
asa-NWMWpbDN5l,2025-08-16,2025,regular,Austin FC,FC Dallas,1,1,,,asa,,,,
asa-Pk5Lp8y75O,2025-08-16,2025,regular,Toronto FC,Columbus Crew,1,1,,,asa,,,,
asa-gOMnAZKeQw,2025-08-16,2025,regular,Minnesota United FC,Seattle Sounders FC,1,0,,,asa,,,,
asa-gpMOpb2y5z,2025-08-16,2025,regular,Inter Miami CF,LA Galaxy,3,1,,,asa,,,,
asa-vzqoKZbpqa,2025-08-16,2025,regular,CF Montréal,D.C. United,1,1,,,asa,,,,
asa-wvq9b6xaQW,2025-08-16,2025,regular,New York Red Bulls,Philadelphia Union,1,0,,,asa,,,,
asa-9z5kjZgaMA,2025-08-17,2025,regular,New York City FC,Nashville SC,2,1,,,asa,,,,
asa-gjMNpbDjqK,2025-08-17,2025,regular,San Jose Earthquakes,San Diego FC,1,2,,,asa,,,,
asa-raMyjdGe5d,2025-08-17,2025,regular,Vancouver Whitecaps FC,Houston Dynamo FC,1,1,,,asa,,,,
asa-2vQ1bp8xMr,2025-08-23,2025,regular,Columbus Crew,New England Revolution,1,2,,,asa,,,,
asa-9YqdjNRRMv,2025-08-23,2025,regular,LA Galaxy,Colorado Rapids,3,0,,,asa,,,,
asa-9vQ2bJp7QK,2025-08-23,2025,regular,Philadelphia Union,Chicago Fire FC,4,0,,,asa,,,,
asa-KPqjjZW8q6,2025-08-23,2025,regular,Vancouver Whitecaps FC,St. Louis City SC,3,2,,,asa,,,,
asa-KXMeZ29256,2025-08-23,2025,regular,CF Montréal,Austin FC,3,2,,,asa,,,,
asa-NPqxjpg8M9,2025-08-23,2025,regular,Real Salt Lake,Minnesota United FC,1,3,,,asa,,,,
asa-OlMljZGPqL,2025-08-23,2025,regular,FC Dallas,Los Angeles FC,1,1,,,asa,,,,
asa-Vj58bGZ2Q8,2025-08-23,2025,regular,Houston Dynamo FC,San Jose Earthquakes,1,2,,,asa,,,,
asa-a35rjb9e5L,2025-08-23,2025,regular,D.C. United,Inter Miami CF,1,1,,,asa,,,,
asa-aDQ0bp825E,2025-08-23,2025,regular,San Diego FC,Portland Timbers FC,0,0,,,asa,,,,
asa-eV5DpPgR5K,2025-08-23,2025,regular,FC Cincinnati,New York City FC,0,1,,,asa,,,,
asa-odMXpbZAMY,2025-08-23,2025,regular,Nashville SC,Orlando City SC,5,1,,,asa,,,,
asa-7vQ7bgNeqD,2025-08-24,2025,regular,Atlanta United FC,Toronto FC,0,0,,,asa,,,,
asa-kRQajDOYMK,2025-08-24,2025,regular,Seattle Sounders FC,Sporting Kansas City,5,2,,,asa,,,,
asa-xW5pbZoKQg,2025-08-24,2025,regular,Charlotte FC,New York Red Bulls,1,0,,,asa,,,,
asa-4wM4b3VAqj,2025-08-30,2025,regular,Austin FC,San Jose Earthquakes,3,1,,,asa,,,,
asa-BLMvjZBXMx,2025-08-30,2025,regular,Sporting Kansas City,Colorado Rapids,4,2,,,asa,,,,
asa-KAqBbdYWqb,2025-08-30,2025,regular,St. Louis City SC,Houston Dynamo FC,2,3,,,asa,,,,
asa-N6MmbZ6g5E,2025-08-30,2025,regular,New England Revolution,Charlotte FC,1,2,,,asa,,,,
asa-NWMWpbyN5l,2025-08-30,2025,regular,Toronto FC,CF Montréal,1,1,,,asa,,,,
asa-Xj5YpbJlMb,2025-08-30,2025,regular,New York Red Bulls,Columbus Crew,0,0,,,asa,,,,
asa-e7MzjD6jMr,2025-08-30,2025,regular,Nashville SC,Atlanta United FC,0,1,,,asa,,,,
asa-jYQJmNRGqG,2025-08-30,2025,regular,New York City FC,D.C. United,1,2,,,asa,,,,
asa-ljqEmPGkqx,2025-08-30,2025,regular,Minnesota United FC,Portland Timbers FC,1,1,,,asa,,,,
asa-zeQZpbwg5K,2025-08-30,2025,regular,FC Cincinnati,Philadelphia Union,0,1,,,asa,,,,
asa-4JMAbP3Y5K,2025-08-31,2025,regular,Los Angeles FC,San Diego FC,1,2,,,asa,,,,
asa-0x5gj1wmM7,2025-09-06,2025,regular,Chicago Fire FC,New England Revolution,3,2,,,asa,,,,
asa-7VqGbzOx5v,2025-09-06,2025,regular,St. Louis City SC,FC Dallas,1,1,,,asa,,,,
asa-xW5pbZ0YQg,2025-09-06,2025,regular,Houston Dynamo FC,LA Galaxy,1,1,,,asa,,,,
asa-0Oq6bWpPq6,2025-09-07,2025,regular,Sporting Kansas City,Austin FC,1,2,,,asa,,,,
asa-2lqRpzr4Mr,2025-09-13,2025,regular,FC Cincinnati,Nashville SC,2,1,,,asa,,,,
asa-2vQ1bppxMr,2025-09-13,2025,regular,Seattle Sounders FC,LA Galaxy,2,2,,,asa,,,,
asa-315VpbbXQ9,2025-09-13,2025,regular,FC Dallas,Austin FC,2,0,,,asa,,,,
asa-7vQ7bggeqD,2025-09-13,2025,regular,San Diego FC,Minnesota United FC,1,3,,,asa,,,,
asa-9z5kjZZaMA,2025-09-13,2025,regular,D.C. United,Orlando City SC,1,1,,,asa,,,,
asa-EGMPabbk5a,2025-09-13,2025,regular,CF Montréal,St. Louis City SC,0,2,,,asa,,,,
asa-Pk5Lp8875O,2025-09-13,2025,regular,New England Revolution,Toronto FC,1,1,,,asa,,,,
asa-a35rjbbe5L,2025-09-13,2025,regular,Vancouver Whitecaps FC,Philadelphia Union,7,0,,,asa,,,,
asa-eV5DpPPR5K,2025-09-13,2025,regular,San Jose Earthquakes,Los Angeles FC,2,4,,,asa,,,,
asa-gOMnAZOeQw,2025-09-13,2025,regular,Charlotte FC,Inter Miami CF,3,0,,,asa,,,,
asa-gjMNpbbjqK,2025-09-13,2025,regular,Portland Timbers FC,New York Red Bulls,2,1,,,asa,,,,
asa-gpMOpb8y5z,2025-09-13,2025,regular,Atlanta United FC,Columbus Crew,4,5,,,asa,,,,
asa-raMyjdde5d,2025-09-13,2025,regular,Real Salt Lake,Sporting Kansas City,2,1,,,asa,,,,
asa-vzqoKZnpqa,2025-09-13,2025,regular,Chicago Fire FC,New York City FC,1,3,,,asa,,,,
asa-wvq9b66aQW,2025-09-13,2025,regular,Colorado Rapids,Houston Dynamo FC,2,1,,,asa,,,,
asa-OlMljZZPqL,2025-09-16,2025,regular,Inter Miami CF,Seattle Sounders FC,3,1,,,asa,,,,
asa-gpMOpb3D5z,2025-09-17,2025,regular,Real Salt Lake,Los Angeles FC,1,4,,,asa,,,,
asa-vzqoKZbYqa,2025-09-17,2025,regular,New York City FC,Columbus Crew,3,2,,,asa,,,,
asa-4JMAbPPY5K,2025-09-20,2025,regular,Minnesota United FC,Chicago Fire FC,0,3,,,asa,,,,
asa-4wM4b33Aqj,2025-09-20,2025,regular,CF Montréal,New York Red Bulls,0,2,,,asa,,,,
asa-9YqdjNNRMv,2025-09-20,2025,regular,New York City FC,Charlotte FC,2,0,,,asa,,,,
asa-9vQ2bJJ7QK,2025-09-20,2025,regular,Columbus Crew,Toronto FC,1,1,,,asa,,,,
asa-BLMvjZZXMx,2025-09-20,2025,regular,San Jose Earthquakes,St. Louis City SC,1,3,,,asa,,,,
asa-KPqjjZZ8q6,2025-09-20,2025,regular,Sporting Kansas City,Vancouver Whitecaps FC,0,2,,,asa,,,,
asa-KXMeZ22256,2025-09-20,2025,regular,Philadelphia Union,New England Revolution,1,0,,,asa,,,,
asa-NPqxjpp8M9,2025-09-20,2025,regular,FC Dallas,Colorado Rapids,3,1,,,asa,,,,
asa-Vj58bGG2Q8,2025-09-20,2025,regular,Atlanta United FC,San Diego FC,1,1,,,asa,,,,
asa-aDQ0bpp25E,2025-09-20,2025,regular,Houston Dynamo FC,Portland Timbers FC,1,0,,,asa,,,,
asa-kRQajDDYMK,2025-09-20,2025,regular,Inter Miami CF,D.C. United,3,2,,,asa,,,,
asa-xW5pbZZKQg,2025-09-20,2025,regular,LA Galaxy,FC Cincinnati,2,3,,,asa,,,,
asa-zeQZpbbg5K,2025-09-20,2025,regular,Orlando City SC,Nashville SC,3,2,,,asa,,,,
asa-XVqKzDDB50,2025-09-21,2025,regular,Los Angeles FC,Real Salt Lake,4,1,,,asa,,,,
asa-odMXpbbAMY,2025-09-21,2025,regular,Austin FC,Seattle Sounders FC,2,1,,,asa,,,,
asa-OlMljZd4qL,2025-09-24,2025,regular,Vancouver Whitecaps FC,Portland Timbers FC,1,1,,,asa,,,,
asa-p6qbjAApq0,2025-09-24,2025,regular,New York City FC,Inter Miami CF,0,4,,,asa,,,,
asa-0Oq6bWWPq6,2025-09-27,2025,regular,Real Salt Lake,Austin FC,3,1,,,asa,,,,
asa-0x5gj11mM7,2025-09-27,2025,regular,New York Red Bulls,New York City FC,2,3,,,asa,,,,
asa-7VqGbzzx5v,2025-09-27,2025,regular,Portland Timbers FC,FC Dallas,2,2,,,asa,,,,
asa-KAqBbddWqb,2025-09-27,2025,regular,Nashville SC,Houston Dynamo FC,3,1,,,asa,,,,
asa-N6MmbZZg5E,2025-09-27,2025,regular,Charlotte FC,CF Montréal,1,4,,,asa,,,,
asa-NWMWpbbN5l,2025-09-27,2025,regular,New England Revolution,Atlanta United FC,2,0,,,asa,,,,
asa-Oa5wjZZgM1,2025-09-27,2025,regular,D.C. United,Philadelphia Union,0,6,,,asa,,,,
asa-Xj5YpbblMb,2025-09-27,2025,regular,Chicago Fire FC,Columbus Crew,2,0,,,asa,,,,
asa-e7MzjDDjMr,2025-09-27,2025,regular,Toronto FC,Inter Miami CF,1,1,,,asa,,,,
asa-eVq3bwwG5W,2025-09-27,2025,regular,LA Galaxy,Sporting Kansas City,4,1,,,asa,,,,
asa-gOMnAZZeQw,2025-09-27,2025,regular,Seattle Sounders FC,Vancouver Whitecaps FC,2,2,,,asa,,,,
asa-gpMOpbby5z,2025-09-27,2025,regular,San Diego FC,San Jose Earthquakes,0,1,,,asa,,,,
asa-jYQJmNNGqG,2025-09-27,2025,regular,Colorado Rapids,Minnesota United FC,1,1,,,asa,,,,
asa-vzqoKZZpqa,2025-09-27,2025,regular,St. Louis City SC,Los Angeles FC,0,3,,,asa,,,,
asa-ljqEmPPkqx,2025-09-28,2025,regular,FC Cincinnati,Orlando City SC,1,1,,,asa,,,,
asa-p6qbjAnpq0,2025-09-30,2025,regular,Inter Miami CF,Chicago Fire FC,3,5,,,asa,,,,
asa-0Oq6bWg2q6,2025-10-04,2025,regular,New York Red Bulls,FC Cincinnati,0,1,,,asa,,,,
asa-0x5gj1YLM7,2025-10-04,2025,regular,Minnesota United FC,Sporting Kansas City,3,0,,,asa,,,,
asa-2lqRpzAnMr,2025-10-04,2025,regular,Seattle Sounders FC,Portland Timbers FC,1,0,,,asa,,,,
asa-2lqRpzz4Mr,2025-10-04,2025,regular,D.C. United,Charlotte FC,0,1,,,asa,,,,
asa-7VqGbzr35v,2025-10-04,2025,regular,CF Montréal,Nashville SC,1,1,,,asa,,,,
asa-KAqBbdZVqb,2025-10-04,2025,regular,Houston Dynamo FC,San Diego FC,2,4,,,asa,,,,
asa-NWMWpbAL5l,2025-10-04,2025,regular,Inter Miami CF,New England Revolution,4,1,,,asa,,,,
asa-Oa5wjZNYM1,2025-10-04,2025,regular,Austin FC,St. Louis City SC,1,3,,,asa,,,,
asa-eVq3bw3j5W,2025-10-04,2025,regular,Chicago Fire FC,Toronto FC,2,2,,,asa,,,,
asa-gOMnAZNJQw,2025-10-04,2025,regular,Philadelphia Union,New York City FC,1,0,,,asa,,,,
asa-gpMOpbA15z,2025-10-04,2025,regular,Orlando City SC,Columbus Crew,1,1,,,asa,,,,
asa-jYQJmNrDqG,2025-10-04,2025,regular,FC Dallas,LA Galaxy,2,1,,,asa,,,,
asa-vzqoKZyLqa,2025-10-04,2025,regular,Real Salt Lake,Colorado Rapids,1,0,,,asa,,,,
asa-9z5kjZygMA,2025-10-05,2025,regular,Vancouver Whitecaps FC,San Jose Earthquakes,4,1,,,asa,,,,
asa-wvq9b6OYQW,2025-10-05,2025,regular,Los Angeles FC,Atlanta United FC,1,0,,,asa,,,,
asa-KPqjjZa2q6,2025-10-08,2025,regular,Los Angeles FC,Toronto FC,2,0,,,asa,,,,
asa-0Oq6bW46q6,2025-10-11,2025,regular,Inter Miami CF,Atlanta United FC,4,0,,,asa,,,,
asa-Oa5wjZWgM1,2025-10-11,2025,regular,Orlando City SC,Vancouver Whitecaps FC,1,2,,,asa,,,,
asa-XVqKzD9B50,2025-10-11,2025,regular,LA Galaxy,FC Dallas,2,1,,,asa,,,,
asa-eVq3bw4G5W,2025-10-11,2025,regular,Seattle Sounders FC,Real Salt Lake,1,0,,,asa,,,,
asa-7vQ7bg4LqD,2025-10-12,2025,regular,Austin FC,Los Angeles FC,1,0,,,asa,,,,
asa-2vQ1bpJ0Mr,2025-10-18,2025,regular,Toronto FC,Orlando City SC,4,2,,,asa,,,,
asa-315VpbAbQ9,2025-10-18,2025,regular,Atlanta United FC,D.C. United,1,1,,,asa,,,,
asa-7vQ7bgGzqD,2025-10-18,2025,regular,New England Revolution,Chicago Fire FC,2,2,,,asa,,,,
asa-9YqdjNy8Mv,2025-10-18,2025,regular,Portland Timbers FC,San Diego FC,0,4,,,asa,,,,
asa-9vQ2bJwrQK,2025-10-18,2025,regular,Vancouver Whitecaps FC,FC Dallas,1,2,,,asa,,,,
asa-EGMPabAA5a,2025-10-18,2025,regular,Charlotte FC,Philadelphia Union,2,0,,,asa,,,,
asa-KXMeZ2yB56,2025-10-18,2025,regular,San Jose Earthquakes,Austin FC,2,1,,,asa,,,,
asa-OlMljZyNqL,2025-10-18,2025,regular,Sporting Kansas City,Houston Dynamo FC,0,0,,,asa,,,,
asa-Pk5Lp8rN5O,2025-10-18,2025,regular,FC Cincinnati,CF Montréal,3,0,,,asa,,,,
asa-Vj58bG6mQ8,2025-10-18,2025,regular,LA Galaxy,Minnesota United FC,2,1,,,asa,,,,
asa-a35rjbxG5L,2025-10-18,2025,regular,Colorado Rapids,Los Angeles FC,2,2,,,asa,,,,
asa-eV5DpPvO5K,2025-10-18,2025,regular,New York City FC,Seattle Sounders FC,1,2,,,asa,,,,
asa-gjMNpb2BqK,2025-10-18,2025,regular,Columbus Crew,New York Red Bulls,3,1,,,asa,,,,
asa-odMXpbA0MY,2025-10-18,2025,regular,St. Louis City SC,Real Salt Lake,2,2,,,asa,,,,
asa-raMyjd025d,2025-10-18,2025,regular,Nashville SC,Inter Miami CF,2,5,,,asa,,,,
asa-2lqROo30Qr,2025-10-22,2025,postseason,Chicago Fire FC,Orlando City SC,3,1,,,asa,,,,
asa-wvq9kRPwMW,2025-10-22,2025,postseason,Portland Timbers FC,Real Salt Lake,3,1,,,asa,,,,
asa-eV5D8reA5K,2025-10-24,2025,postseason,Inter Miami CF,Nashville SC,3,1,,,asa,,,,
asa-2vQ1gB6K5r,2025-10-26,2025,postseason,Philadelphia Union,Chicago Fire FC,3,2,,pens,asa,,,,
asa-OlMlWo20QL,2025-10-26,2025,postseason,San Diego FC,Portland Timbers FC,2,1,,,asa,,,,
asa-a35roLAAqL,2025-10-26,2025,postseason,Vancouver Whitecaps FC,FC Dallas,3,0,,,asa,,,,
asa-9Yqde3DLQv,2025-10-27,2025,postseason,Minnesota United FC,Seattle Sounders FC,1,0,,pens,asa,,,,
asa-Vj589oV4q8,2025-10-27,2025,postseason,FC Cincinnati,Columbus Crew,1,0,,,asa,,,,
asa-KXMeXB1rQ6,2025-10-28,2025,postseason,Charlotte FC,New York City FC,0,1,,,asa,,,,
asa-odMXVLOWqY,2025-10-29,2025,postseason,Los Angeles FC,Austin FC,2,1,,,asa,,,,
asa-9vQ2GWRaMK,2025-11-01,2025,postseason,New York City FC,Charlotte FC,0,1,,pens,asa,,,,
asa-KPqj3O2RQ6,2025-11-01,2025,postseason,Portland Timbers FC,San Diego FC,3,2,,pens,asa,,,,
asa-NPqxLrBmq9,2025-11-01,2025,postseason,Chicago Fire FC,Philadelphia Union,0,3,,,asa,,,,
asa-aDQ0W3nPqE,2025-11-01,2025,postseason,Nashville SC,Inter Miami CF,2,1,,,asa,,,,
asa-xW5pOVAdMg,2025-11-01,2025,postseason,FC Dallas,Vancouver Whitecaps FC,1,2,,pens,asa,,,,
asa-4JMA17ekMK,2025-11-02,2025,postseason,Austin FC,Los Angeles FC,1,4,,,asa,,,,
asa-kRQald7oqK,2025-11-02,2025,postseason,Columbus Crew,FC Cincinnati,4,0,,,asa,,,,
asa-4wM4OGkpQj,2025-11-03,2025,postseason,Seattle Sounders FC,Minnesota United FC,4,2,,,asa,,,,
asa-BLMvVDwOMx,2025-11-07,2025,postseason,Charlotte FC,New York City FC,1,3,,,asa,,,,
asa-N6MmgRjZqE,2025-11-08,2025,postseason,FC Cincinnati,Columbus Crew,2,1,,,asa,,,,
asa-XVqKwBZOq0,2025-11-08,2025,postseason,Minnesota United FC,Seattle Sounders FC,4,3,,pens,asa,,,,
asa-e7Mzy8g6Qr,2025-11-08,2025,postseason,Inter Miami CF,Nashville SC,4,0,,,asa,,,,
asa-Xj5YPNRAMb,2025-11-09,2025,postseason,San Diego FC,Portland Timbers FC,4,0,,,asa,,,,
asa-vzqoYE1ZMa,2025-11-22,2025,postseason,Vancouver Whitecaps FC,Los Angeles FC,3,2,,pens,asa,,,,
asa-vzqoYEWjMa,2025-11-23,2025,postseason,FC Cincinnati,Inter Miami CF,0,4,,,asa,,,,
asa-wvq9ko77MW,2025-11-23,2025,postseason,Philadelphia Union,New York City FC,0,1,,,asa,,,,
asa-2lqRO0NWQr,2025-11-24,2025,postseason,San Diego FC,Minnesota United FC,1,0,,,asa,,,,
asa-a35ro3bGqL,2025-11-29,2025,postseason,San Diego FC,Vancouver Whitecaps FC,1,3,,,asa,,,,
asa-eVq36l4j5W,2025-11-29,2025,postseason,Inter Miami CF,New York City FC,5,1,,,asa,,,,
asa-Vj589JGmq8,2025-12-06,2025,postseason,Inter Miami CF,Vancouver Whitecaps FC,3,1,,,asa,,,,
asa-2vQ1g39K5r,2026-02-21,2026,regular,FC Cincinnati,Atlanta United FC,2,0,,,asa,,,,
asa-9YqdeZ2LQv,2026-02-21,2026,regular,Austin FC,Minnesota United FC,2,2,,,asa,,,,
asa-9vQ2GraaMK,2026-02-21,2026,regular,Nashville SC,New England Revolution,4,1,,,asa,,,,
asa-KPqj3zLRQ6,2026-02-21,2026,regular,San Diego FC,CF Montréal,5,0,,,asa,,,,
asa-KXMeXE0rQ6,2026-02-21,2026,regular,FC Dallas,Toronto FC,3,2,,,asa,,,,
asa-NPqxLO0mq9,2026-02-21,2026,regular,Los Angeles FC,Inter Miami CF,3,0,,,asa,,,,
asa-OlMlWEw0QL,2026-02-21,2026,regular,Orlando City SC,New York Red Bulls,1,2,,,asa,,,,
asa-Vj589ne4q8,2026-02-21,2026,regular,Vancouver Whitecaps FC,Real Salt Lake,1,0,,,asa,,,,
asa-a35roEkAqL,2026-02-21,2026,regular,D.C. United,Philadelphia Union,1,0,,,asa,,,,
asa-aDQ0WDdPqE,2026-02-21,2026,regular,Portland Timbers FC,Columbus Crew,3,2,,,asa,,,,
asa-eV5D816A5K,2026-02-21,2026,regular,St. Louis City SC,Charlotte FC,1,1,,,asa,,,,
asa-odMXV0WWqY,2026-02-21,2026,regular,Houston Dynamo FC,Chicago Fire FC,2,1,,,asa,,,,
asa-xW5pOJ6dMg,2026-02-21,2026,regular,San Jose Earthquakes,Sporting Kansas City,3,0,,,asa,,,,
asa-4JMA1nvkMK,2026-02-22,2026,regular,Seattle Sounders FC,Colorado Rapids,2,0,,,asa,,,,
asa-kRQalz6oqK,2026-02-22,2026,regular,LA Galaxy,New York City FC,1,1,,,asa,,,,
asa-4wM4O8xpQj,2026-02-28,2026,regular,Chicago Fire FC,CF Montréal,3,0,,,asa,,,,
asa-BLMvVG0OMx,2026-02-28,2026,regular,Colorado Rapids,Portland Timbers FC,2,0,,,asa,,,,
asa-N6MmgzrZqE,2026-02-28,2026,regular,Houston Dynamo FC,Los Angeles FC,0,2,,,asa,,,,
asa-Oa5wP6L8q1,2026-02-28,2026,regular,LA Galaxy,Charlotte FC,3,0,,,asa,,,,
asa-XVqKw7jOq0,2026-02-28,2026,regular,Minnesota United FC,FC Cincinnati,1,0,,,asa,,,,
asa-Xj5YPzZAMb,2026-02-28,2026,regular,Sporting Kansas City,Columbus Crew,2,2,,,asa,,,,
asa-e7Mzyop6Qr,2026-02-28,2026,regular,FC Dallas,Nashville SC,0,0,,,asa,,,,
asa-jYQJJyDPQG,2026-02-28,2026,regular,Vancouver Whitecaps FC,Toronto FC,3,0,,,asa,,,,
asa-ljqEdkAz5x,2026-02-28,2026,regular,San Jose Earthquakes,Atlanta United FC,2,0,,,asa,,,,
asa-p6qbYzLB50,2026-02-28,2026,regular,Real Salt Lake,Seattle Sounders FC,2,1,,,asa,,,,
asa-zeQZLzY15K,2026-02-28,2026,regular,New York Red Bulls,New England Revolution,1,0,,,asa,,,,
asa-0x5gxzeZq7,2026-03-01,2026,regular,San Diego FC,St. Louis City SC,2,0,,,asa,,,,
asa-KAqBroL4qb,2026-03-01,2026,regular,Philadelphia Union,New York City FC,1,2,,,asa,,,,
asa-NWMWkzEKMl,2026-03-01,2026,regular,Orlando City SC,Inter Miami CF,2,4,,,asa,,,,
asa-eVq36lkD5W,2026-03-01,2026,regular,Austin FC,D.C. United,1,0,,,asa,,,,
asa-0Oq6oe8AQ6,2026-03-07,2026,regular,New York City FC,Orlando City SC,5,0,,,asa,,,,
asa-2lqROeZ0Qr,2026-03-07,2026,regular,Columbus Crew,Chicago Fire FC,0,0,,,asa,,,,
asa-315V9zZ9M9,2026-03-07,2026,regular,Nashville SC,Minnesota United FC,3,1,,,asa,,,,
asa-9z5kBz9jMA,2026-03-07,2026,regular,Sporting Kansas City,San Diego FC,0,1,,,asa,,,,
asa-EGMPG8eVQa,2026-03-07,2026,regular,St. Louis City SC,Seattle Sounders FC,0,1,,,asa,,,,
asa-Pk5L3DmOMO,2026-03-07,2026,regular,Colorado Rapids,LA Galaxy,4,1,,,asa,,,,
asa-gOMnGzrX5w,2026-03-07,2026,regular,Atlanta United FC,Real Salt Lake,2,3,,,asa,,,,
asa-gjMNWrn05K,2026-03-07,2026,regular,Los Angeles FC,FC Dallas,1,0,,,asa,,,,
asa-gpMOglOEMz,2026-03-07,2026,regular,D.C. United,Inter Miami CF,1,2,,,asa,,,,
asa-raMyNnLO5d,2026-03-07,2026,regular,Portland Timbers FC,Vancouver Whitecaps FC,1,4,,,asa,,,,
asa-vzqoYz9kMa,2026-03-07,2026,regular,Charlotte FC,Austin FC,3,1,,,asa,,,,
asa-wvq9kwawMW,2026-03-07,2026,regular,Philadelphia Union,San Jose Earthquakes,0,1,,,asa,,,,
asa-7vQ7RXa2qD,2026-03-08,2026,regular,New York Red Bulls,CF Montréal,0,3,,,asa,,,,
asa-eV5D89mA5K,2026-03-08,2026,regular,FC Cincinnati,Toronto FC,0,1,,,asa,,,,
asa-2vQ1g1aK5r,2026-03-14,2026,regular,Atlanta United FC,Philadelphia Union,3,1,,,asa,,,,
asa-9YqdezXLQv,2026-03-14,2026,regular,Orlando City SC,CF Montréal,2,1,,,asa,,,,
asa-9vQ2GrdaMK,2026-03-14,2026,regular,FC Dallas,San Diego FC,3,3,,,asa,,,,
asa-KPqj3zoRQ6,2026-03-14,2026,regular,Real Salt Lake,Austin FC,2,1,,,asa,,,,
asa-KXMeXzerQ6,2026-03-14,2026,regular,Toronto FC,New York Red Bulls,1,1,,,asa,,,,
asa-NPqxLOmmq9,2026-03-14,2026,regular,Houston Dynamo FC,Portland Timbers FC,3,2,,,asa,,,,
asa-OlMlWz70QL,2026-03-14,2026,regular,Charlotte FC,Inter Miami CF,0,0,,,asa,,,,
asa-Vj589JE4q8,2026-03-14,2026,regular,New York City FC,Colorado Rapids,3,1,,,asa,,,,
asa-a35ro3dAqL,2026-03-14,2026,regular,Columbus Crew,Nashville SC,0,1,,,asa,,,,
asa-aDQ0WDaPqE,2026-03-14,2026,regular,LA Galaxy,Sporting Kansas City,1,2,,,asa,,,,
asa-odMXVz4WqY,2026-03-14,2026,regular,Chicago Fire FC,D.C. United,1,2,,,asa,,,,
asa-xW5pOJxdMg,2026-03-14,2026,regular,Los Angeles FC,St. Louis City SC,2,0,,,asa,,,,
asa-4JMA1nakMK,2026-03-15,2026,regular,New England Revolution,FC Cincinnati,6,1,,,asa,,,,
asa-4wM4O82pQj,2026-03-15,2026,regular,San Jose Earthquakes,Seattle Sounders FC,0,1,,,asa,,,,
asa-kRQalzboqK,2026-03-15,2026,regular,Vancouver Whitecaps FC,Minnesota United FC,6,0,,,asa,,,,
asa-BLMvVGlOMx,2026-03-21,2026,regular,Nashville SC,Orlando City SC,5,0,,,asa,,,,
asa-N6Mmgz7ZqE,2026-03-21,2026,regular,Austin FC,Los Angeles FC,0,0,,,asa,,,,
asa-Oa5wP6Y8q1,2026-03-21,2026,regular,St. Louis City SC,New England Revolution,3,1,,,asa,,,,
asa-XVqKw7YOq0,2026-03-21,2026,regular,Atlanta United FC,D.C. United,0,0,,,asa,,,,
asa-Xj5YPz8AMb,2026-03-21,2026,regular,FC Dallas,Houston Dynamo FC,4,3,,,asa,,,,
asa-e7Mzyo96Qr,2026-03-21,2026,regular,Toronto FC,Columbus Crew,2,1,,,asa,,,,
asa-eVq36laD5W,2026-03-21,2026,regular,Vancouver Whitecaps FC,San Jose Earthquakes,0,1,,,asa,,,,
asa-jYQJJy1PQG,2026-03-21,2026,regular,Sporting Kansas City,Colorado Rapids,1,4,,,asa,,,,
asa-p6qbYzeB50,2026-03-21,2026,regular,Charlotte FC,New York Red Bulls,6,1,,,asa,,,,
asa-zeQZLzJ15K,2026-03-21,2026,regular,Philadelphia Union,Chicago Fire FC,1,2,,,asa,,,,
asa-0x5gxzPZq7,2026-03-22,2026,regular,Portland Timbers FC,LA Galaxy,1,1,,,asa,,,,
asa-7VqGXPm6Qv,2026-03-22,2026,regular,San Diego FC,Real Salt Lake,2,2,,,asa,,,,
asa-KAqBroj4qb,2026-03-22,2026,regular,New York City FC,Inter Miami CF,2,3,,,asa,,,,
asa-NWMWkzXKMl,2026-03-22,2026,regular,Minnesota United FC,Seattle Sounders FC,0,0,,,asa,,,,
asa-ljqEdkjz5x,2026-03-22,2026,regular,FC Cincinnati,CF Montréal,4,3,,,asa,,,,
asa-0Oq6oelAQ6,2026-04-04,2026,regular,New England Revolution,CF Montréal,3,0,,,asa,,,,
asa-0Oq6oelXQ6,2026-04-04,2026,regular,LA Galaxy,Minnesota United FC,1,2,,,asa,,,,
asa-0x5gxzPrq7,2026-04-04,2026,regular,Houston Dynamo FC,Seattle Sounders FC,0,1,,,asa,,,,
asa-2lqROeR0Qr,2026-04-04,2026,regular,Charlotte FC,Philadelphia Union,2,1,,,asa,,,,
asa-7VqGXPmeQv,2026-04-04,2026,regular,Los Angeles FC,Orlando City SC,6,0,,,asa,,,,
asa-KAqBrojJqb,2026-04-04,2026,regular,New York Red Bulls,FC Cincinnati,4,2,,,asa,,,,
asa-NWMWkzX7Ml,2026-04-04,2026,regular,Chicago Fire FC,Nashville SC,1,0,,,asa,,,,
asa-Oa5wP6Yjq1,2026-04-04,2026,regular,Inter Miami CF,Austin FC,2,2,,,asa,,,,
asa-eVq36la65W,2026-04-04,2026,regular,New York City FC,St. Louis City SC,1,1,,,asa,,,,
asa-gOMnGz6X5w,2026-04-04,2026,regular,Toronto FC,Colorado Rapids,3,2,,,asa,,,,
asa-gOMnGz6m5w,2026-04-04,2026,regular,Vancouver Whitecaps FC,Portland Timbers FC,3,2,,,asa,,,,
asa-gpMOglzEMz,2026-04-04,2026,regular,Real Salt Lake,Sporting Kansas City,3,1,,,asa,,,,
asa-gpMOglznMz,2026-04-04,2026,regular,San Jose Earthquakes,San Diego FC,3,0,,,asa,,,,
asa-jYQJJy1yQG,2026-04-04,2026,regular,D.C. United,FC Dallas,0,4,,,asa,,,,
asa-vzqoYzrkMa,2026-04-04,2026,regular,Atlanta United FC,Columbus Crew,1,3,,,asa,,,,
asa-2lqROeRWQr,2026-04-11,2026,regular,Austin FC,LA Galaxy,1,2,,,asa,,,,
asa-2vQ1g1N45r,2026-04-11,2026,regular,San Diego FC,Minnesota United FC,1,2,,,asa,,,,
asa-315V9ze6M9,2026-04-11,2026,regular,Inter Miami CF,New York Red Bulls,2,2,,,asa,,,,
asa-7vQ7RXrYqD,2026-04-11,2026,regular,Sporting Kansas City,San Jose Earthquakes,1,3,,,asa,,,,
asa-9z5kBzalMA,2026-04-11,2026,regular,Charlotte FC,Nashville SC,1,2,,,asa,,,,
asa-EGMPG8ljQa,2026-04-11,2026,regular,New England Revolution,D.C. United,1,0,,,asa,,,,
asa-Pk5L3DgmMO,2026-04-11,2026,regular,Vancouver Whitecaps FC,New York City FC,2,0,,,asa,,,,
asa-a35ro3KBqL,2026-04-11,2026,regular,CF Montréal,Philadelphia Union,1,2,,,asa,,,,
asa-eV5D89La5K,2026-04-11,2026,regular,Colorado Rapids,Houston Dynamo FC,6,2,,,asa,,,,
asa-gjMNWrRv5K,2026-04-11,2026,regular,Chicago Fire FC,Atlanta United FC,1,0,,,asa,,,,
asa-raMyNnAA5d,2026-04-11,2026,regular,FC Dallas,St. Louis City SC,1,1,,,asa,,,,
asa-vzqoYzrjMa,2026-04-11,2026,regular,Toronto FC,FC Cincinnati,1,1,,,asa,,,,
asa-wvq9kwpZMW,2026-04-11,2026,regular,Portland Timbers FC,Los Angeles FC,2,1,,,asa,,,,
asa-OlMlWz9gQL,2026-04-12,2026,regular,Columbus Crew,Orlando City SC,1,1,,,asa,,,,
asa-9Yqdez69Qv,2026-04-17,2026,regular,Vancouver Whitecaps FC,Sporting Kansas City,3,0,,,asa,,,,
asa-4JMA1n96MK,2026-04-18,2026,regular,FC Dallas,LA Galaxy,2,2,,,asa,,,,
asa-4wM4O8azQj,2026-04-18,2026,regular,Minnesota United FC,Portland Timbers FC,2,0,,,asa,,,,
asa-9vQ2Gr21MK,2026-04-18,2026,regular,Atlanta United FC,Nashville SC,0,2,,,asa,,,,
asa-BLMvVGzRMx,2026-04-18,2026,regular,Seattle Sounders FC,St. Louis City SC,4,1,,,asa,,,,
asa-KPqj3z7yQ6,2026-04-18,2026,regular,New York City FC,Charlotte FC,1,2,,,asa,,,,
asa-KXMeXzkxQ6,2026-04-18,2026,regular,Colorado Rapids,Inter Miami CF,2,3,,,asa,,,,
asa-NPqxLOegq9,2026-04-18,2026,regular,FC Cincinnati,Chicago Fire FC,3,3,,,asa,,,,
asa-XVqKw7WRq0,2026-04-18,2026,regular,CF Montréal,New York Red Bulls,4,1,,,asa,,,,
asa-aDQ0WDPpqE,2026-04-18,2026,regular,New England Revolution,Columbus Crew,2,1,,,asa,,,,
asa-kRQalz2gqK,2026-04-18,2026,regular,Philadelphia Union,D.C. United,0,0,,,asa,,,,
asa-odMXVzR2qY,2026-04-18,2026,regular,Toronto FC,Austin FC,3,3,,,asa,,,,
asa-xW5pOJrlMg,2026-04-18,2026,regular,Orlando City SC,Houston Dynamo FC,0,1,,,asa,,,,
asa-zeQZLz7K5K,2026-04-18,2026,regular,Real Salt Lake,San Diego FC,4,2,,,asa,,,,
asa-p6qbYzO650,2026-04-19,2026,regular,Los Angeles FC,San Jose Earthquakes,1,4,,,asa,,,,
asa-0x5gxz2rq7,2026-04-22,2026,regular,Los Angeles FC,Colorado Rapids,0,0,,,asa,,,,
asa-7VqGXPjeQv,2026-04-22,2026,regular,San Jose Earthquakes,Austin FC,5,1,,,asa,,,,
asa-KAqBro9Jqb,2026-04-22,2026,regular,Houston Dynamo FC,San Diego FC,1,0,,,asa,,,,
asa-N6MmgzeRqE,2026-04-22,2026,regular,New York City FC,FC Cincinnati,4,4,,,asa,,,,
asa-NWMWkzV7Ml,2026-04-22,2026,regular,Real Salt Lake,Inter Miami CF,0,2,,,asa,,,,
asa-Oa5wP6Vjq1,2026-04-22,2026,regular,Toronto FC,Philadelphia Union,3,3,,,asa,,,,
asa-Xj5YPz60Mb,2026-04-22,2026,regular,New York Red Bulls,D.C. United,4,4,,,asa,,,,
asa-e7MzyolXQr,2026-04-22,2026,regular,Columbus Crew,LA Galaxy,2,1,,,asa,,,,
asa-eVq36lj65W,2026-04-22,2026,regular,FC Dallas,Minnesota United FC,0,1,,,asa,,,,
asa-jYQJJyzyQG,2026-04-22,2026,regular,Orlando City SC,Charlotte FC,4,1,,,asa,,,,
asa-ljqEdk2E5x,2026-04-22,2026,regular,Atlanta United FC,New England Revolution,1,2,,,asa,,,,
asa-0Oq6oewXQ6,2026-04-25,2026,regular,Minnesota United FC,Los Angeles FC,0,1,,,asa,,,,
asa-2lqROekWQr,2026-04-25,2026,regular,D.C. United,Orlando City SC,3,2,,,asa,,,,
asa-315V9zX6M9,2026-04-25,2026,regular,Chicago Fire FC,Sporting Kansas City,5,0,,,asa,,,,
asa-7vQ7RXYYqD,2026-04-25,2026,regular,Vancouver Whitecaps FC,Colorado Rapids,3,1,,,asa,,,,
asa-9z5kBz7lMA,2026-04-25,2026,regular,Austin FC,Houston Dynamo FC,2,0,,,asa,,,,
asa-EGMPG8njQa,2026-04-25,2026,regular,Nashville SC,Charlotte FC,4,2,,,asa,,,,
asa-Pk5L3DkmMO,2026-04-25,2026,regular,St. Louis City SC,San Jose Earthquakes,2,3,,,asa,,,,
asa-eV5D89Va5K,2026-04-25,2026,regular,CF Montréal,New York City FC,1,0,,,asa,,,,
asa-gOMnGzRm5w,2026-04-25,2026,regular,FC Cincinnati,New York Red Bulls,2,0,,,asa,,,,
asa-gjMNWr1v5K,2026-04-25,2026,regular,San Diego FC,Portland Timbers FC,1,2,,,asa,,,,
asa-gpMOglanMz,2026-04-25,2026,regular,Toronto FC,Atlanta United FC,1,2,,,asa,,,,
asa-raMyNnmA5d,2026-04-25,2026,regular,Seattle Sounders FC,FC Dallas,2,1,,,asa,,,,
asa-vzqoYz7jMa,2026-04-25,2026,regular,Columbus Crew,Philadelphia Union,2,0,,,asa,,,,
asa-wvq9kwgZMW,2026-04-25,2026,regular,Inter Miami CF,New England Revolution,1,1,,,asa,,,,
asa-2vQ1g1Z45r,2026-04-26,2026,regular,LA Galaxy,Real Salt Lake,2,1,,,asa,,,,
asa-4wM4O8lzQj,2026-05-02,2026,regular,Toronto FC,San Jose Earthquakes,1,1,,,asa,,,,
asa-9Yqdeza9Qv,2026-05-02,2026,regular,Atlanta United FC,CF Montréal,3,1,,,asa,,,,
asa-9vQ2Grj1MK,2026-05-02,2026,regular,New York Red Bulls,FC Dallas,0,2,,,asa,,,,
asa-KPqj3zRyQ6,2026-05-02,2026,regular,Houston Dynamo FC,Colorado Rapids,1,0,,,asa,,,,
asa-KXMeXz7xQ6,2026-05-02,2026,regular,Columbus Crew,Minnesota United FC,2,3,,,asa,,,,
asa-NPqxLOygq9,2026-05-02,2026,regular,Philadelphia Union,Nashville SC,0,0,,,asa,,,,
asa-OlMlWzAgQL,2026-05-02,2026,regular,Real Salt Lake,Portland Timbers FC,2,0,,,asa,,,,
asa-Vj589Jy3q8,2026-05-02,2026,regular,Inter Miami CF,Orlando City SC,3,4,,,asa,,,,
asa-a35ro3PBqL,2026-05-02,2026,regular,Sporting Kansas City,Seattle Sounders FC,1,1,,,asa,,,,
asa-aDQ0WDjpqE,2026-05-02,2026,regular,Chicago Fire FC,FC Cincinnati,2,3,,,asa,,,,
asa-kRQalzngqK,2026-05-02,2026,regular,LA Galaxy,Vancouver Whitecaps FC,1,1,,,asa,,,,
asa-odMXVzJ2qY,2026-05-02,2026,regular,New England Revolution,Charlotte FC,1,0,,,asa,,,,
asa-xW5pOJklMg,2026-05-02,2026,regular,San Diego FC,Los Angeles FC,2,2,,,asa,,,,
asa-4JMA1nd6MK,2026-05-03,2026,regular,New York City FC,D.C. United,0,2,,,asa,,,,
asa-zeQZLz3K5K,2026-05-03,2026,regular,Austin FC,St. Louis City SC,2,0,,,asa,,,,
asa-0x5gxzorq7,2026-05-09,2026,regular,Toronto FC,Inter Miami CF,2,4,,,asa,,,,
asa-BLMvVGPRMx,2026-05-09,2026,regular,Chicago Fire FC,New York Red Bulls,1,3,,,asa,,,,
asa-N6MmgzlRqE,2026-05-09,2026,regular,Nashville SC,D.C. United,2,2,,,asa,,,,
asa-NWMWkz87Ml,2026-05-09,2026,regular,CF Montréal,Orlando City SC,2,0,,,asa,,,,
asa-Oa5wP6Ojq1,2026-05-09,2026,regular,San Jose Earthquakes,Vancouver Whitecaps FC,1,1,,,asa,,,,
asa-XVqKw7dRq0,2026-05-09,2026,regular,Atlanta United FC,LA Galaxy,1,2,,,asa,,,,
asa-Xj5YPzw0Mb,2026-05-09,2026,regular,Colorado Rapids,St. Louis City SC,0,1,,,asa,,,,
asa-e7MzyomXQr,2026-05-09,2026,regular,FC Dallas,Real Salt Lake,3,1,,,asa,,,,
asa-eVq36lp65W,2026-05-09,2026,regular,Seattle Sounders FC,San Diego FC,1,1,,,asa,,,,
asa-jYQJJy8yQG,2026-05-09,2026,regular,Portland Timbers FC,Sporting Kansas City,6,0,,,asa,,,,
asa-ljqEdkDE5x,2026-05-09,2026,regular,New England Revolution,Philadelphia Union,2,1,,,asa,,,,
asa-p6qbYzX650,2026-05-09,2026,regular,Charlotte FC,FC Cincinnati,2,2,,,asa,,,,
asa-0Oq6oexXQ6,2026-05-10,2026,regular,Los Angeles FC,Houston Dynamo FC,1,4,,,asa,,,,
asa-7VqGXPNeQv,2026-05-10,2026,regular,Minnesota United FC,Austin FC,2,2,,,asa,,,,
asa-KAqBroVJqb,2026-05-10,2026,regular,New York City FC,Columbus Crew,3,0,,,asa,,,,
asa-0Oq6oeExQ6,2026-05-13,2026,regular,Real Salt Lake,Houston Dynamo FC,3,0,,,asa,,,,
asa-0x5gxz6Pq7,2026-05-13,2026,regular,Minnesota United FC,Colorado Rapids,0,1,,,asa,,,,
asa-2lqROe2WQr,2026-05-13,2026,regular,CF Montréal,Portland Timbers FC,2,2,,,asa,,,,
asa-7VqGXPJjQv,2026-05-13,2026,regular,St. Louis City SC,Los Angeles FC,2,1,,,asa,,,,
asa-KAqBroVBqb,2026-05-13,2026,regular,FC Dallas,Vancouver Whitecaps FC,2,3,,,asa,,,,
asa-NWMWkzLEMl,2026-05-13,2026,regular,Sporting Kansas City,LA Galaxy,3,1,,,asa,,,,
asa-Oa5wP6O4q1,2026-05-13,2026,regular,New York Red Bulls,Columbus Crew,3,2,,,asa,,,,
asa-eVq36lpV5W,2026-05-13,2026,regular,Orlando City SC,Philadelphia Union,4,3,,,asa,,,,
asa-gOMnGz2l5w,2026-05-13,2026,regular,Seattle Sounders FC,San Jose Earthquakes,3,2,,,asa,,,,
asa-gOMnGzPm5w,2026-05-13,2026,regular,FC Cincinnati,Inter Miami CF,3,5,,,asa,,,,
asa-gpMOgl9nMz,2026-05-13,2026,regular,Charlotte FC,New York City FC,0,1,,,asa,,,,
asa-gpMOglrrMz,2026-05-13,2026,regular,San Diego FC,Austin FC,5,0,,,asa,,,,
asa-jYQJJy8kQG,2026-05-13,2026,regular,New England Revolution,Nashville SC,0,3,,,asa,,,,
asa-vzqoYzPjMa,2026-05-13,2026,regular,D.C. United,Chicago Fire FC,1,3,,,asa,,,,
asa-2lqROePJQr,2026-05-16,2026,regular,D.C. United,St. Louis City SC,1,1,,,asa,,,,
asa-2vQ1g1jO5r,2026-05-16,2026,regular,San Diego FC,FC Cincinnati,3,3,,,asa,,,,
asa-315V9zknM9,2026-05-16,2026,regular,New York Red Bulls,New York City FC,1,1,,,asa,,,,
asa-7vQ7RXJGqD,2026-05-16,2026,regular,Seattle Sounders FC,LA Galaxy,0,2,,,asa,,,,
asa-9z5kBzOdMA,2026-05-16,2026,regular,New England Revolution,Minnesota United FC,2,1,,,asa,,,,
asa-EGMPG816Qa,2026-05-16,2026,regular,Orlando City SC,Atlanta United FC,1,1,,,asa,,,,
asa-Pk5L3D7YMO,2026-05-16,2026,regular,Philadelphia Union,Columbus Crew,1,1,,,asa,,,,
asa-a35ro3r2qL,2026-05-16,2026,regular,San Jose Earthquakes,FC Dallas,2,3,,,asa,,,,
asa-eV5D89an5K,2026-05-16,2026,regular,Real Salt Lake,Colorado Rapids,2,1,,,asa,,,,
asa-gjMNWreD5K,2026-05-16,2026,regular,Austin FC,Sporting Kansas City,1,2,,,asa,,,,
asa-raMyNnyd5d,2026-05-16,2026,regular,Houston Dynamo FC,Vancouver Whitecaps FC,1,0,,,asa,,,,
asa-vzqoYzGJMa,2026-05-16,2026,regular,Charlotte FC,Toronto FC,3,1,,,asa,,,,
asa-wvq9kw3BMW,2026-05-16,2026,regular,CF Montréal,Chicago Fire FC,0,2,,,asa,,,,
asa-OlMlWznDQL,2026-05-17,2026,regular,Inter Miami CF,Portland Timbers FC,2,0,,,asa,,,,
asa-Vj589JwLq8,2026-05-17,2026,regular,Nashville SC,Los Angeles FC,3,2,,,asa,,,,
asa-4JMA1nL1MK,2026-05-23,2026,regular,Portland Timbers FC,San Jose Earthquakes,1,3,,,asa,,,,
asa-4wM4O8ZNQj,2026-05-23,2026,regular,San Diego FC,Vancouver Whitecaps FC,2,4,,,asa,,,,
asa-9YqdezYEQv,2026-05-23,2026,regular,St. Louis City SC,Austin FC,3,0,,,asa,,,,
asa-9vQ2Gr9mMK,2026-05-23,2026,regular,D.C. United,CF Montréal,4,4,,,asa,,,,
asa-KPqj3z6YQ6,2026-05-23,2026,regular,Minnesota United FC,Real Salt Lake,1,1,,,asa,,,,
asa-KXMeXzRPQ6,2026-05-23,2026,regular,Charlotte FC,New England Revolution,1,0,,,asa,,,,
asa-NPqxLOnXq9,2026-05-23,2026,regular,Chicago Fire FC,Toronto FC,2,1,,,asa,,,,
asa-aDQ0WDL3qE,2026-05-23,2026,regular,Sporting Kansas City,New York Red Bulls,1,2,,,asa,,,,
asa-kRQalzejqK,2026-05-23,2026,regular,Colorado Rapids,FC Dallas,1,2,,,asa,,,,
asa-odMXVzPxqY,2026-05-23,2026,regular,FC Cincinnati,Orlando City SC,6,2,,,asa,,,,
asa-xW5pOJdJMg,2026-05-23,2026,regular,Nashville SC,New York City FC,2,1,,,asa,,,,
asa-zeQZLzjr5K,2026-05-23,2026,regular,LA Galaxy,Houston Dynamo FC,1,1,,,asa,,,,
asa-BLMvVGkWMx,2026-05-24,2026,regular,Columbus Crew,Atlanta United FC,2,0,,,asa,,,,
asa-XVqKw7G0q0,2026-05-24,2026,regular,Inter Miami CF,Philadelphia Union,6,4,,,asa,,,,
asa-p6qbYzRw50,2026-05-24,2026,regular,Los Angeles FC,Seattle Sounders FC,1,0,,,asa,,,,
asa-N6MmgzKxqE,2026-07-16,2026,regular,St. Louis City SC,Sporting Kansas City,3,2,,,asa,,,,
asa-Xj5YPzLRMb,2026-07-16,2026,regular,Seattle Sounders FC,Portland Timbers FC,1,5,,,asa,,,,
asa-ljqEdkV45x,2026-07-16,2026,regular,CF Montréal,Toronto FC,0,0,,,asa,,,,
asa-Oa5wP6n4q1,2026-07-17,2026,regular,LA Galaxy,Los Angeles FC,0,3,,,asa,,,,
asa-jYQJJyBkQG,2026-07-17,2026,regular,Nashville SC,Atlanta United FC,1,0,,,asa,,,,
asa-0Oq6oe3xQ6,2026-07-22,2026,regular,Charlotte FC,Atlanta United FC,2,2,,,asa,,,,
asa-0x5gxzLPq7,2026-07-22,2026,regular,New England Revolution,Toronto FC,0,0,,,asa,,,,
asa-2lqROejJQr,2026-07-22,2026,regular,Nashville SC,CF Montréal,1,0,,,asa,,,,
asa-315V9zPnM9,2026-07-22,2026,regular,Los Angeles FC,Real Salt Lake,3,1,,,asa,,,,
asa-7VqGXP0jQv,2026-07-22,2026,regular,Philadelphia Union,New York Red Bulls,3,1,,,asa,,,,
asa-9z5kBzbdMA,2026-07-22,2026,regular,LA Galaxy,St. Louis City SC,1,3,,,asa,,,,
asa-EGMPG8Z6Qa,2026-07-22,2026,regular,Portland Timbers FC,FC Dallas,2,2,,,asa,,,,
asa-KAqBroeBqb,2026-07-22,2026,regular,Columbus Crew,New York City FC,1,2,,,asa,,,,
asa-NWMWkzlEMl,2026-07-22,2026,regular,Inter Miami CF,Chicago Fire FC,3,2,,,asa,,,,
asa-Pk5L3DeYMO,2026-07-22,2026,regular,San Jose Earthquakes,Orlando City SC,0,4,,,asa,,,,
asa-eVq36l2V5W,2026-07-22,2026,regular,FC Cincinnati,Vancouver Whitecaps FC,4,3,,,asa,,,,
asa-gOMnGzll5w,2026-07-22,2026,regular,Houston Dynamo FC,D.C. United,1,1,,,asa,,,,
asa-gpMOglorMz,2026-07-22,2026,regular,Austin FC,Seattle Sounders FC,3,1,,,asa,,,,
asa-vzqoYzdJMa,2026-07-22,2026,regular,Sporting Kansas City,Minnesota United FC,2,1,,,asa,,,,
asa-wvq9kweBMW,2026-07-22,2026,regular,Colorado Rapids,San Diego FC,1,0,,,asa,,,,
asa-2vQ1g14O5r,2026-07-25,2026,regular,New York City FC,Chicago Fire FC,3,1,,,asa,,,,
asa-7vQ7RXBGqD,2026-07-25,2026,regular,CF Montréal,Inter Miami CF,0,1,,,asa,,,,
asa-9YqdezoEQv,2026-07-25,2026,regular,Houston Dynamo FC,Austin FC,3,0,,,asa,,,,
asa-9vQ2GrZmMK,2026-07-25,2026,regular,San Diego FC,FC Dallas,1,0,,,asa,,,,
asa-KPqj3zKYQ6,2026-07-25,2026,regular,San Jose Earthquakes,LA Galaxy,1,1,,,asa,,,,
asa-KXMeXz8PQ6,2026-07-25,2026,regular,Minnesota United FC,Vancouver Whitecaps FC,0,0,,,asa,,,,
asa-NPqxLOxXq9,2026-07-25,2026,regular,Los Angeles FC,Sporting Kansas City,4,0,,,asa,,,,
asa-OlMlWzeDQL,2026-07-25,2026,regular,Orlando City SC,Nashville SC,1,0,,,asa,,,,
asa-Vj589JWLq8,2026-07-25,2026,regular,Philadelphia Union,Seattle Sounders FC,1,0,,,asa,,,,
asa-a35ro3y2qL,2026-07-25,2026,regular,New York Red Bulls,Charlotte FC,0,2,,,asa,,,,
asa-aDQ0WDN3qE,2026-07-25,2026,regular,Portland Timbers FC,Real Salt Lake,2,1,,,asa,,,,
asa-eV5D89zn5K,2026-07-25,2026,regular,New England Revolution,Atlanta United FC,4,1,,,asa,,,,
asa-gjMNWrjD5K,2026-07-25,2026,regular,Columbus Crew,FC Cincinnati,2,1,,,asa,,,,
asa-odMXVz7xqY,2026-07-25,2026,regular,St. Louis City SC,Colorado Rapids,1,0,,,asa,,,,
asa-raMyNnrd5d,2026-07-25,2026,regular,D.C. United,Toronto FC,2,1,,,asa,,,,
asa-xW5pOJyJMg,2026-07-31,2026,regular,New York City FC,Toronto FC,1,1,,,asa,,,,
asa-4JMA1no1MK,2026-08-01,2026,regular,D.C. United,Nashville SC,2,2,,,asa,,,,
asa-4wM4O8JNQj,2026-08-01,2026,regular,Inter Miami CF,Columbus Crew,2,2,,,asa,,,,
asa-BLMvVG7WMx,2026-08-01,2026,regular,New York Red Bulls,Orlando City SC,3,2,,,asa,,,,
asa-N6MmgzoxqE,2026-08-01,2026,regular,Minnesota United FC,San Diego FC,1,1,,,asa,,,,
asa-Oa5wP6A4q1,2026-08-01,2026,regular,LA Galaxy,FC Dallas,0,0,,,asa,,,,
asa-XVqKw7e0q0,2026-08-01,2026,regular,Philadelphia Union,Atlanta United FC,3,2,,,asa,,,,
asa-Xj5YPz9RMb,2026-08-01,2026,regular,St. Louis City SC,Real Salt Lake,1,1,,,asa,,,,
asa-e7MzyoJGQr,2026-08-01,2026,regular,Sporting Kansas City,Houston Dynamo FC,0,2,,,asa,,,,
asa-eVq36lxV5W,2026-08-01,2026,regular,Portland Timbers FC,Seattle Sounders FC,2,1,,,asa,,,,
asa-jYQJJyakQG,2026-08-01,2026,regular,Colorado Rapids,Austin FC,1,0,,,asa,,,,
asa-kRQalzojqK,2026-08-01,2026,regular,FC Cincinnati,San Jose Earthquakes,4,2,,,asa,,,,
asa-ljqEdkL45x,2026-08-01,2026,regular,Chicago Fire FC,Charlotte FC,2,1,,,asa,,,,
asa-p6qbYzow50,2026-08-01,2026,regular,Vancouver Whitecaps FC,Los Angeles FC,1,1,,,asa,,,,
asa-zeQZLzXr5K,2026-08-01,2026,regular,CF Montréal,New England Revolution,2,2,,,asa,,,,
asa-7VqGXPV6Qv,2026-08-08,2026,regular,New England Revolution,Houston Dynamo FC,0,2,,,asa,,,,
asa-0Oq6oeLxQ6,2026-08-15,2026,regular,Toronto FC,New England Revolution,2,1,,,asa,,,,
asa-0x5gxzWPq7,2026-08-15,2026,regular,CF Montréal,D.C. United,1,1,,,asa,,,,
asa-2lqROe7JQr,2026-08-15,2026,regular,Colorado Rapids,Sporting Kansas City,2,0,,,asa,,,,
asa-7VqGXP3jQv,2026-08-15,2026,regular,Orlando City SC,FC Cincinnati,1,1,,,asa,,,,
asa-KAqBroNBqb,2026-08-15,2026,regular,Atlanta United FC,New York Red Bulls,2,1,,,asa,,,,
asa-NWMWkzoEMl,2026-08-15,2026,regular,Charlotte FC,Columbus Crew,3,1,,,asa,,,,
asa-Oa5wP6dDq1,2026-08-15,2026,regular,Los Angeles FC,San Diego FC,0,1,,,asa,,,,
asa-eVq36lyX5W,2026-08-15,2026,regular,San Jose Earthquakes,St. Louis City SC,1,3,,,asa,,,,
asa-gOMnGzYl5w,2026-08-15,2026,regular,Houston Dynamo FC,LA Galaxy,1,0,,,asa,,,,
asa-jYQJJygZQG,2026-08-15,2026,regular,Real Salt Lake,Minnesota United FC,1,1,,,asa,,,,
asa-vzqoYzJJMa,2026-08-15,2026,regular,Nashville SC,Inter Miami CF,4,1,,,asa,,,,
asa-0x5gxzWwq7,2026-08-16,2026,regular,Seattle Sounders FC,Vancouver Whitecaps FC,0,2,,,asa,,,,
asa-KAqBrokmqb,2026-08-16,2026,regular,Chicago Fire FC,Portland Timbers FC,2,1,,,asa,,,,
asa-NWMWkzoDMl,2026-08-16,2026,regular,New York City FC,Philadelphia Union,2,3,,,asa,,,,
asa-gpMOglerMz,2026-08-16,2026,regular,Austin FC,FC Dallas,1,2,,,asa,,,,
asa-0Oq6oeLgQ6,2026-08-19,2026,regular,Columbus Crew,CF Montréal,1,2,,,asa,,,,
asa-2lqROe7aQr,2026-08-19,2026,regular,Philadelphia Union,Inter Miami CF,2,2,,,asa,,,,
asa-315V9z7YM9,2026-08-19,2026,regular,Sporting Kansas City,St. Louis City SC,1,1,,,asa,,,,
asa-7VqGXP3zQv,2026-08-19,2026,regular,FC Cincinnati,New York City FC,2,1,,,asa,,,,
asa-7vQ7RXxOqD,2026-08-19,2026,regular,Portland Timbers FC,San Diego FC,3,1,,,asa,,,,
asa-9z5kBz3JMA,2026-08-19,2026,regular,Minnesota United FC,Atlanta United FC,1,2,,,asa,,,,
asa-EGMPG8RxQa,2026-08-19,2026,regular,Colorado Rapids,Los Angeles FC,1,0,,,asa,,,,
asa-Pk5L3D6EMO,2026-08-19,2026,regular,Real Salt Lake,FC Dallas,3,4,,,asa,,,,
asa-eV5D89k95K,2026-08-19,2026,regular,Vancouver Whitecaps FC,Houston Dynamo FC,0,1,,,asa,,,,
asa-gOMnGzY85w,2026-08-19,2026,regular,New York Red Bulls,Nashville SC,0,1,,,asa,,,,
asa-gjMNWr635K,2026-08-19,2026,regular,Seattle Sounders FC,Austin FC,1,2,,,asa,,,,
asa-gpMOgleDMz,2026-08-19,2026,regular,D.C. United,New England Revolution,0,3,,,asa,,,,
asa-raMyNnel5d,2026-08-19,2026,regular,LA Galaxy,San Jose Earthquakes,1,0,,,asa,,,,
asa-vzqoYzJNMa,2026-08-19,2026,regular,Orlando City SC,Chicago Fire FC,1,2,,,asa,,,,
asa-wvq9kwXNMW,2026-08-19,2026,regular,Toronto FC,Charlotte FC,3,3,,,asa,,,,
asa-2vQ1g1db5r,2026-08-22,2026,regular,Charlotte FC,D.C. United,3,1,,,asa,,,,
asa-9Yqdezw7Qv,2026-08-22,2026,regular,New York Red Bulls,Chicago Fire FC,1,1,,,asa,,,,
asa-9vQ2Gr4LMK,2026-08-22,2026,regular,Nashville SC,Columbus Crew,3,2,,,asa,,,,
asa-KPqj3zw2Q6,2026-08-22,2026,regular,Los Angeles FC,Portland Timbers FC,1,1,,,asa,,,,
asa-KXMeXz3vQ6,2026-08-22,2026,regular,Orlando City SC,Real Salt Lake,2,1,,,asa,,,,
asa-NPqxLOAWq9,2026-08-22,2026,regular,St. Louis City SC,Houston Dynamo FC,2,1,,,asa,,,,
asa-OlMlWzB4QL,2026-08-22,2026,regular,Inter Miami CF,Toronto FC,1,2,,,asa,,,,
asa-Vj589JlDq8,2026-08-22,2026,regular,CF Montréal,LA Galaxy,2,2,,,asa,,,,
asa-a35ro3BoqL,2026-08-22,2026,regular,FC Cincinnati,Seattle Sounders FC,1,1,,,asa,,,,
asa-aDQ0WDlGqE,2026-08-22,2026,regular,Vancouver Whitecaps FC,FC Dallas,5,0,,,asa,,,,
asa-kRQalzWkqK,2026-08-22,2026,regular,San Jose Earthquakes,Minnesota United FC,1,5,,,asa,,,,
asa-odMXVzEeqY,2026-08-22,2026,regular,Austin FC,Philadelphia Union,1,1,,,asa,,,,
asa-xW5pOJwRMg,2026-08-22,2026,regular,San Diego FC,Colorado Rapids,3,0,,,asa,,,,
asa-4JMA1nk2MK,2026-08-23,2026,regular,New England Revolution,New York City FC,1,1,,,asa,,,,
asa-4wM4O8EyQj,2026-08-23,2026,regular,Atlanta United FC,Sporting Kansas City,2,1,,,asa,,,,
asa-0x5gxzJwq7,2026-08-29,2026,regular,San Diego FC,LA Galaxy,3,1,,,asa,,,,
asa-BLMvVGrlMx,2026-08-29,2026,regular,Atlanta United FC,Charlotte FC,0,2,,,asa,,,,
asa-KAqBrovmqb,2026-08-29,2026,regular,Colorado Rapids,Real Salt Lake,1,0,,,asa,,,,
asa-N6MmgzGWqE,2026-08-29,2026,regular,Toronto FC,New York City FC,1,1,,,asa,,,,
asa-NWMWkzgDMl,2026-08-29,2026,regular,Portland Timbers FC,Austin FC,1,2,,,asa,,,,
asa-Oa5wP60Dq1,2026-08-29,2026,regular,Minnesota United FC,Orlando City SC,3,3,,,asa,,,,
asa-Xj5YPzyyMb,2026-08-29,2026,regular,Houston Dynamo FC,San Jose Earthquakes,0,0,,,asa,,,,
asa-e7Mzyo0JQr,2026-08-29,2026,regular,New York Red Bulls,Philadelphia Union,1,3,,,asa,,,,
asa-eVq36lrX5W,2026-08-29,2026,regular,Nashville SC,FC Cincinnati,4,0,,,asa,,,,
asa-jYQJJyYZQG,2026-08-29,2026,regular,Sporting Kansas City,Vancouver Whitecaps FC,0,3,,,asa,,,,
asa-ljqEdk9V5x,2026-08-29,2026,regular,Inter Miami CF,CF Montréal,7,1,,,asa,,,,
asa-p6qbYz3X50,2026-08-29,2026,regular,D.C. United,Los Angeles FC,0,0,,,asa,,,,
asa-zeQZLzkY5K,2026-08-29,2026,regular,Seattle Sounders FC,Chicago Fire FC,2,2,,,asa,,,,
asa-7VqGXPLzQv,2026-08-30,2026,regular,St. Louis City SC,FC Dallas,3,3,,,asa,,,,
asa-XVqKw7LWq0,2026-08-30,2026,regular,Columbus Crew,New England Revolution,1,3,,,asa,,,,
asa-0Oq6oe2gQ6,2026-09-04,2026,regular,New York City FC,Nashville SC,0,0,,,asa,,,,
asa-2lqROeJaQr,2026-09-05,2026,regular,Inter Miami CF,Atlanta United FC,2,2,,,asa,,,,
asa-2vQ1g1Rb5r,2026-09-05,2026,regular,Vancouver Whitecaps FC,St. Louis City SC,1,3,,,asa,,,,
asa-315V9zWYM9,2026-09-05,2026,regular,Toronto FC,Chicago Fire FC,4,4,,,asa,,,,
asa-7vQ7RXeOqD,2026-09-05,2026,regular,Real Salt Lake,Los Angeles FC,2,2,,,asa,,,,
asa-9z5kBzWJMA,2026-09-05,2026,regular,Philadelphia Union,CF Montréal,2,0,,,asa,,,,
asa-EGMPG8rxQa,2026-09-05,2026,regular,Austin FC,San Jose Earthquakes,1,1,,,asa,,,,
asa-Pk5L3DzEMO,2026-09-05,2026,regular,FC Dallas,Sporting Kansas City,4,3,,,asa,,,,
asa-eV5D89295K,2026-09-05,2026,regular,Portland Timbers FC,Minnesota United FC,5,4,,,asa,,,,
asa-gjMNWr735K,2026-09-05,2026,regular,Seattle Sounders FC,New York Red Bulls,0,0,,,asa,,,,
asa-gpMOglLDMz,2026-09-05,2026,regular,Charlotte FC,Houston Dynamo FC,0,0,,,asa,,,,
asa-raMyNnol5d,2026-09-05,2026,regular,LA Galaxy,New England Revolution,2,1,,,asa,,,,
asa-vzqoYzONMa,2026-09-05,2026,regular,Columbus Crew,Colorado Rapids,3,0,,,asa,,,,
asa-wvq9kwjNMW,2026-09-05,2026,regular,Orlando City SC,San Diego FC,1,0,,,asa,,,,
asa-4JMA1n82MK,2026-09-09,2026,regular,San Diego FC,San Jose Earthquakes,2,3,,,asa,,,,
asa-9YqdezW7Qv,2026-09-09,2026,regular,New York City FC,New England Revolution,1,2,,,asa,,,,
asa-9vQ2GrNLMK,2026-09-09,2026,regular,Austin FC,Colorado Rapids,1,1,,,asa,,,,
asa-KPqj3zB2Q6,2026-09-09,2026,regular,Minnesota United FC,FC Dallas,1,2,,,asa,,,,
asa-KXMeXzgvQ6,2026-09-09,2026,regular,Philadelphia Union,FC Cincinnati,5,0,,,asa,,,,
asa-NPqxLOoWq9,2026-09-09,2026,regular,Chicago Fire FC,Inter Miami CF,1,1,,,asa,,,,
asa-OlMlWzg4QL,2026-09-09,2026,regular,D.C. United,Columbus Crew,2,1,,,asa,,,,
asa-Vj589JaDq8,2026-09-09,2026,regular,CF Montréal,Charlotte FC,1,2,,,asa,,,,
asa-a35ro3RoqL,2026-09-09,2026,regular,Atlanta United FC,Orlando City SC,2,3,,,asa,,,,
asa-aDQ0WDxGqE,2026-09-09,2026,regular,Houston Dynamo FC,Real Salt Lake,2,1,,,asa,,,,
asa-kRQalzwkqK,2026-09-09,2026,regular,Portland Timbers FC,St. Louis City SC,2,2,,,asa,,,,
asa-odMXVzGeqY,2026-09-09,2026,regular,Toronto FC,Nashville SC,2,1,,,asa,,,,
asa-xW5pOJ7RMg,2026-09-09,2026,regular,Los Angeles FC,New York Red Bulls,2,0,,,asa,,,,
asa-zeQZLz1Y5K,2026-09-09,2026,regular,Vancouver Whitecaps FC,LA Galaxy,3,0,,,asa,,,,
asa-BLMvVGKlMx,2026-09-12,2026,regular,FC Cincinnati,Charlotte FC,3,3,,,asa,,,,
asa-KAqBroRmqb,2026-09-12,2026,regular,LA Galaxy,Seattle Sounders FC,1,1,,,asa,,,,
asa-N6MmgzkWqE,2026-09-12,2026,regular,FC Dallas,Portland Timbers FC,2,1,,,asa,,,,
asa-NWMWkzjDMl,2026-09-12,2026,regular,San Jose Earthquakes,Houston Dynamo FC,1,0,,,asa,,,,
asa-Oa5wP6KDq1,2026-09-12,2026,regular,Colorado Rapids,CF Montréal,1,0,,,asa,,,,
asa-XVqKw7bWq0,2026-09-12,2026,regular,Columbus Crew,New York Red Bulls,0,1,,,asa,,,,
asa-Xj5YPzjyMb,2026-09-12,2026,regular,Sporting Kansas City,Los Angeles FC,3,1,,,asa,,,,
asa-e7MzyozJQr,2026-09-12,2026,regular,Orlando City SC,Toronto FC,3,0,,,asa,,,,
asa-eVq36leX5W,2026-09-12,2026,regular,Real Salt Lake,New York City FC,0,2,,,asa,,,,
asa-jYQJJyZZQG,2026-09-12,2026,regular,St. Louis City SC,Minnesota United FC,4,2,,,asa,,,,
asa-ljqEdkNV5x,2026-09-12,2026,regular,Inter Miami CF,Nashville SC,2,2,,,asa,,,,
asa-p6qbYzPX50,2026-09-12,2026,regular,D.C. United,Atlanta United FC,0,0,,,asa,,,,
asa-0Oq6oeJgQ6,2026-09-13,2026,regular,San Diego FC,Philadelphia Union,0,5,,,asa,,,,
asa-0x5gxzkwq7,2026-09-13,2026,regular,Chicago Fire FC,New England Revolution,1,2,,,asa,,,,
asa-7VqGXPZzQv,2026-09-13,2026,regular,Vancouver Whitecaps FC,Austin FC,1,2,,,asa,,,,
asa-gpMOgl1DMz,2026-09-18,2026,regular,New York City FC,New York Red Bulls,0,1,,,asa,,,,
asa-0Oq6oeJ6Q6,2026-09-19,2026,regular,Real Salt Lake,Vancouver Whitecaps FC,0,3,,,asa,,,,
asa-0x5gxzkXq7,2026-09-19,2026,regular,Colorado Rapids,Seattle Sounders FC,3,3,,,asa,,,,
asa-2lqROelaQr,2026-09-19,2026,regular,New England Revolution,Orlando City SC,4,2,,,asa,,,,
asa-7VqGXPZdQv,2026-09-19,2026,regular,Nashville SC,Chicago Fire FC,3,0,,,asa,,,,
asa-KAqBroRAqb,2026-09-19,2026,regular,Minnesota United FC,LA Galaxy,2,3,,,asa,,,,
asa-NWMWkzjYMl,2026-09-19,2026,regular,St. Louis City SC,Toronto FC,3,1,,,asa,,,,
asa-Oa5wP6K9q1,2026-09-19,2026,regular,Houston Dynamo FC,FC Cincinnati,2,2,,,asa,,,,
asa-eVq36lev5W,2026-09-19,2026,regular,Sporting Kansas City,Philadelphia Union,3,4,,,asa,,,,
asa-gOMnGzd85w,2026-09-19,2026,regular,D.C. United,Charlotte FC,1,2,,,asa,,,,
asa-gOMnGzdA5w,2026-09-19,2026,regular,San Jose Earthquakes,Los Angeles FC,2,2,,,asa,,,,
asa-gpMOgl1lMz,2026-09-19,2026,regular,Portland Timbers FC,Atlanta United FC,0,1,,,asa,,,,
asa-jYQJJyZVQG,2026-09-19,2026,regular,FC Dallas,Austin FC,0,0,,,asa,,,,
asa-vzqoYzeNMa,2026-09-19,2026,regular,CF Montréal,Columbus Crew,0,2,,,asa,,,,
asa-vzqoYzeYMa,2026-09-20,2026,regular,Inter Miami CF,San Diego FC,2,2,,,asa,,,,
asa-Vj589JB3q8,2026-09-23,2026,regular,Seattle Sounders FC,Real Salt Lake,2,0,,,asa,,,,
asa-2lqROelLQr,2026-09-26,2026,regular,Atlanta United FC,New York City FC,2,2,,,asa,,,,
asa-2vQ1g1eG5r,2026-09-26,2026,regular,Real Salt Lake,New England Revolution,3,0,,,asa,,,,
asa-7vQ7RXwLqD,2026-09-26,2026,regular,Nashville SC,Toronto FC,2,0,,,asa,,,,
asa-9z5kBzNeMA,2026-09-26,2026,regular,CF Montréal,FC Cincinnati,3,1,,,asa,,,,
asa-EGMPG8YyQa,2026-09-26,2026,regular,Philadelphia Union,Orlando City SC,4,2,,,asa,,,,
asa-OlMlWzkwQL,2026-09-26,2026,regular,San Jose Earthquakes,Portland Timbers FC,3,1,,,asa,,,,
asa-Pk5L3DZGMO,2026-09-26,2026,regular,Austin FC,San Diego FC,3,3,,,asa,,,,
asa-Vj589JjEq8,2026-09-26,2026,regular,Vancouver Whitecaps FC,D.C. United,3,3,,,asa,,,,
asa-a35ro3n4qL,2026-09-26,2026,regular,LA Galaxy,Colorado Rapids,3,2,,,asa,,,,
asa-eV5D89RY5K,2026-09-26,2026,regular,Seattle Sounders FC,Minnesota United FC,3,1,,,asa,,,,
asa-gjMNWrPK5K,2026-09-26,2026,regular,FC Dallas,Los Angeles FC,1,0,,,asa,,,,
asa-raMyNnKB5d,2026-09-26,2026,regular,Houston Dynamo FC,Sporting Kansas City,0,2,,,asa,,,,
asa-wvq9kwB1MW,2026-09-26,2026,regular,Charlotte FC,Chicago Fire FC,0,1,,,asa,,,,
asa-9Yqdez9kQv,2026-09-27,2026,regular,Columbus Crew,Inter Miami CF,2,1,,,asa,,,,
asa-315V9z1vM9,2026-09-30,2026,regular,New York Red Bulls,St. Louis City SC,0,3,,,asa,,,,
asa-4wM4O8pyQj,2026-10-01,2026,regular,Seattle Sounders FC,Sporting Kansas City,2,1,,,asa,,,,
